-- MySQL dump 10.13  Distrib 5.1.41, for debian-linux-gnu (x86_64)
--
-- Host: localhost    Database: test
-- ------------------------------------------------------
-- Server version	5.1.47

/*!40101 SET @OLD_CHARACTER_SET_CLIENT=@@CHARACTER_SET_CLIENT */;
/*!40101 SET @OLD_CHARACTER_SET_RESULTS=@@CHARACTER_SET_RESULTS */;
/*!40101 SET @OLD_COLLATION_CONNECTION=@@COLLATION_CONNECTION */;
/*!40101 SET NAMES utf8 */;
/*!40103 SET @OLD_TIME_ZONE=@@TIME_ZONE */;
/*!40103 SET TIME_ZONE='+00:00' */;
/*!40014 SET @OLD_UNIQUE_CHECKS=@@UNIQUE_CHECKS, UNIQUE_CHECKS=0 */;
/*!40014 SET @OLD_FOREIGN_KEY_CHECKS=@@FOREIGN_KEY_CHECKS, FOREIGN_KEY_CHECKS=0 */;
/*!40101 SET @OLD_SQL_MODE=@@SQL_MODE, SQL_MODE='NO_AUTO_VALUE_ON_ZERO' */;
/*!40111 SET @OLD_SQL_NOTES=@@SQL_NOTES, SQL_NOTES=0 */;

--
-- Table structure for table `BATCH_JOB_EXECUTION`
--

DROP TABLE IF EXISTS `BATCH_JOB_EXECUTION`;
/*!40101 SET @saved_cs_client     = @@character_set_client */;
/*!40101 SET character_set_client = utf8 */;
CREATE TABLE `BATCH_JOB_EXECUTION` (
  `job_execution_id` bigint(20) NOT NULL,
  `version` bigint(20) DEFAULT NULL,
  `job_instance_id` bigint(20) NOT NULL,
  `create_time` datetime NOT NULL,
  `start_time` datetime DEFAULT NULL,
  `end_time` datetime DEFAULT NULL,
  `status` varchar(10) DEFAULT NULL,
  `exit_code` varchar(20) DEFAULT NULL,
  `exit_message` varchar(2500) DEFAULT NULL,
  `last_updated` datetime DEFAULT NULL,
  PRIMARY KEY (`job_execution_id`),
  KEY `job_inst_exec_fk` (`job_instance_id`),
  CONSTRAINT `job_inst_exec_fk` FOREIGN KEY (`job_instance_id`) REFERENCES `batch_job_instance` (`job_instance_id`)
) ENGINE=InnoDB DEFAULT CHARSET=utf8;
/*!40101 SET character_set_client = @saved_cs_client */;

--
-- Dumping data for table `BATCH_JOB_EXECUTION`
--

LOCK TABLES `BATCH_JOB_EXECUTION` WRITE;
/*!40000 ALTER TABLE `BATCH_JOB_EXECUTION` DISABLE KEYS */;
INSERT INTO `BATCH_JOB_EXECUTION` VALUES (1,0,1,'2010-08-04 00:00:01','2010-08-04 00:00:01','2010-08-04 00:00:01','COMPLETED','COMPLETED','',NULL),(2,0,2,'2010-08-04 00:00:03','2010-08-04 00:00:03','2010-08-04 00:00:03','COMPLETED','COMPLETED','',NULL),(3,0,3,'2010-08-03 00:00:01','2010-08-03 00:00:01','2010-08-03 00:00:01','COMPLETED','COMPLETED','',NULL),(4,0,4,'2010-08-04 00:00:03','2010-08-04 00:00:03','2010-08-04 00:00:03','COMPLETED','COMPLETED','',NULL),(5,0,5,'2010-08-04 00:00:03','2010-08-04 00:00:03','2010-08-04 00:00:03','COMPLETED','COMPLETED','',NULL),(6,0,6,'2010-08-04 00:00:01','2010-08-04 00:00:01','2010-08-04 00:00:01','COMPLETED','COMPLETED','',NULL),(7,0,7,'2010-08-04 00:00:03','2010-08-04 00:00:03','2010-08-04 00:00:03','COMPLETED','COMPLETED','',NULL),(8,0,8,'2010-08-04 00:00:03','2010-08-04 00:00:03','2010-08-04 00:00:03','COMPLETED','COMPLETED','',NULL),(9,0,9,'2010-08-03 00:00:00','2010-08-03 00:00:00','2010-08-03 00:00:00','COMPLETED','COMPLETED','',NULL),(10,0,10,'2010-08-03 00:00:00','2010-08-03 00:00:00','2010-08-03 00:00:00','COMPLETED','COMPLETED','',NULL),(11,0,11,'2010-08-03 00:00:00','2010-08-03 00:00:00','2010-08-03 00:00:00','COMPLETED','COMPLETED','',NULL),(12,2,12,'2010-11-15 15:36:00','2010-11-15 15:36:00','2010-11-15 15:36:01','COMPLETED','COMPLETED','','2010-11-15 15:36:01'),(13,2,13,'2010-11-15 15:36:01','2010-11-15 15:36:01','2010-11-15 15:36:01','COMPLETED','COMPLETED','','2010-11-15 15:36:01'),(14,2,14,'2010-11-15 15:36:01','2010-11-15 15:36:01','2010-11-15 15:36:01','COMPLETED','COMPLETED','','2010-11-15 15:36:01'),(15,2,15,'2010-11-15 15:36:01','2010-11-15 15:36:01','2010-11-15 15:36:01','COMPLETED','COMPLETED','','2010-11-15 15:36:01'),(16,2,16,'2010-11-15 15:36:01','2010-11-15 15:36:01','2010-11-15 15:36:01','COMPLETED','COMPLETED','','2010-11-15 15:36:01'),(17,2,17,'2010-11-15 15:36:01','2010-11-15 15:36:01','2010-11-15 15:36:01','COMPLETED','COMPLETED','','2010-11-15 15:36:01'),(18,2,18,'2010-11-15 15:36:01','2010-11-15 15:36:01','2010-11-15 15:36:01','COMPLETED','COMPLETED','','2010-11-15 15:36:01'),(19,2,19,'2010-11-15 15:36:01','2010-11-15 15:36:01','2010-11-15 15:36:01','COMPLETED','COMPLETED','','2010-11-15 15:36:01'),(20,2,20,'2010-11-15 15:36:01','2010-11-15 15:36:01','2010-11-15 15:36:01','COMPLETED','COMPLETED','','2010-11-15 15:36:01'),(21,2,21,'2010-11-15 15:36:01','2010-11-15 15:36:01','2010-11-15 15:36:01','COMPLETED','COMPLETED','','2010-11-15 15:36:01'),(22,2,22,'2010-11-15 15:36:01','2010-11-15 15:36:01','2010-11-15 15:36:01','COMPLETED','COMPLETED','','2010-11-15 15:36:01'),(23,2,23,'2010-11-15 15:36:01','2010-11-15 15:36:01','2010-11-15 15:36:01','COMPLETED','COMPLETED','','2010-11-15 15:36:01'),(24,2,24,'2010-11-15 15:36:01','2010-11-15 15:36:01','2010-11-15 15:36:01','COMPLETED','COMPLETED','','2010-11-15 15:36:01'),(25,2,25,'2010-11-15 15:36:01','2010-11-15 15:36:01','2010-11-15 15:36:01','COMPLETED','COMPLETED','','2010-11-15 15:36:01'),(26,2,26,'2010-11-15 15:36:01','2010-11-15 15:36:01','2010-11-15 15:36:01','COMPLETED','COMPLETED','','2010-11-15 15:36:01'),(27,2,27,'2010-11-15 15:36:01','2010-11-15 15:36:01','2010-11-15 15:36:01','COMPLETED','COMPLETED','','2010-11-15 15:36:01'),(28,2,28,'2010-11-15 15:36:01','2010-11-15 15:36:01','2010-11-15 15:36:01','COMPLETED','COMPLETED','','2010-11-15 15:36:01'),(29,2,29,'2010-11-15 15:36:01','2010-11-15 15:36:01','2010-11-15 15:36:01','COMPLETED','COMPLETED','','2010-11-15 15:36:01'),(30,2,30,'2010-11-15 15:36:01','2010-11-15 15:36:01','2010-11-15 15:36:01','COMPLETED','COMPLETED','','2010-11-15 15:36:01'),(31,2,31,'2010-11-15 15:36:01','2010-11-15 15:36:01','2010-11-15 15:36:01','COMPLETED','COMPLETED','','2010-11-15 15:36:01'),(32,2,32,'2010-11-15 15:36:01','2010-11-15 15:36:01','2010-11-15 15:36:01','COMPLETED','COMPLETED','','2010-11-15 15:36:01'),(33,2,33,'2010-11-15 15:36:01','2010-11-15 15:36:01','2010-11-15 15:36:01','COMPLETED','COMPLETED','','2010-11-15 15:36:01'),(34,2,34,'2010-11-15 15:36:01','2010-11-15 15:36:01','2010-11-15 15:36:01','COMPLETED','COMPLETED','','2010-11-15 15:36:01'),(35,2,35,'2010-11-15 15:36:01','2010-11-15 15:36:01','2010-11-15 15:36:01','COMPLETED','COMPLETED','','2010-11-15 15:36:01'),(36,2,36,'2010-11-15 15:36:01','2010-11-15 15:36:01','2010-11-15 15:36:01','COMPLETED','COMPLETED','','2010-11-15 15:36:01'),(37,2,37,'2010-11-15 15:36:01','2010-11-15 15:36:01','2010-11-15 15:36:01','COMPLETED','COMPLETED','','2010-11-15 15:36:01'),(38,2,38,'2010-11-15 15:36:01','2010-11-15 15:36:01','2010-11-15 15:36:01','COMPLETED','COMPLETED','','2010-11-15 15:36:01'),(39,2,39,'2010-11-15 15:36:01','2010-11-15 15:36:01','2010-11-15 15:36:01','COMPLETED','COMPLETED','','2010-11-15 15:36:01'),(40,2,40,'2010-11-15 15:36:01','2010-11-15 15:36:01','2010-11-15 15:36:01','COMPLETED','COMPLETED','','2010-11-15 15:36:01'),(41,2,41,'2010-11-15 15:36:01','2010-11-15 15:36:01','2010-11-15 15:36:01','COMPLETED','COMPLETED','','2010-11-15 15:36:01'),(42,2,42,'2010-11-15 15:36:01','2010-11-15 15:36:01','2010-11-15 15:36:01','COMPLETED','COMPLETED','','2010-11-15 15:36:01'),(43,2,43,'2010-11-15 15:36:01','2010-11-15 15:36:01','2010-11-15 15:36:01','COMPLETED','COMPLETED','','2010-11-15 15:36:01'),(44,2,44,'2010-11-15 15:36:01','2010-11-15 15:36:01','2010-11-15 15:36:01','COMPLETED','COMPLETED','','2010-11-15 15:36:01'),(45,2,45,'2010-11-15 15:36:01','2010-11-15 15:36:01','2010-11-15 15:36:01','COMPLETED','COMPLETED','','2010-11-15 15:36:01'),(46,2,46,'2010-11-15 15:36:01','2010-11-15 15:36:01','2010-11-15 15:36:01','COMPLETED','COMPLETED','','2010-11-15 15:36:01'),(47,2,47,'2010-11-15 15:36:01','2010-11-15 15:36:01','2010-11-15 15:36:01','COMPLETED','COMPLETED','','2010-11-15 15:36:01'),(48,2,48,'2010-11-15 15:36:01','2010-11-15 15:36:01','2010-11-15 15:36:01','COMPLETED','COMPLETED','','2010-11-15 15:36:01'),(49,2,49,'2010-11-15 15:36:01','2010-11-15 15:36:01','2010-11-15 15:36:01','COMPLETED','COMPLETED','','2010-11-15 15:36:01'),(50,2,50,'2010-11-15 15:36:01','2010-11-15 15:36:01','2010-11-15 15:36:01','COMPLETED','COMPLETED','','2010-11-15 15:36:01'),(51,2,51,'2010-11-15 15:36:01','2010-11-15 15:36:01','2010-11-15 15:36:01','COMPLETED','COMPLETED','','2010-11-15 15:36:01'),(52,2,52,'2010-11-15 15:36:01','2010-11-15 15:36:01','2010-11-15 15:36:01','COMPLETED','COMPLETED','','2010-11-15 15:36:01'),(53,2,53,'2010-11-15 15:36:01','2010-11-15 15:36:01','2010-11-15 15:36:01','COMPLETED','COMPLETED','','2010-11-15 15:36:01'),(54,2,54,'2010-11-15 15:36:01','2010-11-15 15:36:01','2010-11-15 15:36:01','COMPLETED','COMPLETED','','2010-11-15 15:36:01'),(55,2,55,'2010-11-15 15:36:01','2010-11-15 15:36:01','2010-11-15 15:36:01','COMPLETED','COMPLETED','','2010-11-15 15:36:01'),(56,2,56,'2010-11-15 15:36:01','2010-11-15 15:36:01','2010-11-15 15:36:01','COMPLETED','COMPLETED','','2010-11-15 15:36:01'),(57,2,57,'2010-11-15 15:36:01','2010-11-15 15:36:01','2010-11-15 15:36:01','COMPLETED','COMPLETED','','2010-11-15 15:36:01'),(58,2,58,'2010-11-15 15:36:01','2010-11-15 15:36:01','2010-11-15 15:36:01','COMPLETED','COMPLETED','','2010-11-15 15:36:01'),(59,2,59,'2010-11-15 15:36:01','2010-11-15 15:36:01','2010-11-15 15:36:01','COMPLETED','COMPLETED','','2010-11-15 15:36:01'),(60,2,60,'2010-11-15 15:36:01','2010-11-15 15:36:01','2010-11-15 15:36:01','COMPLETED','COMPLETED','','2010-11-15 15:36:01'),(61,2,61,'2010-11-15 15:36:01','2010-11-15 15:36:01','2010-11-15 15:36:01','COMPLETED','COMPLETED','','2010-11-15 15:36:01'),(62,2,62,'2010-11-15 15:36:01','2010-11-15 15:36:01','2010-11-15 15:36:01','COMPLETED','COMPLETED','','2010-11-15 15:36:01'),(63,2,63,'2010-11-15 15:36:01','2010-11-15 15:36:01','2010-11-15 15:36:01','COMPLETED','COMPLETED','','2010-11-15 15:36:01'),(64,2,64,'2010-11-15 15:36:01','2010-11-15 15:36:01','2010-11-15 15:36:01','COMPLETED','COMPLETED','','2010-11-15 15:36:01'),(65,2,65,'2010-11-15 15:36:01','2010-11-15 15:36:01','2010-11-15 15:36:01','COMPLETED','COMPLETED','','2010-11-15 15:36:01'),(66,2,66,'2010-11-15 15:36:01','2010-11-15 15:36:01','2010-11-15 15:36:01','COMPLETED','COMPLETED','','2010-11-15 15:36:01'),(67,2,67,'2010-11-15 15:36:01','2010-11-15 15:36:01','2010-11-15 15:36:01','COMPLETED','COMPLETED','','2010-11-15 15:36:01'),(68,2,68,'2010-11-15 15:36:01','2010-11-15 15:36:01','2010-11-15 15:36:01','COMPLETED','COMPLETED','','2010-11-15 15:36:01'),(69,2,69,'2010-11-15 15:36:01','2010-11-15 15:36:01','2010-11-15 15:36:01','COMPLETED','COMPLETED','','2010-11-15 15:36:01'),(70,2,70,'2010-11-15 15:36:01','2010-11-15 15:36:01','2010-11-15 15:36:01','COMPLETED','COMPLETED','','2010-11-15 15:36:01'),(71,2,71,'2010-11-15 15:36:01','2010-11-15 15:36:01','2010-11-15 15:36:01','COMPLETED','COMPLETED','','2010-11-15 15:36:01'),(72,2,72,'2010-11-15 15:36:01','2010-11-15 15:36:01','2010-11-15 15:36:01','COMPLETED','COMPLETED','','2010-11-15 15:36:01'),(73,2,73,'2010-11-15 15:36:01','2010-11-15 15:36:01','2010-11-15 15:36:01','COMPLETED','COMPLETED','','2010-11-15 15:36:01'),(74,2,74,'2010-11-15 15:36:01','2010-11-15 15:36:01','2010-11-15 15:36:01','COMPLETED','COMPLETED','','2010-11-15 15:36:01'),(75,2,75,'2010-11-15 15:36:01','2010-11-15 15:36:01','2010-11-15 15:36:01','COMPLETED','COMPLETED','','2010-11-15 15:36:01'),(76,2,76,'2010-11-15 15:36:01','2010-11-15 15:36:01','2010-11-15 15:36:01','COMPLETED','COMPLETED','','2010-11-15 15:36:01'),(77,2,77,'2010-11-15 15:36:01','2010-11-15 15:36:01','2010-11-15 15:36:01','COMPLETED','COMPLETED','','2010-11-15 15:36:01'),(78,2,78,'2010-11-15 15:36:01','2010-11-15 15:36:01','2010-11-15 15:36:01','COMPLETED','COMPLETED','','2010-11-15 15:36:01'),(79,2,79,'2010-11-15 15:36:01','2010-11-15 15:36:01','2010-11-15 15:36:01','COMPLETED','COMPLETED','','2010-11-15 15:36:01'),(80,2,80,'2010-11-15 15:36:01','2010-11-15 15:36:01','2010-11-15 15:36:01','COMPLETED','COMPLETED','','2010-11-15 15:36:01'),(81,2,81,'2010-11-15 15:36:01','2010-11-15 15:36:01','2010-11-15 15:36:01','COMPLETED','COMPLETED','','2010-11-15 15:36:01'),(82,2,82,'2010-11-15 15:36:01','2010-11-15 15:36:01','2010-11-15 15:36:01','COMPLETED','COMPLETED','','2010-11-15 15:36:01'),(83,2,83,'2010-11-15 15:36:01','2010-11-15 15:36:01','2010-11-15 15:36:01','COMPLETED','COMPLETED','','2010-11-15 15:36:01'),(84,2,84,'2010-11-15 15:36:01','2010-11-15 15:36:01','2010-11-15 15:36:01','COMPLETED','COMPLETED','','2010-11-15 15:36:01'),(85,2,85,'2010-11-15 15:36:01','2010-11-15 15:36:01','2010-11-15 15:36:01','COMPLETED','COMPLETED','','2010-11-15 15:36:01'),(86,2,86,'2010-11-15 15:36:01','2010-11-15 15:36:01','2010-11-15 15:36:01','COMPLETED','COMPLETED','','2010-11-15 15:36:01'),(87,2,87,'2010-11-15 15:36:01','2010-11-15 15:36:01','2010-11-15 15:36:01','COMPLETED','COMPLETED','','2010-11-15 15:36:01'),(88,2,88,'2010-11-15 15:36:01','2010-11-15 15:36:01','2010-11-15 15:36:01','COMPLETED','COMPLETED','','2010-11-15 15:36:01'),(89,2,89,'2010-11-15 15:36:01','2010-11-15 15:36:01','2010-11-15 15:36:01','COMPLETED','COMPLETED','','2010-11-15 15:36:01'),(90,2,90,'2010-11-15 15:36:01','2010-11-15 15:36:01','2010-11-15 15:36:01','COMPLETED','COMPLETED','','2010-11-15 15:36:01'),(91,2,91,'2010-11-15 15:36:01','2010-11-15 15:36:01','2010-11-15 15:36:01','COMPLETED','COMPLETED','','2010-11-15 15:36:01'),(92,2,92,'2010-11-15 15:36:01','2010-11-15 15:36:01','2010-11-15 15:36:01','COMPLETED','COMPLETED','','2010-11-15 15:36:01'),(93,2,93,'2010-11-15 15:36:01','2010-11-15 15:36:01','2010-11-15 15:36:01','COMPLETED','COMPLETED','','2010-11-15 15:36:01'),(94,2,94,'2010-11-15 15:36:01','2010-11-15 15:36:01','2010-11-15 15:36:01','COMPLETED','COMPLETED','','2010-11-15 15:36:01'),(95,2,95,'2010-11-15 15:36:01','2010-11-15 15:36:01','2010-11-15 15:36:01','COMPLETED','COMPLETED','','2010-11-15 15:36:01'),(96,2,96,'2010-11-15 15:36:01','2010-11-15 15:36:01','2010-11-15 15:36:01','COMPLETED','COMPLETED','','2010-11-15 15:36:01'),(97,2,97,'2010-11-15 15:36:01','2010-11-15 15:36:01','2010-11-15 15:36:01','COMPLETED','COMPLETED','','2010-11-15 15:36:01'),(98,2,98,'2010-11-15 15:36:01','2010-11-15 15:36:01','2010-11-15 15:36:01','COMPLETED','COMPLETED','','2010-11-15 15:36:01'),(99,2,99,'2010-11-15 15:36:01','2010-11-15 15:36:01','2010-11-15 15:36:01','COMPLETED','COMPLETED','','2010-11-15 15:36:01'),(100,2,100,'2010-11-15 15:36:01','2010-11-15 15:36:01','2010-11-15 15:36:01','COMPLETED','COMPLETED','','2010-11-15 15:36:01'),(101,2,101,'2010-11-15 15:36:01','2010-11-15 15:36:01','2010-11-15 15:36:01','COMPLETED','COMPLETED','','2010-11-15 15:36:01'),(102,2,102,'2010-11-15 15:36:01','2010-11-15 15:36:01','2010-11-15 15:36:01','COMPLETED','COMPLETED','','2010-11-15 15:36:01'),(103,2,103,'2010-11-15 15:36:01','2010-11-15 15:36:01','2010-11-15 15:36:01','COMPLETED','COMPLETED','','2010-11-15 15:36:01'),(104,2,104,'2010-11-15 15:36:01','2010-11-15 15:36:01','2010-11-15 15:36:01','COMPLETED','COMPLETED','','2010-11-15 15:36:01'),(105,2,105,'2010-11-15 15:36:01','2010-11-15 15:36:01','2010-11-15 15:36:01','COMPLETED','COMPLETED','','2010-11-15 15:36:01'),(106,2,106,'2010-11-15 15:36:01','2010-11-15 15:36:01','2010-11-15 15:36:01','COMPLETED','COMPLETED','','2010-11-15 15:36:01'),(107,2,107,'2010-11-15 15:36:01','2010-11-15 15:36:01','2010-11-15 15:36:01','COMPLETED','COMPLETED','','2010-11-15 15:36:01'),(108,2,108,'2010-11-15 15:36:01','2010-11-15 15:36:01','2010-11-15 15:36:01','COMPLETED','COMPLETED','','2010-11-15 15:36:01'),(109,2,109,'2010-11-15 15:36:01','2010-11-15 15:36:01','2010-11-15 15:36:01','COMPLETED','COMPLETED','','2010-11-15 15:36:01'),(110,2,110,'2010-11-15 15:36:01','2010-11-15 15:36:01','2010-11-15 15:36:01','COMPLETED','COMPLETED','','2010-11-15 15:36:01'),(111,2,111,'2010-11-15 15:36:01','2010-11-15 15:36:01','2010-11-15 15:36:02','COMPLETED','COMPLETED','','2010-11-15 15:36:02'),(112,2,112,'2010-11-15 15:36:02','2010-11-15 15:36:02','2010-11-15 15:36:02','COMPLETED','COMPLETED','','2010-11-15 15:36:02'),(113,2,113,'2010-11-15 15:36:02','2010-11-15 15:36:02','2010-11-15 15:36:02','COMPLETED','COMPLETED','','2010-11-15 15:36:02'),(114,2,114,'2010-11-15 15:36:02','2010-11-15 15:36:02','2010-11-15 15:36:02','COMPLETED','COMPLETED','','2010-11-15 15:36:02'),(115,2,115,'2010-11-15 15:36:02','2010-11-15 15:36:02','2010-11-15 15:36:02','COMPLETED','COMPLETED','','2010-11-15 15:36:02'),(116,2,116,'2010-11-15 15:36:02','2010-11-15 15:36:02','2010-11-15 15:36:02','COMPLETED','COMPLETED','','2010-11-15 15:36:02'),(117,2,117,'2010-11-15 15:36:02','2010-11-15 15:36:02','2010-11-15 15:36:02','COMPLETED','COMPLETED','','2010-11-15 15:36:02'),(118,2,118,'2010-11-15 15:36:02','2010-11-15 15:36:02','2010-11-15 15:36:02','COMPLETED','COMPLETED','','2010-11-15 15:36:02'),(119,2,119,'2010-11-15 15:36:02','2010-11-15 15:36:02','2010-11-15 15:36:02','COMPLETED','COMPLETED','','2010-11-15 15:36:02'),(120,2,120,'2010-11-15 15:36:02','2010-11-15 15:36:02','2010-11-15 15:36:02','COMPLETED','COMPLETED','','2010-11-15 15:36:02'),(121,2,121,'2010-11-15 15:36:02','2010-11-15 15:36:02','2010-11-15 15:36:02','COMPLETED','COMPLETED','','2010-11-15 15:36:02'),(122,2,122,'2010-11-15 15:36:02','2010-11-15 15:36:02','2010-11-15 15:36:02','COMPLETED','COMPLETED','','2010-11-15 15:36:02'),(123,2,123,'2010-11-15 15:36:02','2010-11-15 15:36:02','2010-11-15 15:36:02','COMPLETED','COMPLETED','','2010-11-15 15:36:02'),(124,2,124,'2010-11-15 15:36:02','2010-11-15 15:36:02','2010-11-15 15:36:02','COMPLETED','COMPLETED','','2010-11-15 15:36:02'),(125,2,125,'2010-11-15 15:36:02','2010-11-15 15:36:02','2010-11-15 15:36:02','COMPLETED','COMPLETED','','2010-11-15 15:36:02'),(126,2,126,'2010-11-15 15:36:02','2010-11-15 15:36:02','2010-11-15 15:36:02','COMPLETED','COMPLETED','','2010-11-15 15:36:02'),(127,2,127,'2010-11-15 15:36:02','2010-11-15 15:36:02','2010-11-15 15:36:02','COMPLETED','COMPLETED','','2010-11-15 15:36:02'),(128,2,128,'2010-11-15 15:36:02','2010-11-15 15:36:02','2010-11-15 15:36:02','COMPLETED','COMPLETED','','2010-11-15 15:36:02'),(129,2,129,'2010-11-15 15:36:02','2010-11-15 15:36:02','2010-11-15 15:36:02','COMPLETED','COMPLETED','','2010-11-15 15:36:02'),(130,2,130,'2010-11-15 15:36:02','2010-11-15 15:36:02','2010-11-15 15:36:02','COMPLETED','COMPLETED','','2010-11-15 15:36:02'),(131,2,131,'2010-11-15 15:36:02','2010-11-15 15:36:02','2010-11-15 15:36:02','COMPLETED','COMPLETED','','2010-11-15 15:36:02'),(132,2,132,'2010-11-15 15:36:02','2010-11-15 15:36:02','2010-11-15 15:36:02','COMPLETED','COMPLETED','','2010-11-15 15:36:02'),(133,2,133,'2010-11-15 15:36:02','2010-11-15 15:36:02','2010-11-15 15:36:02','COMPLETED','COMPLETED','','2010-11-15 15:36:02'),(134,2,134,'2010-11-15 15:36:02','2010-11-15 15:36:02','2010-11-15 15:36:02','COMPLETED','COMPLETED','','2010-11-15 15:36:02'),(135,2,135,'2010-11-15 15:36:02','2010-11-15 15:36:02','2010-11-15 15:36:02','COMPLETED','COMPLETED','','2010-11-15 15:36:02'),(136,2,136,'2010-11-15 15:36:02','2010-11-15 15:36:02','2010-11-15 15:36:02','COMPLETED','COMPLETED','','2010-11-15 15:36:02'),(137,2,137,'2010-11-15 15:36:02','2010-11-15 15:36:02','2010-11-15 15:36:02','COMPLETED','COMPLETED','','2010-11-15 15:36:02'),(138,2,138,'2010-11-15 15:36:02','2010-11-15 15:36:02','2010-11-15 15:36:02','COMPLETED','COMPLETED','','2010-11-15 15:36:02'),(139,2,139,'2010-11-15 15:36:02','2010-11-15 15:36:02','2010-11-15 15:36:02','COMPLETED','COMPLETED','','2010-11-15 15:36:02'),(140,2,140,'2010-11-15 15:36:02','2010-11-15 15:36:02','2010-11-15 15:36:02','COMPLETED','COMPLETED','','2010-11-15 15:36:02'),(141,2,141,'2010-11-15 15:36:02','2010-11-15 15:36:02','2010-11-15 15:36:02','COMPLETED','COMPLETED','','2010-11-15 15:36:02'),(142,2,142,'2010-11-15 15:36:02','2010-11-15 15:36:02','2010-11-15 15:36:02','COMPLETED','COMPLETED','','2010-11-15 15:36:02'),(143,2,143,'2010-11-15 15:36:02','2010-11-15 15:36:02','2010-11-15 15:36:02','COMPLETED','COMPLETED','','2010-11-15 15:36:02'),(144,2,144,'2010-11-15 15:36:02','2010-11-15 15:36:02','2010-11-15 15:36:02','COMPLETED','COMPLETED','','2010-11-15 15:36:02'),(145,2,145,'2010-11-15 15:36:02','2010-11-15 15:36:02','2010-11-15 15:36:02','COMPLETED','COMPLETED','','2010-11-15 15:36:02'),(146,2,146,'2010-11-15 15:36:02','2010-11-15 15:36:02','2010-11-15 15:36:02','COMPLETED','COMPLETED','','2010-11-15 15:36:02'),(147,2,147,'2010-11-15 15:36:02','2010-11-15 15:36:02','2010-11-15 15:36:02','COMPLETED','COMPLETED','','2010-11-15 15:36:02'),(148,2,148,'2010-11-15 15:36:02','2010-11-15 15:36:02','2010-11-15 15:36:02','COMPLETED','COMPLETED','','2010-11-15 15:36:02'),(149,2,149,'2010-11-15 15:36:02','2010-11-15 15:36:02','2010-11-15 15:36:02','COMPLETED','COMPLETED','','2010-11-15 15:36:02'),(150,2,150,'2010-11-15 15:36:02','2010-11-15 15:36:02','2010-11-15 15:36:02','COMPLETED','COMPLETED','','2010-11-15 15:36:02'),(151,2,151,'2010-11-15 15:36:02','2010-11-15 15:36:02','2010-11-15 15:36:02','COMPLETED','COMPLETED','','2010-11-15 15:36:02'),(152,2,152,'2010-11-15 15:36:02','2010-11-15 15:36:02','2010-11-15 15:36:02','COMPLETED','COMPLETED','','2010-11-15 15:36:02'),(153,2,153,'2010-11-15 15:36:02','2010-11-15 15:36:02','2010-11-15 15:36:02','COMPLETED','COMPLETED','','2010-11-15 15:36:02'),(154,2,154,'2010-11-15 15:36:02','2010-11-15 15:36:02','2010-11-15 15:36:02','COMPLETED','COMPLETED','','2010-11-15 15:36:02'),(155,2,155,'2010-11-15 15:36:02','2010-11-15 15:36:02','2010-11-15 15:36:02','COMPLETED','COMPLETED','','2010-11-15 15:36:02'),(156,2,156,'2010-11-15 15:36:02','2010-11-15 15:36:02','2010-11-15 15:36:02','COMPLETED','COMPLETED','','2010-11-15 15:36:02'),(157,2,157,'2010-11-15 15:36:02','2010-11-15 15:36:02','2010-11-15 15:36:02','COMPLETED','COMPLETED','','2010-11-15 15:36:02'),(158,2,158,'2010-11-15 15:36:02','2010-11-15 15:36:02','2010-11-15 15:36:02','COMPLETED','COMPLETED','','2010-11-15 15:36:02'),(159,2,159,'2010-11-15 15:36:02','2010-11-15 15:36:02','2010-11-15 15:36:02','COMPLETED','COMPLETED','','2010-11-15 15:36:02'),(160,2,160,'2010-11-15 15:36:02','2010-11-15 15:36:02','2010-11-15 15:36:02','COMPLETED','COMPLETED','','2010-11-15 15:36:02'),(161,2,161,'2010-11-15 15:36:02','2010-11-15 15:36:02','2010-11-15 15:36:02','COMPLETED','COMPLETED','','2010-11-15 15:36:02'),(162,2,162,'2010-11-15 15:36:02','2010-11-15 15:36:02','2010-11-15 15:36:02','COMPLETED','COMPLETED','','2010-11-15 15:36:02'),(163,2,163,'2010-11-15 15:36:02','2010-11-15 15:36:02','2010-11-15 15:36:02','COMPLETED','COMPLETED','','2010-11-15 15:36:02'),(164,2,164,'2010-11-15 15:36:02','2010-11-15 15:36:02','2010-11-15 15:36:02','COMPLETED','COMPLETED','','2010-11-15 15:36:02'),(165,2,165,'2010-11-15 15:36:02','2010-11-15 15:36:02','2010-11-15 15:36:02','COMPLETED','COMPLETED','','2010-11-15 15:36:02'),(166,2,166,'2010-11-15 15:36:02','2010-11-15 15:36:02','2010-11-15 15:36:02','COMPLETED','COMPLETED','','2010-11-15 15:36:02'),(167,2,167,'2010-11-15 15:36:02','2010-11-15 15:36:02','2010-11-15 15:36:02','COMPLETED','COMPLETED','','2010-11-15 15:36:02'),(168,2,168,'2010-11-15 15:36:02','2010-11-15 15:36:02','2010-11-15 15:36:02','COMPLETED','COMPLETED','','2010-11-15 15:36:02'),(169,2,169,'2010-11-15 15:36:02','2010-11-15 15:36:02','2010-11-15 15:36:02','COMPLETED','COMPLETED','','2010-11-15 15:36:02'),(170,2,170,'2010-11-15 15:36:02','2010-11-15 15:36:02','2010-11-15 15:36:02','COMPLETED','COMPLETED','','2010-11-15 15:36:02'),(171,2,171,'2010-11-15 15:36:02','2010-11-15 15:36:02','2010-11-15 15:36:02','COMPLETED','COMPLETED','','2010-11-15 15:36:02'),(172,2,172,'2010-11-15 15:36:02','2010-11-15 15:36:02','2010-11-15 15:36:02','COMPLETED','COMPLETED','','2010-11-15 15:36:02'),(173,2,173,'2010-11-15 15:36:02','2010-11-15 15:36:02','2010-11-15 15:36:02','COMPLETED','COMPLETED','','2010-11-15 15:36:02'),(174,2,174,'2010-11-15 15:36:02','2010-11-15 15:36:02','2010-11-15 15:36:02','COMPLETED','COMPLETED','','2010-11-15 15:36:02'),(175,2,175,'2010-11-15 15:36:02','2010-11-15 15:36:02','2010-11-15 15:36:02','COMPLETED','COMPLETED','','2010-11-15 15:36:02'),(176,2,176,'2010-11-15 15:36:02','2010-11-15 15:36:02','2010-11-15 15:36:02','COMPLETED','COMPLETED','','2010-11-15 15:36:02'),(177,2,177,'2010-11-15 15:36:02','2010-11-15 15:36:02','2010-11-15 15:36:02','COMPLETED','COMPLETED','','2010-11-15 15:36:02'),(178,2,178,'2010-11-15 15:36:02','2010-11-15 15:36:02','2010-11-15 15:36:02','COMPLETED','COMPLETED','','2010-11-15 15:36:02'),(179,2,179,'2010-11-15 15:36:02','2010-11-15 15:36:02','2010-11-15 15:36:02','COMPLETED','COMPLETED','','2010-11-15 15:36:02'),(180,2,180,'2010-11-15 15:36:02','2010-11-15 15:36:02','2010-11-15 15:36:02','COMPLETED','COMPLETED','','2010-11-15 15:36:02'),(181,2,181,'2010-11-15 15:36:02','2010-11-15 15:36:02','2010-11-15 15:36:02','COMPLETED','COMPLETED','','2010-11-15 15:36:02'),(182,2,182,'2010-11-15 15:36:02','2010-11-15 15:36:02','2010-11-15 15:36:02','COMPLETED','COMPLETED','','2010-11-15 15:36:02'),(183,2,183,'2010-11-15 15:36:02','2010-11-15 15:36:02','2010-11-15 15:36:02','COMPLETED','COMPLETED','','2010-11-15 15:36:02'),(184,2,184,'2010-11-15 15:36:02','2010-11-15 15:36:02','2010-11-15 15:36:02','COMPLETED','COMPLETED','','2010-11-15 15:36:02'),(185,2,185,'2010-11-15 15:36:02','2010-11-15 15:36:02','2010-11-15 15:36:02','COMPLETED','COMPLETED','','2010-11-15 15:36:02'),(186,2,186,'2010-11-15 15:36:02','2010-11-15 15:36:02','2010-11-15 15:36:02','COMPLETED','COMPLETED','','2010-11-15 15:36:02'),(187,2,187,'2010-11-15 15:36:02','2010-11-15 15:36:02','2010-11-15 15:36:02','COMPLETED','COMPLETED','','2010-11-15 15:36:02'),(188,2,188,'2010-11-15 15:36:02','2010-11-15 15:36:02','2010-11-15 15:36:02','COMPLETED','COMPLETED','','2010-11-15 15:36:02'),(189,2,189,'2010-11-15 15:36:02','2010-11-15 15:36:02','2010-11-15 15:36:02','COMPLETED','COMPLETED','','2010-11-15 15:36:02'),(190,2,190,'2010-11-15 15:36:02','2010-11-15 15:36:02','2010-11-15 15:36:02','COMPLETED','COMPLETED','','2010-11-15 15:36:02'),(191,2,191,'2010-11-15 15:36:02','2010-11-15 15:36:02','2010-11-15 15:36:02','COMPLETED','COMPLETED','','2010-11-15 15:36:02'),(192,2,192,'2010-11-15 15:36:02','2010-11-15 15:36:02','2010-11-15 15:36:02','COMPLETED','COMPLETED','','2010-11-15 15:36:02'),(193,2,193,'2010-11-15 15:36:02','2010-11-15 15:36:02','2010-11-15 15:36:02','COMPLETED','COMPLETED','','2010-11-15 15:36:02'),(194,2,194,'2010-11-15 15:36:02','2010-11-15 15:36:02','2010-11-15 15:36:02','COMPLETED','COMPLETED','','2010-11-15 15:36:02'),(195,2,195,'2010-11-15 15:36:02','2010-11-15 15:36:02','2010-11-15 15:36:02','COMPLETED','COMPLETED','','2010-11-15 15:36:02'),(196,2,196,'2010-11-15 15:36:02','2010-11-15 15:36:02','2010-11-15 15:36:02','COMPLETED','COMPLETED','','2010-11-15 15:36:02'),(197,2,197,'2010-11-15 15:36:02','2010-11-15 15:36:02','2010-11-15 15:36:02','COMPLETED','COMPLETED','','2010-11-15 15:36:02'),(198,2,198,'2010-11-15 15:36:02','2010-11-15 15:36:02','2010-11-15 15:36:02','COMPLETED','COMPLETED','','2010-11-15 15:36:02'),(199,2,199,'2010-11-15 15:36:02','2010-11-15 15:36:02','2010-11-15 15:36:02','COMPLETED','COMPLETED','','2010-11-15 15:36:02'),(200,2,200,'2010-11-15 15:36:02','2010-11-15 15:36:02','2010-11-15 15:36:02','COMPLETED','COMPLETED','','2010-11-15 15:36:02'),(201,2,201,'2010-11-15 15:36:02','2010-11-15 15:36:02','2010-11-15 15:36:02','COMPLETED','COMPLETED','','2010-11-15 15:36:02'),(202,2,202,'2010-11-15 15:36:02','2010-11-15 15:36:02','2010-11-15 15:36:02','COMPLETED','COMPLETED','','2010-11-15 15:36:02'),(203,2,203,'2010-11-15 15:36:02','2010-11-15 15:36:02','2010-11-15 15:36:02','COMPLETED','COMPLETED','','2010-11-15 15:36:02'),(204,2,204,'2010-11-15 15:36:02','2010-11-15 15:36:02','2010-11-15 15:36:02','COMPLETED','COMPLETED','','2010-11-15 15:36:02'),(205,2,205,'2010-11-15 15:36:02','2010-11-15 15:36:02','2010-11-15 15:36:03','COMPLETED','COMPLETED','','2010-11-15 15:36:03'),(206,2,206,'2010-11-15 15:36:03','2010-11-15 15:36:03','2010-11-15 15:36:03','COMPLETED','COMPLETED','','2010-11-15 15:36:03'),(207,2,207,'2010-11-15 15:36:03','2010-11-15 15:36:03','2010-11-15 15:36:03','COMPLETED','COMPLETED','','2010-11-15 15:36:03'),(208,2,208,'2010-11-15 15:36:03','2010-11-15 15:36:03','2010-11-15 15:36:03','COMPLETED','COMPLETED','','2010-11-15 15:36:03'),(209,2,209,'2010-11-15 15:36:03','2010-11-15 15:36:03','2010-11-15 15:36:03','COMPLETED','COMPLETED','','2010-11-15 15:36:03'),(210,2,210,'2010-11-15 15:36:03','2010-11-15 15:36:03','2010-11-15 15:36:03','COMPLETED','COMPLETED','','2010-11-15 15:36:03'),(211,2,211,'2010-11-15 15:36:03','2010-11-15 15:36:03','2010-11-15 15:36:03','COMPLETED','COMPLETED','','2010-11-15 15:36:03'),(212,2,212,'2010-11-15 15:36:03','2010-11-15 15:36:03','2010-11-15 15:36:03','COMPLETED','COMPLETED','','2010-11-15 15:36:03'),(213,2,213,'2010-11-15 15:36:03','2010-11-15 15:36:03','2010-11-15 15:36:03','COMPLETED','COMPLETED','','2010-11-15 15:36:03'),(214,2,214,'2010-11-15 15:36:03','2010-11-15 15:36:03','2010-11-15 15:36:03','COMPLETED','COMPLETED','','2010-11-15 15:36:03'),(215,2,215,'2010-11-15 15:36:03','2010-11-15 15:36:03','2010-11-15 15:36:03','COMPLETED','COMPLETED','','2010-11-15 15:36:03'),(216,2,216,'2010-11-15 15:36:03','2010-11-15 15:36:03','2010-11-15 15:36:03','COMPLETED','COMPLETED','','2010-11-15 15:36:03'),(217,2,217,'2010-11-15 15:36:03','2010-11-15 15:36:03','2010-11-15 15:36:03','COMPLETED','COMPLETED','','2010-11-15 15:36:03'),(218,2,218,'2010-11-15 15:36:03','2010-11-15 15:36:03','2010-11-15 15:36:03','COMPLETED','COMPLETED','','2010-11-15 15:36:03'),(219,2,219,'2010-11-15 15:36:03','2010-11-15 15:36:03','2010-11-15 15:36:03','COMPLETED','COMPLETED','','2010-11-15 15:36:03'),(220,2,220,'2010-11-15 15:36:03','2010-11-15 15:36:03','2010-11-15 15:36:03','COMPLETED','COMPLETED','','2010-11-15 15:36:03'),(221,2,221,'2010-11-15 15:36:03','2010-11-15 15:36:03','2010-11-15 15:36:03','COMPLETED','COMPLETED','','2010-11-15 15:36:03'),(222,2,222,'2010-11-15 15:36:03','2010-11-15 15:36:03','2010-11-15 15:36:04','COMPLETED','COMPLETED','','2010-11-15 15:36:04'),(223,2,223,'2010-11-15 15:36:04','2010-11-15 15:36:04','2010-11-15 15:36:04','COMPLETED','COMPLETED','','2010-11-15 15:36:04'),(224,2,224,'2010-11-15 15:36:04','2010-11-15 15:36:04','2010-11-15 15:36:04','COMPLETED','COMPLETED','','2010-11-15 15:36:04'),(225,2,225,'2010-11-15 15:36:04','2010-11-15 15:36:04','2010-11-15 15:36:04','COMPLETED','COMPLETED','','2010-11-15 15:36:04'),(226,2,226,'2010-11-15 15:36:04','2010-11-15 15:36:04','2010-11-15 15:36:04','COMPLETED','COMPLETED','','2010-11-15 15:36:04'),(227,2,227,'2010-11-15 15:36:04','2010-11-15 15:36:04','2010-11-15 15:36:04','COMPLETED','COMPLETED','','2010-11-15 15:36:04'),(228,2,228,'2010-11-15 15:36:04','2010-11-15 15:36:04','2010-11-15 15:36:04','COMPLETED','COMPLETED','','2010-11-15 15:36:04'),(229,2,229,'2010-11-15 15:36:04','2010-11-15 15:36:04','2010-11-15 15:36:05','COMPLETED','COMPLETED','','2010-11-15 15:36:05'),(230,2,230,'2010-11-15 15:36:05','2010-11-15 15:36:05','2010-11-15 15:36:05','COMPLETED','COMPLETED','','2010-11-15 15:36:05'),(231,2,231,'2010-11-15 15:36:05','2010-11-15 15:36:05','2010-11-15 15:36:05','COMPLETED','COMPLETED','','2010-11-15 15:36:05'),(232,2,232,'2010-11-15 15:36:05','2010-11-15 15:36:05','2010-11-15 15:36:05','COMPLETED','COMPLETED','','2010-11-15 15:36:05'),(233,2,233,'2010-11-15 15:36:05','2010-11-15 15:36:05','2010-11-15 15:36:05','COMPLETED','COMPLETED','','2010-11-15 15:36:05'),(234,2,234,'2010-11-15 15:36:05','2010-11-15 15:36:05','2010-11-15 15:36:05','COMPLETED','COMPLETED','','2010-11-15 15:36:05'),(235,2,235,'2010-11-15 15:36:05','2010-11-15 15:36:05','2010-11-15 15:36:05','COMPLETED','COMPLETED','','2010-11-15 15:36:05'),(236,2,236,'2010-11-15 15:36:05','2010-11-15 15:36:05','2010-11-15 15:36:05','COMPLETED','COMPLETED','','2010-11-15 15:36:05'),(237,2,237,'2010-11-15 15:36:05','2010-11-15 15:36:05','2010-11-15 15:36:06','COMPLETED','COMPLETED','','2010-11-15 15:36:06'),(238,2,238,'2010-11-15 15:36:06','2010-11-15 15:36:06','2010-11-15 15:36:06','COMPLETED','COMPLETED','','2010-11-15 15:36:06'),(239,2,239,'2010-11-15 15:36:06','2010-11-15 15:36:06','2010-11-15 15:36:06','COMPLETED','COMPLETED','','2010-11-15 15:36:06'),(240,2,240,'2010-11-15 15:36:06','2010-11-15 15:36:06','2010-11-15 15:36:06','COMPLETED','COMPLETED','','2010-11-15 15:36:06'),(241,2,241,'2010-11-15 15:36:06','2010-11-15 15:36:06','2010-11-15 15:36:06','COMPLETED','COMPLETED','','2010-11-15 15:36:06'),(242,2,242,'2010-11-15 15:36:06','2010-11-15 15:36:06','2010-11-15 15:36:06','COMPLETED','COMPLETED','','2010-11-15 15:36:06'),(243,2,243,'2010-11-15 15:36:06','2010-11-15 15:36:06','2010-11-15 15:36:06','COMPLETED','COMPLETED','','2010-11-15 15:36:06'),(244,2,244,'2010-11-15 15:36:06','2010-11-15 15:36:06','2010-11-15 15:36:06','COMPLETED','COMPLETED','','2010-11-15 15:36:06'),(245,2,245,'2010-11-15 15:36:06','2010-11-15 15:36:06','2010-11-15 15:36:07','COMPLETED','COMPLETED','','2010-11-15 15:36:07'),(246,2,246,'2010-11-15 15:36:07','2010-11-15 15:36:07','2010-11-15 15:36:07','COMPLETED','COMPLETED','','2010-11-15 15:36:07'),(247,2,247,'2010-11-15 15:36:07','2010-11-15 15:36:07','2010-11-15 15:36:07','COMPLETED','COMPLETED','','2010-11-15 15:36:07'),(248,2,248,'2010-11-15 15:36:07','2010-11-15 15:36:07','2010-11-15 15:36:07','COMPLETED','COMPLETED','','2010-11-15 15:36:07'),(249,2,249,'2010-11-15 15:36:07','2010-11-15 15:36:07','2010-11-15 15:36:07','COMPLETED','COMPLETED','','2010-11-15 15:36:07'),(250,2,250,'2010-11-15 15:36:07','2010-11-15 15:36:07','2010-11-15 15:36:07','COMPLETED','COMPLETED','','2010-11-15 15:36:07'),(251,2,251,'2010-11-15 15:36:07','2010-11-15 15:36:07','2010-11-15 15:36:07','COMPLETED','COMPLETED','','2010-11-15 15:36:07'),(252,2,252,'2010-11-15 15:36:07','2010-11-15 15:36:07','2010-11-15 15:36:07','COMPLETED','COMPLETED','','2010-11-15 15:36:07'),(253,2,253,'2010-11-15 15:36:07','2010-11-15 15:36:07','2010-11-15 15:36:08','COMPLETED','COMPLETED','','2010-11-15 15:36:08'),(254,2,254,'2010-11-15 15:36:08','2010-11-15 15:36:08','2010-11-15 15:36:08','COMPLETED','COMPLETED','','2010-11-15 15:36:08'),(255,2,255,'2010-11-15 15:36:08','2010-11-15 15:36:08','2010-11-15 15:36:08','COMPLETED','COMPLETED','','2010-11-15 15:36:08'),(256,2,256,'2010-11-15 15:36:08','2010-11-15 15:36:08','2010-11-15 15:36:08','COMPLETED','COMPLETED','','2010-11-15 15:36:08'),(257,2,257,'2010-11-15 15:36:08','2010-11-15 15:36:08','2010-11-15 15:36:08','COMPLETED','COMPLETED','','2010-11-15 15:36:08'),(258,2,258,'2010-11-15 15:36:08','2010-11-15 15:36:08','2010-11-15 15:36:08','COMPLETED','COMPLETED','','2010-11-15 15:36:08'),(259,2,259,'2010-11-15 15:36:08','2010-11-15 15:36:08','2010-11-15 15:36:08','COMPLETED','COMPLETED','','2010-11-15 15:36:08'),(260,2,260,'2010-11-15 15:36:08','2010-11-15 15:36:08','2010-11-15 15:36:08','COMPLETED','COMPLETED','','2010-11-15 15:36:08'),(261,2,261,'2010-11-15 15:36:08','2010-11-15 15:36:08','2010-11-15 15:36:09','COMPLETED','COMPLETED','','2010-11-15 15:36:09'),(262,2,262,'2010-11-15 15:36:09','2010-11-15 15:36:09','2010-11-15 15:36:09','COMPLETED','COMPLETED','','2010-11-15 15:36:09'),(263,2,263,'2010-11-15 15:36:09','2010-11-15 15:36:09','2010-11-15 15:36:09','COMPLETED','COMPLETED','','2010-11-15 15:36:09'),(264,2,264,'2010-11-15 15:36:09','2010-11-15 15:36:09','2010-11-15 15:36:09','COMPLETED','COMPLETED','','2010-11-15 15:36:09'),(265,2,265,'2010-11-15 15:36:09','2010-11-15 15:36:09','2010-11-15 15:36:09','COMPLETED','COMPLETED','','2010-11-15 15:36:09'),(266,2,266,'2010-11-15 15:36:09','2010-11-15 15:36:09','2010-11-15 15:36:09','COMPLETED','COMPLETED','','2010-11-15 15:36:09'),(267,2,267,'2010-11-15 15:36:09','2010-11-15 15:36:09','2010-11-15 15:36:09','COMPLETED','COMPLETED','','2010-11-15 15:36:09'),(268,2,268,'2010-11-15 15:36:09','2010-11-15 15:36:09','2010-11-15 15:36:10','COMPLETED','COMPLETED','','2010-11-15 15:36:10'),(269,2,269,'2010-11-15 15:36:10','2010-11-15 15:36:10','2010-11-15 15:36:10','COMPLETED','COMPLETED','','2010-11-15 15:36:10'),(270,2,270,'2010-11-15 15:36:10','2010-11-15 15:36:10','2010-11-15 15:36:10','COMPLETED','COMPLETED','','2010-11-15 15:36:10'),(271,2,271,'2010-11-15 15:36:10','2010-11-15 15:36:10','2010-11-15 15:36:10','COMPLETED','COMPLETED','','2010-11-15 15:36:10'),(272,2,272,'2010-11-15 15:36:10','2010-11-15 15:36:10','2010-11-15 15:36:10','COMPLETED','COMPLETED','','2010-11-15 15:36:10'),(273,2,273,'2010-11-15 15:36:10','2010-11-15 15:36:10','2010-11-15 15:36:10','COMPLETED','COMPLETED','','2010-11-15 15:36:10'),(274,2,274,'2010-11-15 15:36:10','2010-11-15 15:36:10','2010-11-15 15:36:10','COMPLETED','COMPLETED','','2010-11-15 15:36:10'),(275,2,275,'2010-11-15 15:36:10','2010-11-15 15:36:10','2010-11-15 15:36:10','COMPLETED','COMPLETED','','2010-11-15 15:36:10'),(276,2,276,'2010-11-15 15:36:10','2010-11-15 15:36:10','2010-11-15 15:36:11','COMPLETED','COMPLETED','','2010-11-15 15:36:11'),(277,2,277,'2010-11-15 15:36:11','2010-11-15 15:36:11','2010-11-15 15:36:11','COMPLETED','COMPLETED','','2010-11-15 15:36:11'),(278,2,278,'2010-11-15 15:36:11','2010-11-15 15:36:11','2010-11-15 15:36:11','COMPLETED','COMPLETED','','2010-11-15 15:36:11'),(279,2,279,'2010-11-15 15:36:11','2010-11-15 15:36:11','2010-11-15 15:36:11','COMPLETED','COMPLETED','','2010-11-15 15:36:11'),(280,2,280,'2010-11-15 15:36:11','2010-11-15 15:36:11','2010-11-15 15:36:11','COMPLETED','COMPLETED','','2010-11-15 15:36:11'),(281,2,281,'2010-11-15 15:36:11','2010-11-15 15:36:11','2010-11-15 15:36:11','COMPLETED','COMPLETED','','2010-11-15 15:36:11'),(282,2,282,'2010-11-15 15:36:11','2010-11-15 15:36:11','2010-11-15 15:36:11','COMPLETED','COMPLETED','','2010-11-15 15:36:11'),(283,2,283,'2010-11-15 15:36:11','2010-11-15 15:36:11','2010-11-15 15:36:12','COMPLETED','COMPLETED','','2010-11-15 15:36:12'),(284,2,284,'2010-11-15 15:36:12','2010-11-15 15:36:12','2010-11-15 15:36:12','COMPLETED','COMPLETED','','2010-11-15 15:36:12'),(285,2,285,'2010-11-15 15:36:12','2010-11-15 15:36:12','2010-11-15 15:36:12','COMPLETED','COMPLETED','','2010-11-15 15:36:12'),(286,2,286,'2010-11-15 15:36:12','2010-11-15 15:36:12','2010-11-15 15:36:12','COMPLETED','COMPLETED','','2010-11-15 15:36:12'),(287,2,287,'2010-11-15 15:36:12','2010-11-15 15:36:12','2010-11-15 15:36:12','COMPLETED','COMPLETED','','2010-11-15 15:36:12'),(288,2,288,'2010-11-15 15:36:12','2010-11-15 15:36:12','2010-11-15 15:36:12','COMPLETED','COMPLETED','','2010-11-15 15:36:12'),(289,2,289,'2010-11-15 15:36:12','2010-11-15 15:36:12','2010-11-15 15:36:13','COMPLETED','COMPLETED','','2010-11-15 15:36:13'),(290,2,290,'2010-11-15 15:36:13','2010-11-15 15:36:13','2010-11-15 15:36:13','COMPLETED','COMPLETED','','2010-11-15 15:36:13'),(291,2,291,'2010-11-15 15:36:13','2010-11-15 15:36:13','2010-11-15 15:36:13','COMPLETED','COMPLETED','','2010-11-15 15:36:13'),(292,2,292,'2010-11-15 15:36:13','2010-11-15 15:36:13','2010-11-15 15:36:13','COMPLETED','COMPLETED','','2010-11-15 15:36:13'),(293,2,293,'2010-11-15 15:36:13','2010-11-15 15:36:13','2010-11-15 15:36:13','COMPLETED','COMPLETED','','2010-11-15 15:36:13'),(294,2,294,'2010-11-15 15:36:13','2010-11-15 15:36:13','2010-11-15 15:36:13','COMPLETED','COMPLETED','','2010-11-15 15:36:13'),(295,2,295,'2010-11-15 15:36:13','2010-11-15 15:36:13','2010-11-15 15:36:13','COMPLETED','COMPLETED','','2010-11-15 15:36:13'),(296,2,296,'2010-11-15 15:36:13','2010-11-15 15:36:13','2010-11-15 15:36:13','COMPLETED','COMPLETED','','2010-11-15 15:36:13'),(297,2,297,'2010-11-15 15:36:13','2010-11-15 15:36:13','2010-11-15 15:36:14','COMPLETED','COMPLETED','','2010-11-15 15:36:14'),(298,2,298,'2010-11-15 15:36:14','2010-11-15 15:36:14','2010-11-15 15:36:14','COMPLETED','COMPLETED','','2010-11-15 15:36:14'),(299,2,299,'2010-11-15 15:36:14','2010-11-15 15:36:14','2010-11-15 15:36:14','COMPLETED','COMPLETED','','2010-11-15 15:36:14'),(300,2,300,'2010-11-15 15:36:14','2010-11-15 15:36:14','2010-11-15 15:36:14','COMPLETED','COMPLETED','','2010-11-15 15:36:14'),(301,2,301,'2010-11-15 15:36:14','2010-11-15 15:36:14','2010-11-15 15:36:14','COMPLETED','COMPLETED','','2010-11-15 15:36:14'),(302,2,302,'2010-11-15 15:36:14','2010-11-15 15:36:14','2010-11-15 15:36:14','COMPLETED','COMPLETED','','2010-11-15 15:36:14'),(303,2,303,'2010-11-15 15:36:14','2010-11-15 15:36:14','2010-11-15 15:36:14','COMPLETED','COMPLETED','','2010-11-15 15:36:14'),(304,2,304,'2010-11-15 15:36:14','2010-11-15 15:36:14','2010-11-15 15:36:14','COMPLETED','COMPLETED','','2010-11-15 15:36:14'),(305,2,305,'2010-11-15 15:36:14','2010-11-15 15:36:14','2010-11-15 15:36:15','COMPLETED','COMPLETED','','2010-11-15 15:36:15'),(306,2,306,'2010-11-15 15:36:15','2010-11-15 15:36:15','2010-11-15 15:36:15','COMPLETED','COMPLETED','','2010-11-15 15:36:15'),(307,2,307,'2010-11-15 15:36:15','2010-11-15 15:36:15','2010-11-15 15:36:15','COMPLETED','COMPLETED','','2010-11-15 15:36:15'),(308,2,308,'2010-11-15 15:36:15','2010-11-15 15:36:15','2010-11-15 15:36:15','COMPLETED','COMPLETED','','2010-11-15 15:36:15'),(309,2,309,'2010-11-15 15:36:15','2010-11-15 15:36:15','2010-11-15 15:36:15','COMPLETED','COMPLETED','','2010-11-15 15:36:15'),(310,2,310,'2010-11-15 15:36:15','2010-11-15 15:36:15','2010-11-15 15:36:15','COMPLETED','COMPLETED','','2010-11-15 15:36:15'),(311,2,311,'2010-11-15 15:36:15','2010-11-15 15:36:15','2010-11-15 15:36:15','COMPLETED','COMPLETED','','2010-11-15 15:36:15'),(312,2,312,'2010-11-15 15:36:15','2010-11-15 15:36:15','2010-11-15 15:36:15','COMPLETED','COMPLETED','','2010-11-15 15:36:15'),(313,2,313,'2010-11-15 15:36:15','2010-11-15 15:36:15','2010-11-15 15:36:16','COMPLETED','COMPLETED','','2010-11-15 15:36:16'),(314,2,314,'2010-11-15 15:36:16','2010-11-15 15:36:16','2010-11-15 15:36:16','COMPLETED','COMPLETED','','2010-11-15 15:36:16'),(315,2,315,'2010-11-15 15:36:16','2010-11-15 15:36:16','2010-11-15 15:36:16','COMPLETED','COMPLETED','','2010-11-15 15:36:16'),(316,2,316,'2010-11-15 15:36:16','2010-11-15 15:36:16','2010-11-15 15:36:16','COMPLETED','COMPLETED','','2010-11-15 15:36:16'),(317,2,317,'2010-11-15 15:36:16','2010-11-15 15:36:16','2010-11-15 15:36:16','COMPLETED','COMPLETED','','2010-11-15 15:36:16'),(318,2,318,'2010-11-15 15:36:16','2010-11-15 15:36:16','2010-11-15 15:36:16','COMPLETED','COMPLETED','','2010-11-15 15:36:16'),(319,2,319,'2010-11-15 15:36:16','2010-11-15 15:36:16','2010-11-15 15:36:16','COMPLETED','COMPLETED','','2010-11-15 15:36:16'),(320,2,320,'2010-11-15 15:36:16','2010-11-15 15:36:16','2010-11-15 15:36:16','COMPLETED','COMPLETED','','2010-11-15 15:36:16'),(321,2,321,'2010-11-15 15:36:16','2010-11-15 15:36:16','2010-11-15 15:36:17','COMPLETED','COMPLETED','','2010-11-15 15:36:17'),(322,2,322,'2010-11-15 15:36:17','2010-11-15 15:36:17','2010-11-15 15:36:17','COMPLETED','COMPLETED','','2010-11-15 15:36:17'),(323,2,323,'2010-11-15 15:36:17','2010-11-15 15:36:17','2010-11-15 15:36:18','COMPLETED','COMPLETED','','2010-11-15 15:36:18'),(324,2,324,'2010-11-15 15:36:18','2010-11-15 15:36:18','2010-11-15 15:36:18','COMPLETED','COMPLETED','','2010-11-15 15:36:18'),(325,2,325,'2010-11-15 15:36:18','2010-11-15 15:36:18','2010-11-15 15:36:18','COMPLETED','COMPLETED','','2010-11-15 15:36:18'),(326,2,326,'2010-11-15 15:36:18','2010-11-15 15:36:18','2010-11-15 15:36:18','COMPLETED','COMPLETED','','2010-11-15 15:36:18'),(327,2,327,'2010-11-15 15:36:18','2010-11-15 15:36:18','2010-11-15 15:36:18','COMPLETED','COMPLETED','','2010-11-15 15:36:18'),(328,2,328,'2010-11-15 15:36:18','2010-11-15 15:36:18','2010-11-15 15:36:18','COMPLETED','COMPLETED','','2010-11-15 15:36:18'),(329,2,329,'2010-11-15 15:36:18','2010-11-15 15:36:18','2010-11-15 15:36:18','COMPLETED','COMPLETED','','2010-11-15 15:36:18'),(330,2,330,'2010-11-15 15:36:18','2010-11-15 15:36:18','2010-11-15 15:36:18','COMPLETED','COMPLETED','','2010-11-15 15:36:18'),(331,2,331,'2010-11-15 15:36:18','2010-11-15 15:36:18','2010-11-15 15:36:18','COMPLETED','COMPLETED','','2010-11-15 15:36:18'),(332,2,332,'2010-11-15 15:36:18','2010-11-15 15:36:18','2010-11-15 15:36:18','COMPLETED','COMPLETED','','2010-11-15 15:36:18'),(333,2,333,'2010-11-15 15:36:18','2010-11-15 15:36:18','2010-11-15 15:36:18','COMPLETED','COMPLETED','','2010-11-15 15:36:18'),(334,2,334,'2010-11-15 15:36:18','2010-11-15 15:36:18','2010-11-15 15:36:18','COMPLETED','COMPLETED','','2010-11-15 15:36:18'),(335,2,335,'2010-11-15 15:36:18','2010-11-15 15:36:18','2010-11-15 15:36:18','COMPLETED','COMPLETED','','2010-11-15 15:36:18'),(336,2,336,'2010-11-15 15:36:18','2010-11-15 15:36:18','2010-11-15 15:36:18','COMPLETED','COMPLETED','','2010-11-15 15:36:18'),(337,2,337,'2010-11-15 15:36:18','2010-11-15 15:36:18','2010-11-15 15:36:18','COMPLETED','COMPLETED','','2010-11-15 15:36:18'),(338,2,338,'2010-11-15 15:36:18','2010-11-15 15:36:18','2010-11-15 15:36:18','COMPLETED','COMPLETED','','2010-11-15 15:36:18'),(339,2,339,'2010-11-15 15:36:18','2010-11-15 15:36:18','2010-11-15 15:36:18','COMPLETED','COMPLETED','','2010-11-15 15:36:18'),(340,2,340,'2010-11-15 15:36:18','2010-11-15 15:36:18','2010-11-15 15:36:18','COMPLETED','COMPLETED','','2010-11-15 15:36:18'),(341,2,341,'2010-11-15 15:36:18','2010-11-15 15:36:18','2010-11-15 15:36:18','COMPLETED','COMPLETED','','2010-11-15 15:36:18'),(342,2,342,'2010-11-15 15:36:18','2010-11-15 15:36:18','2010-11-15 15:36:18','COMPLETED','COMPLETED','','2010-11-15 15:36:18'),(343,2,343,'2010-11-15 15:36:18','2010-11-15 15:36:18','2010-11-15 15:36:18','COMPLETED','COMPLETED','','2010-11-15 15:36:18'),(344,2,344,'2010-11-15 15:36:18','2010-11-15 15:36:18','2010-11-15 15:36:19','COMPLETED','COMPLETED','','2010-11-15 15:36:19'),(345,2,345,'2010-11-15 15:36:19','2010-11-15 15:36:19','2010-11-15 15:36:19','COMPLETED','COMPLETED','','2010-11-15 15:36:19'),(346,2,346,'2010-11-15 15:36:19','2010-11-15 15:36:19','2010-11-15 15:36:19','COMPLETED','COMPLETED','','2010-11-15 15:36:19'),(347,2,347,'2010-11-15 15:36:19','2010-11-15 15:36:19','2010-11-15 15:36:19','COMPLETED','COMPLETED','','2010-11-15 15:36:19'),(348,2,348,'2010-11-15 15:36:19','2010-11-15 15:36:19','2010-11-15 15:36:19','COMPLETED','COMPLETED','','2010-11-15 15:36:19'),(349,2,349,'2010-11-15 15:36:19','2010-11-15 15:36:19','2010-11-15 15:36:19','COMPLETED','COMPLETED','','2010-11-15 15:36:19'),(350,2,350,'2010-11-15 15:36:19','2010-11-15 15:36:19','2010-11-15 15:36:19','COMPLETED','COMPLETED','','2010-11-15 15:36:19'),(351,2,351,'2010-11-15 15:36:19','2010-11-15 15:36:19','2010-11-15 15:36:19','COMPLETED','COMPLETED','','2010-11-15 15:36:19'),(352,2,352,'2010-11-15 15:36:19','2010-11-15 15:36:19','2010-11-15 15:36:19','COMPLETED','COMPLETED','','2010-11-15 15:36:19'),(353,2,353,'2010-11-15 15:36:19','2010-11-15 15:36:19','2010-11-15 15:36:19','COMPLETED','COMPLETED','','2010-11-15 15:36:19'),(354,2,354,'2010-11-15 15:36:19','2010-11-15 15:36:19','2010-11-15 15:36:19','COMPLETED','COMPLETED','','2010-11-15 15:36:19'),(355,2,355,'2010-11-15 15:36:19','2010-11-15 15:36:19','2010-11-15 15:36:19','COMPLETED','COMPLETED','','2010-11-15 15:36:19'),(356,2,356,'2010-11-15 15:36:19','2010-11-15 15:36:19','2010-11-15 15:36:19','COMPLETED','COMPLETED','','2010-11-15 15:36:19'),(357,2,357,'2010-11-15 15:36:19','2010-11-15 15:36:19','2010-11-15 15:36:19','COMPLETED','COMPLETED','','2010-11-15 15:36:19'),(358,2,358,'2010-11-15 15:36:19','2010-11-15 15:36:19','2010-11-15 15:36:19','COMPLETED','COMPLETED','','2010-11-15 15:36:19'),(359,2,359,'2010-11-15 15:36:19','2010-11-15 15:36:19','2010-11-15 15:36:19','COMPLETED','COMPLETED','','2010-11-15 15:36:19'),(360,2,360,'2010-11-15 15:36:19','2010-11-15 15:36:19','2010-11-15 15:36:19','COMPLETED','COMPLETED','','2010-11-15 15:36:19'),(361,2,361,'2010-11-15 15:36:19','2010-11-15 15:36:19','2010-11-15 15:36:19','COMPLETED','COMPLETED','','2010-11-15 15:36:19'),(362,2,362,'2010-11-15 15:36:19','2010-11-15 15:36:19','2010-11-15 15:36:19','COMPLETED','COMPLETED','','2010-11-15 15:36:19'),(363,2,363,'2010-11-15 15:36:19','2010-11-15 15:36:19','2010-11-15 15:36:19','COMPLETED','COMPLETED','','2010-11-15 15:36:19'),(364,2,364,'2010-11-15 15:36:19','2010-11-15 15:36:19','2010-11-15 15:36:19','COMPLETED','COMPLETED','','2010-11-15 15:36:19'),(365,2,365,'2010-11-15 15:36:19','2010-11-15 15:36:19','2010-11-15 15:36:19','COMPLETED','COMPLETED','','2010-11-15 15:36:19'),(366,2,366,'2010-11-15 15:36:19','2010-11-15 15:36:19','2010-11-15 15:36:19','COMPLETED','COMPLETED','','2010-11-15 15:36:19'),(367,2,367,'2010-11-15 15:36:19','2010-11-15 15:36:19','2010-11-15 15:36:19','COMPLETED','COMPLETED','','2010-11-15 15:36:19'),(368,2,368,'2010-11-15 15:36:19','2010-11-15 15:36:19','2010-11-15 15:36:19','COMPLETED','COMPLETED','','2010-11-15 15:36:19'),(369,2,369,'2010-11-15 15:36:19','2010-11-15 15:36:19','2010-11-15 15:36:19','COMPLETED','COMPLETED','','2010-11-15 15:36:19'),(370,2,370,'2010-11-15 15:36:19','2010-11-15 15:36:19','2010-11-15 15:36:19','COMPLETED','COMPLETED','','2010-11-15 15:36:19'),(371,2,371,'2010-11-15 15:36:19','2010-11-15 15:36:19','2010-11-15 15:36:19','COMPLETED','COMPLETED','','2010-11-15 15:36:19'),(372,2,372,'2010-11-15 15:36:19','2010-11-15 15:36:19','2010-11-15 15:36:19','COMPLETED','COMPLETED','','2010-11-15 15:36:19'),(373,2,373,'2010-11-15 15:36:19','2010-11-15 15:36:19','2010-11-15 15:36:19','COMPLETED','COMPLETED','','2010-11-15 15:36:19'),(374,2,374,'2010-11-15 15:36:19','2010-11-15 15:36:19','2010-11-15 15:36:19','COMPLETED','COMPLETED','','2010-11-15 15:36:19'),(375,2,375,'2010-11-15 15:36:19','2010-11-15 15:36:19','2010-11-15 15:36:19','COMPLETED','COMPLETED','','2010-11-15 15:36:19'),(376,2,376,'2010-11-15 15:36:19','2010-11-15 15:36:19','2010-11-15 15:36:19','COMPLETED','COMPLETED','','2010-11-15 15:36:19'),(377,2,377,'2010-11-15 15:36:19','2010-11-15 15:36:19','2010-11-15 15:36:19','COMPLETED','COMPLETED','','2010-11-15 15:36:19'),(378,2,378,'2010-11-15 15:36:19','2010-11-15 15:36:19','2010-11-15 15:36:19','COMPLETED','COMPLETED','','2010-11-15 15:36:19'),(379,2,379,'2010-11-15 15:36:19','2010-11-15 15:36:19','2010-11-15 15:36:19','COMPLETED','COMPLETED','','2010-11-15 15:36:19'),(380,2,380,'2010-11-15 15:36:19','2010-11-15 15:36:19','2010-11-15 15:36:19','COMPLETED','COMPLETED','','2010-11-15 15:36:19'),(381,2,381,'2010-11-15 15:36:19','2010-11-15 15:36:19','2010-11-15 15:36:19','COMPLETED','COMPLETED','','2010-11-15 15:36:19'),(382,2,382,'2010-11-15 15:36:19','2010-11-15 15:36:19','2010-11-15 15:36:19','COMPLETED','COMPLETED','','2010-11-15 15:36:19'),(383,2,383,'2010-11-15 15:36:19','2010-11-15 15:36:19','2010-11-15 15:36:19','COMPLETED','COMPLETED','','2010-11-15 15:36:19'),(384,2,384,'2010-11-15 15:36:19','2010-11-15 15:36:19','2010-11-15 15:36:19','COMPLETED','COMPLETED','','2010-11-15 15:36:19'),(385,2,385,'2010-11-15 15:36:19','2010-11-15 15:36:19','2010-11-15 15:36:19','COMPLETED','COMPLETED','','2010-11-15 15:36:19'),(386,2,386,'2010-11-15 15:36:19','2010-11-15 15:36:19','2010-11-15 15:36:19','COMPLETED','COMPLETED','','2010-11-15 15:36:19'),(387,2,387,'2010-11-15 15:36:19','2010-11-15 15:36:19','2010-11-15 15:36:19','COMPLETED','COMPLETED','','2010-11-15 15:36:19'),(388,2,388,'2010-11-15 15:36:19','2010-11-15 15:36:19','2010-11-15 15:36:19','COMPLETED','COMPLETED','','2010-11-15 15:36:19'),(389,2,389,'2010-11-15 15:36:19','2010-11-15 15:36:19','2010-11-15 15:36:19','COMPLETED','COMPLETED','','2010-11-15 15:36:19'),(390,2,390,'2010-11-15 15:36:19','2010-11-15 15:36:19','2010-11-15 15:36:19','COMPLETED','COMPLETED','','2010-11-15 15:36:19'),(391,2,391,'2010-11-15 15:36:19','2010-11-15 15:36:19','2010-11-15 15:36:19','COMPLETED','COMPLETED','','2010-11-15 15:36:19'),(392,2,392,'2010-11-15 15:36:19','2010-11-15 15:36:19','2010-11-15 15:36:19','COMPLETED','COMPLETED','','2010-11-15 15:36:19'),(393,2,393,'2010-11-15 15:36:19','2010-11-15 15:36:19','2010-11-15 15:36:19','COMPLETED','COMPLETED','','2010-11-15 15:36:19'),(394,2,394,'2010-11-15 15:36:19','2010-11-15 15:36:19','2010-11-15 15:36:19','COMPLETED','COMPLETED','','2010-11-15 15:36:19'),(395,2,395,'2010-11-15 15:36:19','2010-11-15 15:36:19','2010-11-15 15:36:19','COMPLETED','COMPLETED','','2010-11-15 15:36:19'),(396,2,396,'2010-11-15 15:36:19','2010-11-15 15:36:19','2010-11-15 15:36:20','COMPLETED','COMPLETED','','2010-11-15 15:36:20'),(397,2,397,'2010-11-15 15:36:20','2010-11-15 15:36:20','2010-11-15 15:36:20','COMPLETED','COMPLETED','','2010-11-15 15:36:20'),(398,2,398,'2010-11-15 15:36:20','2010-11-15 15:36:20','2010-11-15 15:36:20','COMPLETED','COMPLETED','','2010-11-15 15:36:20'),(399,2,399,'2010-11-15 15:36:20','2010-11-15 15:36:20','2010-11-15 15:36:20','COMPLETED','COMPLETED','','2010-11-15 15:36:20'),(400,2,400,'2010-11-15 15:36:20','2010-11-15 15:36:20','2010-11-15 15:36:20','COMPLETED','COMPLETED','','2010-11-15 15:36:20'),(401,2,401,'2010-11-15 15:36:20','2010-11-15 15:36:20','2010-11-15 15:36:20','COMPLETED','COMPLETED','','2010-11-15 15:36:20'),(402,2,402,'2010-11-15 15:36:20','2010-11-15 15:36:20','2010-11-15 15:36:20','COMPLETED','COMPLETED','','2010-11-15 15:36:20'),(403,2,403,'2010-11-15 15:36:20','2010-11-15 15:36:20','2010-11-15 15:36:20','COMPLETED','COMPLETED','','2010-11-15 15:36:20'),(404,2,404,'2010-11-15 15:36:20','2010-11-15 15:36:20','2010-11-15 15:36:20','COMPLETED','COMPLETED','','2010-11-15 15:36:20'),(405,2,405,'2010-11-15 15:36:20','2010-11-15 15:36:20','2010-11-15 15:36:20','COMPLETED','COMPLETED','','2010-11-15 15:36:20'),(406,2,406,'2010-11-15 15:36:20','2010-11-15 15:36:20','2010-11-15 15:36:20','COMPLETED','COMPLETED','','2010-11-15 15:36:20'),(407,2,407,'2010-11-15 15:36:20','2010-11-15 15:36:20','2010-11-15 15:36:20','COMPLETED','COMPLETED','','2010-11-15 15:36:20'),(408,2,408,'2010-11-15 15:36:20','2010-11-15 15:36:20','2010-11-15 15:36:20','COMPLETED','COMPLETED','','2010-11-15 15:36:20'),(409,2,409,'2010-11-15 15:36:20','2010-11-15 15:36:20','2010-11-15 15:36:20','COMPLETED','COMPLETED','','2010-11-15 15:36:20'),(410,2,410,'2010-11-15 15:36:20','2010-11-15 15:36:20','2010-11-15 15:36:20','COMPLETED','COMPLETED','','2010-11-15 15:36:20'),(411,2,411,'2010-11-15 15:36:20','2010-11-15 15:36:20','2010-11-15 15:36:20','COMPLETED','COMPLETED','','2010-11-15 15:36:20'),(412,2,412,'2010-11-15 15:36:20','2010-11-15 15:36:20','2010-11-15 15:36:20','COMPLETED','COMPLETED','','2010-11-15 15:36:20'),(413,2,413,'2010-11-15 15:36:20','2010-11-15 15:36:20','2010-11-15 15:36:20','COMPLETED','COMPLETED','','2010-11-15 15:36:20'),(414,2,414,'2010-11-15 15:36:20','2010-11-15 15:36:20','2010-11-15 15:36:20','COMPLETED','COMPLETED','','2010-11-15 15:36:20'),(415,2,415,'2010-11-15 15:36:20','2010-11-15 15:36:20','2010-11-15 15:36:20','COMPLETED','COMPLETED','','2010-11-15 15:36:20'),(416,2,416,'2010-11-15 15:36:20','2010-11-15 15:36:20','2010-11-15 15:36:20','COMPLETED','COMPLETED','','2010-11-15 15:36:20'),(417,2,417,'2010-11-15 15:36:20','2010-11-15 15:36:20','2010-11-15 15:36:20','COMPLETED','COMPLETED','','2010-11-15 15:36:20'),(418,2,418,'2010-11-15 15:36:20','2010-11-15 15:36:20','2010-11-15 15:36:20','COMPLETED','COMPLETED','','2010-11-15 15:36:20'),(419,2,419,'2010-11-15 15:36:20','2010-11-15 15:36:20','2010-11-15 15:36:20','COMPLETED','COMPLETED','','2010-11-15 15:36:20'),(420,2,420,'2010-11-15 15:36:20','2010-11-15 15:36:20','2010-11-15 15:36:20','COMPLETED','COMPLETED','','2010-11-15 15:36:20'),(421,2,421,'2010-11-15 15:36:20','2010-11-15 15:36:20','2010-11-15 15:36:20','COMPLETED','COMPLETED','','2010-11-15 15:36:20'),(422,2,422,'2010-11-15 15:36:20','2010-11-15 15:36:20','2010-11-15 15:36:20','COMPLETED','COMPLETED','','2010-11-15 15:36:20'),(423,2,423,'2010-11-15 15:36:20','2010-11-15 15:36:20','2010-11-15 15:36:20','COMPLETED','COMPLETED','','2010-11-15 15:36:20'),(424,2,424,'2010-11-15 15:36:20','2010-11-15 15:36:20','2010-11-15 15:36:20','COMPLETED','COMPLETED','','2010-11-15 15:36:20'),(425,2,425,'2010-11-15 15:36:20','2010-11-15 15:36:20','2010-11-15 15:36:20','COMPLETED','COMPLETED','','2010-11-15 15:36:20'),(426,2,426,'2010-11-15 15:36:20','2010-11-15 15:36:20','2010-11-15 15:36:20','COMPLETED','COMPLETED','','2010-11-15 15:36:20'),(427,2,427,'2010-11-15 15:36:20','2010-11-15 15:36:20','2010-11-15 15:36:20','COMPLETED','COMPLETED','','2010-11-15 15:36:20'),(428,2,428,'2010-11-15 15:36:20','2010-11-15 15:36:20','2010-11-15 15:36:20','COMPLETED','COMPLETED','','2010-11-15 15:36:20'),(429,2,429,'2010-11-15 15:36:20','2010-11-15 15:36:20','2010-11-15 15:36:20','COMPLETED','COMPLETED','','2010-11-15 15:36:20'),(430,2,430,'2010-11-15 15:36:20','2010-11-15 15:36:20','2010-11-15 15:36:20','COMPLETED','COMPLETED','','2010-11-15 15:36:20'),(431,2,431,'2010-11-15 15:36:20','2010-11-15 15:36:20','2010-11-15 15:36:20','COMPLETED','COMPLETED','','2010-11-15 15:36:20'),(432,2,432,'2010-11-15 15:36:20','2010-11-15 15:36:20','2010-11-15 15:36:20','COMPLETED','COMPLETED','','2010-11-15 15:36:20'),(433,2,433,'2010-11-15 15:36:20','2010-11-15 15:36:20','2010-11-15 15:36:20','COMPLETED','COMPLETED','','2010-11-15 15:36:20'),(434,2,434,'2010-11-15 15:36:20','2010-11-15 15:36:20','2010-11-15 15:36:20','COMPLETED','COMPLETED','','2010-11-15 15:36:20'),(435,2,435,'2010-11-15 15:36:20','2010-11-15 15:36:20','2010-11-15 15:36:20','COMPLETED','COMPLETED','','2010-11-15 15:36:20'),(436,2,436,'2010-11-15 15:36:20','2010-11-15 15:36:20','2010-11-15 15:36:20','COMPLETED','COMPLETED','','2010-11-15 15:36:20'),(437,2,437,'2010-11-15 15:36:20','2010-11-15 15:36:20','2010-11-15 15:36:20','COMPLETED','COMPLETED','','2010-11-15 15:36:20'),(438,2,438,'2010-11-15 15:36:20','2010-11-15 15:36:20','2010-11-15 15:36:20','COMPLETED','COMPLETED','','2010-11-15 15:36:20'),(439,2,439,'2010-11-15 15:36:20','2010-11-15 15:36:20','2010-11-15 15:36:20','COMPLETED','COMPLETED','','2010-11-15 15:36:20'),(440,2,440,'2010-11-15 15:36:20','2010-11-15 15:36:20','2010-11-15 15:36:20','COMPLETED','COMPLETED','','2010-11-15 15:36:20'),(441,2,441,'2010-11-15 15:36:20','2010-11-15 15:36:20','2010-11-15 15:36:20','COMPLETED','COMPLETED','','2010-11-15 15:36:20'),(442,2,442,'2010-11-15 15:36:20','2010-11-15 15:36:20','2010-11-15 15:36:20','COMPLETED','COMPLETED','','2010-11-15 15:36:20'),(443,2,443,'2010-11-15 15:36:20','2010-11-15 15:36:20','2010-11-15 15:36:20','COMPLETED','COMPLETED','','2010-11-15 15:36:20'),(444,2,444,'2010-11-15 15:36:20','2010-11-15 15:36:20','2010-11-15 15:36:20','COMPLETED','COMPLETED','','2010-11-15 15:36:20'),(445,2,445,'2010-11-15 15:36:20','2010-11-15 15:36:20','2010-11-15 15:36:20','COMPLETED','COMPLETED','','2010-11-15 15:36:20'),(446,2,446,'2010-11-15 15:36:20','2010-11-15 15:36:20','2010-11-15 15:36:20','COMPLETED','COMPLETED','','2010-11-15 15:36:20'),(447,2,447,'2010-11-15 15:36:20','2010-11-15 15:36:20','2010-11-15 15:36:20','COMPLETED','COMPLETED','','2010-11-15 15:36:20'),(448,2,448,'2010-11-15 15:36:20','2010-11-15 15:36:20','2010-11-15 15:36:20','COMPLETED','COMPLETED','','2010-11-15 15:36:20'),(449,2,449,'2010-11-15 15:36:20','2010-11-15 15:36:20','2010-11-15 15:36:20','COMPLETED','COMPLETED','','2010-11-15 15:36:20'),(450,2,450,'2010-11-15 15:36:20','2010-11-15 15:36:20','2010-11-15 15:36:20','COMPLETED','COMPLETED','','2010-11-15 15:36:20'),(451,2,451,'2010-11-15 15:36:20','2010-11-15 15:36:20','2010-11-15 15:36:20','COMPLETED','COMPLETED','','2010-11-15 15:36:20'),(452,2,452,'2010-11-15 15:36:20','2010-11-15 15:36:20','2010-11-15 15:36:20','COMPLETED','COMPLETED','','2010-11-15 15:36:20'),(453,2,453,'2010-11-15 15:36:20','2010-11-15 15:36:20','2010-11-15 15:36:20','COMPLETED','COMPLETED','','2010-11-15 15:36:20'),(454,2,454,'2010-11-15 15:36:20','2010-11-15 15:36:20','2010-11-15 15:36:20','COMPLETED','COMPLETED','','2010-11-15 15:36:20'),(455,2,455,'2010-11-15 15:36:20','2010-11-15 15:36:20','2010-11-15 15:36:20','COMPLETED','COMPLETED','','2010-11-15 15:36:20'),(456,2,456,'2010-11-15 15:36:20','2010-11-15 15:36:20','2010-11-15 15:36:20','COMPLETED','COMPLETED','','2010-11-15 15:36:20'),(457,2,457,'2010-11-15 15:36:20','2010-11-15 15:36:20','2010-11-15 15:36:20','COMPLETED','COMPLETED','','2010-11-15 15:36:20'),(458,2,458,'2010-11-15 15:36:20','2010-11-15 15:36:20','2010-11-15 15:36:20','COMPLETED','COMPLETED','','2010-11-15 15:36:20'),(459,2,459,'2010-11-15 15:36:20','2010-11-15 15:36:20','2010-11-15 15:36:20','COMPLETED','COMPLETED','','2010-11-15 15:36:20'),(460,2,460,'2010-11-15 15:36:20','2010-11-15 15:36:20','2010-11-15 15:36:20','COMPLETED','COMPLETED','','2010-11-15 15:36:20'),(461,2,461,'2010-11-15 15:36:20','2010-11-15 15:36:20','2010-11-15 15:36:20','COMPLETED','COMPLETED','','2010-11-15 15:36:20'),(462,2,462,'2010-11-15 15:36:20','2010-11-15 15:36:20','2010-11-15 15:36:20','COMPLETED','COMPLETED','','2010-11-15 15:36:20'),(463,2,463,'2010-11-15 15:36:20','2010-11-15 15:36:20','2010-11-15 15:36:20','COMPLETED','COMPLETED','','2010-11-15 15:36:20'),(464,2,464,'2010-11-15 15:36:21','2010-11-15 15:36:21','2010-11-15 15:36:21','COMPLETED','COMPLETED','','2010-11-15 15:36:21'),(465,2,465,'2010-11-15 15:36:21','2010-11-15 15:36:21','2010-11-15 15:36:21','COMPLETED','COMPLETED','','2010-11-15 15:36:21'),(466,2,466,'2010-11-15 15:36:21','2010-11-15 15:36:21','2010-11-15 15:36:21','COMPLETED','COMPLETED','','2010-11-15 15:36:21'),(467,2,467,'2010-11-15 15:36:21','2010-11-15 15:36:21','2010-11-15 15:36:21','COMPLETED','COMPLETED','','2010-11-15 15:36:21'),(468,2,468,'2010-11-15 15:36:21','2010-11-15 15:36:21','2010-11-15 15:36:21','COMPLETED','COMPLETED','','2010-11-15 15:36:21'),(469,2,469,'2010-11-15 15:36:21','2010-11-15 15:36:21','2010-11-15 15:36:21','COMPLETED','COMPLETED','','2010-11-15 15:36:21'),(470,2,470,'2010-11-15 15:36:21','2010-11-15 15:36:21','2010-11-15 15:36:21','COMPLETED','COMPLETED','','2010-11-15 15:36:21'),(471,2,471,'2010-11-15 15:36:21','2010-11-15 15:36:21','2010-11-15 15:36:21','COMPLETED','COMPLETED','','2010-11-15 15:36:21'),(472,2,472,'2010-11-15 15:36:21','2010-11-15 15:36:21','2010-11-15 15:36:21','COMPLETED','COMPLETED','','2010-11-15 15:36:21'),(473,2,473,'2010-11-15 15:36:21','2010-11-15 15:36:21','2010-11-15 15:36:21','COMPLETED','COMPLETED','','2010-11-15 15:36:21'),(474,2,474,'2010-11-15 15:36:21','2010-11-15 15:36:21','2010-11-15 15:36:21','COMPLETED','COMPLETED','','2010-11-15 15:36:21'),(475,2,475,'2010-11-15 15:36:21','2010-11-15 15:36:21','2010-11-15 15:36:21','COMPLETED','COMPLETED','','2010-11-15 15:36:21'),(476,2,476,'2010-11-15 15:36:21','2010-11-15 15:36:21','2010-11-15 15:36:21','COMPLETED','COMPLETED','','2010-11-15 15:36:21'),(477,2,477,'2010-11-15 15:36:21','2010-11-15 15:36:21','2010-11-15 15:36:21','COMPLETED','COMPLETED','','2010-11-15 15:36:21'),(478,2,478,'2010-11-15 15:36:21','2010-11-15 15:36:21','2010-11-15 15:36:21','COMPLETED','COMPLETED','','2010-11-15 15:36:21'),(479,2,479,'2010-11-15 15:36:21','2010-11-15 15:36:21','2010-11-15 15:36:21','COMPLETED','COMPLETED','','2010-11-15 15:36:21'),(480,2,480,'2010-11-15 15:36:21','2010-11-15 15:36:21','2010-11-15 15:36:21','COMPLETED','COMPLETED','','2010-11-15 15:36:21'),(481,2,481,'2010-11-15 15:36:21','2010-11-15 15:36:21','2010-11-15 15:36:21','COMPLETED','COMPLETED','','2010-11-15 15:36:21'),(482,2,482,'2010-11-15 15:36:21','2010-11-15 15:36:21','2010-11-15 15:36:21','COMPLETED','COMPLETED','','2010-11-15 15:36:21'),(483,2,483,'2010-11-15 15:36:21','2010-11-15 15:36:21','2010-11-15 15:36:21','COMPLETED','COMPLETED','','2010-11-15 15:36:21'),(484,2,484,'2010-11-15 15:36:21','2010-11-15 15:36:21','2010-11-15 15:36:21','COMPLETED','COMPLETED','','2010-11-15 15:36:21'),(485,2,485,'2010-11-15 15:36:21','2010-11-15 15:36:21','2010-11-15 15:36:21','COMPLETED','COMPLETED','','2010-11-15 15:36:21'),(486,2,486,'2010-11-15 15:36:21','2010-11-15 15:36:21','2010-11-15 15:36:21','COMPLETED','COMPLETED','','2010-11-15 15:36:21'),(487,2,487,'2010-11-15 15:36:21','2010-11-15 15:36:21','2010-11-15 15:36:21','COMPLETED','COMPLETED','','2010-11-15 15:36:21'),(488,2,488,'2010-11-15 15:36:21','2010-11-15 15:36:21','2010-11-15 15:36:21','COMPLETED','COMPLETED','','2010-11-15 15:36:21'),(489,2,489,'2010-11-15 15:36:21','2010-11-15 15:36:21','2010-11-15 15:36:21','COMPLETED','COMPLETED','','2010-11-15 15:36:21'),(490,2,490,'2010-11-15 15:36:21','2010-11-15 15:36:21','2010-11-15 15:36:21','COMPLETED','COMPLETED','','2010-11-15 15:36:21'),(491,2,491,'2010-11-15 15:36:21','2010-11-15 15:36:21','2010-11-15 15:36:21','COMPLETED','COMPLETED','','2010-11-15 15:36:21'),(492,2,492,'2010-11-15 15:36:21','2010-11-15 15:36:21','2010-11-15 15:36:21','COMPLETED','COMPLETED','','2010-11-15 15:36:21'),(493,2,493,'2010-11-15 15:36:21','2010-11-15 15:36:21','2010-11-15 15:36:21','COMPLETED','COMPLETED','','2010-11-15 15:36:21'),(494,2,494,'2010-11-15 15:36:21','2010-11-15 15:36:21','2010-11-15 15:36:21','COMPLETED','COMPLETED','','2010-11-15 15:36:21'),(495,2,495,'2010-11-15 15:36:21','2010-11-15 15:36:21','2010-11-15 15:36:21','COMPLETED','COMPLETED','','2010-11-15 15:36:21'),(496,2,496,'2010-11-15 15:36:21','2010-11-15 15:36:21','2010-11-15 15:36:21','COMPLETED','COMPLETED','','2010-11-15 15:36:21'),(497,2,497,'2010-11-15 15:36:21','2010-11-15 15:36:21','2010-11-15 15:36:21','COMPLETED','COMPLETED','','2010-11-15 15:36:21'),(498,2,498,'2010-11-15 15:36:21','2010-11-15 15:36:21','2010-11-15 15:36:21','COMPLETED','COMPLETED','','2010-11-15 15:36:21'),(499,2,499,'2010-11-15 15:36:21','2010-11-15 15:36:21','2010-11-15 15:36:21','COMPLETED','COMPLETED','','2010-11-15 15:36:21'),(500,2,500,'2010-11-15 15:36:21','2010-11-15 15:36:21','2010-11-15 15:36:21','COMPLETED','COMPLETED','','2010-11-15 15:36:21'),(501,2,501,'2010-11-15 15:36:21','2010-11-15 15:36:21','2010-11-15 15:36:21','COMPLETED','COMPLETED','','2010-11-15 15:36:21'),(502,2,502,'2010-11-15 15:36:21','2010-11-15 15:36:21','2010-11-15 15:36:21','COMPLETED','COMPLETED','','2010-11-15 15:36:21'),(503,2,503,'2010-11-15 15:36:21','2010-11-15 15:36:21','2010-11-15 15:36:21','COMPLETED','COMPLETED','','2010-11-15 15:36:21'),(504,2,504,'2010-11-15 15:36:21','2010-11-15 15:36:21','2010-11-15 15:36:21','COMPLETED','COMPLETED','','2010-11-15 15:36:21'),(505,2,505,'2010-11-15 15:36:21','2010-11-15 15:36:21','2010-11-15 15:36:21','COMPLETED','COMPLETED','','2010-11-15 15:36:21'),(506,2,506,'2010-11-15 15:36:21','2010-11-15 15:36:21','2010-11-15 15:36:21','COMPLETED','COMPLETED','','2010-11-15 15:36:21'),(507,2,507,'2010-11-15 15:36:21','2010-11-15 15:36:21','2010-11-15 15:36:21','COMPLETED','COMPLETED','','2010-11-15 15:36:21'),(508,2,508,'2010-11-15 15:36:21','2010-11-15 15:36:21','2010-11-15 15:36:21','COMPLETED','COMPLETED','','2010-11-15 15:36:21'),(509,2,509,'2010-11-15 15:36:21','2010-11-15 15:36:21','2010-11-15 15:36:21','COMPLETED','COMPLETED','','2010-11-15 15:36:21'),(510,2,510,'2010-11-15 15:36:21','2010-11-15 15:36:21','2010-11-15 15:36:21','COMPLETED','COMPLETED','','2010-11-15 15:36:21'),(511,2,511,'2010-11-15 15:36:21','2010-11-15 15:36:21','2010-11-15 15:36:21','COMPLETED','COMPLETED','','2010-11-15 15:36:21'),(512,2,512,'2010-11-15 15:36:21','2010-11-15 15:36:21','2010-11-15 15:36:21','COMPLETED','COMPLETED','','2010-11-15 15:36:21'),(513,2,513,'2010-11-15 15:36:21','2010-11-15 15:36:21','2010-11-15 15:36:21','COMPLETED','COMPLETED','','2010-11-15 15:36:21'),(514,2,514,'2010-11-15 15:36:21','2010-11-15 15:36:21','2010-11-15 15:36:21','COMPLETED','COMPLETED','','2010-11-15 15:36:21'),(515,2,515,'2010-11-15 15:36:21','2010-11-15 15:36:21','2010-11-15 15:36:21','COMPLETED','COMPLETED','','2010-11-15 15:36:21'),(516,2,516,'2010-11-15 15:36:21','2010-11-15 15:36:21','2010-11-15 15:36:21','COMPLETED','COMPLETED','','2010-11-15 15:36:21'),(517,2,517,'2010-11-15 15:36:21','2010-11-15 15:36:21','2010-11-15 15:36:21','COMPLETED','COMPLETED','','2010-11-15 15:36:21'),(518,2,518,'2010-11-15 15:36:21','2010-11-15 15:36:21','2010-11-15 15:36:21','COMPLETED','COMPLETED','','2010-11-15 15:36:21'),(519,2,519,'2010-11-15 15:36:21','2010-11-15 15:36:21','2010-11-15 15:36:21','COMPLETED','COMPLETED','','2010-11-15 15:36:21'),(520,2,520,'2010-11-15 15:36:21','2010-11-15 15:36:21','2010-11-15 15:36:21','COMPLETED','COMPLETED','','2010-11-15 15:36:21'),(521,2,521,'2010-11-15 15:36:21','2010-11-15 15:36:21','2010-11-15 15:36:21','COMPLETED','COMPLETED','','2010-11-15 15:36:21'),(522,2,522,'2010-11-15 15:36:21','2010-11-15 15:36:21','2010-11-15 15:36:21','COMPLETED','COMPLETED','','2010-11-15 15:36:21'),(523,2,523,'2010-11-15 15:36:21','2010-11-15 15:36:21','2010-11-15 15:36:21','COMPLETED','COMPLETED','','2010-11-15 15:36:21'),(524,2,524,'2010-11-15 15:36:21','2010-11-15 15:36:21','2010-11-15 15:36:21','COMPLETED','COMPLETED','','2010-11-15 15:36:21'),(525,2,525,'2010-11-15 15:36:21','2010-11-15 15:36:21','2010-11-15 15:36:21','COMPLETED','COMPLETED','','2010-11-15 15:36:21'),(526,2,526,'2010-11-15 15:36:21','2010-11-15 15:36:21','2010-11-15 15:36:21','COMPLETED','COMPLETED','','2010-11-15 15:36:21'),(527,2,527,'2010-11-15 15:36:21','2010-11-15 15:36:21','2010-11-15 15:36:21','COMPLETED','COMPLETED','','2010-11-15 15:36:21'),(528,2,528,'2010-11-15 15:36:21','2010-11-15 15:36:21','2010-11-15 15:36:21','COMPLETED','COMPLETED','','2010-11-15 15:36:21'),(529,2,529,'2010-11-15 15:36:21','2010-11-15 15:36:21','2010-11-15 15:36:21','COMPLETED','COMPLETED','','2010-11-15 15:36:21'),(530,2,530,'2010-11-15 15:36:21','2010-11-15 15:36:21','2010-11-15 15:36:21','COMPLETED','COMPLETED','','2010-11-15 15:36:21'),(531,2,531,'2010-11-15 15:36:21','2010-11-15 15:36:21','2010-11-15 15:36:22','COMPLETED','COMPLETED','','2010-11-15 15:36:22'),(532,2,532,'2010-11-15 15:36:22','2010-11-15 15:36:22','2010-11-15 15:36:22','COMPLETED','COMPLETED','','2010-11-15 15:36:22'),(533,2,533,'2010-11-15 15:36:22','2010-11-15 15:36:22','2010-11-15 15:36:22','COMPLETED','COMPLETED','','2010-11-15 15:36:22'),(534,2,534,'2010-11-15 15:36:22','2010-11-15 15:36:22','2010-11-15 15:36:22','COMPLETED','COMPLETED','','2010-11-15 15:36:22'),(535,2,535,'2010-11-15 15:36:22','2010-11-15 15:36:22','2010-11-15 15:36:22','COMPLETED','COMPLETED','','2010-11-15 15:36:22'),(536,2,536,'2010-11-15 15:36:22','2010-11-15 15:36:22','2010-11-15 15:36:22','COMPLETED','COMPLETED','','2010-11-15 15:36:22'),(537,2,537,'2010-11-15 15:36:22','2010-11-15 15:36:22','2010-11-15 15:36:22','COMPLETED','COMPLETED','','2010-11-15 15:36:22'),(538,2,538,'2010-11-15 15:36:22','2010-11-15 15:36:22','2010-11-15 15:36:22','COMPLETED','COMPLETED','','2010-11-15 15:36:22'),(539,2,539,'2010-11-15 15:36:22','2010-11-15 15:36:22','2010-11-15 15:36:23','COMPLETED','COMPLETED','','2010-11-15 15:36:23'),(540,2,540,'2010-11-15 15:36:23','2010-11-15 15:36:23','2010-11-15 15:36:23','COMPLETED','COMPLETED','','2010-11-15 15:36:23'),(541,2,541,'2010-11-15 15:36:23','2010-11-15 15:36:23','2010-11-15 15:36:23','COMPLETED','COMPLETED','','2010-11-15 15:36:23'),(542,2,542,'2010-11-15 15:36:23','2010-11-15 15:36:23','2010-11-15 15:36:23','COMPLETED','COMPLETED','','2010-11-15 15:36:23'),(543,2,543,'2010-11-15 15:36:23','2010-11-15 15:36:23','2010-11-15 15:36:23','COMPLETED','COMPLETED','','2010-11-15 15:36:23'),(544,2,544,'2010-11-15 15:36:23','2010-11-15 15:36:23','2010-11-15 15:36:23','COMPLETED','COMPLETED','','2010-11-15 15:36:23'),(545,2,545,'2010-11-15 15:36:23','2010-11-15 15:36:23','2010-11-15 15:36:23','COMPLETED','COMPLETED','','2010-11-15 15:36:23'),(546,2,546,'2010-11-15 15:36:23','2010-11-15 15:36:23','2010-11-15 15:36:23','COMPLETED','COMPLETED','','2010-11-15 15:36:23'),(547,2,547,'2010-11-15 15:36:23','2010-11-15 15:36:23','2010-11-15 15:36:23','COMPLETED','COMPLETED','','2010-11-15 15:36:23'),(548,2,548,'2010-11-15 15:36:23','2010-11-15 15:36:23','2010-11-15 15:36:24','COMPLETED','COMPLETED','','2010-11-15 15:36:24'),(549,2,549,'2010-11-15 15:36:24','2010-11-15 15:36:24','2010-11-15 15:36:24','COMPLETED','COMPLETED','','2010-11-15 15:36:24'),(550,2,550,'2010-11-15 15:36:24','2010-11-15 15:36:24','2010-11-15 15:36:24','COMPLETED','COMPLETED','','2010-11-15 15:36:24'),(551,2,551,'2010-11-15 15:36:24','2010-11-15 15:36:24','2010-11-15 15:36:24','COMPLETED','COMPLETED','','2010-11-15 15:36:24'),(552,2,552,'2010-11-15 15:36:24','2010-11-15 15:36:24','2010-11-15 15:36:24','COMPLETED','COMPLETED','','2010-11-15 15:36:24'),(553,2,553,'2010-11-15 15:36:24','2010-11-15 15:36:24','2010-11-15 15:36:24','COMPLETED','COMPLETED','','2010-11-15 15:36:24'),(554,2,554,'2010-11-15 15:36:24','2010-11-15 15:36:24','2010-11-15 15:36:25','COMPLETED','COMPLETED','','2010-11-15 15:36:25'),(555,2,555,'2010-11-15 15:36:25','2010-11-15 15:36:25','2010-11-15 15:36:25','COMPLETED','COMPLETED','','2010-11-15 15:36:25'),(556,2,556,'2010-11-15 15:36:25','2010-11-15 15:36:25','2010-11-15 15:36:25','COMPLETED','COMPLETED','','2010-11-15 15:36:25'),(557,2,557,'2010-11-15 15:36:25','2010-11-15 15:36:25','2010-11-15 15:36:25','COMPLETED','COMPLETED','','2010-11-15 15:36:25'),(558,2,558,'2010-11-15 15:36:25','2010-11-15 15:36:25','2010-11-15 15:36:25','COMPLETED','COMPLETED','','2010-11-15 15:36:25'),(559,2,559,'2010-11-15 15:36:25','2010-11-15 15:36:25','2010-11-15 15:36:25','COMPLETED','COMPLETED','','2010-11-15 15:36:25'),(560,2,560,'2010-11-15 15:36:25','2010-11-15 15:36:25','2010-11-15 15:36:25','COMPLETED','COMPLETED','','2010-11-15 15:36:25'),(561,2,561,'2010-11-15 15:36:25','2010-11-15 15:36:25','2010-11-15 15:36:25','COMPLETED','COMPLETED','','2010-11-15 15:36:25'),(562,2,562,'2010-11-15 15:36:25','2010-11-15 15:36:25','2010-11-15 15:36:25','COMPLETED','COMPLETED','','2010-11-15 15:36:25'),(563,2,563,'2010-11-15 15:36:25','2010-11-15 15:36:25','2010-11-15 15:36:25','COMPLETED','COMPLETED','','2010-11-15 15:36:25'),(564,2,564,'2010-11-15 15:36:25','2010-11-15 15:36:25','2010-11-15 15:36:26','COMPLETED','COMPLETED','','2010-11-15 15:36:26'),(565,2,565,'2010-11-15 15:36:26','2010-11-15 15:36:26','2010-11-15 15:36:26','COMPLETED','COMPLETED','','2010-11-15 15:36:26'),(566,2,566,'2010-11-15 15:36:26','2010-11-15 15:36:26','2010-11-15 15:36:26','COMPLETED','COMPLETED','','2010-11-15 15:36:26'),(567,2,567,'2010-11-15 15:36:26','2010-11-15 15:36:26','2010-11-15 15:36:26','COMPLETED','COMPLETED','','2010-11-15 15:36:26'),(568,2,568,'2010-11-15 15:36:26','2010-11-15 15:36:26','2010-11-15 15:36:26','COMPLETED','COMPLETED','','2010-11-15 15:36:26'),(569,2,569,'2010-11-15 15:36:26','2010-11-15 15:36:26','2010-11-15 15:36:26','COMPLETED','COMPLETED','','2010-11-15 15:36:26'),(570,2,570,'2010-11-15 15:36:26','2010-11-15 15:36:26','2010-11-15 15:36:26','COMPLETED','COMPLETED','','2010-11-15 15:36:26'),(571,2,571,'2010-11-15 15:36:26','2010-11-15 15:36:26','2010-11-15 15:36:26','COMPLETED','COMPLETED','','2010-11-15 15:36:26'),(572,2,572,'2010-11-15 15:36:26','2010-11-15 15:36:26','2010-11-15 15:36:26','COMPLETED','COMPLETED','','2010-11-15 15:36:26'),(573,2,573,'2010-11-15 15:36:26','2010-11-15 15:36:26','2010-11-15 15:36:27','COMPLETED','COMPLETED','','2010-11-15 15:36:27'),(574,2,574,'2010-11-15 15:36:27','2010-11-15 15:36:27','2010-11-15 15:36:27','COMPLETED','COMPLETED','','2010-11-15 15:36:27'),(575,2,575,'2010-11-15 15:36:27','2010-11-15 15:36:27','2010-11-15 15:36:27','COMPLETED','COMPLETED','','2010-11-15 15:36:27'),(576,2,576,'2010-11-15 15:36:27','2010-11-15 15:36:27','2010-11-15 15:36:27','COMPLETED','COMPLETED','','2010-11-15 15:36:27'),(577,2,577,'2010-11-15 15:36:27','2010-11-15 15:36:27','2010-11-15 15:36:27','COMPLETED','COMPLETED','','2010-11-15 15:36:27'),(578,2,578,'2010-11-15 15:36:27','2010-11-15 15:36:27','2010-11-15 15:36:27','COMPLETED','COMPLETED','','2010-11-15 15:36:27'),(579,2,579,'2010-11-15 15:36:27','2010-11-15 15:36:27','2010-11-15 15:36:27','COMPLETED','COMPLETED','','2010-11-15 15:36:27'),(580,2,580,'2010-11-15 15:36:27','2010-11-15 15:36:27','2010-11-15 15:36:27','COMPLETED','COMPLETED','','2010-11-15 15:36:27'),(581,2,581,'2010-11-15 15:36:27','2010-11-15 15:36:27','2010-11-15 15:36:27','COMPLETED','COMPLETED','','2010-11-15 15:36:27'),(582,2,582,'2010-11-15 15:36:27','2010-11-15 15:36:27','2010-11-15 15:36:27','COMPLETED','COMPLETED','','2010-11-15 15:36:27'),(583,2,583,'2010-11-15 15:36:27','2010-11-15 15:36:27','2010-11-15 15:36:28','COMPLETED','COMPLETED','','2010-11-15 15:36:28'),(584,2,584,'2010-11-15 15:36:28','2010-11-15 15:36:28','2010-11-15 15:36:28','COMPLETED','COMPLETED','','2010-11-15 15:36:28'),(585,2,585,'2010-11-15 15:36:28','2010-11-15 15:36:28','2010-11-15 15:36:28','COMPLETED','COMPLETED','','2010-11-15 15:36:28'),(586,2,586,'2010-11-15 15:36:28','2010-11-15 15:36:28','2010-11-15 15:36:28','COMPLETED','COMPLETED','','2010-11-15 15:36:28'),(587,2,587,'2010-11-15 15:36:28','2010-11-15 15:36:28','2010-11-15 15:36:28','COMPLETED','COMPLETED','','2010-11-15 15:36:28'),(588,2,588,'2010-11-15 15:36:28','2010-11-15 15:36:28','2010-11-15 15:36:28','COMPLETED','COMPLETED','','2010-11-15 15:36:28'),(589,2,589,'2010-11-15 15:36:28','2010-11-15 15:36:28','2010-11-15 15:36:28','COMPLETED','COMPLETED','','2010-11-15 15:36:28'),(590,2,590,'2010-11-15 15:36:28','2010-11-15 15:36:28','2010-11-15 15:36:28','COMPLETED','COMPLETED','','2010-11-15 15:36:28'),(591,2,591,'2010-11-15 15:36:28','2010-11-15 15:36:28','2010-11-15 15:36:28','COMPLETED','COMPLETED','','2010-11-15 15:36:28'),(592,2,592,'2010-11-15 15:36:28','2010-11-15 15:36:28','2010-11-15 15:36:29','COMPLETED','COMPLETED','','2010-11-15 15:36:29'),(593,2,593,'2010-11-15 15:36:29','2010-11-15 15:36:29','2010-11-15 15:36:29','COMPLETED','COMPLETED','','2010-11-15 15:36:29'),(594,2,594,'2010-11-15 15:36:29','2010-11-15 15:36:29','2010-11-15 15:36:29','COMPLETED','COMPLETED','','2010-11-15 15:36:29'),(595,2,595,'2010-11-15 15:36:29','2010-11-15 15:36:29','2010-11-15 15:36:29','COMPLETED','COMPLETED','','2010-11-15 15:36:29'),(596,2,596,'2010-11-15 15:36:29','2010-11-15 15:36:29','2010-11-15 15:36:29','COMPLETED','COMPLETED','','2010-11-15 15:36:29'),(597,2,597,'2010-11-15 15:36:29','2010-11-15 15:36:29','2010-11-15 15:36:29','COMPLETED','COMPLETED','','2010-11-15 15:36:29'),(598,2,598,'2010-11-15 15:36:29','2010-11-15 15:36:29','2010-11-15 15:36:29','COMPLETED','COMPLETED','','2010-11-15 15:36:29'),(599,2,599,'2010-11-15 15:36:29','2010-11-15 15:36:29','2010-11-15 15:36:29','COMPLETED','COMPLETED','','2010-11-15 15:36:29'),(600,2,600,'2010-11-15 15:36:29','2010-11-15 15:36:29','2010-11-15 15:36:29','COMPLETED','COMPLETED','','2010-11-15 15:36:29'),(601,2,601,'2010-11-15 15:36:29','2010-11-15 15:36:29','2010-11-15 15:36:30','COMPLETED','COMPLETED','','2010-11-15 15:36:30'),(602,2,602,'2010-11-15 15:36:30','2010-11-15 15:36:30','2010-11-15 15:36:30','COMPLETED','COMPLETED','','2010-11-15 15:36:30'),(603,2,603,'2010-11-15 15:36:30','2010-11-15 15:36:30','2010-11-15 15:36:30','COMPLETED','COMPLETED','','2010-11-15 15:36:30'),(604,2,604,'2010-11-15 15:36:30','2010-11-15 15:36:30','2010-11-15 15:36:30','COMPLETED','COMPLETED','','2010-11-15 15:36:30'),(605,2,605,'2010-11-15 15:36:30','2010-11-15 15:36:30','2010-11-15 15:36:30','COMPLETED','COMPLETED','','2010-11-15 15:36:30'),(606,2,606,'2010-11-15 15:36:30','2010-11-15 15:36:30','2010-11-15 15:36:30','COMPLETED','COMPLETED','','2010-11-15 15:36:30'),(607,2,607,'2010-11-15 15:36:30','2010-11-15 15:36:30','2010-11-15 15:36:30','COMPLETED','COMPLETED','','2010-11-15 15:36:30'),(608,2,608,'2010-11-15 15:36:30','2010-11-15 15:36:30','2010-11-15 15:36:30','COMPLETED','COMPLETED','','2010-11-15 15:36:30'),(609,2,609,'2010-11-15 15:36:30','2010-11-15 15:36:30','2010-11-15 15:36:30','COMPLETED','COMPLETED','','2010-11-15 15:36:30'),(610,2,610,'2010-11-15 15:36:30','2010-11-15 15:36:30','2010-11-15 15:36:30','COMPLETED','COMPLETED','','2010-11-15 15:36:30'),(611,2,611,'2010-11-15 15:36:30','2010-11-15 15:36:30','2010-11-15 15:36:31','COMPLETED','COMPLETED','','2010-11-15 15:36:31'),(612,2,612,'2010-11-15 15:36:31','2010-11-15 15:36:31','2010-11-15 15:36:31','COMPLETED','COMPLETED','','2010-11-15 15:36:31'),(613,2,613,'2010-11-15 15:36:31','2010-11-15 15:36:31','2010-11-15 15:36:31','COMPLETED','COMPLETED','','2010-11-15 15:36:31'),(614,2,614,'2010-11-15 15:36:31','2010-11-15 15:36:31','2010-11-15 15:36:31','COMPLETED','COMPLETED','','2010-11-15 15:36:31'),(615,2,615,'2010-11-15 15:36:31','2010-11-15 15:36:31','2010-11-15 15:36:31','COMPLETED','COMPLETED','','2010-11-15 15:36:31'),(616,2,616,'2010-11-15 15:36:31','2010-11-15 15:36:31','2010-11-15 15:36:31','COMPLETED','COMPLETED','','2010-11-15 15:36:31'),(617,2,617,'2010-11-15 15:36:31','2010-11-15 15:36:31','2010-11-15 15:36:31','COMPLETED','COMPLETED','','2010-11-15 15:36:31'),(618,2,618,'2010-11-15 15:36:31','2010-11-15 15:36:31','2010-11-15 15:36:31','COMPLETED','COMPLETED','','2010-11-15 15:36:31'),(619,2,619,'2010-11-15 15:36:31','2010-11-15 15:36:31','2010-11-15 15:36:31','COMPLETED','COMPLETED','','2010-11-15 15:36:31'),(620,2,620,'2010-11-15 15:36:31','2010-11-15 15:36:31','2010-11-15 15:36:32','COMPLETED','COMPLETED','','2010-11-15 15:36:32'),(621,2,621,'2010-11-15 15:36:32','2010-11-15 15:36:32','2010-11-15 15:36:32','COMPLETED','COMPLETED','','2010-11-15 15:36:32'),(622,2,622,'2010-11-15 15:36:32','2010-11-15 15:36:32','2010-11-15 15:36:32','COMPLETED','COMPLETED','','2010-11-15 15:36:32'),(623,2,623,'2010-11-15 15:36:32','2010-11-15 15:36:32','2010-11-15 15:36:32','COMPLETED','COMPLETED','','2010-11-15 15:36:32'),(624,2,624,'2010-11-15 15:36:32','2010-11-15 15:36:32','2010-11-15 15:36:32','COMPLETED','COMPLETED','','2010-11-15 15:36:32'),(625,2,625,'2010-11-15 15:36:32','2010-11-15 15:36:32','2010-11-15 15:36:32','COMPLETED','COMPLETED','','2010-11-15 15:36:32'),(626,2,626,'2010-11-15 15:36:32','2010-11-15 15:36:32','2010-11-15 15:36:32','COMPLETED','COMPLETED','','2010-11-15 15:36:32'),(627,2,627,'2010-11-15 15:36:32','2010-11-15 15:36:32','2010-11-15 15:36:32','COMPLETED','COMPLETED','','2010-11-15 15:36:32'),(628,2,628,'2010-11-15 15:36:32','2010-11-15 15:36:32','2010-11-15 15:36:32','COMPLETED','COMPLETED','','2010-11-15 15:36:32'),(629,2,629,'2010-11-15 15:36:32','2010-11-15 15:36:32','2010-11-15 15:36:33','COMPLETED','COMPLETED','','2010-11-15 15:36:33'),(630,2,630,'2010-11-15 15:36:33','2010-11-15 15:36:33','2010-11-15 15:36:33','COMPLETED','COMPLETED','','2010-11-15 15:36:33'),(631,2,631,'2010-11-15 15:36:33','2010-11-15 15:36:33','2010-11-15 15:36:33','COMPLETED','COMPLETED','','2010-11-15 15:36:33'),(632,2,632,'2010-11-15 15:36:33','2010-11-15 15:36:33','2010-11-15 15:36:33','COMPLETED','COMPLETED','','2010-11-15 15:36:33'),(633,2,633,'2010-11-15 15:36:33','2010-11-15 15:36:33','2010-11-15 15:36:34','COMPLETED','COMPLETED','','2010-11-15 15:36:34'),(634,2,634,'2010-11-15 15:36:34','2010-11-15 15:36:34','2010-11-15 15:36:34','COMPLETED','COMPLETED','','2010-11-15 15:36:34'),(635,2,635,'2010-11-15 15:36:34','2010-11-15 15:36:34','2010-11-15 15:36:34','COMPLETED','COMPLETED','','2010-11-15 15:36:34'),(636,2,636,'2010-11-15 15:36:34','2010-11-15 15:36:34','2010-11-15 15:36:35','COMPLETED','COMPLETED','','2010-11-15 15:36:35'),(637,2,637,'2010-11-15 15:36:35','2010-11-15 15:36:35','2010-11-15 15:36:35','COMPLETED','COMPLETED','','2010-11-15 15:36:35'),(638,2,638,'2010-11-15 15:36:35','2010-11-15 15:36:35','2010-11-15 15:36:36','COMPLETED','COMPLETED','','2010-11-15 15:36:36'),(639,2,639,'2010-11-15 15:36:36','2010-11-15 15:36:36','2010-11-15 15:36:37','COMPLETED','COMPLETED','','2010-11-15 15:36:37'),(640,2,640,'2010-11-15 15:36:37','2010-11-15 15:36:37','2010-11-15 15:36:37','COMPLETED','COMPLETED','','2010-11-15 15:36:37'),(641,2,641,'2010-11-15 15:36:37','2010-11-15 15:36:37','2010-11-15 15:36:37','COMPLETED','COMPLETED','','2010-11-15 15:36:37'),(642,2,642,'2010-11-15 15:36:37','2010-11-15 15:36:37','2010-11-15 15:36:38','COMPLETED','COMPLETED','','2010-11-15 15:36:38'),(643,2,643,'2010-11-15 15:36:38','2010-11-15 15:36:38','2010-11-15 15:36:38','COMPLETED','COMPLETED','','2010-11-15 15:36:38'),(644,2,644,'2010-11-15 15:36:38','2010-11-15 15:36:38','2010-11-15 15:36:38','COMPLETED','COMPLETED','','2010-11-15 15:36:38'),(645,2,645,'2010-11-15 15:36:38','2010-11-15 15:36:38','2010-11-15 15:36:39','COMPLETED','COMPLETED','','2010-11-15 15:36:39'),(646,2,646,'2010-11-15 15:36:39','2010-11-15 15:36:39','2010-11-15 15:36:39','COMPLETED','COMPLETED','','2010-11-15 15:36:39'),(647,2,647,'2010-11-15 15:36:39','2010-11-15 15:36:39','2010-11-15 15:36:40','COMPLETED','COMPLETED','','2010-11-15 15:36:40'),(648,2,648,'2010-11-15 15:36:40','2010-11-15 15:36:40','2010-11-15 15:36:40','COMPLETED','COMPLETED','','2010-11-15 15:36:40'),(649,2,649,'2010-11-15 15:36:40','2010-11-15 15:36:40','2010-11-15 15:36:40','COMPLETED','COMPLETED','','2010-11-15 15:36:40'),(650,2,650,'2010-11-15 15:36:40','2010-11-15 15:36:40','2010-11-15 15:36:41','COMPLETED','COMPLETED','','2010-11-15 15:36:41'),(651,2,651,'2010-11-15 15:36:41','2010-11-15 15:36:41','2010-11-15 15:36:41','COMPLETED','COMPLETED','','2010-11-15 15:36:41'),(652,2,652,'2010-11-15 15:36:41','2010-11-15 15:36:41','2010-11-15 15:36:41','COMPLETED','COMPLETED','','2010-11-15 15:36:41'),(653,2,653,'2010-11-15 15:36:41','2010-11-15 15:36:41','2010-11-15 15:36:42','COMPLETED','COMPLETED','','2010-11-15 15:36:42'),(654,2,654,'2010-11-15 15:36:42','2010-11-15 15:36:42','2010-11-15 15:36:42','COMPLETED','COMPLETED','','2010-11-15 15:36:42'),(655,2,655,'2010-11-15 15:36:42','2010-11-15 15:36:42','2010-11-15 15:36:43','COMPLETED','COMPLETED','','2010-11-15 15:36:43'),(656,2,656,'2010-11-15 15:36:43','2010-11-15 15:36:43','2010-11-15 15:36:43','COMPLETED','COMPLETED','','2010-11-15 15:36:43'),(657,2,657,'2010-11-15 15:36:43','2010-11-15 15:36:43','2010-11-15 15:36:43','COMPLETED','COMPLETED','','2010-11-15 15:36:43'),(658,2,658,'2010-11-15 15:36:43','2010-11-15 15:36:43','2010-11-15 15:36:44','COMPLETED','COMPLETED','','2010-11-15 15:36:44'),(659,2,659,'2010-11-15 15:36:44','2010-11-15 15:36:44','2010-11-15 15:36:44','COMPLETED','COMPLETED','','2010-11-15 15:36:44'),(660,2,660,'2010-11-15 15:36:44','2010-11-15 15:36:44','2010-11-15 15:36:44','COMPLETED','COMPLETED','','2010-11-15 15:36:44'),(661,2,661,'2010-11-15 15:36:44','2010-11-15 15:36:44','2010-11-15 15:36:45','COMPLETED','COMPLETED','','2010-11-15 15:36:45'),(662,2,662,'2010-11-15 15:36:45','2010-11-15 15:36:45','2010-11-15 15:36:45','COMPLETED','COMPLETED','','2010-11-15 15:36:45'),(663,2,663,'2010-11-15 15:36:45','2010-11-15 15:36:45','2010-11-15 15:36:45','COMPLETED','COMPLETED','','2010-11-15 15:36:45'),(664,2,664,'2010-11-15 15:36:45','2010-11-15 15:36:45','2010-11-15 15:36:46','COMPLETED','COMPLETED','','2010-11-15 15:36:46'),(665,2,665,'2010-11-15 15:36:46','2010-11-15 15:36:46','2010-11-15 15:36:46','COMPLETED','COMPLETED','','2010-11-15 15:36:46'),(666,2,666,'2010-11-15 15:36:46','2010-11-15 15:36:46','2010-11-15 15:36:47','COMPLETED','COMPLETED','','2010-11-15 15:36:47'),(667,2,667,'2010-11-15 15:36:47','2010-11-15 15:36:47','2010-11-15 15:36:47','COMPLETED','COMPLETED','','2010-11-15 15:36:47'),(668,2,668,'2010-11-15 15:36:47','2010-11-15 15:36:47','2010-11-15 15:36:48','COMPLETED','COMPLETED','','2010-11-15 15:36:48'),(669,2,669,'2010-11-15 15:36:48','2010-11-15 15:36:48','2010-11-15 15:36:49','COMPLETED','COMPLETED','','2010-11-15 15:36:49'),(670,2,670,'2010-11-15 15:36:49','2010-11-15 15:36:49','2010-11-15 15:36:49','COMPLETED','COMPLETED','','2010-11-15 15:36:49'),(671,2,671,'2010-11-15 15:36:49','2010-11-15 15:36:49','2010-11-15 15:36:50','COMPLETED','COMPLETED','','2010-11-15 15:36:50'),(672,2,672,'2010-11-15 15:36:50','2010-11-15 15:36:50','2010-11-15 15:36:50','COMPLETED','COMPLETED','','2010-11-15 15:36:50'),(673,2,673,'2010-11-15 15:36:50','2010-11-15 15:36:50','2010-11-15 15:36:51','COMPLETED','COMPLETED','','2010-11-15 15:36:51'),(674,2,674,'2010-11-15 15:36:51','2010-11-15 15:36:51','2010-11-15 15:36:52','COMPLETED','COMPLETED','','2010-11-15 15:36:52'),(675,2,675,'2010-11-15 15:36:52','2010-11-15 15:36:52','2010-11-15 15:36:53','COMPLETED','COMPLETED','','2010-11-15 15:36:53'),(676,2,676,'2010-11-15 15:36:53','2010-11-15 15:36:53','2010-11-15 15:36:54','COMPLETED','COMPLETED','','2010-11-15 15:36:54'),(677,2,677,'2010-11-15 15:36:54','2010-11-15 15:36:54','2010-11-15 15:36:55','COMPLETED','COMPLETED','','2010-11-15 15:36:55'),(678,2,678,'2010-11-15 15:36:55','2010-11-15 15:36:55','2010-11-15 15:36:55','COMPLETED','COMPLETED','','2010-11-15 15:36:55'),(679,2,679,'2010-11-15 15:36:55','2010-11-15 15:36:55','2010-11-15 15:36:56','COMPLETED','COMPLETED','','2010-11-15 15:36:56'),(680,2,680,'2010-11-15 15:36:56','2010-11-15 15:36:56','2010-11-15 15:36:56','COMPLETED','COMPLETED','','2010-11-15 15:36:56'),(681,2,681,'2010-11-15 15:36:56','2010-11-15 15:36:56','2010-11-15 15:36:57','COMPLETED','COMPLETED','','2010-11-15 15:36:57'),(682,2,682,'2010-11-15 15:36:57','2010-11-15 15:36:57','2010-11-15 15:36:57','COMPLETED','COMPLETED','','2010-11-15 15:36:57'),(683,2,683,'2010-11-15 15:36:57','2010-11-15 15:36:57','2010-11-15 15:36:57','COMPLETED','COMPLETED','','2010-11-15 15:36:57'),(684,2,684,'2010-11-15 15:36:57','2010-11-15 15:36:57','2010-11-15 15:36:58','COMPLETED','COMPLETED','','2010-11-15 15:36:58'),(685,2,685,'2010-11-15 15:36:58','2010-11-15 15:36:58','2010-11-15 15:36:59','COMPLETED','COMPLETED','','2010-11-15 15:36:59'),(686,2,686,'2010-11-15 15:36:59','2010-11-15 15:36:59','2010-11-15 15:37:00','COMPLETED','COMPLETED','','2010-11-15 15:37:00'),(687,2,687,'2010-11-15 15:37:00','2010-11-15 15:37:00','2010-11-15 15:37:00','COMPLETED','COMPLETED','','2010-11-15 15:37:00'),(688,2,688,'2010-11-15 15:37:00','2010-11-15 15:37:00','2010-11-15 15:37:01','COMPLETED','COMPLETED','','2010-11-15 15:37:01'),(689,2,689,'2010-11-15 15:37:01','2010-11-15 15:37:01','2010-11-15 15:37:02','COMPLETED','COMPLETED','','2010-11-15 15:37:02'),(690,2,690,'2010-11-15 15:37:02','2010-11-15 15:37:02','2010-11-15 15:37:02','COMPLETED','COMPLETED','','2010-11-15 15:37:02'),(691,2,691,'2010-11-15 15:37:02','2010-11-15 15:37:02','2010-11-15 15:37:03','COMPLETED','COMPLETED','','2010-11-15 15:37:03'),(692,2,692,'2010-11-15 15:37:03','2010-11-15 15:37:03','2010-11-15 15:37:03','COMPLETED','COMPLETED','','2010-11-15 15:37:03'),(693,2,693,'2010-11-15 15:37:03','2010-11-15 15:37:03','2010-11-15 15:37:04','COMPLETED','COMPLETED','','2010-11-15 15:37:04'),(694,2,694,'2010-11-15 15:37:04','2010-11-15 15:37:04','2010-11-15 15:37:04','COMPLETED','COMPLETED','','2010-11-15 15:37:04'),(695,2,695,'2010-11-15 15:37:04','2010-11-15 15:37:04','2010-11-15 15:37:05','COMPLETED','COMPLETED','','2010-11-15 15:37:05'),(696,2,696,'2010-11-15 15:37:05','2010-11-15 15:37:05','2010-11-15 15:37:05','COMPLETED','COMPLETED','','2010-11-15 15:37:05'),(697,2,697,'2010-11-15 15:37:05','2010-11-15 15:37:05','2010-11-15 15:37:06','COMPLETED','COMPLETED','','2010-11-15 15:37:06'),(698,2,698,'2010-11-15 15:37:06','2010-11-15 15:37:06','2010-11-15 15:37:06','COMPLETED','COMPLETED','','2010-11-15 15:37:06'),(699,2,699,'2010-11-15 15:37:06','2010-11-15 15:37:06','2010-11-15 15:37:06','COMPLETED','COMPLETED','','2010-11-15 15:37:06'),(700,2,700,'2010-11-15 15:37:06','2010-11-15 15:37:06','2010-11-15 15:37:07','COMPLETED','COMPLETED','','2010-11-15 15:37:07'),(701,2,701,'2010-11-15 15:37:07','2010-11-15 15:37:07','2010-11-15 15:37:07','COMPLETED','COMPLETED','','2010-11-15 15:37:07'),(702,2,702,'2010-11-15 15:37:07','2010-11-15 15:37:07','2010-11-15 15:37:07','COMPLETED','COMPLETED','','2010-11-15 15:37:07'),(703,2,703,'2010-11-15 15:37:07','2010-11-15 15:37:07','2010-11-15 15:37:08','COMPLETED','COMPLETED','','2010-11-15 15:37:08'),(704,2,704,'2010-11-15 15:37:08','2010-11-15 15:37:08','2010-11-15 15:37:08','COMPLETED','COMPLETED','','2010-11-15 15:37:08'),(705,2,705,'2010-11-15 15:37:08','2010-11-15 15:37:08','2010-11-15 15:37:08','COMPLETED','COMPLETED','','2010-11-15 15:37:08'),(706,2,706,'2010-11-15 15:37:08','2010-11-15 15:37:08','2010-11-15 15:37:09','COMPLETED','COMPLETED','','2010-11-15 15:37:09'),(707,2,707,'2010-11-15 15:37:09','2010-11-15 15:37:09','2010-11-15 15:37:10','COMPLETED','COMPLETED','','2010-11-15 15:37:10'),(708,2,708,'2010-11-15 15:37:10','2010-11-15 15:37:10','2010-11-15 15:37:11','COMPLETED','COMPLETED','','2010-11-15 15:37:11'),(709,2,709,'2010-11-15 15:37:11','2010-11-15 15:37:11','2010-11-15 15:37:11','COMPLETED','COMPLETED','','2010-11-15 15:37:11'),(710,2,710,'2010-11-15 15:37:11','2010-11-15 15:37:11','2010-11-15 15:37:12','COMPLETED','COMPLETED','','2010-11-15 15:37:12'),(711,2,711,'2010-11-15 15:37:12','2010-11-15 15:37:12','2010-11-15 15:37:12','COMPLETED','COMPLETED','','2010-11-15 15:37:12'),(712,2,712,'2010-11-15 15:37:12','2010-11-15 15:37:12','2010-11-15 15:37:13','COMPLETED','COMPLETED','','2010-11-15 15:37:13'),(713,2,713,'2010-11-15 15:37:13','2010-11-15 15:37:13','2010-11-15 15:37:13','COMPLETED','COMPLETED','','2010-11-15 15:37:13'),(714,2,714,'2010-11-15 15:37:13','2010-11-15 15:37:13','2010-11-15 15:37:14','COMPLETED','COMPLETED','','2010-11-15 15:37:14'),(715,2,715,'2010-11-15 15:37:14','2010-11-15 15:37:14','2010-11-15 15:37:14','COMPLETED','COMPLETED','','2010-11-15 15:37:14'),(716,2,716,'2010-11-15 15:37:14','2010-11-15 15:37:14','2010-11-15 15:37:14','COMPLETED','COMPLETED','','2010-11-15 15:37:14'),(717,2,717,'2010-11-15 15:37:14','2010-11-15 15:37:14','2010-11-15 15:37:15','COMPLETED','COMPLETED','','2010-11-15 15:37:15'),(718,2,718,'2010-11-15 15:37:15','2010-11-15 15:37:15','2010-11-15 15:37:15','COMPLETED','COMPLETED','','2010-11-15 15:37:15'),(719,2,719,'2010-11-15 15:37:15','2010-11-15 15:37:15','2010-11-15 15:37:15','COMPLETED','COMPLETED','','2010-11-15 15:37:15'),(720,2,720,'2010-11-15 15:37:15','2010-11-15 15:37:15','2010-11-15 15:37:16','COMPLETED','COMPLETED','','2010-11-15 15:37:16'),(721,2,721,'2010-11-15 15:37:16','2010-11-15 15:37:16','2010-11-15 15:37:16','COMPLETED','COMPLETED','','2010-11-15 15:37:16'),(722,2,722,'2010-11-15 15:37:16','2010-11-15 15:37:16','2010-11-15 15:37:17','COMPLETED','COMPLETED','','2010-11-15 15:37:17'),(723,2,723,'2010-11-15 15:37:17','2010-11-15 15:37:17','2010-11-15 15:37:17','COMPLETED','COMPLETED','','2010-11-15 15:37:17'),(724,2,724,'2010-11-15 15:37:17','2010-11-15 15:37:17','2010-11-15 15:37:18','COMPLETED','COMPLETED','','2010-11-15 15:37:18'),(725,2,725,'2010-11-15 15:37:18','2010-11-15 15:37:18','2010-11-15 15:37:18','COMPLETED','COMPLETED','','2010-11-15 15:37:18'),(726,2,726,'2010-11-15 15:37:18','2010-11-15 15:37:18','2010-11-15 15:37:18','COMPLETED','COMPLETED','','2010-11-15 15:37:18'),(727,2,727,'2010-11-15 15:37:18','2010-11-15 15:37:18','2010-11-15 15:37:19','COMPLETED','COMPLETED','','2010-11-15 15:37:19'),(728,2,728,'2010-11-15 15:37:19','2010-11-15 15:37:19','2010-11-15 15:37:19','COMPLETED','COMPLETED','','2010-11-15 15:37:19'),(729,2,729,'2010-11-15 15:37:19','2010-11-15 15:37:19','2010-11-15 15:37:19','COMPLETED','COMPLETED','','2010-11-15 15:37:19'),(730,2,730,'2010-11-15 15:37:19','2010-11-15 15:37:19','2010-11-15 15:37:20','COMPLETED','COMPLETED','','2010-11-15 15:37:20'),(731,2,731,'2010-11-15 15:37:20','2010-11-15 15:37:20','2010-11-15 15:37:20','COMPLETED','COMPLETED','','2010-11-15 15:37:20'),(732,2,732,'2010-11-15 15:37:20','2010-11-15 15:37:20','2010-11-15 15:37:21','COMPLETED','COMPLETED','','2010-11-15 15:37:21'),(733,2,733,'2010-11-15 15:37:21','2010-11-15 15:37:21','2010-11-15 15:37:21','COMPLETED','COMPLETED','','2010-11-15 15:37:21'),(734,2,734,'2010-11-15 15:37:21','2010-11-15 15:37:21','2010-11-15 15:37:22','COMPLETED','COMPLETED','','2010-11-15 15:37:22'),(735,2,735,'2010-11-15 15:37:22','2010-11-15 15:37:22','2010-11-15 15:37:22','COMPLETED','COMPLETED','','2010-11-15 15:37:22'),(736,2,736,'2010-11-15 15:37:22','2010-11-15 15:37:22','2010-11-15 15:37:22','COMPLETED','COMPLETED','','2010-11-15 15:37:22'),(737,2,737,'2010-11-15 15:37:22','2010-11-15 15:37:22','2010-11-15 15:37:22','COMPLETED','COMPLETED','','2010-11-15 15:37:22'),(738,2,738,'2010-11-15 15:37:22','2010-11-15 15:37:22','2010-11-15 15:37:22','COMPLETED','COMPLETED','','2010-11-15 15:37:22'),(739,2,739,'2010-11-15 15:37:22','2010-11-15 15:37:22','2010-11-15 15:37:22','COMPLETED','COMPLETED','','2010-11-15 15:37:22'),(740,2,740,'2010-11-15 15:37:22','2010-11-15 15:37:22','2010-11-15 15:37:22','COMPLETED','COMPLETED','','2010-11-15 15:37:22'),(741,2,741,'2010-11-15 15:37:22','2010-11-15 15:37:22','2010-11-15 15:37:22','COMPLETED','COMPLETED','','2010-11-15 15:37:22'),(742,2,742,'2010-11-15 15:37:22','2010-11-15 15:37:22','2010-11-15 15:37:22','COMPLETED','COMPLETED','','2010-11-15 15:37:22'),(743,2,743,'2010-11-15 15:37:22','2010-11-15 15:37:22','2010-11-15 15:37:22','COMPLETED','COMPLETED','','2010-11-15 15:37:22'),(744,2,744,'2010-11-15 15:37:22','2010-11-15 15:37:22','2010-11-15 15:37:22','COMPLETED','COMPLETED','','2010-11-15 15:37:22'),(745,2,745,'2010-11-15 15:37:22','2010-11-15 15:37:22','2010-11-15 15:37:22','COMPLETED','COMPLETED','','2010-11-15 15:37:22'),(746,2,746,'2010-11-15 15:37:22','2010-11-15 15:37:22','2010-11-15 15:37:22','COMPLETED','COMPLETED','','2010-11-15 15:37:22'),(747,2,747,'2010-11-15 15:37:22','2010-11-15 15:37:22','2010-11-15 15:37:22','COMPLETED','COMPLETED','','2010-11-15 15:37:22'),(748,2,748,'2010-11-15 15:37:22','2010-11-15 15:37:22','2010-11-15 15:37:22','COMPLETED','COMPLETED','','2010-11-15 15:37:22'),(749,2,749,'2010-11-15 15:37:22','2010-11-15 15:37:22','2010-11-15 15:37:22','COMPLETED','COMPLETED','','2010-11-15 15:37:22'),(750,2,750,'2010-11-15 15:37:22','2010-11-15 15:37:22','2010-11-15 15:37:22','COMPLETED','COMPLETED','','2010-11-15 15:37:22'),(751,2,751,'2010-11-15 15:37:22','2010-11-15 15:37:22','2010-11-15 15:37:22','COMPLETED','COMPLETED','','2010-11-15 15:37:22'),(752,2,752,'2010-11-15 15:37:22','2010-11-15 15:37:22','2010-11-15 15:37:22','COMPLETED','COMPLETED','','2010-11-15 15:37:22'),(753,2,753,'2010-11-15 15:37:22','2010-11-15 15:37:22','2010-11-15 15:37:22','COMPLETED','COMPLETED','','2010-11-15 15:37:22'),(754,2,754,'2010-11-15 15:37:22','2010-11-15 15:37:22','2010-11-15 15:37:22','COMPLETED','COMPLETED','','2010-11-15 15:37:22'),(755,2,755,'2010-11-15 15:37:22','2010-11-15 15:37:22','2010-11-15 15:37:22','COMPLETED','COMPLETED','','2010-11-15 15:37:22'),(756,2,756,'2010-11-15 15:37:22','2010-11-15 15:37:22','2010-11-15 15:37:22','COMPLETED','COMPLETED','','2010-11-15 15:37:22'),(757,2,757,'2010-11-15 15:37:22','2010-11-15 15:37:22','2010-11-15 15:37:22','COMPLETED','COMPLETED','','2010-11-15 15:37:22'),(758,2,758,'2010-11-15 15:37:22','2010-11-15 15:37:22','2010-11-15 15:37:22','COMPLETED','COMPLETED','','2010-11-15 15:37:22'),(759,2,759,'2010-11-15 15:37:22','2010-11-15 15:37:22','2010-11-15 15:37:22','COMPLETED','COMPLETED','','2010-11-15 15:37:22'),(760,2,760,'2010-11-15 15:37:22','2010-11-15 15:37:22','2010-11-15 15:37:22','COMPLETED','COMPLETED','','2010-11-15 15:37:22'),(761,2,761,'2010-11-15 15:37:22','2010-11-15 15:37:22','2010-11-15 15:37:22','COMPLETED','COMPLETED','','2010-11-15 15:37:22'),(762,2,762,'2010-11-15 15:37:22','2010-11-15 15:37:22','2010-11-15 15:37:22','COMPLETED','COMPLETED','','2010-11-15 15:37:22'),(763,2,763,'2010-11-15 15:37:22','2010-11-15 15:37:22','2010-11-15 15:37:22','COMPLETED','COMPLETED','','2010-11-15 15:37:22'),(764,2,764,'2010-11-15 15:37:22','2010-11-15 15:37:22','2010-11-15 15:37:23','COMPLETED','COMPLETED','','2010-11-15 15:37:23'),(765,2,765,'2010-11-15 15:37:23','2010-11-15 15:37:23','2010-11-15 15:37:23','COMPLETED','COMPLETED','','2010-11-15 15:37:23'),(766,2,766,'2010-11-15 15:37:23','2010-11-15 15:37:23','2010-11-15 15:37:23','COMPLETED','COMPLETED','','2010-11-15 15:37:23'),(767,2,767,'2010-11-15 15:37:23','2010-11-15 15:37:23','2010-11-15 15:37:23','COMPLETED','COMPLETED','','2010-11-15 15:37:23'),(768,2,768,'2010-11-15 15:37:23','2010-11-15 15:37:23','2010-11-15 15:37:23','COMPLETED','COMPLETED','','2010-11-15 15:37:23'),(769,2,769,'2010-11-15 15:37:23','2010-11-15 15:37:23','2010-11-15 15:37:23','COMPLETED','COMPLETED','','2010-11-15 15:37:23'),(770,2,770,'2010-11-15 15:37:23','2010-11-15 15:37:23','2010-11-15 15:37:23','COMPLETED','COMPLETED','','2010-11-15 15:37:23'),(771,2,771,'2010-11-15 15:37:23','2010-11-15 15:37:23','2010-11-15 15:37:23','COMPLETED','COMPLETED','','2010-11-15 15:37:23'),(772,2,772,'2010-11-15 15:37:23','2010-11-15 15:37:23','2010-11-15 15:37:23','COMPLETED','COMPLETED','','2010-11-15 15:37:23'),(773,2,773,'2010-11-15 15:37:23','2010-11-15 15:37:23','2010-11-15 15:37:23','COMPLETED','COMPLETED','','2010-11-15 15:37:23'),(774,2,774,'2010-11-15 15:37:23','2010-11-15 15:37:23','2010-11-15 15:37:23','COMPLETED','COMPLETED','','2010-11-15 15:37:23'),(775,2,775,'2010-11-15 15:37:23','2010-11-15 15:37:23','2010-11-15 15:37:23','COMPLETED','COMPLETED','','2010-11-15 15:37:23'),(776,2,776,'2010-11-15 15:37:23','2010-11-15 15:37:23','2010-11-15 15:37:23','COMPLETED','COMPLETED','','2010-11-15 15:37:23'),(777,2,777,'2010-11-15 15:37:23','2010-11-15 15:37:23','2010-11-15 15:37:23','COMPLETED','COMPLETED','','2010-11-15 15:37:23'),(778,2,778,'2010-11-15 15:37:23','2010-11-15 15:37:23','2010-11-15 15:37:23','COMPLETED','COMPLETED','','2010-11-15 15:37:23'),(779,2,779,'2010-11-15 15:37:23','2010-11-15 15:37:23','2010-11-15 15:37:23','COMPLETED','COMPLETED','','2010-11-15 15:37:23'),(780,2,780,'2010-11-15 15:37:23','2010-11-15 15:37:23','2010-11-15 15:37:23','COMPLETED','COMPLETED','','2010-11-15 15:37:23'),(781,2,781,'2010-11-15 15:37:23','2010-11-15 15:37:23','2010-11-15 15:37:23','COMPLETED','COMPLETED','','2010-11-15 15:37:23'),(782,2,782,'2010-11-15 15:37:23','2010-11-15 15:37:23','2010-11-15 15:37:23','COMPLETED','COMPLETED','','2010-11-15 15:37:23'),(783,2,783,'2010-11-15 15:37:23','2010-11-15 15:37:23','2010-11-15 15:37:23','COMPLETED','COMPLETED','','2010-11-15 15:37:23'),(784,2,784,'2010-11-15 15:37:23','2010-11-15 15:37:23','2010-11-15 15:37:23','COMPLETED','COMPLETED','','2010-11-15 15:37:23'),(785,2,785,'2010-11-15 15:37:23','2010-11-15 15:37:23','2010-11-15 15:37:23','COMPLETED','COMPLETED','','2010-11-15 15:37:23'),(786,2,786,'2010-11-15 15:37:23','2010-11-15 15:37:23','2010-11-15 15:37:23','COMPLETED','COMPLETED','','2010-11-15 15:37:23'),(787,2,787,'2010-11-15 15:37:23','2010-11-15 15:37:23','2010-11-15 15:37:23','COMPLETED','COMPLETED','','2010-11-15 15:37:23'),(788,2,788,'2010-11-15 15:37:23','2010-11-15 15:37:23','2010-11-15 15:37:23','COMPLETED','COMPLETED','','2010-11-15 15:37:23'),(789,2,789,'2010-11-15 15:37:23','2010-11-15 15:37:23','2010-11-15 15:37:23','COMPLETED','COMPLETED','','2010-11-15 15:37:23'),(790,2,790,'2010-11-15 15:37:23','2010-11-15 15:37:23','2010-11-15 15:37:23','COMPLETED','COMPLETED','','2010-11-15 15:37:23'),(791,2,791,'2010-11-15 15:37:23','2010-11-15 15:37:23','2010-11-15 15:37:23','COMPLETED','COMPLETED','','2010-11-15 15:37:23'),(792,2,792,'2010-11-15 15:37:23','2010-11-15 15:37:23','2010-11-15 15:37:23','COMPLETED','COMPLETED','','2010-11-15 15:37:23'),(793,2,793,'2010-11-15 15:37:23','2010-11-15 15:37:23','2010-11-15 15:37:23','COMPLETED','COMPLETED','','2010-11-15 15:37:23'),(794,2,794,'2010-11-15 15:37:23','2010-11-15 15:37:23','2010-11-15 15:37:23','COMPLETED','COMPLETED','','2010-11-15 15:37:23'),(795,2,795,'2010-11-15 15:37:23','2010-11-15 15:37:23','2010-11-15 15:37:23','COMPLETED','COMPLETED','','2010-11-15 15:37:23'),(796,2,796,'2010-11-15 15:37:23','2010-11-15 15:37:23','2010-11-15 15:37:23','COMPLETED','COMPLETED','','2010-11-15 15:37:23'),(797,2,797,'2010-11-15 15:37:23','2010-11-15 15:37:23','2010-11-15 15:37:23','COMPLETED','COMPLETED','','2010-11-15 15:37:23'),(798,2,798,'2010-11-15 15:37:23','2010-11-15 15:37:23','2010-11-15 15:37:23','COMPLETED','COMPLETED','','2010-11-15 15:37:23'),(799,2,799,'2010-11-15 15:37:23','2010-11-15 15:37:23','2010-11-15 15:37:23','COMPLETED','COMPLETED','','2010-11-15 15:37:23'),(800,2,800,'2010-11-15 15:37:23','2010-11-15 15:37:23','2010-11-15 15:37:23','COMPLETED','COMPLETED','','2010-11-15 15:37:23'),(801,2,801,'2010-11-15 15:37:23','2010-11-15 15:37:23','2010-11-15 15:37:23','COMPLETED','COMPLETED','','2010-11-15 15:37:23'),(802,2,802,'2010-11-15 15:37:23','2010-11-15 15:37:23','2010-11-15 15:37:23','COMPLETED','COMPLETED','','2010-11-15 15:37:23'),(803,2,803,'2010-11-15 15:37:23','2010-11-15 15:37:23','2010-11-15 15:37:23','COMPLETED','COMPLETED','','2010-11-15 15:37:23'),(804,2,804,'2010-11-15 15:37:23','2010-11-15 15:37:23','2010-11-15 15:37:23','COMPLETED','COMPLETED','','2010-11-15 15:37:23'),(805,2,805,'2010-11-15 15:37:23','2010-11-15 15:37:23','2010-11-15 15:37:23','COMPLETED','COMPLETED','','2010-11-15 15:37:23'),(806,2,806,'2010-11-15 15:37:23','2010-11-15 15:37:23','2010-11-15 15:37:23','COMPLETED','COMPLETED','','2010-11-15 15:37:23'),(807,2,807,'2010-11-15 15:37:23','2010-11-15 15:37:23','2010-11-15 15:37:23','COMPLETED','COMPLETED','','2010-11-15 15:37:23'),(808,2,808,'2010-11-15 15:37:23','2010-11-15 15:37:23','2010-11-15 15:37:23','COMPLETED','COMPLETED','','2010-11-15 15:37:23'),(809,2,809,'2010-11-15 15:37:23','2010-11-15 15:37:23','2010-11-15 15:37:23','COMPLETED','COMPLETED','','2010-11-15 15:37:23'),(810,2,810,'2010-11-15 15:37:23','2010-11-15 15:37:23','2010-11-15 15:37:23','COMPLETED','COMPLETED','','2010-11-15 15:37:23'),(811,2,811,'2010-11-15 15:37:23','2010-11-15 15:37:23','2010-11-15 15:37:23','COMPLETED','COMPLETED','','2010-11-15 15:37:23'),(812,2,812,'2010-11-15 15:37:23','2010-11-15 15:37:23','2010-11-15 15:37:23','COMPLETED','COMPLETED','','2010-11-15 15:37:23'),(813,2,813,'2010-11-15 15:37:23','2010-11-15 15:37:23','2010-11-15 15:37:23','COMPLETED','COMPLETED','','2010-11-15 15:37:23'),(814,2,814,'2010-11-15 15:37:23','2010-11-15 15:37:23','2010-11-15 15:37:23','COMPLETED','COMPLETED','','2010-11-15 15:37:23'),(815,2,815,'2010-11-15 15:37:23','2010-11-15 15:37:23','2010-11-15 15:37:23','COMPLETED','COMPLETED','','2010-11-15 15:37:23'),(816,2,816,'2010-11-15 15:37:23','2010-11-15 15:37:23','2010-11-15 15:37:23','COMPLETED','COMPLETED','','2010-11-15 15:37:23'),(817,2,817,'2010-11-15 15:37:23','2010-11-15 15:37:23','2010-11-15 15:37:23','COMPLETED','COMPLETED','','2010-11-15 15:37:23'),(818,2,818,'2010-11-15 15:37:23','2010-11-15 15:37:23','2010-11-15 15:37:23','COMPLETED','COMPLETED','','2010-11-15 15:37:23'),(819,2,819,'2010-11-15 15:37:23','2010-11-15 15:37:23','2010-11-15 15:37:23','COMPLETED','COMPLETED','','2010-11-15 15:37:23'),(820,2,820,'2010-11-15 15:37:23','2010-11-15 15:37:23','2010-11-15 15:37:24','COMPLETED','COMPLETED','','2010-11-15 15:37:24'),(821,2,821,'2010-11-15 15:37:24','2010-11-15 15:37:24','2010-11-15 15:37:24','COMPLETED','COMPLETED','','2010-11-15 15:37:24'),(822,2,822,'2010-11-15 15:37:24','2010-11-15 15:37:24','2010-11-15 15:37:24','COMPLETED','COMPLETED','','2010-11-15 15:37:24'),(823,2,823,'2010-11-15 15:37:24','2010-11-15 15:37:24','2010-11-15 15:37:24','COMPLETED','COMPLETED','','2010-11-15 15:37:24'),(824,2,824,'2010-11-15 15:37:24','2010-11-15 15:37:24','2010-11-15 15:37:24','COMPLETED','COMPLETED','','2010-11-15 15:37:24'),(825,2,825,'2010-11-15 15:37:24','2010-11-15 15:37:24','2010-11-15 15:37:24','COMPLETED','COMPLETED','','2010-11-15 15:37:24'),(826,2,826,'2010-11-15 15:37:24','2010-11-15 15:37:24','2010-11-15 15:37:24','COMPLETED','COMPLETED','','2010-11-15 15:37:24'),(827,2,827,'2010-11-15 15:37:24','2010-11-15 15:37:24','2010-11-15 15:37:24','COMPLETED','COMPLETED','','2010-11-15 15:37:24'),(828,2,828,'2010-11-15 15:37:24','2010-11-15 15:37:24','2010-11-15 15:37:24','COMPLETED','COMPLETED','','2010-11-15 15:37:24'),(829,2,829,'2010-11-15 15:37:24','2010-11-15 15:37:24','2010-11-15 15:37:24','COMPLETED','COMPLETED','','2010-11-15 15:37:24'),(830,2,830,'2010-11-15 15:37:24','2010-11-15 15:37:24','2010-11-15 15:37:24','COMPLETED','COMPLETED','','2010-11-15 15:37:24'),(831,2,831,'2010-11-15 15:37:24','2010-11-15 15:37:24','2010-11-15 15:37:24','COMPLETED','COMPLETED','','2010-11-15 15:37:24'),(832,2,832,'2010-11-15 15:37:24','2010-11-15 15:37:24','2010-11-15 15:37:24','COMPLETED','COMPLETED','','2010-11-15 15:37:24'),(833,2,833,'2010-11-15 15:37:24','2010-11-15 15:37:24','2010-11-15 15:37:24','COMPLETED','COMPLETED','','2010-11-15 15:37:24'),(834,2,834,'2010-11-15 15:37:24','2010-11-15 15:37:24','2010-11-15 15:37:24','COMPLETED','COMPLETED','','2010-11-15 15:37:24'),(835,2,835,'2010-11-15 15:37:24','2010-11-15 15:37:24','2010-11-15 15:37:24','COMPLETED','COMPLETED','','2010-11-15 15:37:24'),(836,2,836,'2010-11-15 15:37:24','2010-11-15 15:37:24','2010-11-15 15:37:24','COMPLETED','COMPLETED','','2010-11-15 15:37:24'),(837,2,837,'2010-11-15 15:37:24','2010-11-15 15:37:24','2010-11-15 15:37:24','COMPLETED','COMPLETED','','2010-11-15 15:37:24'),(838,2,838,'2010-11-15 15:37:24','2010-11-15 15:37:24','2010-11-15 15:37:24','COMPLETED','COMPLETED','','2010-11-15 15:37:24'),(839,2,839,'2010-11-15 15:37:24','2010-11-15 15:37:24','2010-11-15 15:37:24','COMPLETED','COMPLETED','','2010-11-15 15:37:24');
/*!40000 ALTER TABLE `BATCH_JOB_EXECUTION` ENABLE KEYS */;
UNLOCK TABLES;

--
-- Table structure for table `BATCH_JOB_EXECUTION_CONTEXT`
--

DROP TABLE IF EXISTS `BATCH_JOB_EXECUTION_CONTEXT`;
/*!40101 SET @saved_cs_client     = @@character_set_client */;
/*!40101 SET character_set_client = utf8 */;
CREATE TABLE `BATCH_JOB_EXECUTION_CONTEXT` (
  `job_execution_id` bigint(20) NOT NULL,
  `short_context` varchar(2500) NOT NULL,
  `serialized_context` text,
  PRIMARY KEY (`job_execution_id`),
  CONSTRAINT `job_exec_ctx_fk` FOREIGN KEY (`job_execution_id`) REFERENCES `batch_job_execution` (`job_execution_id`)
) ENGINE=InnoDB DEFAULT CHARSET=utf8;
/*!40101 SET character_set_client = @saved_cs_client */;

--
-- Dumping data for table `BATCH_JOB_EXECUTION_CONTEXT`
--

LOCK TABLES `BATCH_JOB_EXECUTION_CONTEXT` WRITE;
/*!40000 ALTER TABLE `BATCH_JOB_EXECUTION_CONTEXT` DISABLE KEYS */;
INSERT INTO `BATCH_JOB_EXECUTION_CONTEXT` VALUES (12,'{\"map\":[\"\"]}',NULL),(13,'{\"map\":[\"\"]}',NULL),(14,'{\"map\":[\"\"]}',NULL),(15,'{\"map\":[\"\"]}',NULL),(16,'{\"map\":[\"\"]}',NULL),(17,'{\"map\":[\"\"]}',NULL),(18,'{\"map\":[\"\"]}',NULL),(19,'{\"map\":[\"\"]}',NULL),(20,'{\"map\":[\"\"]}',NULL),(21,'{\"map\":[\"\"]}',NULL),(22,'{\"map\":[\"\"]}',NULL),(23,'{\"map\":[\"\"]}',NULL),(24,'{\"map\":[\"\"]}',NULL),(25,'{\"map\":[\"\"]}',NULL),(26,'{\"map\":[\"\"]}',NULL),(27,'{\"map\":[\"\"]}',NULL),(28,'{\"map\":[\"\"]}',NULL),(29,'{\"map\":[\"\"]}',NULL),(30,'{\"map\":[\"\"]}',NULL),(31,'{\"map\":[\"\"]}',NULL),(32,'{\"map\":[\"\"]}',NULL),(33,'{\"map\":[\"\"]}',NULL),(34,'{\"map\":[\"\"]}',NULL),(35,'{\"map\":[\"\"]}',NULL),(36,'{\"map\":[\"\"]}',NULL),(37,'{\"map\":[\"\"]}',NULL),(38,'{\"map\":[\"\"]}',NULL),(39,'{\"map\":[\"\"]}',NULL),(40,'{\"map\":[\"\"]}',NULL),(41,'{\"map\":[\"\"]}',NULL),(42,'{\"map\":[\"\"]}',NULL),(43,'{\"map\":[\"\"]}',NULL),(44,'{\"map\":[\"\"]}',NULL),(45,'{\"map\":[\"\"]}',NULL),(46,'{\"map\":[\"\"]}',NULL),(47,'{\"map\":[\"\"]}',NULL),(48,'{\"map\":[\"\"]}',NULL),(49,'{\"map\":[\"\"]}',NULL),(50,'{\"map\":[\"\"]}',NULL),(51,'{\"map\":[\"\"]}',NULL),(52,'{\"map\":[\"\"]}',NULL),(53,'{\"map\":[\"\"]}',NULL),(54,'{\"map\":[\"\"]}',NULL),(55,'{\"map\":[\"\"]}',NULL),(56,'{\"map\":[\"\"]}',NULL),(57,'{\"map\":[\"\"]}',NULL),(58,'{\"map\":[\"\"]}',NULL),(59,'{\"map\":[\"\"]}',NULL),(60,'{\"map\":[\"\"]}',NULL),(61,'{\"map\":[\"\"]}',NULL),(62,'{\"map\":[\"\"]}',NULL),(63,'{\"map\":[\"\"]}',NULL),(64,'{\"map\":[\"\"]}',NULL),(65,'{\"map\":[\"\"]}',NULL),(66,'{\"map\":[\"\"]}',NULL),(67,'{\"map\":[\"\"]}',NULL),(68,'{\"map\":[\"\"]}',NULL),(69,'{\"map\":[\"\"]}',NULL),(70,'{\"map\":[\"\"]}',NULL),(71,'{\"map\":[\"\"]}',NULL),(72,'{\"map\":[\"\"]}',NULL),(73,'{\"map\":[\"\"]}',NULL),(74,'{\"map\":[\"\"]}',NULL),(75,'{\"map\":[\"\"]}',NULL),(76,'{\"map\":[\"\"]}',NULL),(77,'{\"map\":[\"\"]}',NULL),(78,'{\"map\":[\"\"]}',NULL),(79,'{\"map\":[\"\"]}',NULL),(80,'{\"map\":[\"\"]}',NULL),(81,'{\"map\":[\"\"]}',NULL),(82,'{\"map\":[\"\"]}',NULL),(83,'{\"map\":[\"\"]}',NULL),(84,'{\"map\":[\"\"]}',NULL),(85,'{\"map\":[\"\"]}',NULL),(86,'{\"map\":[\"\"]}',NULL),(87,'{\"map\":[\"\"]}',NULL),(88,'{\"map\":[\"\"]}',NULL),(89,'{\"map\":[\"\"]}',NULL),(90,'{\"map\":[\"\"]}',NULL),(91,'{\"map\":[\"\"]}',NULL),(92,'{\"map\":[\"\"]}',NULL),(93,'{\"map\":[\"\"]}',NULL),(94,'{\"map\":[\"\"]}',NULL),(95,'{\"map\":[\"\"]}',NULL),(96,'{\"map\":[\"\"]}',NULL),(97,'{\"map\":[\"\"]}',NULL),(98,'{\"map\":[\"\"]}',NULL),(99,'{\"map\":[\"\"]}',NULL),(100,'{\"map\":[\"\"]}',NULL),(101,'{\"map\":[\"\"]}',NULL),(102,'{\"map\":[\"\"]}',NULL),(103,'{\"map\":[\"\"]}',NULL),(104,'{\"map\":[\"\"]}',NULL),(105,'{\"map\":[\"\"]}',NULL),(106,'{\"map\":[\"\"]}',NULL),(107,'{\"map\":[\"\"]}',NULL),(108,'{\"map\":[\"\"]}',NULL),(109,'{\"map\":[\"\"]}',NULL),(110,'{\"map\":[\"\"]}',NULL),(111,'{\"map\":[\"\"]}',NULL),(112,'{\"map\":[\"\"]}',NULL),(113,'{\"map\":[\"\"]}',NULL),(114,'{\"map\":[\"\"]}',NULL),(115,'{\"map\":[\"\"]}',NULL),(116,'{\"map\":[\"\"]}',NULL),(117,'{\"map\":[\"\"]}',NULL),(118,'{\"map\":[\"\"]}',NULL),(119,'{\"map\":[\"\"]}',NULL),(120,'{\"map\":[\"\"]}',NULL),(121,'{\"map\":[\"\"]}',NULL),(122,'{\"map\":[\"\"]}',NULL),(123,'{\"map\":[\"\"]}',NULL),(124,'{\"map\":[\"\"]}',NULL),(125,'{\"map\":[\"\"]}',NULL),(126,'{\"map\":[\"\"]}',NULL),(127,'{\"map\":[\"\"]}',NULL),(128,'{\"map\":[\"\"]}',NULL),(129,'{\"map\":[\"\"]}',NULL),(130,'{\"map\":[\"\"]}',NULL),(131,'{\"map\":[\"\"]}',NULL),(132,'{\"map\":[\"\"]}',NULL),(133,'{\"map\":[\"\"]}',NULL),(134,'{\"map\":[\"\"]}',NULL),(135,'{\"map\":[\"\"]}',NULL),(136,'{\"map\":[\"\"]}',NULL),(137,'{\"map\":[\"\"]}',NULL),(138,'{\"map\":[\"\"]}',NULL),(139,'{\"map\":[\"\"]}',NULL),(140,'{\"map\":[\"\"]}',NULL),(141,'{\"map\":[\"\"]}',NULL),(142,'{\"map\":[\"\"]}',NULL),(143,'{\"map\":[\"\"]}',NULL),(144,'{\"map\":[\"\"]}',NULL),(145,'{\"map\":[\"\"]}',NULL),(146,'{\"map\":[\"\"]}',NULL),(147,'{\"map\":[\"\"]}',NULL),(148,'{\"map\":[\"\"]}',NULL),(149,'{\"map\":[\"\"]}',NULL),(150,'{\"map\":[\"\"]}',NULL),(151,'{\"map\":[\"\"]}',NULL),(152,'{\"map\":[\"\"]}',NULL),(153,'{\"map\":[\"\"]}',NULL),(154,'{\"map\":[\"\"]}',NULL),(155,'{\"map\":[\"\"]}',NULL),(156,'{\"map\":[\"\"]}',NULL),(157,'{\"map\":[\"\"]}',NULL),(158,'{\"map\":[\"\"]}',NULL),(159,'{\"map\":[\"\"]}',NULL),(160,'{\"map\":[\"\"]}',NULL),(161,'{\"map\":[\"\"]}',NULL),(162,'{\"map\":[\"\"]}',NULL),(163,'{\"map\":[\"\"]}',NULL),(164,'{\"map\":[\"\"]}',NULL),(165,'{\"map\":[\"\"]}',NULL),(166,'{\"map\":[\"\"]}',NULL),(167,'{\"map\":[\"\"]}',NULL),(168,'{\"map\":[\"\"]}',NULL),(169,'{\"map\":[\"\"]}',NULL),(170,'{\"map\":[\"\"]}',NULL),(171,'{\"map\":[\"\"]}',NULL),(172,'{\"map\":[\"\"]}',NULL),(173,'{\"map\":[\"\"]}',NULL),(174,'{\"map\":[\"\"]}',NULL),(175,'{\"map\":[\"\"]}',NULL),(176,'{\"map\":[\"\"]}',NULL),(177,'{\"map\":[\"\"]}',NULL),(178,'{\"map\":[\"\"]}',NULL),(179,'{\"map\":[\"\"]}',NULL),(180,'{\"map\":[\"\"]}',NULL),(181,'{\"map\":[\"\"]}',NULL),(182,'{\"map\":[\"\"]}',NULL),(183,'{\"map\":[\"\"]}',NULL),(184,'{\"map\":[\"\"]}',NULL),(185,'{\"map\":[\"\"]}',NULL),(186,'{\"map\":[\"\"]}',NULL),(187,'{\"map\":[\"\"]}',NULL),(188,'{\"map\":[\"\"]}',NULL),(189,'{\"map\":[\"\"]}',NULL),(190,'{\"map\":[\"\"]}',NULL),(191,'{\"map\":[\"\"]}',NULL),(192,'{\"map\":[\"\"]}',NULL),(193,'{\"map\":[\"\"]}',NULL),(194,'{\"map\":[\"\"]}',NULL),(195,'{\"map\":[\"\"]}',NULL),(196,'{\"map\":[\"\"]}',NULL),(197,'{\"map\":[\"\"]}',NULL),(198,'{\"map\":[\"\"]}',NULL),(199,'{\"map\":[\"\"]}',NULL),(200,'{\"map\":[\"\"]}',NULL),(201,'{\"map\":[\"\"]}',NULL),(202,'{\"map\":[\"\"]}',NULL),(203,'{\"map\":[\"\"]}',NULL),(204,'{\"map\":[\"\"]}',NULL),(205,'{\"map\":[\"\"]}',NULL),(206,'{\"map\":[\"\"]}',NULL),(207,'{\"map\":[\"\"]}',NULL),(208,'{\"map\":[\"\"]}',NULL),(209,'{\"map\":[\"\"]}',NULL),(210,'{\"map\":[\"\"]}',NULL),(211,'{\"map\":[\"\"]}',NULL),(212,'{\"map\":[\"\"]}',NULL),(213,'{\"map\":[\"\"]}',NULL),(214,'{\"map\":[\"\"]}',NULL),(215,'{\"map\":[\"\"]}',NULL),(216,'{\"map\":[\"\"]}',NULL),(217,'{\"map\":[\"\"]}',NULL),(218,'{\"map\":[\"\"]}',NULL),(219,'{\"map\":[\"\"]}',NULL),(220,'{\"map\":[\"\"]}',NULL),(221,'{\"map\":[\"\"]}',NULL),(222,'{\"map\":[\"\"]}',NULL),(223,'{\"map\":[\"\"]}',NULL),(224,'{\"map\":[\"\"]}',NULL),(225,'{\"map\":[\"\"]}',NULL),(226,'{\"map\":[\"\"]}',NULL),(227,'{\"map\":[\"\"]}',NULL),(228,'{\"map\":[\"\"]}',NULL),(229,'{\"map\":[\"\"]}',NULL),(230,'{\"map\":[\"\"]}',NULL),(231,'{\"map\":[\"\"]}',NULL),(232,'{\"map\":[\"\"]}',NULL),(233,'{\"map\":[\"\"]}',NULL),(234,'{\"map\":[\"\"]}',NULL),(235,'{\"map\":[\"\"]}',NULL),(236,'{\"map\":[\"\"]}',NULL),(237,'{\"map\":[\"\"]}',NULL),(238,'{\"map\":[\"\"]}',NULL),(239,'{\"map\":[\"\"]}',NULL),(240,'{\"map\":[\"\"]}',NULL),(241,'{\"map\":[\"\"]}',NULL),(242,'{\"map\":[\"\"]}',NULL),(243,'{\"map\":[\"\"]}',NULL),(244,'{\"map\":[\"\"]}',NULL),(245,'{\"map\":[\"\"]}',NULL),(246,'{\"map\":[\"\"]}',NULL),(247,'{\"map\":[\"\"]}',NULL),(248,'{\"map\":[\"\"]}',NULL),(249,'{\"map\":[\"\"]}',NULL),(250,'{\"map\":[\"\"]}',NULL),(251,'{\"map\":[\"\"]}',NULL),(252,'{\"map\":[\"\"]}',NULL),(253,'{\"map\":[\"\"]}',NULL),(254,'{\"map\":[\"\"]}',NULL),(255,'{\"map\":[\"\"]}',NULL),(256,'{\"map\":[\"\"]}',NULL),(257,'{\"map\":[\"\"]}',NULL),(258,'{\"map\":[\"\"]}',NULL),(259,'{\"map\":[\"\"]}',NULL),(260,'{\"map\":[\"\"]}',NULL),(261,'{\"map\":[\"\"]}',NULL),(262,'{\"map\":[\"\"]}',NULL),(263,'{\"map\":[\"\"]}',NULL),(264,'{\"map\":[\"\"]}',NULL),(265,'{\"map\":[\"\"]}',NULL),(266,'{\"map\":[\"\"]}',NULL),(267,'{\"map\":[\"\"]}',NULL),(268,'{\"map\":[\"\"]}',NULL),(269,'{\"map\":[\"\"]}',NULL),(270,'{\"map\":[\"\"]}',NULL),(271,'{\"map\":[\"\"]}',NULL),(272,'{\"map\":[\"\"]}',NULL),(273,'{\"map\":[\"\"]}',NULL),(274,'{\"map\":[\"\"]}',NULL),(275,'{\"map\":[\"\"]}',NULL),(276,'{\"map\":[\"\"]}',NULL),(277,'{\"map\":[\"\"]}',NULL),(278,'{\"map\":[\"\"]}',NULL),(279,'{\"map\":[\"\"]}',NULL),(280,'{\"map\":[\"\"]}',NULL),(281,'{\"map\":[\"\"]}',NULL),(282,'{\"map\":[\"\"]}',NULL),(283,'{\"map\":[\"\"]}',NULL),(284,'{\"map\":[\"\"]}',NULL),(285,'{\"map\":[\"\"]}',NULL),(286,'{\"map\":[\"\"]}',NULL),(287,'{\"map\":[\"\"]}',NULL),(288,'{\"map\":[\"\"]}',NULL),(289,'{\"map\":[\"\"]}',NULL),(290,'{\"map\":[\"\"]}',NULL),(291,'{\"map\":[\"\"]}',NULL),(292,'{\"map\":[\"\"]}',NULL),(293,'{\"map\":[\"\"]}',NULL),(294,'{\"map\":[\"\"]}',NULL),(295,'{\"map\":[\"\"]}',NULL),(296,'{\"map\":[\"\"]}',NULL),(297,'{\"map\":[\"\"]}',NULL),(298,'{\"map\":[\"\"]}',NULL),(299,'{\"map\":[\"\"]}',NULL),(300,'{\"map\":[\"\"]}',NULL),(301,'{\"map\":[\"\"]}',NULL),(302,'{\"map\":[\"\"]}',NULL),(303,'{\"map\":[\"\"]}',NULL),(304,'{\"map\":[\"\"]}',NULL),(305,'{\"map\":[\"\"]}',NULL),(306,'{\"map\":[\"\"]}',NULL),(307,'{\"map\":[\"\"]}',NULL),(308,'{\"map\":[\"\"]}',NULL),(309,'{\"map\":[\"\"]}',NULL),(310,'{\"map\":[\"\"]}',NULL),(311,'{\"map\":[\"\"]}',NULL),(312,'{\"map\":[\"\"]}',NULL),(313,'{\"map\":[\"\"]}',NULL),(314,'{\"map\":[\"\"]}',NULL),(315,'{\"map\":[\"\"]}',NULL),(316,'{\"map\":[\"\"]}',NULL),(317,'{\"map\":[\"\"]}',NULL),(318,'{\"map\":[\"\"]}',NULL),(319,'{\"map\":[\"\"]}',NULL),(320,'{\"map\":[\"\"]}',NULL),(321,'{\"map\":[\"\"]}',NULL),(322,'{\"map\":[\"\"]}',NULL),(323,'{\"map\":[\"\"]}',NULL),(324,'{\"map\":[\"\"]}',NULL),(325,'{\"map\":[\"\"]}',NULL),(326,'{\"map\":[\"\"]}',NULL),(327,'{\"map\":[\"\"]}',NULL),(328,'{\"map\":[\"\"]}',NULL),(329,'{\"map\":[\"\"]}',NULL),(330,'{\"map\":[\"\"]}',NULL),(331,'{\"map\":[\"\"]}',NULL),(332,'{\"map\":[\"\"]}',NULL),(333,'{\"map\":[\"\"]}',NULL),(334,'{\"map\":[\"\"]}',NULL),(335,'{\"map\":[\"\"]}',NULL),(336,'{\"map\":[\"\"]}',NULL),(337,'{\"map\":[\"\"]}',NULL),(338,'{\"map\":[\"\"]}',NULL),(339,'{\"map\":[\"\"]}',NULL),(340,'{\"map\":[\"\"]}',NULL),(341,'{\"map\":[\"\"]}',NULL),(342,'{\"map\":[\"\"]}',NULL),(343,'{\"map\":[\"\"]}',NULL),(344,'{\"map\":[\"\"]}',NULL),(345,'{\"map\":[\"\"]}',NULL),(346,'{\"map\":[\"\"]}',NULL),(347,'{\"map\":[\"\"]}',NULL),(348,'{\"map\":[\"\"]}',NULL),(349,'{\"map\":[\"\"]}',NULL),(350,'{\"map\":[\"\"]}',NULL),(351,'{\"map\":[\"\"]}',NULL),(352,'{\"map\":[\"\"]}',NULL),(353,'{\"map\":[\"\"]}',NULL),(354,'{\"map\":[\"\"]}',NULL),(355,'{\"map\":[\"\"]}',NULL),(356,'{\"map\":[\"\"]}',NULL),(357,'{\"map\":[\"\"]}',NULL),(358,'{\"map\":[\"\"]}',NULL),(359,'{\"map\":[\"\"]}',NULL),(360,'{\"map\":[\"\"]}',NULL),(361,'{\"map\":[\"\"]}',NULL),(362,'{\"map\":[\"\"]}',NULL),(363,'{\"map\":[\"\"]}',NULL),(364,'{\"map\":[\"\"]}',NULL),(365,'{\"map\":[\"\"]}',NULL),(366,'{\"map\":[\"\"]}',NULL),(367,'{\"map\":[\"\"]}',NULL),(368,'{\"map\":[\"\"]}',NULL),(369,'{\"map\":[\"\"]}',NULL),(370,'{\"map\":[\"\"]}',NULL),(371,'{\"map\":[\"\"]}',NULL),(372,'{\"map\":[\"\"]}',NULL),(373,'{\"map\":[\"\"]}',NULL),(374,'{\"map\":[\"\"]}',NULL),(375,'{\"map\":[\"\"]}',NULL),(376,'{\"map\":[\"\"]}',NULL),(377,'{\"map\":[\"\"]}',NULL),(378,'{\"map\":[\"\"]}',NULL),(379,'{\"map\":[\"\"]}',NULL),(380,'{\"map\":[\"\"]}',NULL),(381,'{\"map\":[\"\"]}',NULL),(382,'{\"map\":[\"\"]}',NULL),(383,'{\"map\":[\"\"]}',NULL),(384,'{\"map\":[\"\"]}',NULL),(385,'{\"map\":[\"\"]}',NULL),(386,'{\"map\":[\"\"]}',NULL),(387,'{\"map\":[\"\"]}',NULL),(388,'{\"map\":[\"\"]}',NULL),(389,'{\"map\":[\"\"]}',NULL),(390,'{\"map\":[\"\"]}',NULL),(391,'{\"map\":[\"\"]}',NULL),(392,'{\"map\":[\"\"]}',NULL),(393,'{\"map\":[\"\"]}',NULL),(394,'{\"map\":[\"\"]}',NULL),(395,'{\"map\":[\"\"]}',NULL),(396,'{\"map\":[\"\"]}',NULL),(397,'{\"map\":[\"\"]}',NULL),(398,'{\"map\":[\"\"]}',NULL),(399,'{\"map\":[\"\"]}',NULL),(400,'{\"map\":[\"\"]}',NULL),(401,'{\"map\":[\"\"]}',NULL),(402,'{\"map\":[\"\"]}',NULL),(403,'{\"map\":[\"\"]}',NULL),(404,'{\"map\":[\"\"]}',NULL),(405,'{\"map\":[\"\"]}',NULL),(406,'{\"map\":[\"\"]}',NULL),(407,'{\"map\":[\"\"]}',NULL),(408,'{\"map\":[\"\"]}',NULL),(409,'{\"map\":[\"\"]}',NULL),(410,'{\"map\":[\"\"]}',NULL),(411,'{\"map\":[\"\"]}',NULL),(412,'{\"map\":[\"\"]}',NULL),(413,'{\"map\":[\"\"]}',NULL),(414,'{\"map\":[\"\"]}',NULL),(415,'{\"map\":[\"\"]}',NULL),(416,'{\"map\":[\"\"]}',NULL),(417,'{\"map\":[\"\"]}',NULL),(418,'{\"map\":[\"\"]}',NULL),(419,'{\"map\":[\"\"]}',NULL),(420,'{\"map\":[\"\"]}',NULL),(421,'{\"map\":[\"\"]}',NULL),(422,'{\"map\":[\"\"]}',NULL),(423,'{\"map\":[\"\"]}',NULL),(424,'{\"map\":[\"\"]}',NULL),(425,'{\"map\":[\"\"]}',NULL),(426,'{\"map\":[\"\"]}',NULL),(427,'{\"map\":[\"\"]}',NULL),(428,'{\"map\":[\"\"]}',NULL),(429,'{\"map\":[\"\"]}',NULL),(430,'{\"map\":[\"\"]}',NULL),(431,'{\"map\":[\"\"]}',NULL),(432,'{\"map\":[\"\"]}',NULL),(433,'{\"map\":[\"\"]}',NULL),(434,'{\"map\":[\"\"]}',NULL),(435,'{\"map\":[\"\"]}',NULL),(436,'{\"map\":[\"\"]}',NULL),(437,'{\"map\":[\"\"]}',NULL),(438,'{\"map\":[\"\"]}',NULL),(439,'{\"map\":[\"\"]}',NULL),(440,'{\"map\":[\"\"]}',NULL),(441,'{\"map\":[\"\"]}',NULL),(442,'{\"map\":[\"\"]}',NULL),(443,'{\"map\":[\"\"]}',NULL),(444,'{\"map\":[\"\"]}',NULL),(445,'{\"map\":[\"\"]}',NULL),(446,'{\"map\":[\"\"]}',NULL),(447,'{\"map\":[\"\"]}',NULL),(448,'{\"map\":[\"\"]}',NULL),(449,'{\"map\":[\"\"]}',NULL),(450,'{\"map\":[\"\"]}',NULL),(451,'{\"map\":[\"\"]}',NULL),(452,'{\"map\":[\"\"]}',NULL),(453,'{\"map\":[\"\"]}',NULL),(454,'{\"map\":[\"\"]}',NULL),(455,'{\"map\":[\"\"]}',NULL),(456,'{\"map\":[\"\"]}',NULL),(457,'{\"map\":[\"\"]}',NULL),(458,'{\"map\":[\"\"]}',NULL),(459,'{\"map\":[\"\"]}',NULL),(460,'{\"map\":[\"\"]}',NULL),(461,'{\"map\":[\"\"]}',NULL),(462,'{\"map\":[\"\"]}',NULL),(463,'{\"map\":[\"\"]}',NULL),(464,'{\"map\":[\"\"]}',NULL),(465,'{\"map\":[\"\"]}',NULL),(466,'{\"map\":[\"\"]}',NULL),(467,'{\"map\":[\"\"]}',NULL),(468,'{\"map\":[\"\"]}',NULL),(469,'{\"map\":[\"\"]}',NULL),(470,'{\"map\":[\"\"]}',NULL),(471,'{\"map\":[\"\"]}',NULL),(472,'{\"map\":[\"\"]}',NULL),(473,'{\"map\":[\"\"]}',NULL),(474,'{\"map\":[\"\"]}',NULL),(475,'{\"map\":[\"\"]}',NULL),(476,'{\"map\":[\"\"]}',NULL),(477,'{\"map\":[\"\"]}',NULL),(478,'{\"map\":[\"\"]}',NULL),(479,'{\"map\":[\"\"]}',NULL),(480,'{\"map\":[\"\"]}',NULL),(481,'{\"map\":[\"\"]}',NULL),(482,'{\"map\":[\"\"]}',NULL),(483,'{\"map\":[\"\"]}',NULL),(484,'{\"map\":[\"\"]}',NULL),(485,'{\"map\":[\"\"]}',NULL),(486,'{\"map\":[\"\"]}',NULL),(487,'{\"map\":[\"\"]}',NULL),(488,'{\"map\":[\"\"]}',NULL),(489,'{\"map\":[\"\"]}',NULL),(490,'{\"map\":[\"\"]}',NULL),(491,'{\"map\":[\"\"]}',NULL),(492,'{\"map\":[\"\"]}',NULL),(493,'{\"map\":[\"\"]}',NULL),(494,'{\"map\":[\"\"]}',NULL),(495,'{\"map\":[\"\"]}',NULL),(496,'{\"map\":[\"\"]}',NULL),(497,'{\"map\":[\"\"]}',NULL),(498,'{\"map\":[\"\"]}',NULL),(499,'{\"map\":[\"\"]}',NULL),(500,'{\"map\":[\"\"]}',NULL),(501,'{\"map\":[\"\"]}',NULL),(502,'{\"map\":[\"\"]}',NULL),(503,'{\"map\":[\"\"]}',NULL),(504,'{\"map\":[\"\"]}',NULL),(505,'{\"map\":[\"\"]}',NULL),(506,'{\"map\":[\"\"]}',NULL),(507,'{\"map\":[\"\"]}',NULL),(508,'{\"map\":[\"\"]}',NULL),(509,'{\"map\":[\"\"]}',NULL),(510,'{\"map\":[\"\"]}',NULL),(511,'{\"map\":[\"\"]}',NULL),(512,'{\"map\":[\"\"]}',NULL),(513,'{\"map\":[\"\"]}',NULL),(514,'{\"map\":[\"\"]}',NULL),(515,'{\"map\":[\"\"]}',NULL),(516,'{\"map\":[\"\"]}',NULL),(517,'{\"map\":[\"\"]}',NULL),(518,'{\"map\":[\"\"]}',NULL),(519,'{\"map\":[\"\"]}',NULL),(520,'{\"map\":[\"\"]}',NULL),(521,'{\"map\":[\"\"]}',NULL),(522,'{\"map\":[\"\"]}',NULL),(523,'{\"map\":[\"\"]}',NULL),(524,'{\"map\":[\"\"]}',NULL),(525,'{\"map\":[\"\"]}',NULL),(526,'{\"map\":[\"\"]}',NULL),(527,'{\"map\":[\"\"]}',NULL),(528,'{\"map\":[\"\"]}',NULL),(529,'{\"map\":[\"\"]}',NULL),(530,'{\"map\":[\"\"]}',NULL),(531,'{\"map\":[\"\"]}',NULL),(532,'{\"map\":[\"\"]}',NULL),(533,'{\"map\":[\"\"]}',NULL),(534,'{\"map\":[\"\"]}',NULL),(535,'{\"map\":[\"\"]}',NULL),(536,'{\"map\":[\"\"]}',NULL),(537,'{\"map\":[\"\"]}',NULL),(538,'{\"map\":[\"\"]}',NULL),(539,'{\"map\":[\"\"]}',NULL),(540,'{\"map\":[\"\"]}',NULL),(541,'{\"map\":[\"\"]}',NULL),(542,'{\"map\":[\"\"]}',NULL),(543,'{\"map\":[\"\"]}',NULL),(544,'{\"map\":[\"\"]}',NULL),(545,'{\"map\":[\"\"]}',NULL),(546,'{\"map\":[\"\"]}',NULL),(547,'{\"map\":[\"\"]}',NULL),(548,'{\"map\":[\"\"]}',NULL),(549,'{\"map\":[\"\"]}',NULL),(550,'{\"map\":[\"\"]}',NULL),(551,'{\"map\":[\"\"]}',NULL),(552,'{\"map\":[\"\"]}',NULL),(553,'{\"map\":[\"\"]}',NULL),(554,'{\"map\":[\"\"]}',NULL),(555,'{\"map\":[\"\"]}',NULL),(556,'{\"map\":[\"\"]}',NULL),(557,'{\"map\":[\"\"]}',NULL),(558,'{\"map\":[\"\"]}',NULL),(559,'{\"map\":[\"\"]}',NULL),(560,'{\"map\":[\"\"]}',NULL),(561,'{\"map\":[\"\"]}',NULL),(562,'{\"map\":[\"\"]}',NULL),(563,'{\"map\":[\"\"]}',NULL),(564,'{\"map\":[\"\"]}',NULL),(565,'{\"map\":[\"\"]}',NULL),(566,'{\"map\":[\"\"]}',NULL),(567,'{\"map\":[\"\"]}',NULL),(568,'{\"map\":[\"\"]}',NULL),(569,'{\"map\":[\"\"]}',NULL),(570,'{\"map\":[\"\"]}',NULL),(571,'{\"map\":[\"\"]}',NULL),(572,'{\"map\":[\"\"]}',NULL),(573,'{\"map\":[\"\"]}',NULL),(574,'{\"map\":[\"\"]}',NULL),(575,'{\"map\":[\"\"]}',NULL),(576,'{\"map\":[\"\"]}',NULL),(577,'{\"map\":[\"\"]}',NULL),(578,'{\"map\":[\"\"]}',NULL),(579,'{\"map\":[\"\"]}',NULL),(580,'{\"map\":[\"\"]}',NULL),(581,'{\"map\":[\"\"]}',NULL),(582,'{\"map\":[\"\"]}',NULL),(583,'{\"map\":[\"\"]}',NULL),(584,'{\"map\":[\"\"]}',NULL),(585,'{\"map\":[\"\"]}',NULL),(586,'{\"map\":[\"\"]}',NULL),(587,'{\"map\":[\"\"]}',NULL),(588,'{\"map\":[\"\"]}',NULL),(589,'{\"map\":[\"\"]}',NULL),(590,'{\"map\":[\"\"]}',NULL),(591,'{\"map\":[\"\"]}',NULL),(592,'{\"map\":[\"\"]}',NULL),(593,'{\"map\":[\"\"]}',NULL),(594,'{\"map\":[\"\"]}',NULL),(595,'{\"map\":[\"\"]}',NULL),(596,'{\"map\":[\"\"]}',NULL),(597,'{\"map\":[\"\"]}',NULL),(598,'{\"map\":[\"\"]}',NULL),(599,'{\"map\":[\"\"]}',NULL),(600,'{\"map\":[\"\"]}',NULL),(601,'{\"map\":[\"\"]}',NULL),(602,'{\"map\":[\"\"]}',NULL),(603,'{\"map\":[\"\"]}',NULL),(604,'{\"map\":[\"\"]}',NULL),(605,'{\"map\":[\"\"]}',NULL),(606,'{\"map\":[\"\"]}',NULL),(607,'{\"map\":[\"\"]}',NULL),(608,'{\"map\":[\"\"]}',NULL),(609,'{\"map\":[\"\"]}',NULL),(610,'{\"map\":[\"\"]}',NULL),(611,'{\"map\":[\"\"]}',NULL),(612,'{\"map\":[\"\"]}',NULL),(613,'{\"map\":[\"\"]}',NULL),(614,'{\"map\":[\"\"]}',NULL),(615,'{\"map\":[\"\"]}',NULL),(616,'{\"map\":[\"\"]}',NULL),(617,'{\"map\":[\"\"]}',NULL),(618,'{\"map\":[\"\"]}',NULL),(619,'{\"map\":[\"\"]}',NULL),(620,'{\"map\":[\"\"]}',NULL),(621,'{\"map\":[\"\"]}',NULL),(622,'{\"map\":[\"\"]}',NULL),(623,'{\"map\":[\"\"]}',NULL),(624,'{\"map\":[\"\"]}',NULL),(625,'{\"map\":[\"\"]}',NULL),(626,'{\"map\":[\"\"]}',NULL),(627,'{\"map\":[\"\"]}',NULL),(628,'{\"map\":[\"\"]}',NULL),(629,'{\"map\":[\"\"]}',NULL),(630,'{\"map\":[\"\"]}',NULL),(631,'{\"map\":[\"\"]}',NULL),(632,'{\"map\":[\"\"]}',NULL),(633,'{\"map\":[\"\"]}',NULL),(634,'{\"map\":[\"\"]}',NULL),(635,'{\"map\":[\"\"]}',NULL),(636,'{\"map\":[\"\"]}',NULL),(637,'{\"map\":[\"\"]}',NULL),(638,'{\"map\":[\"\"]}',NULL),(639,'{\"map\":[\"\"]}',NULL),(640,'{\"map\":[\"\"]}',NULL),(641,'{\"map\":[\"\"]}',NULL),(642,'{\"map\":[\"\"]}',NULL),(643,'{\"map\":[\"\"]}',NULL),(644,'{\"map\":[\"\"]}',NULL),(645,'{\"map\":[\"\"]}',NULL),(646,'{\"map\":[\"\"]}',NULL),(647,'{\"map\":[\"\"]}',NULL),(648,'{\"map\":[\"\"]}',NULL),(649,'{\"map\":[\"\"]}',NULL),(650,'{\"map\":[\"\"]}',NULL),(651,'{\"map\":[\"\"]}',NULL),(652,'{\"map\":[\"\"]}',NULL),(653,'{\"map\":[\"\"]}',NULL),(654,'{\"map\":[\"\"]}',NULL),(655,'{\"map\":[\"\"]}',NULL),(656,'{\"map\":[\"\"]}',NULL),(657,'{\"map\":[\"\"]}',NULL),(658,'{\"map\":[\"\"]}',NULL),(659,'{\"map\":[\"\"]}',NULL),(660,'{\"map\":[\"\"]}',NULL),(661,'{\"map\":[\"\"]}',NULL),(662,'{\"map\":[\"\"]}',NULL),(663,'{\"map\":[\"\"]}',NULL),(664,'{\"map\":[\"\"]}',NULL),(665,'{\"map\":[\"\"]}',NULL),(666,'{\"map\":[\"\"]}',NULL),(667,'{\"map\":[\"\"]}',NULL),(668,'{\"map\":[\"\"]}',NULL),(669,'{\"map\":[\"\"]}',NULL),(670,'{\"map\":[\"\"]}',NULL),(671,'{\"map\":[\"\"]}',NULL),(672,'{\"map\":[\"\"]}',NULL),(673,'{\"map\":[\"\"]}',NULL),(674,'{\"map\":[\"\"]}',NULL),(675,'{\"map\":[\"\"]}',NULL),(676,'{\"map\":[\"\"]}',NULL),(677,'{\"map\":[\"\"]}',NULL),(678,'{\"map\":[\"\"]}',NULL),(679,'{\"map\":[\"\"]}',NULL),(680,'{\"map\":[\"\"]}',NULL),(681,'{\"map\":[\"\"]}',NULL),(682,'{\"map\":[\"\"]}',NULL),(683,'{\"map\":[\"\"]}',NULL),(684,'{\"map\":[\"\"]}',NULL),(685,'{\"map\":[\"\"]}',NULL),(686,'{\"map\":[\"\"]}',NULL),(687,'{\"map\":[\"\"]}',NULL),(688,'{\"map\":[\"\"]}',NULL),(689,'{\"map\":[\"\"]}',NULL),(690,'{\"map\":[\"\"]}',NULL),(691,'{\"map\":[\"\"]}',NULL),(692,'{\"map\":[\"\"]}',NULL),(693,'{\"map\":[\"\"]}',NULL),(694,'{\"map\":[\"\"]}',NULL),(695,'{\"map\":[\"\"]}',NULL),(696,'{\"map\":[\"\"]}',NULL),(697,'{\"map\":[\"\"]}',NULL),(698,'{\"map\":[\"\"]}',NULL),(699,'{\"map\":[\"\"]}',NULL),(700,'{\"map\":[\"\"]}',NULL),(701,'{\"map\":[\"\"]}',NULL),(702,'{\"map\":[\"\"]}',NULL),(703,'{\"map\":[\"\"]}',NULL),(704,'{\"map\":[\"\"]}',NULL),(705,'{\"map\":[\"\"]}',NULL),(706,'{\"map\":[\"\"]}',NULL),(707,'{\"map\":[\"\"]}',NULL),(708,'{\"map\":[\"\"]}',NULL),(709,'{\"map\":[\"\"]}',NULL),(710,'{\"map\":[\"\"]}',NULL),(711,'{\"map\":[\"\"]}',NULL),(712,'{\"map\":[\"\"]}',NULL),(713,'{\"map\":[\"\"]}',NULL),(714,'{\"map\":[\"\"]}',NULL),(715,'{\"map\":[\"\"]}',NULL),(716,'{\"map\":[\"\"]}',NULL),(717,'{\"map\":[\"\"]}',NULL),(718,'{\"map\":[\"\"]}',NULL),(719,'{\"map\":[\"\"]}',NULL),(720,'{\"map\":[\"\"]}',NULL),(721,'{\"map\":[\"\"]}',NULL),(722,'{\"map\":[\"\"]}',NULL),(723,'{\"map\":[\"\"]}',NULL),(724,'{\"map\":[\"\"]}',NULL),(725,'{\"map\":[\"\"]}',NULL),(726,'{\"map\":[\"\"]}',NULL),(727,'{\"map\":[\"\"]}',NULL),(728,'{\"map\":[\"\"]}',NULL),(729,'{\"map\":[\"\"]}',NULL),(730,'{\"map\":[\"\"]}',NULL),(731,'{\"map\":[\"\"]}',NULL),(732,'{\"map\":[\"\"]}',NULL),(733,'{\"map\":[\"\"]}',NULL),(734,'{\"map\":[\"\"]}',NULL),(735,'{\"map\":[\"\"]}',NULL),(736,'{\"map\":[\"\"]}',NULL),(737,'{\"map\":[\"\"]}',NULL),(738,'{\"map\":[\"\"]}',NULL),(739,'{\"map\":[\"\"]}',NULL),(740,'{\"map\":[\"\"]}',NULL),(741,'{\"map\":[\"\"]}',NULL),(742,'{\"map\":[\"\"]}',NULL),(743,'{\"map\":[\"\"]}',NULL),(744,'{\"map\":[\"\"]}',NULL),(745,'{\"map\":[\"\"]}',NULL),(746,'{\"map\":[\"\"]}',NULL),(747,'{\"map\":[\"\"]}',NULL),(748,'{\"map\":[\"\"]}',NULL),(749,'{\"map\":[\"\"]}',NULL),(750,'{\"map\":[\"\"]}',NULL),(751,'{\"map\":[\"\"]}',NULL),(752,'{\"map\":[\"\"]}',NULL),(753,'{\"map\":[\"\"]}',NULL),(754,'{\"map\":[\"\"]}',NULL),(755,'{\"map\":[\"\"]}',NULL),(756,'{\"map\":[\"\"]}',NULL),(757,'{\"map\":[\"\"]}',NULL),(758,'{\"map\":[\"\"]}',NULL),(759,'{\"map\":[\"\"]}',NULL),(760,'{\"map\":[\"\"]}',NULL),(761,'{\"map\":[\"\"]}',NULL),(762,'{\"map\":[\"\"]}',NULL),(763,'{\"map\":[\"\"]}',NULL),(764,'{\"map\":[\"\"]}',NULL),(765,'{\"map\":[\"\"]}',NULL),(766,'{\"map\":[\"\"]}',NULL),(767,'{\"map\":[\"\"]}',NULL),(768,'{\"map\":[\"\"]}',NULL),(769,'{\"map\":[\"\"]}',NULL),(770,'{\"map\":[\"\"]}',NULL),(771,'{\"map\":[\"\"]}',NULL),(772,'{\"map\":[\"\"]}',NULL),(773,'{\"map\":[\"\"]}',NULL),(774,'{\"map\":[\"\"]}',NULL),(775,'{\"map\":[\"\"]}',NULL),(776,'{\"map\":[\"\"]}',NULL),(777,'{\"map\":[\"\"]}',NULL),(778,'{\"map\":[\"\"]}',NULL),(779,'{\"map\":[\"\"]}',NULL),(780,'{\"map\":[\"\"]}',NULL),(781,'{\"map\":[\"\"]}',NULL),(782,'{\"map\":[\"\"]}',NULL),(783,'{\"map\":[\"\"]}',NULL),(784,'{\"map\":[\"\"]}',NULL),(785,'{\"map\":[\"\"]}',NULL),(786,'{\"map\":[\"\"]}',NULL),(787,'{\"map\":[\"\"]}',NULL),(788,'{\"map\":[\"\"]}',NULL),(789,'{\"map\":[\"\"]}',NULL),(790,'{\"map\":[\"\"]}',NULL),(791,'{\"map\":[\"\"]}',NULL),(792,'{\"map\":[\"\"]}',NULL),(793,'{\"map\":[\"\"]}',NULL),(794,'{\"map\":[\"\"]}',NULL),(795,'{\"map\":[\"\"]}',NULL),(796,'{\"map\":[\"\"]}',NULL),(797,'{\"map\":[\"\"]}',NULL),(798,'{\"map\":[\"\"]}',NULL),(799,'{\"map\":[\"\"]}',NULL),(800,'{\"map\":[\"\"]}',NULL),(801,'{\"map\":[\"\"]}',NULL),(802,'{\"map\":[\"\"]}',NULL),(803,'{\"map\":[\"\"]}',NULL),(804,'{\"map\":[\"\"]}',NULL),(805,'{\"map\":[\"\"]}',NULL),(806,'{\"map\":[\"\"]}',NULL),(807,'{\"map\":[\"\"]}',NULL),(808,'{\"map\":[\"\"]}',NULL),(809,'{\"map\":[\"\"]}',NULL),(810,'{\"map\":[\"\"]}',NULL),(811,'{\"map\":[\"\"]}',NULL),(812,'{\"map\":[\"\"]}',NULL),(813,'{\"map\":[\"\"]}',NULL),(814,'{\"map\":[\"\"]}',NULL),(815,'{\"map\":[\"\"]}',NULL),(816,'{\"map\":[\"\"]}',NULL),(817,'{\"map\":[\"\"]}',NULL),(818,'{\"map\":[\"\"]}',NULL),(819,'{\"map\":[\"\"]}',NULL),(820,'{\"map\":[\"\"]}',NULL),(821,'{\"map\":[\"\"]}',NULL),(822,'{\"map\":[\"\"]}',NULL),(823,'{\"map\":[\"\"]}',NULL),(824,'{\"map\":[\"\"]}',NULL),(825,'{\"map\":[\"\"]}',NULL),(826,'{\"map\":[\"\"]}',NULL),(827,'{\"map\":[\"\"]}',NULL),(828,'{\"map\":[\"\"]}',NULL),(829,'{\"map\":[\"\"]}',NULL),(830,'{\"map\":[\"\"]}',NULL),(831,'{\"map\":[\"\"]}',NULL),(832,'{\"map\":[\"\"]}',NULL),(833,'{\"map\":[\"\"]}',NULL),(834,'{\"map\":[\"\"]}',NULL),(835,'{\"map\":[\"\"]}',NULL),(836,'{\"map\":[\"\"]}',NULL),(837,'{\"map\":[\"\"]}',NULL),(838,'{\"map\":[\"\"]}',NULL),(839,'{\"map\":[\"\"]}',NULL);
/*!40000 ALTER TABLE `BATCH_JOB_EXECUTION_CONTEXT` ENABLE KEYS */;
UNLOCK TABLES;

--
-- Table structure for table `BATCH_JOB_EXECUTION_SEQ`
--

DROP TABLE IF EXISTS `BATCH_JOB_EXECUTION_SEQ`;
/*!40101 SET @saved_cs_client     = @@character_set_client */;
/*!40101 SET character_set_client = utf8 */;
CREATE TABLE `BATCH_JOB_EXECUTION_SEQ` (
  `id` bigint(20) NOT NULL
) ENGINE=MyISAM DEFAULT CHARSET=utf8;
/*!40101 SET character_set_client = @saved_cs_client */;

--
-- Dumping data for table `BATCH_JOB_EXECUTION_SEQ`
--

LOCK TABLES `BATCH_JOB_EXECUTION_SEQ` WRITE;
/*!40000 ALTER TABLE `BATCH_JOB_EXECUTION_SEQ` DISABLE KEYS */;
INSERT INTO `BATCH_JOB_EXECUTION_SEQ` VALUES (839);
/*!40000 ALTER TABLE `BATCH_JOB_EXECUTION_SEQ` ENABLE KEYS */;
UNLOCK TABLES;

--
-- Table structure for table `BATCH_JOB_INSTANCE`
--

DROP TABLE IF EXISTS `BATCH_JOB_INSTANCE`;
/*!40101 SET @saved_cs_client     = @@character_set_client */;
/*!40101 SET character_set_client = utf8 */;
CREATE TABLE `BATCH_JOB_INSTANCE` (
  `job_instance_id` bigint(20) NOT NULL,
  `version` bigint(20) DEFAULT NULL,
  `job_name` varchar(100) NOT NULL,
  `job_key` varchar(32) NOT NULL,
  PRIMARY KEY (`job_instance_id`),
  UNIQUE KEY `job_inst_un` (`job_name`,`job_key`)
) ENGINE=InnoDB DEFAULT CHARSET=utf8;
/*!40101 SET character_set_client = @saved_cs_client */;

--
-- Dumping data for table `BATCH_JOB_INSTANCE`
--

LOCK TABLES `BATCH_JOB_INSTANCE` WRITE;
/*!40000 ALTER TABLE `BATCH_JOB_INSTANCE` DISABLE KEYS */;
INSERT INTO `BATCH_JOB_INSTANCE` VALUES (1,0,'ApplyCustomerFeeChangesTaskJob','e7d9055ca9c36d95cc137479b00dea92'),(2,0,'ApplyHolidayChangesTaskJob','f2e8e93738407cea88a1644a43143929'),(3,0,'BranchReportTaskJob','e43a44f44ee326ed7d57e29edaa5df85'),(4,0,'GenerateMeetingsForCustomerAndSavingsTaskJob','f2e8e93738407cea88a1644a43143929'),(5,0,'LoanArrearsAgingTaskJob','f2e8e93738407cea88a1644a43143929'),(6,0,'LoanArrearsTaskJob','e7d9055ca9c36d95cc137479b00dea92'),(7,0,'LoanArrearsAndPortfolioAtRiskTaskJob','f2e8e93738407cea88a1644a43143929'),(8,0,'PortfolioAtRiskTaskJob','f2e8e93738407cea88a1644a43143929'),(9,0,'ProductStatusJob','2d958f5f905b0c901ae39b091a04e5bd'),(10,0,'SavingsIntCalcTaskJob','2d958f5f905b0c901ae39b091a04e5bd'),(11,0,'SavingsIntPostingTaskJob','2d958f5f905b0c901ae39b091a04e5bd'),(12,0,'ApplyCustomerFeeChangesTaskJob','a1a363304d48d0f5b48b7ad543139221'),(13,0,'ApplyCustomerFeeChangesTaskJob','4c7b664d062eaa3b847ecf5fe4d5ab94'),(14,0,'ApplyCustomerFeeChangesTaskJob','74b922cbb3ef468163b64cee3fb490d8'),(15,0,'ApplyCustomerFeeChangesTaskJob','d63039413c9236ee01d6491e05deb636'),(16,0,'ApplyCustomerFeeChangesTaskJob','11635a27082f5a7027ede8ca2b5e7423'),(17,0,'ApplyCustomerFeeChangesTaskJob','43524fe41b530d1b9ef7c64d7c7a70fe'),(18,0,'ApplyCustomerFeeChangesTaskJob','c2397f2e00f4b18d9d5039e610547045'),(19,0,'ApplyCustomerFeeChangesTaskJob','935e3fe000d0dedfad302c831c2bc168'),(20,0,'ApplyCustomerFeeChangesTaskJob','c8df8baecb8dad06e6d718abc8d1b5d6'),(21,0,'ApplyCustomerFeeChangesTaskJob','311c4e308fba2b348eacdbbe2e8d9667'),(22,0,'ApplyCustomerFeeChangesTaskJob','f494516b2db410df5634c51f6734ee28'),(23,0,'ApplyCustomerFeeChangesTaskJob','a4b69767c956a00c85e8fb569f99d8b4'),(24,0,'ApplyCustomerFeeChangesTaskJob','64e1f0eeeee3a58b143ada852bd5e6fe'),(25,0,'ApplyCustomerFeeChangesTaskJob','0975d4b2f748a849c5c6eaa357da2c86'),(26,0,'ApplyCustomerFeeChangesTaskJob','95b3e1253d0e49e61a552e54941ddc66'),(27,0,'ApplyCustomerFeeChangesTaskJob','7fcf94be57eece0e5893c277adcdb526'),(28,0,'ApplyCustomerFeeChangesTaskJob','472cb080879b897e4d59d9b1ec7efe5e'),(29,0,'ApplyCustomerFeeChangesTaskJob','bea460fd5547b8c569a78591fe57a464'),(30,0,'ApplyCustomerFeeChangesTaskJob','6fd9748f7466b1a65d370d2cd4d9993e'),(31,0,'ApplyCustomerFeeChangesTaskJob','30af6ea2b09d01e2e1797345d8261905'),(32,0,'ApplyCustomerFeeChangesTaskJob','c349165bb370e56502226980839e3664'),(33,0,'ApplyCustomerFeeChangesTaskJob','200b60dbca5af548b2ce7321283c6969'),(34,0,'ApplyCustomerFeeChangesTaskJob','9ee6d1d20ef86570e388b2c75ace5092'),(35,0,'ApplyCustomerFeeChangesTaskJob','edf9305df07e7eb216b2096a6227b554'),(36,0,'ApplyCustomerFeeChangesTaskJob','196f33a6618356f0209c356429d0f3b4'),(37,0,'ApplyCustomerFeeChangesTaskJob','6903d12d32fee41b60d7ee25489c4446'),(38,0,'ApplyCustomerFeeChangesTaskJob','3563b4893b66ee8500f1f64e4e84b59a'),(39,0,'ApplyCustomerFeeChangesTaskJob','c7362d0e111bf402f81a905a9bb5e188'),(40,0,'ApplyCustomerFeeChangesTaskJob','f5e6622f4a9ed25819b6cd27cfe3b49b'),(41,0,'ApplyCustomerFeeChangesTaskJob','3db43d7605d68f31284b06dbb8c3703b'),(42,0,'ApplyCustomerFeeChangesTaskJob','0602a496d1f8aed32a75bb4dad224000'),(43,0,'ApplyCustomerFeeChangesTaskJob','caba8f2848d6c8e4d4e9738e633d1502'),(44,0,'ApplyCustomerFeeChangesTaskJob','2e2f4ba29d315f2d6d9072c00e8a8ffc'),(45,0,'ApplyCustomerFeeChangesTaskJob','49cdbc877cda2696f9b96a715188c5c5'),(46,0,'ApplyCustomerFeeChangesTaskJob','a035ff9b79baa9cf74db940179b5166f'),(47,0,'ApplyCustomerFeeChangesTaskJob','a7c5600377c9358c83ccf4b5855bc8ec'),(48,0,'ApplyCustomerFeeChangesTaskJob','7266982729b680b8609eae5be9d2f746'),(49,0,'ApplyCustomerFeeChangesTaskJob','361a0c8a78f4517ae31e06fa910040b8'),(50,0,'ApplyCustomerFeeChangesTaskJob','a3321a16c0eea02951240cf20734d637'),(51,0,'ApplyCustomerFeeChangesTaskJob','a5578d88a85d7691a5c6543de9b7fffa'),(52,0,'ApplyCustomerFeeChangesTaskJob','39fdec65adc520e872309dd6b7443152'),(53,0,'ApplyCustomerFeeChangesTaskJob','8a1c5c2c92e530d7bef5a2d20d58ed28'),(54,0,'ApplyCustomerFeeChangesTaskJob','4251c8f43c3492a5d78f39d843ef892a'),(55,0,'ApplyCustomerFeeChangesTaskJob','9da631c361f1734bfe5c1602df2a46a2'),(56,0,'ApplyCustomerFeeChangesTaskJob','bdb5bccc5c73def15e01b46e8b0adf6d'),(57,0,'ApplyCustomerFeeChangesTaskJob','35c9c90cafcb3b77a0ff79733ee20d58'),(58,0,'ApplyCustomerFeeChangesTaskJob','e9926c7e424db96145184eac55f3af9b'),(59,0,'ApplyCustomerFeeChangesTaskJob','3c6663fd441267e3067cb38db49ce204'),(60,0,'ApplyCustomerFeeChangesTaskJob','cc64a8d96daa56c0126a39797006a49f'),(61,0,'ApplyCustomerFeeChangesTaskJob','d3d6f2dec7753806c2e7ae178826731d'),(62,0,'ApplyCustomerFeeChangesTaskJob','f8668902caf2739162595d7788a552de'),(63,0,'ApplyCustomerFeeChangesTaskJob','f458b4e6c8d631c0210a8f95a75ab610'),(64,0,'ApplyCustomerFeeChangesTaskJob','911b5d4d3f04c8c373de76297a1022da'),(65,0,'ApplyCustomerFeeChangesTaskJob','ea7fb47843896bbe15e3017d2d8fc5e4'),(66,0,'ApplyCustomerFeeChangesTaskJob','91553546c9423b26ee3f8c6ef8fe3a61'),(67,0,'ApplyCustomerFeeChangesTaskJob','13c996546842454be4f5da2c2f858ae3'),(68,0,'ApplyCustomerFeeChangesTaskJob','75800a385f3045124c2097638068dba8'),(69,0,'ApplyCustomerFeeChangesTaskJob','9867e5c86f5c557b365da2ab40288866'),(70,0,'ApplyCustomerFeeChangesTaskJob','6f8c09e9c727f4ba4cc85bd70a027510'),(71,0,'ApplyCustomerFeeChangesTaskJob','0d04cf90ddb9b3d024ae67e7a7f537cd'),(72,0,'ApplyCustomerFeeChangesTaskJob','cefee9a9923303fbba9be942622a409b'),(73,0,'ApplyCustomerFeeChangesTaskJob','23f74019279777874ecfbae4eda9648c'),(74,0,'ApplyCustomerFeeChangesTaskJob','fde542e21a445fe84ef4863d22e0b3c4'),(75,0,'ApplyCustomerFeeChangesTaskJob','caefd203f54288df1ddef893f353e2fa'),(76,0,'ApplyCustomerFeeChangesTaskJob','c96aaf817db45a9d4548026b7ce3a618'),(77,0,'ApplyCustomerFeeChangesTaskJob','c8ba22636d6f6029637948bd46df93eb'),(78,0,'ApplyCustomerFeeChangesTaskJob','214230d474c5b7a2dacded2dbf334d60'),(79,0,'ApplyCustomerFeeChangesTaskJob','3e5613b3c7edc2a329beaa5934c0e1a5'),(80,0,'ApplyCustomerFeeChangesTaskJob','d3e40d266c4fbc6758a9f462e248fdcc'),(81,0,'ApplyCustomerFeeChangesTaskJob','3e07ec49ca783692e3636498d23c875a'),(82,0,'ApplyCustomerFeeChangesTaskJob','fe4f5377b6b326006deb053d08e33361'),(83,0,'ApplyCustomerFeeChangesTaskJob','864da83c7c357379bf2f4584cfa3da28'),(84,0,'ApplyCustomerFeeChangesTaskJob','a160982c55de7236370c95b3ef2c3e0e'),(85,0,'ApplyCustomerFeeChangesTaskJob','cf89bafaa588ff06e5d1973c4c6521cf'),(86,0,'ApplyCustomerFeeChangesTaskJob','dc3c314b3b1a6264b625c435e5d402da'),(87,0,'ApplyCustomerFeeChangesTaskJob','ffe079e3c52cb4e74da06c9b14cc4067'),(88,0,'ApplyCustomerFeeChangesTaskJob','8281397b9471e67b33207b6dae9045c7'),(89,0,'ApplyCustomerFeeChangesTaskJob','90fadef9d97e876bbd1035463ecf28eb'),(90,0,'ApplyCustomerFeeChangesTaskJob','e6f4189be11e4271e7047f40499ea05f'),(91,0,'ApplyCustomerFeeChangesTaskJob','586ed65c9740a4bb121f610f7d379148'),(92,0,'ApplyCustomerFeeChangesTaskJob','c47e81756255e6b1adacf9e9121a96f8'),(93,0,'ApplyCustomerFeeChangesTaskJob','def53cc40bf78a131746e837aa297d7a'),(94,0,'ApplyCustomerFeeChangesTaskJob','a06c1f1fe18ed2f5bc8458e68d1144e6'),(95,0,'ApplyCustomerFeeChangesTaskJob','7edd040b551bf813311e5c76806efd98'),(96,0,'ApplyCustomerFeeChangesTaskJob','640fb44c5ca79b7fc3f5a12e6eed4722'),(97,0,'ApplyCustomerFeeChangesTaskJob','1e33733cd3ae2a2829f265f62483417d'),(98,0,'ApplyCustomerFeeChangesTaskJob','a0d48584096faa14d4edf47acea40973'),(99,0,'ApplyCustomerFeeChangesTaskJob','e121c42553cc9bcb1ca3e3565289c869'),(100,0,'ApplyCustomerFeeChangesTaskJob','46cda378bd18ea6031665c84ea6f98b8'),(101,0,'ApplyCustomerFeeChangesTaskJob','605f75035e23346abadd30400297510a'),(102,0,'ApplyCustomerFeeChangesTaskJob','5e2cd8803c3f9c1baa0a9b7819f1f245'),(103,0,'ApplyCustomerFeeChangesTaskJob','40973c31e6f1167389fdeb273f15d2f8'),(104,0,'ApplyCustomerFeeChangesTaskJob','08cabc0013ce456be8b05d9d4413cf28'),(105,0,'ApplyCustomerFeeChangesTaskJob','c51d41cf9e09d9231deeee5dbb9f9391'),(106,0,'ApplyCustomerFeeChangesTaskJob','b1bd5836372ae0ad4cf95ef580badf0c'),(107,0,'ApplyCustomerFeeChangesTaskJob','ab0c8fe0d2a387cdd6b04c9c755a266e'),(108,0,'ApplyCustomerFeeChangesTaskJob','0d04392fab01e5ef8407e241b605c161'),(109,0,'ApplyCustomerFeeChangesTaskJob','ae443739d86600025ae6482aa7be53dd'),(110,0,'ApplyCustomerFeeChangesTaskJob','64e7af1eac0611935d6b4fffc26f2e6b'),(111,0,'ApplyCustomerFeeChangesTaskJob','0d8050e44b8195769222b2da6518c287'),(112,0,'ApplyCustomerFeeChangesTaskJob','4ef691fa88ef693f95e318943501b554'),(113,0,'ApplyCustomerFeeChangesTaskJob','9eec73cc3b14cd28b2c6f9fb046dcec3'),(114,0,'ApplyCustomerFeeChangesTaskJob','734cd7910bfd9610b70ae26fbdc5d00a'),(115,0,'ApplyHolidayChangesTaskJob','a1a363304d48d0f5b48b7ad543139221'),(116,0,'ApplyHolidayChangesTaskJob','4c7b664d062eaa3b847ecf5fe4d5ab94'),(117,0,'ApplyHolidayChangesTaskJob','74b922cbb3ef468163b64cee3fb490d8'),(118,0,'ApplyHolidayChangesTaskJob','d63039413c9236ee01d6491e05deb636'),(119,0,'ApplyHolidayChangesTaskJob','11635a27082f5a7027ede8ca2b5e7423'),(120,0,'ApplyHolidayChangesTaskJob','43524fe41b530d1b9ef7c64d7c7a70fe'),(121,0,'ApplyHolidayChangesTaskJob','c2397f2e00f4b18d9d5039e610547045'),(122,0,'ApplyHolidayChangesTaskJob','935e3fe000d0dedfad302c831c2bc168'),(123,0,'ApplyHolidayChangesTaskJob','c8df8baecb8dad06e6d718abc8d1b5d6'),(124,0,'ApplyHolidayChangesTaskJob','311c4e308fba2b348eacdbbe2e8d9667'),(125,0,'ApplyHolidayChangesTaskJob','f494516b2db410df5634c51f6734ee28'),(126,0,'ApplyHolidayChangesTaskJob','a4b69767c956a00c85e8fb569f99d8b4'),(127,0,'ApplyHolidayChangesTaskJob','64e1f0eeeee3a58b143ada852bd5e6fe'),(128,0,'ApplyHolidayChangesTaskJob','0975d4b2f748a849c5c6eaa357da2c86'),(129,0,'ApplyHolidayChangesTaskJob','95b3e1253d0e49e61a552e54941ddc66'),(130,0,'ApplyHolidayChangesTaskJob','7fcf94be57eece0e5893c277adcdb526'),(131,0,'ApplyHolidayChangesTaskJob','472cb080879b897e4d59d9b1ec7efe5e'),(132,0,'ApplyHolidayChangesTaskJob','bea460fd5547b8c569a78591fe57a464'),(133,0,'ApplyHolidayChangesTaskJob','6fd9748f7466b1a65d370d2cd4d9993e'),(134,0,'ApplyHolidayChangesTaskJob','30af6ea2b09d01e2e1797345d8261905'),(135,0,'ApplyHolidayChangesTaskJob','c349165bb370e56502226980839e3664'),(136,0,'ApplyHolidayChangesTaskJob','200b60dbca5af548b2ce7321283c6969'),(137,0,'ApplyHolidayChangesTaskJob','9ee6d1d20ef86570e388b2c75ace5092'),(138,0,'ApplyHolidayChangesTaskJob','edf9305df07e7eb216b2096a6227b554'),(139,0,'ApplyHolidayChangesTaskJob','196f33a6618356f0209c356429d0f3b4'),(140,0,'ApplyHolidayChangesTaskJob','6903d12d32fee41b60d7ee25489c4446'),(141,0,'ApplyHolidayChangesTaskJob','3563b4893b66ee8500f1f64e4e84b59a'),(142,0,'ApplyHolidayChangesTaskJob','c7362d0e111bf402f81a905a9bb5e188'),(143,0,'ApplyHolidayChangesTaskJob','f5e6622f4a9ed25819b6cd27cfe3b49b'),(144,0,'ApplyHolidayChangesTaskJob','3db43d7605d68f31284b06dbb8c3703b'),(145,0,'ApplyHolidayChangesTaskJob','0602a496d1f8aed32a75bb4dad224000'),(146,0,'ApplyHolidayChangesTaskJob','caba8f2848d6c8e4d4e9738e633d1502'),(147,0,'ApplyHolidayChangesTaskJob','2e2f4ba29d315f2d6d9072c00e8a8ffc'),(148,0,'ApplyHolidayChangesTaskJob','49cdbc877cda2696f9b96a715188c5c5'),(149,0,'ApplyHolidayChangesTaskJob','a035ff9b79baa9cf74db940179b5166f'),(150,0,'ApplyHolidayChangesTaskJob','a7c5600377c9358c83ccf4b5855bc8ec'),(151,0,'ApplyHolidayChangesTaskJob','7266982729b680b8609eae5be9d2f746'),(152,0,'ApplyHolidayChangesTaskJob','361a0c8a78f4517ae31e06fa910040b8'),(153,0,'ApplyHolidayChangesTaskJob','a3321a16c0eea02951240cf20734d637'),(154,0,'ApplyHolidayChangesTaskJob','a5578d88a85d7691a5c6543de9b7fffa'),(155,0,'ApplyHolidayChangesTaskJob','39fdec65adc520e872309dd6b7443152'),(156,0,'ApplyHolidayChangesTaskJob','8a1c5c2c92e530d7bef5a2d20d58ed28'),(157,0,'ApplyHolidayChangesTaskJob','4251c8f43c3492a5d78f39d843ef892a'),(158,0,'ApplyHolidayChangesTaskJob','9da631c361f1734bfe5c1602df2a46a2'),(159,0,'ApplyHolidayChangesTaskJob','bdb5bccc5c73def15e01b46e8b0adf6d'),(160,0,'ApplyHolidayChangesTaskJob','35c9c90cafcb3b77a0ff79733ee20d58'),(161,0,'ApplyHolidayChangesTaskJob','e9926c7e424db96145184eac55f3af9b'),(162,0,'ApplyHolidayChangesTaskJob','3c6663fd441267e3067cb38db49ce204'),(163,0,'ApplyHolidayChangesTaskJob','cc64a8d96daa56c0126a39797006a49f'),(164,0,'ApplyHolidayChangesTaskJob','d3d6f2dec7753806c2e7ae178826731d'),(165,0,'ApplyHolidayChangesTaskJob','f8668902caf2739162595d7788a552de'),(166,0,'ApplyHolidayChangesTaskJob','f458b4e6c8d631c0210a8f95a75ab610'),(167,0,'ApplyHolidayChangesTaskJob','911b5d4d3f04c8c373de76297a1022da'),(168,0,'ApplyHolidayChangesTaskJob','ea7fb47843896bbe15e3017d2d8fc5e4'),(169,0,'ApplyHolidayChangesTaskJob','91553546c9423b26ee3f8c6ef8fe3a61'),(170,0,'ApplyHolidayChangesTaskJob','13c996546842454be4f5da2c2f858ae3'),(171,0,'ApplyHolidayChangesTaskJob','75800a385f3045124c2097638068dba8'),(172,0,'ApplyHolidayChangesTaskJob','9867e5c86f5c557b365da2ab40288866'),(173,0,'ApplyHolidayChangesTaskJob','6f8c09e9c727f4ba4cc85bd70a027510'),(174,0,'ApplyHolidayChangesTaskJob','0d04cf90ddb9b3d024ae67e7a7f537cd'),(175,0,'ApplyHolidayChangesTaskJob','cefee9a9923303fbba9be942622a409b'),(176,0,'ApplyHolidayChangesTaskJob','23f74019279777874ecfbae4eda9648c'),(177,0,'ApplyHolidayChangesTaskJob','fde542e21a445fe84ef4863d22e0b3c4'),(178,0,'ApplyHolidayChangesTaskJob','caefd203f54288df1ddef893f353e2fa'),(179,0,'ApplyHolidayChangesTaskJob','c96aaf817db45a9d4548026b7ce3a618'),(180,0,'ApplyHolidayChangesTaskJob','c8ba22636d6f6029637948bd46df93eb'),(181,0,'ApplyHolidayChangesTaskJob','214230d474c5b7a2dacded2dbf334d60'),(182,0,'ApplyHolidayChangesTaskJob','3e5613b3c7edc2a329beaa5934c0e1a5'),(183,0,'ApplyHolidayChangesTaskJob','d3e40d266c4fbc6758a9f462e248fdcc'),(184,0,'ApplyHolidayChangesTaskJob','3e07ec49ca783692e3636498d23c875a'),(185,0,'ApplyHolidayChangesTaskJob','fe4f5377b6b326006deb053d08e33361'),(186,0,'ApplyHolidayChangesTaskJob','864da83c7c357379bf2f4584cfa3da28'),(187,0,'ApplyHolidayChangesTaskJob','a160982c55de7236370c95b3ef2c3e0e'),(188,0,'ApplyHolidayChangesTaskJob','cf89bafaa588ff06e5d1973c4c6521cf'),(189,0,'ApplyHolidayChangesTaskJob','dc3c314b3b1a6264b625c435e5d402da'),(190,0,'ApplyHolidayChangesTaskJob','ffe079e3c52cb4e74da06c9b14cc4067'),(191,0,'ApplyHolidayChangesTaskJob','8281397b9471e67b33207b6dae9045c7'),(192,0,'ApplyHolidayChangesTaskJob','90fadef9d97e876bbd1035463ecf28eb'),(193,0,'ApplyHolidayChangesTaskJob','e6f4189be11e4271e7047f40499ea05f'),(194,0,'ApplyHolidayChangesTaskJob','586ed65c9740a4bb121f610f7d379148'),(195,0,'ApplyHolidayChangesTaskJob','c47e81756255e6b1adacf9e9121a96f8'),(196,0,'ApplyHolidayChangesTaskJob','def53cc40bf78a131746e837aa297d7a'),(197,0,'ApplyHolidayChangesTaskJob','a06c1f1fe18ed2f5bc8458e68d1144e6'),(198,0,'ApplyHolidayChangesTaskJob','7edd040b551bf813311e5c76806efd98'),(199,0,'ApplyHolidayChangesTaskJob','640fb44c5ca79b7fc3f5a12e6eed4722'),(200,0,'ApplyHolidayChangesTaskJob','1e33733cd3ae2a2829f265f62483417d'),(201,0,'ApplyHolidayChangesTaskJob','a0d48584096faa14d4edf47acea40973'),(202,0,'ApplyHolidayChangesTaskJob','e121c42553cc9bcb1ca3e3565289c869'),(203,0,'ApplyHolidayChangesTaskJob','46cda378bd18ea6031665c84ea6f98b8'),(204,0,'ApplyHolidayChangesTaskJob','605f75035e23346abadd30400297510a'),(205,0,'ApplyHolidayChangesTaskJob','5e2cd8803c3f9c1baa0a9b7819f1f245'),(206,0,'ApplyHolidayChangesTaskJob','40973c31e6f1167389fdeb273f15d2f8'),(207,0,'ApplyHolidayChangesTaskJob','08cabc0013ce456be8b05d9d4413cf28'),(208,0,'ApplyHolidayChangesTaskJob','c51d41cf9e09d9231deeee5dbb9f9391'),(209,0,'ApplyHolidayChangesTaskJob','b1bd5836372ae0ad4cf95ef580badf0c'),(210,0,'ApplyHolidayChangesTaskJob','ab0c8fe0d2a387cdd6b04c9c755a266e'),(211,0,'ApplyHolidayChangesTaskJob','0d04392fab01e5ef8407e241b605c161'),(212,0,'ApplyHolidayChangesTaskJob','ae443739d86600025ae6482aa7be53dd'),(213,0,'ApplyHolidayChangesTaskJob','64e7af1eac0611935d6b4fffc26f2e6b'),(214,0,'ApplyHolidayChangesTaskJob','0d8050e44b8195769222b2da6518c287'),(215,0,'ApplyHolidayChangesTaskJob','4ef691fa88ef693f95e318943501b554'),(216,0,'ApplyHolidayChangesTaskJob','9eec73cc3b14cd28b2c6f9fb046dcec3'),(217,0,'ApplyHolidayChangesTaskJob','734cd7910bfd9610b70ae26fbdc5d00a'),(218,0,'BranchReportTaskJob','42ccf3e2d7ae123d8e08e57ec27c70f0'),(219,0,'BranchReportTaskJob','8851842bedbb40e68312bed25953844a'),(220,0,'BranchReportTaskJob','1dabd64466260c80444debb40dd406d7'),(221,0,'BranchReportTaskJob','8893d6544d534360a7368ec51f484f99'),(222,0,'BranchReportTaskJob','a3ccba239b9934dfe448bfc9c0000a73'),(223,0,'BranchReportTaskJob','7c03ec9cee68b1f0f69f1ec48f325f1e'),(224,0,'BranchReportTaskJob','edce683e3040f7057de47354bf339d1f'),(225,0,'BranchReportTaskJob','8da04f79ac925a7a606ef886f34df2b7'),(226,0,'BranchReportTaskJob','df55ac821c653e8390633a12d67e0ec0'),(227,0,'BranchReportTaskJob','427c00673c281a50ece665faa4215604'),(228,0,'BranchReportTaskJob','4b14f5bd3b16bc4716e3cf2ed31a0f79'),(229,0,'BranchReportTaskJob','a0893636e310aa0f8ae26e17601c6fd6'),(230,0,'BranchReportTaskJob','b6ec9fa795f01a2472184b92a0ab8d28'),(231,0,'BranchReportTaskJob','465f4ea7df759776c309df67d16deb17'),(232,0,'BranchReportTaskJob','46cf52d2e1fd9444f2ceb106664c10c0'),(233,0,'BranchReportTaskJob','95fd4e4b86b0d812a4ba23f74cdb8066'),(234,0,'BranchReportTaskJob','030d68adf3fd5f79f06bbe16f1f342de'),(235,0,'BranchReportTaskJob','4c0657e0528322edc0745abdea6133c4'),(236,0,'BranchReportTaskJob','8389d13a363b4d3a768c0ba49c077d71'),(237,0,'BranchReportTaskJob','291ac6213715d59ea65da725e48b9233'),(238,0,'BranchReportTaskJob','f05be7d34402c627b9a0404e46f743b0'),(239,0,'BranchReportTaskJob','b6ba62b78f1f647cf2d6f692172876c3'),(240,0,'BranchReportTaskJob','18c0f2e4ed6866a2dbd4ac3aa96c2120'),(241,0,'BranchReportTaskJob','6426d2682d623cdc98e125f3b5e34f45'),(242,0,'BranchReportTaskJob','e3229d9b1c3e5e1f59d2871d58fba722'),(243,0,'BranchReportTaskJob','4fba39769345476470f5b1144a70a3aa'),(244,0,'BranchReportTaskJob','4fefe625f31f1445090b5bc4e7af86d4'),(245,0,'BranchReportTaskJob','a8fccdcfbe0d110410b404346a9f4a94'),(246,0,'BranchReportTaskJob','8137fb7ef9e7496ecb8a4e5ad5167035'),(247,0,'BranchReportTaskJob','54c4e4ae94539d2b2e38afa6f4640c23'),(248,0,'BranchReportTaskJob','a8241b1da9dc00e8960db34d6df80241'),(249,0,'BranchReportTaskJob','0498ba2c645865fd4174eb13b32592a3'),(250,0,'BranchReportTaskJob','e8032c91e26aa6f08f31d2f8c099b773'),(251,0,'BranchReportTaskJob','39be28d105f8f53889c83eecd6c8265b'),(252,0,'BranchReportTaskJob','06ec8773b264ed3a05fef3ec33eb46ab'),(253,0,'BranchReportTaskJob','ff5659f4737e4bb9b295070088804d6d'),(254,0,'BranchReportTaskJob','a28ff211186bea33c1893c871dfd5dba'),(255,0,'BranchReportTaskJob','7ac502875d0d09d27418c249730c8c19'),(256,0,'BranchReportTaskJob','4eca321b8da82e51fb3952d1f902c63b'),(257,0,'BranchReportTaskJob','553675aefc8982f5859dc49792e2ed3e'),(258,0,'BranchReportTaskJob','2d1ee4018f48afc29e1b85ea755bee26'),(259,0,'BranchReportTaskJob','ddcf86f985b3e801a0d487b855073ecf'),(260,0,'BranchReportTaskJob','26debf757f830e7a7234b39560576443'),(261,0,'BranchReportTaskJob','ccdc4dbdd45a7bc360623923a68447ec'),(262,0,'BranchReportTaskJob','3be49add3cdcac3d1b422f69e7a916a8'),(263,0,'BranchReportTaskJob','7967f81dc0364d70a6c0bc1083cfc15a'),(264,0,'BranchReportTaskJob','58517539f2ba9b9bd728c5fc6bd5ffbc'),(265,0,'BranchReportTaskJob','927beb91c90ebbc5cfdc3e6e294f02fc'),(266,0,'BranchReportTaskJob','ba8009fadf8edc7938ad560ce8fdff56'),(267,0,'BranchReportTaskJob','08a10a3105d0385f674c998c51338338'),(268,0,'BranchReportTaskJob','597a64eda4ed61fe8eb993ffeb0eda62'),(269,0,'BranchReportTaskJob','5fa4249785a2d1846f146db074f6e20c'),(270,0,'BranchReportTaskJob','50b88a4a662355937e3f3e5960ba7870'),(271,0,'BranchReportTaskJob','a4f21e09fe99d00f1431d9f9084269a1'),(272,0,'BranchReportTaskJob','6c29395807f0fac3c590a0125ca106e1'),(273,0,'BranchReportTaskJob','02ebc75a7f882c4e83a72b7f0e7fd27c'),(274,0,'BranchReportTaskJob','2179b0c227e8da2e0abebdc78eb7e47b'),(275,0,'BranchReportTaskJob','55e15632e8ae14d3c59bf696da46fb0e'),(276,0,'BranchReportTaskJob','c34a945dcfbb9f36efddd31ce94e4113'),(277,0,'BranchReportTaskJob','f318fab18e57d556cdaab3cd4c07be28'),(278,0,'BranchReportTaskJob','ecc9ae0ff1c1cb9adff112e1f3c3ec6e'),(279,0,'BranchReportTaskJob','f3badeef60fadb2a58978e30c5b15fae'),(280,0,'BranchReportTaskJob','d1d26176b49ceb982af54985801df003'),(281,0,'BranchReportTaskJob','f9940073071c13ccd09e81fbce131881'),(282,0,'BranchReportTaskJob','93066840eee049e51c1a265a35887223'),(283,0,'BranchReportTaskJob','e22bac0049c21ef0407ef442e06c174c'),(284,0,'BranchReportTaskJob','176bb8ddff94b6983f923969a9597a22'),(285,0,'BranchReportTaskJob','4f07d5ee6bf303c6d3d82c91b441bd01'),(286,0,'BranchReportTaskJob','72f1c72772161bc15b08ccec2f52bfd1'),(287,0,'BranchReportTaskJob','7eb00b757e603f7dbac484e312d59290'),(288,0,'BranchReportTaskJob','97ed4e31b473ac4ee35e1c25969b8137'),(289,0,'BranchReportTaskJob','fe1e74ebb6d13f0f2a57a88e5399f200'),(290,0,'BranchReportTaskJob','06e91a452fc2c7a14d81f37a3f86988a'),(291,0,'BranchReportTaskJob','b9ced18d33db1c046bc0cd91fdf20d42'),(292,0,'BranchReportTaskJob','80c0b6ff31c46a4c0e9ea045d1320897'),(293,0,'BranchReportTaskJob','94fac6344204f5f311deb7aad57a2279'),(294,0,'BranchReportTaskJob','39ef8ccffb236af84674827c67e60c4a'),(295,0,'BranchReportTaskJob','de78bccd5397cfe7278b14bdc0c9a090'),(296,0,'BranchReportTaskJob','8d69cbf450d64c5ab1bcefa3e02a1575'),(297,0,'BranchReportTaskJob','a866ece11ac55e84e0fbf6fdbe775cf6'),(298,0,'BranchReportTaskJob','52d00f9dda9fe89b3894e3f70c2e5e3e'),(299,0,'BranchReportTaskJob','ad4b1ef4f42472600974c596b25f54c9'),(300,0,'BranchReportTaskJob','47c50a0f560b87eeb181d62a2de633a1'),(301,0,'BranchReportTaskJob','3f94f806c72a6cbdc9154eb7c938a168'),(302,0,'BranchReportTaskJob','72d64efe3bea9f7d8b366513a7e7b33f'),(303,0,'BranchReportTaskJob','8f592a226cd50e172f919e4fb624c569'),(304,0,'BranchReportTaskJob','e606041c76a3bd523c6d9b82bb5cedab'),(305,0,'BranchReportTaskJob','6f5c39fdb42fe1e2a0ba7e9a5cb9e9da'),(306,0,'BranchReportTaskJob','b6386b2ed0cf5a512b494175890954f0'),(307,0,'BranchReportTaskJob','d9d66321bd4967768ef0542e3219345d'),(308,0,'BranchReportTaskJob','97df92114ddf3433785a3b83cbd51954'),(309,0,'BranchReportTaskJob','47bdd72706d5f8c8b1f53eee6de99d46'),(310,0,'BranchReportTaskJob','90e0b39593e1b4f4b692ccf9f194c207'),(311,0,'BranchReportTaskJob','cb25bdd1d27f7ff7179d9c8fed06aaeb'),(312,0,'BranchReportTaskJob','395accb6d491d48e69601b9d71c37b79'),(313,0,'BranchReportTaskJob','da714e338d3bbc993686a8cdb9424309'),(314,0,'BranchReportTaskJob','277024e6f0c5a4aa02ff3f4c972a5cdd'),(315,0,'BranchReportTaskJob','01ea9c97be606fdd9697d5e1fa6b7001'),(316,0,'BranchReportTaskJob','5ec0a28186fc8ca300a5812d1472ca19'),(317,0,'BranchReportTaskJob','c5d35726daa1b2bfafb33e3318b28c50'),(318,0,'BranchReportTaskJob','7f9cafd5dfbcaa9e99a2abcb215e0a5a'),(319,0,'BranchReportTaskJob','430c92f7cfa5f314dedbde983a2b78ef'),(320,0,'BranchReportTaskJob','430c35675cbf7cb472e7b78442e5c98b'),(321,0,'BranchReportTaskJob','69ac017a25d5c83aba7985d9a8d95887'),(322,0,'BranchReportTaskJob','734cd7910bfd9610b70ae26fbdc5d00a'),(323,0,'GenerateMeetingsForCustomerAndSavingsTaskJob','a1a363304d48d0f5b48b7ad543139221'),(324,0,'GenerateMeetingsForCustomerAndSavingsTaskJob','4c7b664d062eaa3b847ecf5fe4d5ab94'),(325,0,'GenerateMeetingsForCustomerAndSavingsTaskJob','74b922cbb3ef468163b64cee3fb490d8'),(326,0,'GenerateMeetingsForCustomerAndSavingsTaskJob','d63039413c9236ee01d6491e05deb636'),(327,0,'GenerateMeetingsForCustomerAndSavingsTaskJob','11635a27082f5a7027ede8ca2b5e7423'),(328,0,'GenerateMeetingsForCustomerAndSavingsTaskJob','43524fe41b530d1b9ef7c64d7c7a70fe'),(329,0,'GenerateMeetingsForCustomerAndSavingsTaskJob','c2397f2e00f4b18d9d5039e610547045'),(330,0,'GenerateMeetingsForCustomerAndSavingsTaskJob','935e3fe000d0dedfad302c831c2bc168'),(331,0,'GenerateMeetingsForCustomerAndSavingsTaskJob','c8df8baecb8dad06e6d718abc8d1b5d6'),(332,0,'GenerateMeetingsForCustomerAndSavingsTaskJob','311c4e308fba2b348eacdbbe2e8d9667'),(333,0,'GenerateMeetingsForCustomerAndSavingsTaskJob','f494516b2db410df5634c51f6734ee28'),(334,0,'GenerateMeetingsForCustomerAndSavingsTaskJob','a4b69767c956a00c85e8fb569f99d8b4'),(335,0,'GenerateMeetingsForCustomerAndSavingsTaskJob','64e1f0eeeee3a58b143ada852bd5e6fe'),(336,0,'GenerateMeetingsForCustomerAndSavingsTaskJob','0975d4b2f748a849c5c6eaa357da2c86'),(337,0,'GenerateMeetingsForCustomerAndSavingsTaskJob','95b3e1253d0e49e61a552e54941ddc66'),(338,0,'GenerateMeetingsForCustomerAndSavingsTaskJob','7fcf94be57eece0e5893c277adcdb526'),(339,0,'GenerateMeetingsForCustomerAndSavingsTaskJob','472cb080879b897e4d59d9b1ec7efe5e'),(340,0,'GenerateMeetingsForCustomerAndSavingsTaskJob','bea460fd5547b8c569a78591fe57a464'),(341,0,'GenerateMeetingsForCustomerAndSavingsTaskJob','6fd9748f7466b1a65d370d2cd4d9993e'),(342,0,'GenerateMeetingsForCustomerAndSavingsTaskJob','30af6ea2b09d01e2e1797345d8261905'),(343,0,'GenerateMeetingsForCustomerAndSavingsTaskJob','c349165bb370e56502226980839e3664'),(344,0,'GenerateMeetingsForCustomerAndSavingsTaskJob','200b60dbca5af548b2ce7321283c6969'),(345,0,'GenerateMeetingsForCustomerAndSavingsTaskJob','9ee6d1d20ef86570e388b2c75ace5092'),(346,0,'GenerateMeetingsForCustomerAndSavingsTaskJob','edf9305df07e7eb216b2096a6227b554'),(347,0,'GenerateMeetingsForCustomerAndSavingsTaskJob','196f33a6618356f0209c356429d0f3b4'),(348,0,'GenerateMeetingsForCustomerAndSavingsTaskJob','6903d12d32fee41b60d7ee25489c4446'),(349,0,'GenerateMeetingsForCustomerAndSavingsTaskJob','3563b4893b66ee8500f1f64e4e84b59a'),(350,0,'GenerateMeetingsForCustomerAndSavingsTaskJob','c7362d0e111bf402f81a905a9bb5e188'),(351,0,'GenerateMeetingsForCustomerAndSavingsTaskJob','f5e6622f4a9ed25819b6cd27cfe3b49b'),(352,0,'GenerateMeetingsForCustomerAndSavingsTaskJob','3db43d7605d68f31284b06dbb8c3703b'),(353,0,'GenerateMeetingsForCustomerAndSavingsTaskJob','0602a496d1f8aed32a75bb4dad224000'),(354,0,'GenerateMeetingsForCustomerAndSavingsTaskJob','caba8f2848d6c8e4d4e9738e633d1502'),(355,0,'GenerateMeetingsForCustomerAndSavingsTaskJob','2e2f4ba29d315f2d6d9072c00e8a8ffc'),(356,0,'GenerateMeetingsForCustomerAndSavingsTaskJob','49cdbc877cda2696f9b96a715188c5c5'),(357,0,'GenerateMeetingsForCustomerAndSavingsTaskJob','a035ff9b79baa9cf74db940179b5166f'),(358,0,'GenerateMeetingsForCustomerAndSavingsTaskJob','a7c5600377c9358c83ccf4b5855bc8ec'),(359,0,'GenerateMeetingsForCustomerAndSavingsTaskJob','7266982729b680b8609eae5be9d2f746'),(360,0,'GenerateMeetingsForCustomerAndSavingsTaskJob','361a0c8a78f4517ae31e06fa910040b8'),(361,0,'GenerateMeetingsForCustomerAndSavingsTaskJob','a3321a16c0eea02951240cf20734d637'),(362,0,'GenerateMeetingsForCustomerAndSavingsTaskJob','a5578d88a85d7691a5c6543de9b7fffa'),(363,0,'GenerateMeetingsForCustomerAndSavingsTaskJob','39fdec65adc520e872309dd6b7443152'),(364,0,'GenerateMeetingsForCustomerAndSavingsTaskJob','8a1c5c2c92e530d7bef5a2d20d58ed28'),(365,0,'GenerateMeetingsForCustomerAndSavingsTaskJob','4251c8f43c3492a5d78f39d843ef892a'),(366,0,'GenerateMeetingsForCustomerAndSavingsTaskJob','9da631c361f1734bfe5c1602df2a46a2'),(367,0,'GenerateMeetingsForCustomerAndSavingsTaskJob','bdb5bccc5c73def15e01b46e8b0adf6d'),(368,0,'GenerateMeetingsForCustomerAndSavingsTaskJob','35c9c90cafcb3b77a0ff79733ee20d58'),(369,0,'GenerateMeetingsForCustomerAndSavingsTaskJob','e9926c7e424db96145184eac55f3af9b'),(370,0,'GenerateMeetingsForCustomerAndSavingsTaskJob','3c6663fd441267e3067cb38db49ce204'),(371,0,'GenerateMeetingsForCustomerAndSavingsTaskJob','cc64a8d96daa56c0126a39797006a49f'),(372,0,'GenerateMeetingsForCustomerAndSavingsTaskJob','d3d6f2dec7753806c2e7ae178826731d'),(373,0,'GenerateMeetingsForCustomerAndSavingsTaskJob','f8668902caf2739162595d7788a552de'),(374,0,'GenerateMeetingsForCustomerAndSavingsTaskJob','f458b4e6c8d631c0210a8f95a75ab610'),(375,0,'GenerateMeetingsForCustomerAndSavingsTaskJob','911b5d4d3f04c8c373de76297a1022da'),(376,0,'GenerateMeetingsForCustomerAndSavingsTaskJob','ea7fb47843896bbe15e3017d2d8fc5e4'),(377,0,'GenerateMeetingsForCustomerAndSavingsTaskJob','91553546c9423b26ee3f8c6ef8fe3a61'),(378,0,'GenerateMeetingsForCustomerAndSavingsTaskJob','13c996546842454be4f5da2c2f858ae3'),(379,0,'GenerateMeetingsForCustomerAndSavingsTaskJob','75800a385f3045124c2097638068dba8'),(380,0,'GenerateMeetingsForCustomerAndSavingsTaskJob','9867e5c86f5c557b365da2ab40288866'),(381,0,'GenerateMeetingsForCustomerAndSavingsTaskJob','6f8c09e9c727f4ba4cc85bd70a027510'),(382,0,'GenerateMeetingsForCustomerAndSavingsTaskJob','0d04cf90ddb9b3d024ae67e7a7f537cd'),(383,0,'GenerateMeetingsForCustomerAndSavingsTaskJob','cefee9a9923303fbba9be942622a409b'),(384,0,'GenerateMeetingsForCustomerAndSavingsTaskJob','23f74019279777874ecfbae4eda9648c'),(385,0,'GenerateMeetingsForCustomerAndSavingsTaskJob','fde542e21a445fe84ef4863d22e0b3c4'),(386,0,'GenerateMeetingsForCustomerAndSavingsTaskJob','caefd203f54288df1ddef893f353e2fa'),(387,0,'GenerateMeetingsForCustomerAndSavingsTaskJob','c96aaf817db45a9d4548026b7ce3a618'),(388,0,'GenerateMeetingsForCustomerAndSavingsTaskJob','c8ba22636d6f6029637948bd46df93eb'),(389,0,'GenerateMeetingsForCustomerAndSavingsTaskJob','214230d474c5b7a2dacded2dbf334d60'),(390,0,'GenerateMeetingsForCustomerAndSavingsTaskJob','3e5613b3c7edc2a329beaa5934c0e1a5'),(391,0,'GenerateMeetingsForCustomerAndSavingsTaskJob','d3e40d266c4fbc6758a9f462e248fdcc'),(392,0,'GenerateMeetingsForCustomerAndSavingsTaskJob','3e07ec49ca783692e3636498d23c875a'),(393,0,'GenerateMeetingsForCustomerAndSavingsTaskJob','fe4f5377b6b326006deb053d08e33361'),(394,0,'GenerateMeetingsForCustomerAndSavingsTaskJob','864da83c7c357379bf2f4584cfa3da28'),(395,0,'GenerateMeetingsForCustomerAndSavingsTaskJob','a160982c55de7236370c95b3ef2c3e0e'),(396,0,'GenerateMeetingsForCustomerAndSavingsTaskJob','cf89bafaa588ff06e5d1973c4c6521cf'),(397,0,'GenerateMeetingsForCustomerAndSavingsTaskJob','dc3c314b3b1a6264b625c435e5d402da'),(398,0,'GenerateMeetingsForCustomerAndSavingsTaskJob','ffe079e3c52cb4e74da06c9b14cc4067'),(399,0,'GenerateMeetingsForCustomerAndSavingsTaskJob','8281397b9471e67b33207b6dae9045c7'),(400,0,'GenerateMeetingsForCustomerAndSavingsTaskJob','90fadef9d97e876bbd1035463ecf28eb'),(401,0,'GenerateMeetingsForCustomerAndSavingsTaskJob','e6f4189be11e4271e7047f40499ea05f'),(402,0,'GenerateMeetingsForCustomerAndSavingsTaskJob','586ed65c9740a4bb121f610f7d379148'),(403,0,'GenerateMeetingsForCustomerAndSavingsTaskJob','c47e81756255e6b1adacf9e9121a96f8'),(404,0,'GenerateMeetingsForCustomerAndSavingsTaskJob','def53cc40bf78a131746e837aa297d7a'),(405,0,'GenerateMeetingsForCustomerAndSavingsTaskJob','a06c1f1fe18ed2f5bc8458e68d1144e6'),(406,0,'GenerateMeetingsForCustomerAndSavingsTaskJob','7edd040b551bf813311e5c76806efd98'),(407,0,'GenerateMeetingsForCustomerAndSavingsTaskJob','640fb44c5ca79b7fc3f5a12e6eed4722'),(408,0,'GenerateMeetingsForCustomerAndSavingsTaskJob','1e33733cd3ae2a2829f265f62483417d'),(409,0,'GenerateMeetingsForCustomerAndSavingsTaskJob','a0d48584096faa14d4edf47acea40973'),(410,0,'GenerateMeetingsForCustomerAndSavingsTaskJob','e121c42553cc9bcb1ca3e3565289c869'),(411,0,'GenerateMeetingsForCustomerAndSavingsTaskJob','46cda378bd18ea6031665c84ea6f98b8'),(412,0,'GenerateMeetingsForCustomerAndSavingsTaskJob','605f75035e23346abadd30400297510a'),(413,0,'GenerateMeetingsForCustomerAndSavingsTaskJob','5e2cd8803c3f9c1baa0a9b7819f1f245'),(414,0,'GenerateMeetingsForCustomerAndSavingsTaskJob','40973c31e6f1167389fdeb273f15d2f8'),(415,0,'GenerateMeetingsForCustomerAndSavingsTaskJob','08cabc0013ce456be8b05d9d4413cf28'),(416,0,'GenerateMeetingsForCustomerAndSavingsTaskJob','c51d41cf9e09d9231deeee5dbb9f9391'),(417,0,'GenerateMeetingsForCustomerAndSavingsTaskJob','b1bd5836372ae0ad4cf95ef580badf0c'),(418,0,'GenerateMeetingsForCustomerAndSavingsTaskJob','ab0c8fe0d2a387cdd6b04c9c755a266e'),(419,0,'GenerateMeetingsForCustomerAndSavingsTaskJob','0d04392fab01e5ef8407e241b605c161'),(420,0,'GenerateMeetingsForCustomerAndSavingsTaskJob','ae443739d86600025ae6482aa7be53dd'),(421,0,'GenerateMeetingsForCustomerAndSavingsTaskJob','64e7af1eac0611935d6b4fffc26f2e6b'),(422,0,'GenerateMeetingsForCustomerAndSavingsTaskJob','0d8050e44b8195769222b2da6518c287'),(423,0,'GenerateMeetingsForCustomerAndSavingsTaskJob','4ef691fa88ef693f95e318943501b554'),(424,0,'GenerateMeetingsForCustomerAndSavingsTaskJob','9eec73cc3b14cd28b2c6f9fb046dcec3'),(425,0,'GenerateMeetingsForCustomerAndSavingsTaskJob','734cd7910bfd9610b70ae26fbdc5d00a'),(426,0,'LoanArrearsAgingTaskJob','a1a363304d48d0f5b48b7ad543139221'),(427,0,'LoanArrearsAgingTaskJob','4c7b664d062eaa3b847ecf5fe4d5ab94'),(428,0,'LoanArrearsAgingTaskJob','74b922cbb3ef468163b64cee3fb490d8'),(429,0,'LoanArrearsAgingTaskJob','d63039413c9236ee01d6491e05deb636'),(430,0,'LoanArrearsAgingTaskJob','11635a27082f5a7027ede8ca2b5e7423'),(431,0,'LoanArrearsAgingTaskJob','43524fe41b530d1b9ef7c64d7c7a70fe'),(432,0,'LoanArrearsAgingTaskJob','c2397f2e00f4b18d9d5039e610547045'),(433,0,'LoanArrearsAgingTaskJob','935e3fe000d0dedfad302c831c2bc168'),(434,0,'LoanArrearsAgingTaskJob','c8df8baecb8dad06e6d718abc8d1b5d6'),(435,0,'LoanArrearsAgingTaskJob','311c4e308fba2b348eacdbbe2e8d9667'),(436,0,'LoanArrearsAgingTaskJob','f494516b2db410df5634c51f6734ee28'),(437,0,'LoanArrearsAgingTaskJob','a4b69767c956a00c85e8fb569f99d8b4'),(438,0,'LoanArrearsAgingTaskJob','64e1f0eeeee3a58b143ada852bd5e6fe'),(439,0,'LoanArrearsAgingTaskJob','0975d4b2f748a849c5c6eaa357da2c86'),(440,0,'LoanArrearsAgingTaskJob','95b3e1253d0e49e61a552e54941ddc66'),(441,0,'LoanArrearsAgingTaskJob','7fcf94be57eece0e5893c277adcdb526'),(442,0,'LoanArrearsAgingTaskJob','472cb080879b897e4d59d9b1ec7efe5e'),(443,0,'LoanArrearsAgingTaskJob','bea460fd5547b8c569a78591fe57a464'),(444,0,'LoanArrearsAgingTaskJob','6fd9748f7466b1a65d370d2cd4d9993e'),(445,0,'LoanArrearsAgingTaskJob','30af6ea2b09d01e2e1797345d8261905'),(446,0,'LoanArrearsAgingTaskJob','c349165bb370e56502226980839e3664'),(447,0,'LoanArrearsAgingTaskJob','200b60dbca5af548b2ce7321283c6969'),(448,0,'LoanArrearsAgingTaskJob','9ee6d1d20ef86570e388b2c75ace5092'),(449,0,'LoanArrearsAgingTaskJob','edf9305df07e7eb216b2096a6227b554'),(450,0,'LoanArrearsAgingTaskJob','196f33a6618356f0209c356429d0f3b4'),(451,0,'LoanArrearsAgingTaskJob','6903d12d32fee41b60d7ee25489c4446'),(452,0,'LoanArrearsAgingTaskJob','3563b4893b66ee8500f1f64e4e84b59a'),(453,0,'LoanArrearsAgingTaskJob','c7362d0e111bf402f81a905a9bb5e188'),(454,0,'LoanArrearsAgingTaskJob','f5e6622f4a9ed25819b6cd27cfe3b49b'),(455,0,'LoanArrearsAgingTaskJob','3db43d7605d68f31284b06dbb8c3703b'),(456,0,'LoanArrearsAgingTaskJob','0602a496d1f8aed32a75bb4dad224000'),(457,0,'LoanArrearsAgingTaskJob','caba8f2848d6c8e4d4e9738e633d1502'),(458,0,'LoanArrearsAgingTaskJob','2e2f4ba29d315f2d6d9072c00e8a8ffc'),(459,0,'LoanArrearsAgingTaskJob','49cdbc877cda2696f9b96a715188c5c5'),(460,0,'LoanArrearsAgingTaskJob','a035ff9b79baa9cf74db940179b5166f'),(461,0,'LoanArrearsAgingTaskJob','a7c5600377c9358c83ccf4b5855bc8ec'),(462,0,'LoanArrearsAgingTaskJob','7266982729b680b8609eae5be9d2f746'),(463,0,'LoanArrearsAgingTaskJob','361a0c8a78f4517ae31e06fa910040b8'),(464,0,'LoanArrearsAgingTaskJob','a3321a16c0eea02951240cf20734d637'),(465,0,'LoanArrearsAgingTaskJob','a5578d88a85d7691a5c6543de9b7fffa'),(466,0,'LoanArrearsAgingTaskJob','39fdec65adc520e872309dd6b7443152'),(467,0,'LoanArrearsAgingTaskJob','8a1c5c2c92e530d7bef5a2d20d58ed28'),(468,0,'LoanArrearsAgingTaskJob','4251c8f43c3492a5d78f39d843ef892a'),(469,0,'LoanArrearsAgingTaskJob','9da631c361f1734bfe5c1602df2a46a2'),(470,0,'LoanArrearsAgingTaskJob','bdb5bccc5c73def15e01b46e8b0adf6d'),(471,0,'LoanArrearsAgingTaskJob','35c9c90cafcb3b77a0ff79733ee20d58'),(472,0,'LoanArrearsAgingTaskJob','e9926c7e424db96145184eac55f3af9b'),(473,0,'LoanArrearsAgingTaskJob','3c6663fd441267e3067cb38db49ce204'),(474,0,'LoanArrearsAgingTaskJob','cc64a8d96daa56c0126a39797006a49f'),(475,0,'LoanArrearsAgingTaskJob','d3d6f2dec7753806c2e7ae178826731d'),(476,0,'LoanArrearsAgingTaskJob','f8668902caf2739162595d7788a552de'),(477,0,'LoanArrearsAgingTaskJob','f458b4e6c8d631c0210a8f95a75ab610'),(478,0,'LoanArrearsAgingTaskJob','911b5d4d3f04c8c373de76297a1022da'),(479,0,'LoanArrearsAgingTaskJob','ea7fb47843896bbe15e3017d2d8fc5e4'),(480,0,'LoanArrearsAgingTaskJob','91553546c9423b26ee3f8c6ef8fe3a61'),(481,0,'LoanArrearsAgingTaskJob','13c996546842454be4f5da2c2f858ae3'),(482,0,'LoanArrearsAgingTaskJob','75800a385f3045124c2097638068dba8'),(483,0,'LoanArrearsAgingTaskJob','9867e5c86f5c557b365da2ab40288866'),(484,0,'LoanArrearsAgingTaskJob','6f8c09e9c727f4ba4cc85bd70a027510'),(485,0,'LoanArrearsAgingTaskJob','0d04cf90ddb9b3d024ae67e7a7f537cd'),(486,0,'LoanArrearsAgingTaskJob','cefee9a9923303fbba9be942622a409b'),(487,0,'LoanArrearsAgingTaskJob','23f74019279777874ecfbae4eda9648c'),(488,0,'LoanArrearsAgingTaskJob','fde542e21a445fe84ef4863d22e0b3c4'),(489,0,'LoanArrearsAgingTaskJob','caefd203f54288df1ddef893f353e2fa'),(490,0,'LoanArrearsAgingTaskJob','c96aaf817db45a9d4548026b7ce3a618'),(491,0,'LoanArrearsAgingTaskJob','c8ba22636d6f6029637948bd46df93eb'),(492,0,'LoanArrearsAgingTaskJob','214230d474c5b7a2dacded2dbf334d60'),(493,0,'LoanArrearsAgingTaskJob','3e5613b3c7edc2a329beaa5934c0e1a5'),(494,0,'LoanArrearsAgingTaskJob','d3e40d266c4fbc6758a9f462e248fdcc'),(495,0,'LoanArrearsAgingTaskJob','3e07ec49ca783692e3636498d23c875a'),(496,0,'LoanArrearsAgingTaskJob','fe4f5377b6b326006deb053d08e33361'),(497,0,'LoanArrearsAgingTaskJob','864da83c7c357379bf2f4584cfa3da28'),(498,0,'LoanArrearsAgingTaskJob','a160982c55de7236370c95b3ef2c3e0e'),(499,0,'LoanArrearsAgingTaskJob','cf89bafaa588ff06e5d1973c4c6521cf'),(500,0,'LoanArrearsAgingTaskJob','dc3c314b3b1a6264b625c435e5d402da'),(501,0,'LoanArrearsAgingTaskJob','ffe079e3c52cb4e74da06c9b14cc4067'),(502,0,'LoanArrearsAgingTaskJob','8281397b9471e67b33207b6dae9045c7'),(503,0,'LoanArrearsAgingTaskJob','90fadef9d97e876bbd1035463ecf28eb'),(504,0,'LoanArrearsAgingTaskJob','e6f4189be11e4271e7047f40499ea05f'),(505,0,'LoanArrearsAgingTaskJob','586ed65c9740a4bb121f610f7d379148'),(506,0,'LoanArrearsAgingTaskJob','c47e81756255e6b1adacf9e9121a96f8'),(507,0,'LoanArrearsAgingTaskJob','def53cc40bf78a131746e837aa297d7a'),(508,0,'LoanArrearsAgingTaskJob','a06c1f1fe18ed2f5bc8458e68d1144e6'),(509,0,'LoanArrearsAgingTaskJob','7edd040b551bf813311e5c76806efd98'),(510,0,'LoanArrearsAgingTaskJob','640fb44c5ca79b7fc3f5a12e6eed4722'),(511,0,'LoanArrearsAgingTaskJob','1e33733cd3ae2a2829f265f62483417d'),(512,0,'LoanArrearsAgingTaskJob','a0d48584096faa14d4edf47acea40973'),(513,0,'LoanArrearsAgingTaskJob','e121c42553cc9bcb1ca3e3565289c869'),(514,0,'LoanArrearsAgingTaskJob','46cda378bd18ea6031665c84ea6f98b8'),(515,0,'LoanArrearsAgingTaskJob','605f75035e23346abadd30400297510a'),(516,0,'LoanArrearsAgingTaskJob','5e2cd8803c3f9c1baa0a9b7819f1f245'),(517,0,'LoanArrearsAgingTaskJob','40973c31e6f1167389fdeb273f15d2f8'),(518,0,'LoanArrearsAgingTaskJob','08cabc0013ce456be8b05d9d4413cf28'),(519,0,'LoanArrearsAgingTaskJob','c51d41cf9e09d9231deeee5dbb9f9391'),(520,0,'LoanArrearsAgingTaskJob','b1bd5836372ae0ad4cf95ef580badf0c'),(521,0,'LoanArrearsAgingTaskJob','ab0c8fe0d2a387cdd6b04c9c755a266e'),(522,0,'LoanArrearsAgingTaskJob','0d04392fab01e5ef8407e241b605c161'),(523,0,'LoanArrearsAgingTaskJob','ae443739d86600025ae6482aa7be53dd'),(524,0,'LoanArrearsAgingTaskJob','64e7af1eac0611935d6b4fffc26f2e6b'),(525,0,'LoanArrearsAgingTaskJob','0d8050e44b8195769222b2da6518c287'),(526,0,'LoanArrearsAgingTaskJob','4ef691fa88ef693f95e318943501b554'),(527,0,'LoanArrearsAgingTaskJob','9eec73cc3b14cd28b2c6f9fb046dcec3'),(528,0,'LoanArrearsAgingTaskJob','734cd7910bfd9610b70ae26fbdc5d00a'),(529,0,'LoanArrearsAndPortfolioAtRiskTaskJob','a1a363304d48d0f5b48b7ad543139221'),(530,0,'LoanArrearsAndPortfolioAtRiskTaskJob','4c7b664d062eaa3b847ecf5fe4d5ab94'),(531,0,'LoanArrearsAndPortfolioAtRiskTaskJob','74b922cbb3ef468163b64cee3fb490d8'),(532,0,'LoanArrearsAndPortfolioAtRiskTaskJob','d63039413c9236ee01d6491e05deb636'),(533,0,'LoanArrearsAndPortfolioAtRiskTaskJob','11635a27082f5a7027ede8ca2b5e7423'),(534,0,'LoanArrearsAndPortfolioAtRiskTaskJob','43524fe41b530d1b9ef7c64d7c7a70fe'),(535,0,'LoanArrearsAndPortfolioAtRiskTaskJob','c2397f2e00f4b18d9d5039e610547045'),(536,0,'LoanArrearsAndPortfolioAtRiskTaskJob','935e3fe000d0dedfad302c831c2bc168'),(537,0,'LoanArrearsAndPortfolioAtRiskTaskJob','c8df8baecb8dad06e6d718abc8d1b5d6'),(538,0,'LoanArrearsAndPortfolioAtRiskTaskJob','311c4e308fba2b348eacdbbe2e8d9667'),(539,0,'LoanArrearsAndPortfolioAtRiskTaskJob','f494516b2db410df5634c51f6734ee28'),(540,0,'LoanArrearsAndPortfolioAtRiskTaskJob','a4b69767c956a00c85e8fb569f99d8b4'),(541,0,'LoanArrearsAndPortfolioAtRiskTaskJob','64e1f0eeeee3a58b143ada852bd5e6fe'),(542,0,'LoanArrearsAndPortfolioAtRiskTaskJob','0975d4b2f748a849c5c6eaa357da2c86'),(543,0,'LoanArrearsAndPortfolioAtRiskTaskJob','95b3e1253d0e49e61a552e54941ddc66'),(544,0,'LoanArrearsAndPortfolioAtRiskTaskJob','7fcf94be57eece0e5893c277adcdb526'),(545,0,'LoanArrearsAndPortfolioAtRiskTaskJob','472cb080879b897e4d59d9b1ec7efe5e'),(546,0,'LoanArrearsAndPortfolioAtRiskTaskJob','bea460fd5547b8c569a78591fe57a464'),(547,0,'LoanArrearsAndPortfolioAtRiskTaskJob','6fd9748f7466b1a65d370d2cd4d9993e'),(548,0,'LoanArrearsAndPortfolioAtRiskTaskJob','30af6ea2b09d01e2e1797345d8261905'),(549,0,'LoanArrearsAndPortfolioAtRiskTaskJob','c349165bb370e56502226980839e3664'),(550,0,'LoanArrearsAndPortfolioAtRiskTaskJob','200b60dbca5af548b2ce7321283c6969'),(551,0,'LoanArrearsAndPortfolioAtRiskTaskJob','9ee6d1d20ef86570e388b2c75ace5092'),(552,0,'LoanArrearsAndPortfolioAtRiskTaskJob','edf9305df07e7eb216b2096a6227b554'),(553,0,'LoanArrearsAndPortfolioAtRiskTaskJob','196f33a6618356f0209c356429d0f3b4'),(554,0,'LoanArrearsAndPortfolioAtRiskTaskJob','6903d12d32fee41b60d7ee25489c4446'),(555,0,'LoanArrearsAndPortfolioAtRiskTaskJob','3563b4893b66ee8500f1f64e4e84b59a'),(556,0,'LoanArrearsAndPortfolioAtRiskTaskJob','c7362d0e111bf402f81a905a9bb5e188'),(557,0,'LoanArrearsAndPortfolioAtRiskTaskJob','f5e6622f4a9ed25819b6cd27cfe3b49b'),(558,0,'LoanArrearsAndPortfolioAtRiskTaskJob','3db43d7605d68f31284b06dbb8c3703b'),(559,0,'LoanArrearsAndPortfolioAtRiskTaskJob','0602a496d1f8aed32a75bb4dad224000'),(560,0,'LoanArrearsAndPortfolioAtRiskTaskJob','caba8f2848d6c8e4d4e9738e633d1502'),(561,0,'LoanArrearsAndPortfolioAtRiskTaskJob','2e2f4ba29d315f2d6d9072c00e8a8ffc'),(562,0,'LoanArrearsAndPortfolioAtRiskTaskJob','49cdbc877cda2696f9b96a715188c5c5'),(563,0,'LoanArrearsAndPortfolioAtRiskTaskJob','a035ff9b79baa9cf74db940179b5166f'),(564,0,'LoanArrearsAndPortfolioAtRiskTaskJob','a7c5600377c9358c83ccf4b5855bc8ec'),(565,0,'LoanArrearsAndPortfolioAtRiskTaskJob','7266982729b680b8609eae5be9d2f746'),(566,0,'LoanArrearsAndPortfolioAtRiskTaskJob','361a0c8a78f4517ae31e06fa910040b8'),(567,0,'LoanArrearsAndPortfolioAtRiskTaskJob','a3321a16c0eea02951240cf20734d637'),(568,0,'LoanArrearsAndPortfolioAtRiskTaskJob','a5578d88a85d7691a5c6543de9b7fffa'),(569,0,'LoanArrearsAndPortfolioAtRiskTaskJob','39fdec65adc520e872309dd6b7443152'),(570,0,'LoanArrearsAndPortfolioAtRiskTaskJob','8a1c5c2c92e530d7bef5a2d20d58ed28'),(571,0,'LoanArrearsAndPortfolioAtRiskTaskJob','4251c8f43c3492a5d78f39d843ef892a'),(572,0,'LoanArrearsAndPortfolioAtRiskTaskJob','9da631c361f1734bfe5c1602df2a46a2'),(573,0,'LoanArrearsAndPortfolioAtRiskTaskJob','bdb5bccc5c73def15e01b46e8b0adf6d'),(574,0,'LoanArrearsAndPortfolioAtRiskTaskJob','35c9c90cafcb3b77a0ff79733ee20d58'),(575,0,'LoanArrearsAndPortfolioAtRiskTaskJob','e9926c7e424db96145184eac55f3af9b'),(576,0,'LoanArrearsAndPortfolioAtRiskTaskJob','3c6663fd441267e3067cb38db49ce204'),(577,0,'LoanArrearsAndPortfolioAtRiskTaskJob','cc64a8d96daa56c0126a39797006a49f'),(578,0,'LoanArrearsAndPortfolioAtRiskTaskJob','d3d6f2dec7753806c2e7ae178826731d'),(579,0,'LoanArrearsAndPortfolioAtRiskTaskJob','f8668902caf2739162595d7788a552de'),(580,0,'LoanArrearsAndPortfolioAtRiskTaskJob','f458b4e6c8d631c0210a8f95a75ab610'),(581,0,'LoanArrearsAndPortfolioAtRiskTaskJob','911b5d4d3f04c8c373de76297a1022da'),(582,0,'LoanArrearsAndPortfolioAtRiskTaskJob','ea7fb47843896bbe15e3017d2d8fc5e4'),(583,0,'LoanArrearsAndPortfolioAtRiskTaskJob','91553546c9423b26ee3f8c6ef8fe3a61'),(584,0,'LoanArrearsAndPortfolioAtRiskTaskJob','13c996546842454be4f5da2c2f858ae3'),(585,0,'LoanArrearsAndPortfolioAtRiskTaskJob','75800a385f3045124c2097638068dba8'),(586,0,'LoanArrearsAndPortfolioAtRiskTaskJob','9867e5c86f5c557b365da2ab40288866'),(587,0,'LoanArrearsAndPortfolioAtRiskTaskJob','6f8c09e9c727f4ba4cc85bd70a027510'),(588,0,'LoanArrearsAndPortfolioAtRiskTaskJob','0d04cf90ddb9b3d024ae67e7a7f537cd'),(589,0,'LoanArrearsAndPortfolioAtRiskTaskJob','cefee9a9923303fbba9be942622a409b'),(590,0,'LoanArrearsAndPortfolioAtRiskTaskJob','23f74019279777874ecfbae4eda9648c'),(591,0,'LoanArrearsAndPortfolioAtRiskTaskJob','fde542e21a445fe84ef4863d22e0b3c4'),(592,0,'LoanArrearsAndPortfolioAtRiskTaskJob','caefd203f54288df1ddef893f353e2fa'),(593,0,'LoanArrearsAndPortfolioAtRiskTaskJob','c96aaf817db45a9d4548026b7ce3a618'),(594,0,'LoanArrearsAndPortfolioAtRiskTaskJob','c8ba22636d6f6029637948bd46df93eb'),(595,0,'LoanArrearsAndPortfolioAtRiskTaskJob','214230d474c5b7a2dacded2dbf334d60'),(596,0,'LoanArrearsAndPortfolioAtRiskTaskJob','3e5613b3c7edc2a329beaa5934c0e1a5'),(597,0,'LoanArrearsAndPortfolioAtRiskTaskJob','d3e40d266c4fbc6758a9f462e248fdcc'),(598,0,'LoanArrearsAndPortfolioAtRiskTaskJob','3e07ec49ca783692e3636498d23c875a'),(599,0,'LoanArrearsAndPortfolioAtRiskTaskJob','fe4f5377b6b326006deb053d08e33361'),(600,0,'LoanArrearsAndPortfolioAtRiskTaskJob','864da83c7c357379bf2f4584cfa3da28'),(601,0,'LoanArrearsAndPortfolioAtRiskTaskJob','a160982c55de7236370c95b3ef2c3e0e'),(602,0,'LoanArrearsAndPortfolioAtRiskTaskJob','cf89bafaa588ff06e5d1973c4c6521cf'),(603,0,'LoanArrearsAndPortfolioAtRiskTaskJob','dc3c314b3b1a6264b625c435e5d402da'),(604,0,'LoanArrearsAndPortfolioAtRiskTaskJob','ffe079e3c52cb4e74da06c9b14cc4067'),(605,0,'LoanArrearsAndPortfolioAtRiskTaskJob','8281397b9471e67b33207b6dae9045c7'),(606,0,'LoanArrearsAndPortfolioAtRiskTaskJob','90fadef9d97e876bbd1035463ecf28eb'),(607,0,'LoanArrearsAndPortfolioAtRiskTaskJob','e6f4189be11e4271e7047f40499ea05f'),(608,0,'LoanArrearsAndPortfolioAtRiskTaskJob','586ed65c9740a4bb121f610f7d379148'),(609,0,'LoanArrearsAndPortfolioAtRiskTaskJob','c47e81756255e6b1adacf9e9121a96f8'),(610,0,'LoanArrearsAndPortfolioAtRiskTaskJob','def53cc40bf78a131746e837aa297d7a'),(611,0,'LoanArrearsAndPortfolioAtRiskTaskJob','a06c1f1fe18ed2f5bc8458e68d1144e6'),(612,0,'LoanArrearsAndPortfolioAtRiskTaskJob','7edd040b551bf813311e5c76806efd98'),(613,0,'LoanArrearsAndPortfolioAtRiskTaskJob','640fb44c5ca79b7fc3f5a12e6eed4722'),(614,0,'LoanArrearsAndPortfolioAtRiskTaskJob','1e33733cd3ae2a2829f265f62483417d'),(615,0,'LoanArrearsAndPortfolioAtRiskTaskJob','a0d48584096faa14d4edf47acea40973'),(616,0,'LoanArrearsAndPortfolioAtRiskTaskJob','e121c42553cc9bcb1ca3e3565289c869'),(617,0,'LoanArrearsAndPortfolioAtRiskTaskJob','46cda378bd18ea6031665c84ea6f98b8'),(618,0,'LoanArrearsAndPortfolioAtRiskTaskJob','605f75035e23346abadd30400297510a'),(619,0,'LoanArrearsAndPortfolioAtRiskTaskJob','5e2cd8803c3f9c1baa0a9b7819f1f245'),(620,0,'LoanArrearsAndPortfolioAtRiskTaskJob','40973c31e6f1167389fdeb273f15d2f8'),(621,0,'LoanArrearsAndPortfolioAtRiskTaskJob','08cabc0013ce456be8b05d9d4413cf28'),(622,0,'LoanArrearsAndPortfolioAtRiskTaskJob','c51d41cf9e09d9231deeee5dbb9f9391'),(623,0,'LoanArrearsAndPortfolioAtRiskTaskJob','b1bd5836372ae0ad4cf95ef580badf0c'),(624,0,'LoanArrearsAndPortfolioAtRiskTaskJob','ab0c8fe0d2a387cdd6b04c9c755a266e'),(625,0,'LoanArrearsAndPortfolioAtRiskTaskJob','0d04392fab01e5ef8407e241b605c161'),(626,0,'LoanArrearsAndPortfolioAtRiskTaskJob','ae443739d86600025ae6482aa7be53dd'),(627,0,'LoanArrearsAndPortfolioAtRiskTaskJob','64e7af1eac0611935d6b4fffc26f2e6b'),(628,0,'LoanArrearsAndPortfolioAtRiskTaskJob','0d8050e44b8195769222b2da6518c287'),(629,0,'LoanArrearsAndPortfolioAtRiskTaskJob','4ef691fa88ef693f95e318943501b554'),(630,0,'LoanArrearsAndPortfolioAtRiskTaskJob','9eec73cc3b14cd28b2c6f9fb046dcec3'),(631,0,'LoanArrearsAndPortfolioAtRiskTaskJob','734cd7910bfd9610b70ae26fbdc5d00a'),(632,0,'ProductStatusJob','d0d66696a7bc5dbfe61ecc7dbaf7dbbe'),(633,0,'ProductStatusJob','a1a363304d48d0f5b48b7ad543139221'),(634,0,'ProductStatusJob','4c7b664d062eaa3b847ecf5fe4d5ab94'),(635,0,'ProductStatusJob','74b922cbb3ef468163b64cee3fb490d8'),(636,0,'ProductStatusJob','d63039413c9236ee01d6491e05deb636'),(637,0,'ProductStatusJob','11635a27082f5a7027ede8ca2b5e7423'),(638,0,'ProductStatusJob','43524fe41b530d1b9ef7c64d7c7a70fe'),(639,0,'ProductStatusJob','c2397f2e00f4b18d9d5039e610547045'),(640,0,'ProductStatusJob','935e3fe000d0dedfad302c831c2bc168'),(641,0,'ProductStatusJob','c8df8baecb8dad06e6d718abc8d1b5d6'),(642,0,'ProductStatusJob','311c4e308fba2b348eacdbbe2e8d9667'),(643,0,'ProductStatusJob','f494516b2db410df5634c51f6734ee28'),(644,0,'ProductStatusJob','a4b69767c956a00c85e8fb569f99d8b4'),(645,0,'ProductStatusJob','64e1f0eeeee3a58b143ada852bd5e6fe'),(646,0,'ProductStatusJob','0975d4b2f748a849c5c6eaa357da2c86'),(647,0,'ProductStatusJob','95b3e1253d0e49e61a552e54941ddc66'),(648,0,'ProductStatusJob','7fcf94be57eece0e5893c277adcdb526'),(649,0,'ProductStatusJob','472cb080879b897e4d59d9b1ec7efe5e'),(650,0,'ProductStatusJob','bea460fd5547b8c569a78591fe57a464'),(651,0,'ProductStatusJob','6fd9748f7466b1a65d370d2cd4d9993e'),(652,0,'ProductStatusJob','30af6ea2b09d01e2e1797345d8261905'),(653,0,'ProductStatusJob','c349165bb370e56502226980839e3664'),(654,0,'ProductStatusJob','200b60dbca5af548b2ce7321283c6969'),(655,0,'ProductStatusJob','9ee6d1d20ef86570e388b2c75ace5092'),(656,0,'ProductStatusJob','edf9305df07e7eb216b2096a6227b554'),(657,0,'ProductStatusJob','196f33a6618356f0209c356429d0f3b4'),(658,0,'ProductStatusJob','6903d12d32fee41b60d7ee25489c4446'),(659,0,'ProductStatusJob','3563b4893b66ee8500f1f64e4e84b59a'),(660,0,'ProductStatusJob','c7362d0e111bf402f81a905a9bb5e188'),(661,0,'ProductStatusJob','f5e6622f4a9ed25819b6cd27cfe3b49b'),(662,0,'ProductStatusJob','3db43d7605d68f31284b06dbb8c3703b'),(663,0,'ProductStatusJob','0602a496d1f8aed32a75bb4dad224000'),(664,0,'ProductStatusJob','caba8f2848d6c8e4d4e9738e633d1502'),(665,0,'ProductStatusJob','2e2f4ba29d315f2d6d9072c00e8a8ffc'),(666,0,'ProductStatusJob','49cdbc877cda2696f9b96a715188c5c5'),(667,0,'ProductStatusJob','a035ff9b79baa9cf74db940179b5166f'),(668,0,'ProductStatusJob','a7c5600377c9358c83ccf4b5855bc8ec'),(669,0,'ProductStatusJob','7266982729b680b8609eae5be9d2f746'),(670,0,'ProductStatusJob','361a0c8a78f4517ae31e06fa910040b8'),(671,0,'ProductStatusJob','a3321a16c0eea02951240cf20734d637'),(672,0,'ProductStatusJob','a5578d88a85d7691a5c6543de9b7fffa'),(673,0,'ProductStatusJob','39fdec65adc520e872309dd6b7443152'),(674,0,'ProductStatusJob','8a1c5c2c92e530d7bef5a2d20d58ed28'),(675,0,'ProductStatusJob','4251c8f43c3492a5d78f39d843ef892a'),(676,0,'ProductStatusJob','9da631c361f1734bfe5c1602df2a46a2'),(677,0,'ProductStatusJob','bdb5bccc5c73def15e01b46e8b0adf6d'),(678,0,'ProductStatusJob','35c9c90cafcb3b77a0ff79733ee20d58'),(679,0,'ProductStatusJob','e9926c7e424db96145184eac55f3af9b'),(680,0,'ProductStatusJob','3c6663fd441267e3067cb38db49ce204'),(681,0,'ProductStatusJob','cc64a8d96daa56c0126a39797006a49f'),(682,0,'ProductStatusJob','d3d6f2dec7753806c2e7ae178826731d'),(683,0,'ProductStatusJob','f8668902caf2739162595d7788a552de'),(684,0,'ProductStatusJob','f458b4e6c8d631c0210a8f95a75ab610'),(685,0,'ProductStatusJob','911b5d4d3f04c8c373de76297a1022da'),(686,0,'ProductStatusJob','ea7fb47843896bbe15e3017d2d8fc5e4'),(687,0,'ProductStatusJob','91553546c9423b26ee3f8c6ef8fe3a61'),(688,0,'ProductStatusJob','13c996546842454be4f5da2c2f858ae3'),(689,0,'ProductStatusJob','75800a385f3045124c2097638068dba8'),(690,0,'ProductStatusJob','9867e5c86f5c557b365da2ab40288866'),(691,0,'ProductStatusJob','6f8c09e9c727f4ba4cc85bd70a027510'),(692,0,'ProductStatusJob','0d04cf90ddb9b3d024ae67e7a7f537cd'),(693,0,'ProductStatusJob','cefee9a9923303fbba9be942622a409b'),(694,0,'ProductStatusJob','23f74019279777874ecfbae4eda9648c'),(695,0,'ProductStatusJob','fde542e21a445fe84ef4863d22e0b3c4'),(696,0,'ProductStatusJob','caefd203f54288df1ddef893f353e2fa'),(697,0,'ProductStatusJob','c96aaf817db45a9d4548026b7ce3a618'),(698,0,'ProductStatusJob','c8ba22636d6f6029637948bd46df93eb'),(699,0,'ProductStatusJob','214230d474c5b7a2dacded2dbf334d60'),(700,0,'ProductStatusJob','3e5613b3c7edc2a329beaa5934c0e1a5'),(701,0,'ProductStatusJob','d3e40d266c4fbc6758a9f462e248fdcc'),(702,0,'ProductStatusJob','3e07ec49ca783692e3636498d23c875a'),(703,0,'ProductStatusJob','fe4f5377b6b326006deb053d08e33361'),(704,0,'ProductStatusJob','864da83c7c357379bf2f4584cfa3da28'),(705,0,'ProductStatusJob','a160982c55de7236370c95b3ef2c3e0e'),(706,0,'ProductStatusJob','cf89bafaa588ff06e5d1973c4c6521cf'),(707,0,'ProductStatusJob','dc3c314b3b1a6264b625c435e5d402da'),(708,0,'ProductStatusJob','ffe079e3c52cb4e74da06c9b14cc4067'),(709,0,'ProductStatusJob','8281397b9471e67b33207b6dae9045c7'),(710,0,'ProductStatusJob','90fadef9d97e876bbd1035463ecf28eb'),(711,0,'ProductStatusJob','e6f4189be11e4271e7047f40499ea05f'),(712,0,'ProductStatusJob','586ed65c9740a4bb121f610f7d379148'),(713,0,'ProductStatusJob','c47e81756255e6b1adacf9e9121a96f8'),(714,0,'ProductStatusJob','def53cc40bf78a131746e837aa297d7a'),(715,0,'ProductStatusJob','a06c1f1fe18ed2f5bc8458e68d1144e6'),(716,0,'ProductStatusJob','7edd040b551bf813311e5c76806efd98'),(717,0,'ProductStatusJob','640fb44c5ca79b7fc3f5a12e6eed4722'),(718,0,'ProductStatusJob','1e33733cd3ae2a2829f265f62483417d'),(719,0,'ProductStatusJob','a0d48584096faa14d4edf47acea40973'),(720,0,'ProductStatusJob','e121c42553cc9bcb1ca3e3565289c869'),(721,0,'ProductStatusJob','46cda378bd18ea6031665c84ea6f98b8'),(722,0,'ProductStatusJob','605f75035e23346abadd30400297510a'),(723,0,'ProductStatusJob','5e2cd8803c3f9c1baa0a9b7819f1f245'),(724,0,'ProductStatusJob','40973c31e6f1167389fdeb273f15d2f8'),(725,0,'ProductStatusJob','08cabc0013ce456be8b05d9d4413cf28'),(726,0,'ProductStatusJob','c51d41cf9e09d9231deeee5dbb9f9391'),(727,0,'ProductStatusJob','b1bd5836372ae0ad4cf95ef580badf0c'),(728,0,'ProductStatusJob','ab0c8fe0d2a387cdd6b04c9c755a266e'),(729,0,'ProductStatusJob','0d04392fab01e5ef8407e241b605c161'),(730,0,'ProductStatusJob','ae443739d86600025ae6482aa7be53dd'),(731,0,'ProductStatusJob','64e7af1eac0611935d6b4fffc26f2e6b'),(732,0,'ProductStatusJob','0d8050e44b8195769222b2da6518c287'),(733,0,'ProductStatusJob','4ef691fa88ef693f95e318943501b554'),(734,0,'ProductStatusJob','9eec73cc3b14cd28b2c6f9fb046dcec3'),(735,0,'ProductStatusJob','734cd7910bfd9610b70ae26fbdc5d00a'),(736,0,'SavingsIntPostingTaskJob','d0d66696a7bc5dbfe61ecc7dbaf7dbbe'),(737,0,'SavingsIntPostingTaskJob','a1a363304d48d0f5b48b7ad543139221'),(738,0,'SavingsIntPostingTaskJob','4c7b664d062eaa3b847ecf5fe4d5ab94'),(739,0,'SavingsIntPostingTaskJob','74b922cbb3ef468163b64cee3fb490d8'),(740,0,'SavingsIntPostingTaskJob','d63039413c9236ee01d6491e05deb636'),(741,0,'SavingsIntPostingTaskJob','11635a27082f5a7027ede8ca2b5e7423'),(742,0,'SavingsIntPostingTaskJob','43524fe41b530d1b9ef7c64d7c7a70fe'),(743,0,'SavingsIntPostingTaskJob','c2397f2e00f4b18d9d5039e610547045'),(744,0,'SavingsIntPostingTaskJob','935e3fe000d0dedfad302c831c2bc168'),(745,0,'SavingsIntPostingTaskJob','c8df8baecb8dad06e6d718abc8d1b5d6'),(746,0,'SavingsIntPostingTaskJob','311c4e308fba2b348eacdbbe2e8d9667'),(747,0,'SavingsIntPostingTaskJob','f494516b2db410df5634c51f6734ee28'),(748,0,'SavingsIntPostingTaskJob','a4b69767c956a00c85e8fb569f99d8b4'),(749,0,'SavingsIntPostingTaskJob','64e1f0eeeee3a58b143ada852bd5e6fe'),(750,0,'SavingsIntPostingTaskJob','0975d4b2f748a849c5c6eaa357da2c86'),(751,0,'SavingsIntPostingTaskJob','95b3e1253d0e49e61a552e54941ddc66'),(752,0,'SavingsIntPostingTaskJob','7fcf94be57eece0e5893c277adcdb526'),(753,0,'SavingsIntPostingTaskJob','472cb080879b897e4d59d9b1ec7efe5e'),(754,0,'SavingsIntPostingTaskJob','bea460fd5547b8c569a78591fe57a464'),(755,0,'SavingsIntPostingTaskJob','6fd9748f7466b1a65d370d2cd4d9993e'),(756,0,'SavingsIntPostingTaskJob','30af6ea2b09d01e2e1797345d8261905'),(757,0,'SavingsIntPostingTaskJob','c349165bb370e56502226980839e3664'),(758,0,'SavingsIntPostingTaskJob','200b60dbca5af548b2ce7321283c6969'),(759,0,'SavingsIntPostingTaskJob','9ee6d1d20ef86570e388b2c75ace5092'),(760,0,'SavingsIntPostingTaskJob','edf9305df07e7eb216b2096a6227b554'),(761,0,'SavingsIntPostingTaskJob','196f33a6618356f0209c356429d0f3b4'),(762,0,'SavingsIntPostingTaskJob','6903d12d32fee41b60d7ee25489c4446'),(763,0,'SavingsIntPostingTaskJob','3563b4893b66ee8500f1f64e4e84b59a'),(764,0,'SavingsIntPostingTaskJob','c7362d0e111bf402f81a905a9bb5e188'),(765,0,'SavingsIntPostingTaskJob','f5e6622f4a9ed25819b6cd27cfe3b49b'),(766,0,'SavingsIntPostingTaskJob','3db43d7605d68f31284b06dbb8c3703b'),(767,0,'SavingsIntPostingTaskJob','0602a496d1f8aed32a75bb4dad224000'),(768,0,'SavingsIntPostingTaskJob','caba8f2848d6c8e4d4e9738e633d1502'),(769,0,'SavingsIntPostingTaskJob','2e2f4ba29d315f2d6d9072c00e8a8ffc'),(770,0,'SavingsIntPostingTaskJob','49cdbc877cda2696f9b96a715188c5c5'),(771,0,'SavingsIntPostingTaskJob','a035ff9b79baa9cf74db940179b5166f'),(772,0,'SavingsIntPostingTaskJob','a7c5600377c9358c83ccf4b5855bc8ec'),(773,0,'SavingsIntPostingTaskJob','7266982729b680b8609eae5be9d2f746'),(774,0,'SavingsIntPostingTaskJob','361a0c8a78f4517ae31e06fa910040b8'),(775,0,'SavingsIntPostingTaskJob','a3321a16c0eea02951240cf20734d637'),(776,0,'SavingsIntPostingTaskJob','a5578d88a85d7691a5c6543de9b7fffa'),(777,0,'SavingsIntPostingTaskJob','39fdec65adc520e872309dd6b7443152'),(778,0,'SavingsIntPostingTaskJob','8a1c5c2c92e530d7bef5a2d20d58ed28'),(779,0,'SavingsIntPostingTaskJob','4251c8f43c3492a5d78f39d843ef892a'),(780,0,'SavingsIntPostingTaskJob','9da631c361f1734bfe5c1602df2a46a2'),(781,0,'SavingsIntPostingTaskJob','bdb5bccc5c73def15e01b46e8b0adf6d'),(782,0,'SavingsIntPostingTaskJob','35c9c90cafcb3b77a0ff79733ee20d58'),(783,0,'SavingsIntPostingTaskJob','e9926c7e424db96145184eac55f3af9b'),(784,0,'SavingsIntPostingTaskJob','3c6663fd441267e3067cb38db49ce204'),(785,0,'SavingsIntPostingTaskJob','cc64a8d96daa56c0126a39797006a49f'),(786,0,'SavingsIntPostingTaskJob','d3d6f2dec7753806c2e7ae178826731d'),(787,0,'SavingsIntPostingTaskJob','f8668902caf2739162595d7788a552de'),(788,0,'SavingsIntPostingTaskJob','f458b4e6c8d631c0210a8f95a75ab610'),(789,0,'SavingsIntPostingTaskJob','911b5d4d3f04c8c373de76297a1022da'),(790,0,'SavingsIntPostingTaskJob','ea7fb47843896bbe15e3017d2d8fc5e4'),(791,0,'SavingsIntPostingTaskJob','91553546c9423b26ee3f8c6ef8fe3a61'),(792,0,'SavingsIntPostingTaskJob','13c996546842454be4f5da2c2f858ae3'),(793,0,'SavingsIntPostingTaskJob','75800a385f3045124c2097638068dba8'),(794,0,'SavingsIntPostingTaskJob','9867e5c86f5c557b365da2ab40288866'),(795,0,'SavingsIntPostingTaskJob','6f8c09e9c727f4ba4cc85bd70a027510'),(796,0,'SavingsIntPostingTaskJob','0d04cf90ddb9b3d024ae67e7a7f537cd'),(797,0,'SavingsIntPostingTaskJob','cefee9a9923303fbba9be942622a409b'),(798,0,'SavingsIntPostingTaskJob','23f74019279777874ecfbae4eda9648c'),(799,0,'SavingsIntPostingTaskJob','fde542e21a445fe84ef4863d22e0b3c4'),(800,0,'SavingsIntPostingTaskJob','caefd203f54288df1ddef893f353e2fa'),(801,0,'SavingsIntPostingTaskJob','c96aaf817db45a9d4548026b7ce3a618'),(802,0,'SavingsIntPostingTaskJob','c8ba22636d6f6029637948bd46df93eb'),(803,0,'SavingsIntPostingTaskJob','214230d474c5b7a2dacded2dbf334d60'),(804,0,'SavingsIntPostingTaskJob','3e5613b3c7edc2a329beaa5934c0e1a5'),(805,0,'SavingsIntPostingTaskJob','d3e40d266c4fbc6758a9f462e248fdcc'),(806,0,'SavingsIntPostingTaskJob','3e07ec49ca783692e3636498d23c875a'),(807,0,'SavingsIntPostingTaskJob','fe4f5377b6b326006deb053d08e33361'),(808,0,'SavingsIntPostingTaskJob','864da83c7c357379bf2f4584cfa3da28'),(809,0,'SavingsIntPostingTaskJob','a160982c55de7236370c95b3ef2c3e0e'),(810,0,'SavingsIntPostingTaskJob','cf89bafaa588ff06e5d1973c4c6521cf'),(811,0,'SavingsIntPostingTaskJob','dc3c314b3b1a6264b625c435e5d402da'),(812,0,'SavingsIntPostingTaskJob','ffe079e3c52cb4e74da06c9b14cc4067'),(813,0,'SavingsIntPostingTaskJob','8281397b9471e67b33207b6dae9045c7'),(814,0,'SavingsIntPostingTaskJob','90fadef9d97e876bbd1035463ecf28eb'),(815,0,'SavingsIntPostingTaskJob','e6f4189be11e4271e7047f40499ea05f'),(816,0,'SavingsIntPostingTaskJob','586ed65c9740a4bb121f610f7d379148'),(817,0,'SavingsIntPostingTaskJob','c47e81756255e6b1adacf9e9121a96f8'),(818,0,'SavingsIntPostingTaskJob','def53cc40bf78a131746e837aa297d7a'),(819,0,'SavingsIntPostingTaskJob','a06c1f1fe18ed2f5bc8458e68d1144e6'),(820,0,'SavingsIntPostingTaskJob','7edd040b551bf813311e5c76806efd98'),(821,0,'SavingsIntPostingTaskJob','640fb44c5ca79b7fc3f5a12e6eed4722'),(822,0,'SavingsIntPostingTaskJob','1e33733cd3ae2a2829f265f62483417d'),(823,0,'SavingsIntPostingTaskJob','a0d48584096faa14d4edf47acea40973'),(824,0,'SavingsIntPostingTaskJob','e121c42553cc9bcb1ca3e3565289c869'),(825,0,'SavingsIntPostingTaskJob','46cda378bd18ea6031665c84ea6f98b8'),(826,0,'SavingsIntPostingTaskJob','605f75035e23346abadd30400297510a'),(827,0,'SavingsIntPostingTaskJob','5e2cd8803c3f9c1baa0a9b7819f1f245'),(828,0,'SavingsIntPostingTaskJob','40973c31e6f1167389fdeb273f15d2f8'),(829,0,'SavingsIntPostingTaskJob','08cabc0013ce456be8b05d9d4413cf28'),(830,0,'SavingsIntPostingTaskJob','c51d41cf9e09d9231deeee5dbb9f9391'),(831,0,'SavingsIntPostingTaskJob','b1bd5836372ae0ad4cf95ef580badf0c'),(832,0,'SavingsIntPostingTaskJob','ab0c8fe0d2a387cdd6b04c9c755a266e'),(833,0,'SavingsIntPostingTaskJob','0d04392fab01e5ef8407e241b605c161'),(834,0,'SavingsIntPostingTaskJob','ae443739d86600025ae6482aa7be53dd'),(835,0,'SavingsIntPostingTaskJob','64e7af1eac0611935d6b4fffc26f2e6b'),(836,0,'SavingsIntPostingTaskJob','0d8050e44b8195769222b2da6518c287'),(837,0,'SavingsIntPostingTaskJob','4ef691fa88ef693f95e318943501b554'),(838,0,'SavingsIntPostingTaskJob','9eec73cc3b14cd28b2c6f9fb046dcec3'),(839,0,'SavingsIntPostingTaskJob','2eafa661fb4fe274862cf37412879946');
/*!40000 ALTER TABLE `BATCH_JOB_INSTANCE` ENABLE KEYS */;
UNLOCK TABLES;

--
-- Table structure for table `BATCH_JOB_PARAMS`
--

DROP TABLE IF EXISTS `BATCH_JOB_PARAMS`;
/*!40101 SET @saved_cs_client     = @@character_set_client */;
/*!40101 SET character_set_client = utf8 */;
CREATE TABLE `BATCH_JOB_PARAMS` (
  `job_instance_id` bigint(20) NOT NULL,
  `type_cd` varchar(6) NOT NULL,
  `key_name` varchar(100) NOT NULL,
  `string_val` varchar(250) DEFAULT NULL,
  `date_val` datetime DEFAULT NULL,
  `long_val` bigint(20) DEFAULT NULL,
  `double_val` double DEFAULT NULL,
  KEY `job_inst_params_fk` (`job_instance_id`),
  CONSTRAINT `job_inst_params_fk` FOREIGN KEY (`job_instance_id`) REFERENCES `batch_job_instance` (`job_instance_id`)
) ENGINE=InnoDB DEFAULT CHARSET=utf8;
/*!40101 SET character_set_client = @saved_cs_client */;

--
-- Dumping data for table `BATCH_JOB_PARAMS`
--

LOCK TABLES `BATCH_JOB_PARAMS` WRITE;
/*!40000 ALTER TABLE `BATCH_JOB_PARAMS` DISABLE KEYS */;
INSERT INTO `BATCH_JOB_PARAMS` VALUES (1,'LONG','executionTime','','1970-01-01 10:00:00',1280844001000,0),(2,'LONG','executionTime','','1970-01-01 10:00:00',1280844003000,0),(3,'LONG','executionTime','','1970-01-01 10:00:00',1280757601000,0),(4,'LONG','executionTime','','1970-01-01 10:00:00',1280844003000,0),(5,'LONG','executionTime','','1970-01-01 10:00:00',1280844003000,0),(6,'LONG','executionTime','','1970-01-01 10:00:00',1280844001000,0),(7,'LONG','executionTime','','1970-01-01 10:00:00',1280844003000,0),(8,'LONG','executionTime','','1970-01-01 10:00:00',1280844003000,0),(9,'LONG','executionTime','','1970-01-01 10:00:00',1280757600000,0),(10,'LONG','executionTime','','1970-01-01 10:00:00',1280757600000,0),(11,'LONG','executionTime','','1970-01-01 10:00:00',1280757600000,0),(12,'LONG','executionTime','','1970-01-01 10:00:00',1280930400000,0),(13,'LONG','executionTime','','1970-01-01 10:00:00',1281016800000,0),(14,'LONG','executionTime','','1970-01-01 10:00:00',1281103200000,0),(15,'LONG','executionTime','','1970-01-01 10:00:00',1281189600000,0),(16,'LONG','executionTime','','1970-01-01 10:00:00',1281276000000,0),(17,'LONG','executionTime','','1970-01-01 10:00:00',1281362400000,0),(18,'LONG','executionTime','','1970-01-01 10:00:00',1281448800000,0),(19,'LONG','executionTime','','1970-01-01 10:00:00',1281535200000,0),(20,'LONG','executionTime','','1970-01-01 10:00:00',1281621600000,0),(21,'LONG','executionTime','','1970-01-01 10:00:00',1281708000000,0),(22,'LONG','executionTime','','1970-01-01 10:00:00',1281794400000,0),(23,'LONG','executionTime','','1970-01-01 10:00:00',1281880800000,0),(24,'LONG','executionTime','','1970-01-01 10:00:00',1281967200000,0),(25,'LONG','executionTime','','1970-01-01 10:00:00',1282053600000,0),(26,'LONG','executionTime','','1970-01-01 10:00:00',1282140000000,0),(27,'LONG','executionTime','','1970-01-01 10:00:00',1282226400000,0),(28,'LONG','executionTime','','1970-01-01 10:00:00',1282312800000,0),(29,'LONG','executionTime','','1970-01-01 10:00:00',1282399200000,0),(30,'LONG','executionTime','','1970-01-01 10:00:00',1282485600000,0),(31,'LONG','executionTime','','1970-01-01 10:00:00',1282572000000,0),(32,'LONG','executionTime','','1970-01-01 10:00:00',1282658400000,0),(33,'LONG','executionTime','','1970-01-01 10:00:00',1282744800000,0),(34,'LONG','executionTime','','1970-01-01 10:00:00',1282831200000,0),(35,'LONG','executionTime','','1970-01-01 10:00:00',1282917600000,0),(36,'LONG','executionTime','','1970-01-01 10:00:00',1283004000000,0),(37,'LONG','executionTime','','1970-01-01 10:00:00',1283090400000,0),(38,'LONG','executionTime','','1970-01-01 10:00:00',1283176800000,0),(39,'LONG','executionTime','','1970-01-01 10:00:00',1283263200000,0),(40,'LONG','executionTime','','1970-01-01 10:00:00',1283349600000,0),(41,'LONG','executionTime','','1970-01-01 10:00:00',1283436000000,0),(42,'LONG','executionTime','','1970-01-01 10:00:00',1283522400000,0),(43,'LONG','executionTime','','1970-01-01 10:00:00',1283608800000,0),(44,'LONG','executionTime','','1970-01-01 10:00:00',1283695200000,0),(45,'LONG','executionTime','','1970-01-01 10:00:00',1283781600000,0),(46,'LONG','executionTime','','1970-01-01 10:00:00',1283868000000,0),(47,'LONG','executionTime','','1970-01-01 10:00:00',1283954400000,0),(48,'LONG','executionTime','','1970-01-01 10:00:00',1284040800000,0),(49,'LONG','executionTime','','1970-01-01 10:00:00',1284127200000,0),(50,'LONG','executionTime','','1970-01-01 10:00:00',1284213600000,0),(51,'LONG','executionTime','','1970-01-01 10:00:00',1284300000000,0),(52,'LONG','executionTime','','1970-01-01 10:00:00',1284386400000,0),(53,'LONG','executionTime','','1970-01-01 10:00:00',1284472800000,0),(54,'LONG','executionTime','','1970-01-01 10:00:00',1284559200000,0),(55,'LONG','executionTime','','1970-01-01 10:00:00',1284645600000,0),(56,'LONG','executionTime','','1970-01-01 10:00:00',1284732000000,0),(57,'LONG','executionTime','','1970-01-01 10:00:00',1284818400000,0),(58,'LONG','executionTime','','1970-01-01 10:00:00',1284904800000,0),(59,'LONG','executionTime','','1970-01-01 10:00:00',1284991200000,0),(60,'LONG','executionTime','','1970-01-01 10:00:00',1285077600000,0),(61,'LONG','executionTime','','1970-01-01 10:00:00',1285164000000,0),(62,'LONG','executionTime','','1970-01-01 10:00:00',1285250400000,0),(63,'LONG','executionTime','','1970-01-01 10:00:00',1285336800000,0),(64,'LONG','executionTime','','1970-01-01 10:00:00',1285423200000,0),(65,'LONG','executionTime','','1970-01-01 10:00:00',1285509600000,0),(66,'LONG','executionTime','','1970-01-01 10:00:00',1285596000000,0),(67,'LONG','executionTime','','1970-01-01 10:00:00',1285682400000,0),(68,'LONG','executionTime','','1970-01-01 10:00:00',1285768800000,0),(69,'LONG','executionTime','','1970-01-01 10:00:00',1285855200000,0),(70,'LONG','executionTime','','1970-01-01 10:00:00',1285941600000,0),(71,'LONG','executionTime','','1970-01-01 10:00:00',1286028000000,0),(72,'LONG','executionTime','','1970-01-01 10:00:00',1286110800000,0),(73,'LONG','executionTime','','1970-01-01 10:00:00',1286197200000,0),(74,'LONG','executionTime','','1970-01-01 10:00:00',1286283600000,0),(75,'LONG','executionTime','','1970-01-01 10:00:00',1286370000000,0),(76,'LONG','executionTime','','1970-01-01 10:00:00',1286456400000,0),(77,'LONG','executionTime','','1970-01-01 10:00:00',1286542800000,0),(78,'LONG','executionTime','','1970-01-01 10:00:00',1286629200000,0),(79,'LONG','executionTime','','1970-01-01 10:00:00',1286715600000,0),(80,'LONG','executionTime','','1970-01-01 10:00:00',1286802000000,0),(81,'LONG','executionTime','','1970-01-01 10:00:00',1286888400000,0),(82,'LONG','executionTime','','1970-01-01 10:00:00',1286974800000,0),(83,'LONG','executionTime','','1970-01-01 10:00:00',1287061200000,0),(84,'LONG','executionTime','','1970-01-01 10:00:00',1287147600000,0),(85,'LONG','executionTime','','1970-01-01 10:00:00',1287234000000,0),(86,'LONG','executionTime','','1970-01-01 10:00:00',1287320400000,0),(87,'LONG','executionTime','','1970-01-01 10:00:00',1287406800000,0),(88,'LONG','executionTime','','1970-01-01 10:00:00',1287493200000,0),(89,'LONG','executionTime','','1970-01-01 10:00:00',1287579600000,0),(90,'LONG','executionTime','','1970-01-01 10:00:00',1287666000000,0),(91,'LONG','executionTime','','1970-01-01 10:00:00',1287752400000,0),(92,'LONG','executionTime','','1970-01-01 10:00:00',1287838800000,0),(93,'LONG','executionTime','','1970-01-01 10:00:00',1287925200000,0),(94,'LONG','executionTime','','1970-01-01 10:00:00',1288011600000,0),(95,'LONG','executionTime','','1970-01-01 10:00:00',1288098000000,0),(96,'LONG','executionTime','','1970-01-01 10:00:00',1288184400000,0),(97,'LONG','executionTime','','1970-01-01 10:00:00',1288270800000,0),(98,'LONG','executionTime','','1970-01-01 10:00:00',1288357200000,0),(99,'LONG','executionTime','','1970-01-01 10:00:00',1288443600000,0),(100,'LONG','executionTime','','1970-01-01 10:00:00',1288530000000,0),(101,'LONG','executionTime','','1970-01-01 10:00:00',1288616400000,0),(102,'LONG','executionTime','','1970-01-01 10:00:00',1288702800000,0),(103,'LONG','executionTime','','1970-01-01 10:00:00',1288789200000,0),(104,'LONG','executionTime','','1970-01-01 10:00:00',1288875600000,0),(105,'LONG','executionTime','','1970-01-01 10:00:00',1288962000000,0),(106,'LONG','executionTime','','1970-01-01 10:00:00',1289048400000,0),(107,'LONG','executionTime','','1970-01-01 10:00:00',1289134800000,0),(108,'LONG','executionTime','','1970-01-01 10:00:00',1289221200000,0),(109,'LONG','executionTime','','1970-01-01 10:00:00',1289307600000,0),(110,'LONG','executionTime','','1970-01-01 10:00:00',1289394000000,0),(111,'LONG','executionTime','','1970-01-01 10:00:00',1289480400000,0),(112,'LONG','executionTime','','1970-01-01 10:00:00',1289566800000,0),(113,'LONG','executionTime','','1970-01-01 10:00:00',1289653200000,0),(114,'LONG','executionTime','','1970-01-01 10:00:00',1289795760612,0),(115,'LONG','executionTime','','1970-01-01 10:00:00',1280930400000,0),(116,'LONG','executionTime','','1970-01-01 10:00:00',1281016800000,0),(117,'LONG','executionTime','','1970-01-01 10:00:00',1281103200000,0),(118,'LONG','executionTime','','1970-01-01 10:00:00',1281189600000,0),(119,'LONG','executionTime','','1970-01-01 10:00:00',1281276000000,0),(120,'LONG','executionTime','','1970-01-01 10:00:00',1281362400000,0),(121,'LONG','executionTime','','1970-01-01 10:00:00',1281448800000,0),(122,'LONG','executionTime','','1970-01-01 10:00:00',1281535200000,0),(123,'LONG','executionTime','','1970-01-01 10:00:00',1281621600000,0),(124,'LONG','executionTime','','1970-01-01 10:00:00',1281708000000,0),(125,'LONG','executionTime','','1970-01-01 10:00:00',1281794400000,0),(126,'LONG','executionTime','','1970-01-01 10:00:00',1281880800000,0),(127,'LONG','executionTime','','1970-01-01 10:00:00',1281967200000,0),(128,'LONG','executionTime','','1970-01-01 10:00:00',1282053600000,0),(129,'LONG','executionTime','','1970-01-01 10:00:00',1282140000000,0),(130,'LONG','executionTime','','1970-01-01 10:00:00',1282226400000,0),(131,'LONG','executionTime','','1970-01-01 10:00:00',1282312800000,0),(132,'LONG','executionTime','','1970-01-01 10:00:00',1282399200000,0),(133,'LONG','executionTime','','1970-01-01 10:00:00',1282485600000,0),(134,'LONG','executionTime','','1970-01-01 10:00:00',1282572000000,0),(135,'LONG','executionTime','','1970-01-01 10:00:00',1282658400000,0),(136,'LONG','executionTime','','1970-01-01 10:00:00',1282744800000,0),(137,'LONG','executionTime','','1970-01-01 10:00:00',1282831200000,0),(138,'LONG','executionTime','','1970-01-01 10:00:00',1282917600000,0),(139,'LONG','executionTime','','1970-01-01 10:00:00',1283004000000,0),(140,'LONG','executionTime','','1970-01-01 10:00:00',1283090400000,0),(141,'LONG','executionTime','','1970-01-01 10:00:00',1283176800000,0),(142,'LONG','executionTime','','1970-01-01 10:00:00',1283263200000,0),(143,'LONG','executionTime','','1970-01-01 10:00:00',1283349600000,0),(144,'LONG','executionTime','','1970-01-01 10:00:00',1283436000000,0),(145,'LONG','executionTime','','1970-01-01 10:00:00',1283522400000,0),(146,'LONG','executionTime','','1970-01-01 10:00:00',1283608800000,0),(147,'LONG','executionTime','','1970-01-01 10:00:00',1283695200000,0),(148,'LONG','executionTime','','1970-01-01 10:00:00',1283781600000,0),(149,'LONG','executionTime','','1970-01-01 10:00:00',1283868000000,0),(150,'LONG','executionTime','','1970-01-01 10:00:00',1283954400000,0),(151,'LONG','executionTime','','1970-01-01 10:00:00',1284040800000,0),(152,'LONG','executionTime','','1970-01-01 10:00:00',1284127200000,0),(153,'LONG','executionTime','','1970-01-01 10:00:00',1284213600000,0),(154,'LONG','executionTime','','1970-01-01 10:00:00',1284300000000,0),(155,'LONG','executionTime','','1970-01-01 10:00:00',1284386400000,0),(156,'LONG','executionTime','','1970-01-01 10:00:00',1284472800000,0),(157,'LONG','executionTime','','1970-01-01 10:00:00',1284559200000,0),(158,'LONG','executionTime','','1970-01-01 10:00:00',1284645600000,0),(159,'LONG','executionTime','','1970-01-01 10:00:00',1284732000000,0),(160,'LONG','executionTime','','1970-01-01 10:00:00',1284818400000,0),(161,'LONG','executionTime','','1970-01-01 10:00:00',1284904800000,0),(162,'LONG','executionTime','','1970-01-01 10:00:00',1284991200000,0),(163,'LONG','executionTime','','1970-01-01 10:00:00',1285077600000,0),(164,'LONG','executionTime','','1970-01-01 10:00:00',1285164000000,0),(165,'LONG','executionTime','','1970-01-01 10:00:00',1285250400000,0),(166,'LONG','executionTime','','1970-01-01 10:00:00',1285336800000,0),(167,'LONG','executionTime','','1970-01-01 10:00:00',1285423200000,0),(168,'LONG','executionTime','','1970-01-01 10:00:00',1285509600000,0),(169,'LONG','executionTime','','1970-01-01 10:00:00',1285596000000,0),(170,'LONG','executionTime','','1970-01-01 10:00:00',1285682400000,0),(171,'LONG','executionTime','','1970-01-01 10:00:00',1285768800000,0),(172,'LONG','executionTime','','1970-01-01 10:00:00',1285855200000,0),(173,'LONG','executionTime','','1970-01-01 10:00:00',1285941600000,0),(174,'LONG','executionTime','','1970-01-01 10:00:00',1286028000000,0),(175,'LONG','executionTime','','1970-01-01 10:00:00',1286110800000,0),(176,'LONG','executionTime','','1970-01-01 10:00:00',1286197200000,0),(177,'LONG','executionTime','','1970-01-01 10:00:00',1286283600000,0),(178,'LONG','executionTime','','1970-01-01 10:00:00',1286370000000,0),(179,'LONG','executionTime','','1970-01-01 10:00:00',1286456400000,0),(180,'LONG','executionTime','','1970-01-01 10:00:00',1286542800000,0),(181,'LONG','executionTime','','1970-01-01 10:00:00',1286629200000,0),(182,'LONG','executionTime','','1970-01-01 10:00:00',1286715600000,0),(183,'LONG','executionTime','','1970-01-01 10:00:00',1286802000000,0),(184,'LONG','executionTime','','1970-01-01 10:00:00',1286888400000,0),(185,'LONG','executionTime','','1970-01-01 10:00:00',1286974800000,0),(186,'LONG','executionTime','','1970-01-01 10:00:00',1287061200000,0),(187,'LONG','executionTime','','1970-01-01 10:00:00',1287147600000,0),(188,'LONG','executionTime','','1970-01-01 10:00:00',1287234000000,0),(189,'LONG','executionTime','','1970-01-01 10:00:00',1287320400000,0),(190,'LONG','executionTime','','1970-01-01 10:00:00',1287406800000,0),(191,'LONG','executionTime','','1970-01-01 10:00:00',1287493200000,0),(192,'LONG','executionTime','','1970-01-01 10:00:00',1287579600000,0),(193,'LONG','executionTime','','1970-01-01 10:00:00',1287666000000,0),(194,'LONG','executionTime','','1970-01-01 10:00:00',1287752400000,0),(195,'LONG','executionTime','','1970-01-01 10:00:00',1287838800000,0),(196,'LONG','executionTime','','1970-01-01 10:00:00',1287925200000,0),(197,'LONG','executionTime','','1970-01-01 10:00:00',1288011600000,0),(198,'LONG','executionTime','','1970-01-01 10:00:00',1288098000000,0),(199,'LONG','executionTime','','1970-01-01 10:00:00',1288184400000,0),(200,'LONG','executionTime','','1970-01-01 10:00:00',1288270800000,0),(201,'LONG','executionTime','','1970-01-01 10:00:00',1288357200000,0),(202,'LONG','executionTime','','1970-01-01 10:00:00',1288443600000,0),(203,'LONG','executionTime','','1970-01-01 10:00:00',1288530000000,0),(204,'LONG','executionTime','','1970-01-01 10:00:00',1288616400000,0),(205,'LONG','executionTime','','1970-01-01 10:00:00',1288702800000,0),(206,'LONG','executionTime','','1970-01-01 10:00:00',1288789200000,0),(207,'LONG','executionTime','','1970-01-01 10:00:00',1288875600000,0),(208,'LONG','executionTime','','1970-01-01 10:00:00',1288962000000,0),(209,'LONG','executionTime','','1970-01-01 10:00:00',1289048400000,0),(210,'LONG','executionTime','','1970-01-01 10:00:00',1289134800000,0),(211,'LONG','executionTime','','1970-01-01 10:00:00',1289221200000,0),(212,'LONG','executionTime','','1970-01-01 10:00:00',1289307600000,0),(213,'LONG','executionTime','','1970-01-01 10:00:00',1289394000000,0),(214,'LONG','executionTime','','1970-01-01 10:00:00',1289480400000,0),(215,'LONG','executionTime','','1970-01-01 10:00:00',1289566800000,0),(216,'LONG','executionTime','','1970-01-01 10:00:00',1289653200000,0),(217,'LONG','executionTime','','1970-01-01 10:00:00',1289795760612,0),(218,'LONG','executionTime','','1970-01-01 10:00:00',1280757900000,0),(219,'LONG','executionTime','','1970-01-01 10:00:00',1280844300000,0),(220,'LONG','executionTime','','1970-01-01 10:00:00',1280930700000,0),(221,'LONG','executionTime','','1970-01-01 10:00:00',1281017100000,0),(222,'LONG','executionTime','','1970-01-01 10:00:00',1281103500000,0),(223,'LONG','executionTime','','1970-01-01 10:00:00',1281189900000,0),(224,'LONG','executionTime','','1970-01-01 10:00:00',1281276300000,0),(225,'LONG','executionTime','','1970-01-01 10:00:00',1281362700000,0),(226,'LONG','executionTime','','1970-01-01 10:00:00',1281449100000,0),(227,'LONG','executionTime','','1970-01-01 10:00:00',1281535500000,0),(228,'LONG','executionTime','','1970-01-01 10:00:00',1281621900000,0),(229,'LONG','executionTime','','1970-01-01 10:00:00',1281708300000,0),(230,'LONG','executionTime','','1970-01-01 10:00:00',1281794700000,0),(231,'LONG','executionTime','','1970-01-01 10:00:00',1281881100000,0),(232,'LONG','executionTime','','1970-01-01 10:00:00',1281967500000,0),(233,'LONG','executionTime','','1970-01-01 10:00:00',1282053900000,0),(234,'LONG','executionTime','','1970-01-01 10:00:00',1282140300000,0),(235,'LONG','executionTime','','1970-01-01 10:00:00',1282226700000,0),(236,'LONG','executionTime','','1970-01-01 10:00:00',1282313100000,0),(237,'LONG','executionTime','','1970-01-01 10:00:00',1282399500000,0),(238,'LONG','executionTime','','1970-01-01 10:00:00',1282485900000,0),(239,'LONG','executionTime','','1970-01-01 10:00:00',1282572300000,0),(240,'LONG','executionTime','','1970-01-01 10:00:00',1282658700000,0),(241,'LONG','executionTime','','1970-01-01 10:00:00',1282745100000,0),(242,'LONG','executionTime','','1970-01-01 10:00:00',1282831500000,0),(243,'LONG','executionTime','','1970-01-01 10:00:00',1282917900000,0),(244,'LONG','executionTime','','1970-01-01 10:00:00',1283004300000,0),(245,'LONG','executionTime','','1970-01-01 10:00:00',1283090700000,0),(246,'LONG','executionTime','','1970-01-01 10:00:00',1283177100000,0),(247,'LONG','executionTime','','1970-01-01 10:00:00',1283263500000,0),(248,'LONG','executionTime','','1970-01-01 10:00:00',1283349900000,0),(249,'LONG','executionTime','','1970-01-01 10:00:00',1283436300000,0),(250,'LONG','executionTime','','1970-01-01 10:00:00',1283522700000,0),(251,'LONG','executionTime','','1970-01-01 10:00:00',1283609100000,0),(252,'LONG','executionTime','','1970-01-01 10:00:00',1283695500000,0),(253,'LONG','executionTime','','1970-01-01 10:00:00',1283781900000,0),(254,'LONG','executionTime','','1970-01-01 10:00:00',1283868300000,0),(255,'LONG','executionTime','','1970-01-01 10:00:00',1283954700000,0),(256,'LONG','executionTime','','1970-01-01 10:00:00',1284041100000,0),(257,'LONG','executionTime','','1970-01-01 10:00:00',1284127500000,0),(258,'LONG','executionTime','','1970-01-01 10:00:00',1284213900000,0),(259,'LONG','executionTime','','1970-01-01 10:00:00',1284300300000,0),(260,'LONG','executionTime','','1970-01-01 10:00:00',1284386700000,0),(261,'LONG','executionTime','','1970-01-01 10:00:00',1284473100000,0),(262,'LONG','executionTime','','1970-01-01 10:00:00',1284559500000,0),(263,'LONG','executionTime','','1970-01-01 10:00:00',1284645900000,0),(264,'LONG','executionTime','','1970-01-01 10:00:00',1284732300000,0),(265,'LONG','executionTime','','1970-01-01 10:00:00',1284818700000,0),(266,'LONG','executionTime','','1970-01-01 10:00:00',1284905100000,0),(267,'LONG','executionTime','','1970-01-01 10:00:00',1284991500000,0),(268,'LONG','executionTime','','1970-01-01 10:00:00',1285077900000,0),(269,'LONG','executionTime','','1970-01-01 10:00:00',1285164300000,0),(270,'LONG','executionTime','','1970-01-01 10:00:00',1285250700000,0),(271,'LONG','executionTime','','1970-01-01 10:00:00',1285337100000,0),(272,'LONG','executionTime','','1970-01-01 10:00:00',1285423500000,0),(273,'LONG','executionTime','','1970-01-01 10:00:00',1285509900000,0),(274,'LONG','executionTime','','1970-01-01 10:00:00',1285596300000,0),(275,'LONG','executionTime','','1970-01-01 10:00:00',1285682700000,0),(276,'LONG','executionTime','','1970-01-01 10:00:00',1285769100000,0),(277,'LONG','executionTime','','1970-01-01 10:00:00',1285855500000,0),(278,'LONG','executionTime','','1970-01-01 10:00:00',1285941900000,0),(279,'LONG','executionTime','','1970-01-01 10:00:00',1286028300000,0),(280,'LONG','executionTime','','1970-01-01 10:00:00',1286111100000,0),(281,'LONG','executionTime','','1970-01-01 10:00:00',1286197500000,0),(282,'LONG','executionTime','','1970-01-01 10:00:00',1286283900000,0),(283,'LONG','executionTime','','1970-01-01 10:00:00',1286370300000,0),(284,'LONG','executionTime','','1970-01-01 10:00:00',1286456700000,0),(285,'LONG','executionTime','','1970-01-01 10:00:00',1286543100000,0),(286,'LONG','executionTime','','1970-01-01 10:00:00',1286629500000,0),(287,'LONG','executionTime','','1970-01-01 10:00:00',1286715900000,0),(288,'LONG','executionTime','','1970-01-01 10:00:00',1286802300000,0),(289,'LONG','executionTime','','1970-01-01 10:00:00',1286888700000,0),(290,'LONG','executionTime','','1970-01-01 10:00:00',1286975100000,0),(291,'LONG','executionTime','','1970-01-01 10:00:00',1287061500000,0),(292,'LONG','executionTime','','1970-01-01 10:00:00',1287147900000,0),(293,'LONG','executionTime','','1970-01-01 10:00:00',1287234300000,0),(294,'LONG','executionTime','','1970-01-01 10:00:00',1287320700000,0),(295,'LONG','executionTime','','1970-01-01 10:00:00',1287407100000,0),(296,'LONG','executionTime','','1970-01-01 10:00:00',1287493500000,0),(297,'LONG','executionTime','','1970-01-01 10:00:00',1287579900000,0),(298,'LONG','executionTime','','1970-01-01 10:00:00',1287666300000,0),(299,'LONG','executionTime','','1970-01-01 10:00:00',1287752700000,0),(300,'LONG','executionTime','','1970-01-01 10:00:00',1287839100000,0),(301,'LONG','executionTime','','1970-01-01 10:00:00',1287925500000,0),(302,'LONG','executionTime','','1970-01-01 10:00:00',1288011900000,0),(303,'LONG','executionTime','','1970-01-01 10:00:00',1288098300000,0),(304,'LONG','executionTime','','1970-01-01 10:00:00',1288184700000,0),(305,'LONG','executionTime','','1970-01-01 10:00:00',1288271100000,0),(306,'LONG','executionTime','','1970-01-01 10:00:00',1288357500000,0),(307,'LONG','executionTime','','1970-01-01 10:00:00',1288443900000,0),(308,'LONG','executionTime','','1970-01-01 10:00:00',1288530300000,0),(309,'LONG','executionTime','','1970-01-01 10:00:00',1288616700000,0),(310,'LONG','executionTime','','1970-01-01 10:00:00',1288703100000,0),(311,'LONG','executionTime','','1970-01-01 10:00:00',1288789500000,0),(312,'LONG','executionTime','','1970-01-01 10:00:00',1288875900000,0),(313,'LONG','executionTime','','1970-01-01 10:00:00',1288962300000,0),(314,'LONG','executionTime','','1970-01-01 10:00:00',1289048700000,0),(315,'LONG','executionTime','','1970-01-01 10:00:00',1289135100000,0),(316,'LONG','executionTime','','1970-01-01 10:00:00',1289221500000,0),(317,'LONG','executionTime','','1970-01-01 10:00:00',1289307900000,0),(318,'LONG','executionTime','','1970-01-01 10:00:00',1289394300000,0),(319,'LONG','executionTime','','1970-01-01 10:00:00',1289480700000,0),(320,'LONG','executionTime','','1970-01-01 10:00:00',1289567100000,0),(321,'LONG','executionTime','','1970-01-01 10:00:00',1289653500000,0),(322,'LONG','executionTime','','1970-01-01 10:00:00',1289795760612,0),(323,'LONG','executionTime','','1970-01-01 10:00:00',1280930400000,0),(324,'LONG','executionTime','','1970-01-01 10:00:00',1281016800000,0),(325,'LONG','executionTime','','1970-01-01 10:00:00',1281103200000,0),(326,'LONG','executionTime','','1970-01-01 10:00:00',1281189600000,0),(327,'LONG','executionTime','','1970-01-01 10:00:00',1281276000000,0),(328,'LONG','executionTime','','1970-01-01 10:00:00',1281362400000,0),(329,'LONG','executionTime','','1970-01-01 10:00:00',1281448800000,0),(330,'LONG','executionTime','','1970-01-01 10:00:00',1281535200000,0),(331,'LONG','executionTime','','1970-01-01 10:00:00',1281621600000,0),(332,'LONG','executionTime','','1970-01-01 10:00:00',1281708000000,0),(333,'LONG','executionTime','','1970-01-01 10:00:00',1281794400000,0),(334,'LONG','executionTime','','1970-01-01 10:00:00',1281880800000,0),(335,'LONG','executionTime','','1970-01-01 10:00:00',1281967200000,0),(336,'LONG','executionTime','','1970-01-01 10:00:00',1282053600000,0),(337,'LONG','executionTime','','1970-01-01 10:00:00',1282140000000,0),(338,'LONG','executionTime','','1970-01-01 10:00:00',1282226400000,0),(339,'LONG','executionTime','','1970-01-01 10:00:00',1282312800000,0),(340,'LONG','executionTime','','1970-01-01 10:00:00',1282399200000,0),(341,'LONG','executionTime','','1970-01-01 10:00:00',1282485600000,0),(342,'LONG','executionTime','','1970-01-01 10:00:00',1282572000000,0),(343,'LONG','executionTime','','1970-01-01 10:00:00',1282658400000,0),(344,'LONG','executionTime','','1970-01-01 10:00:00',1282744800000,0),(345,'LONG','executionTime','','1970-01-01 10:00:00',1282831200000,0),(346,'LONG','executionTime','','1970-01-01 10:00:00',1282917600000,0),(347,'LONG','executionTime','','1970-01-01 10:00:00',1283004000000,0),(348,'LONG','executionTime','','1970-01-01 10:00:00',1283090400000,0),(349,'LONG','executionTime','','1970-01-01 10:00:00',1283176800000,0),(350,'LONG','executionTime','','1970-01-01 10:00:00',1283263200000,0),(351,'LONG','executionTime','','1970-01-01 10:00:00',1283349600000,0),(352,'LONG','executionTime','','1970-01-01 10:00:00',1283436000000,0),(353,'LONG','executionTime','','1970-01-01 10:00:00',1283522400000,0),(354,'LONG','executionTime','','1970-01-01 10:00:00',1283608800000,0),(355,'LONG','executionTime','','1970-01-01 10:00:00',1283695200000,0),(356,'LONG','executionTime','','1970-01-01 10:00:00',1283781600000,0),(357,'LONG','executionTime','','1970-01-01 10:00:00',1283868000000,0),(358,'LONG','executionTime','','1970-01-01 10:00:00',1283954400000,0),(359,'LONG','executionTime','','1970-01-01 10:00:00',1284040800000,0),(360,'LONG','executionTime','','1970-01-01 10:00:00',1284127200000,0),(361,'LONG','executionTime','','1970-01-01 10:00:00',1284213600000,0),(362,'LONG','executionTime','','1970-01-01 10:00:00',1284300000000,0),(363,'LONG','executionTime','','1970-01-01 10:00:00',1284386400000,0),(364,'LONG','executionTime','','1970-01-01 10:00:00',1284472800000,0),(365,'LONG','executionTime','','1970-01-01 10:00:00',1284559200000,0),(366,'LONG','executionTime','','1970-01-01 10:00:00',1284645600000,0),(367,'LONG','executionTime','','1970-01-01 10:00:00',1284732000000,0),(368,'LONG','executionTime','','1970-01-01 10:00:00',1284818400000,0),(369,'LONG','executionTime','','1970-01-01 10:00:00',1284904800000,0),(370,'LONG','executionTime','','1970-01-01 10:00:00',1284991200000,0),(371,'LONG','executionTime','','1970-01-01 10:00:00',1285077600000,0),(372,'LONG','executionTime','','1970-01-01 10:00:00',1285164000000,0),(373,'LONG','executionTime','','1970-01-01 10:00:00',1285250400000,0),(374,'LONG','executionTime','','1970-01-01 10:00:00',1285336800000,0),(375,'LONG','executionTime','','1970-01-01 10:00:00',1285423200000,0),(376,'LONG','executionTime','','1970-01-01 10:00:00',1285509600000,0),(377,'LONG','executionTime','','1970-01-01 10:00:00',1285596000000,0),(378,'LONG','executionTime','','1970-01-01 10:00:00',1285682400000,0),(379,'LONG','executionTime','','1970-01-01 10:00:00',1285768800000,0),(380,'LONG','executionTime','','1970-01-01 10:00:00',1285855200000,0),(381,'LONG','executionTime','','1970-01-01 10:00:00',1285941600000,0),(382,'LONG','executionTime','','1970-01-01 10:00:00',1286028000000,0),(383,'LONG','executionTime','','1970-01-01 10:00:00',1286110800000,0),(384,'LONG','executionTime','','1970-01-01 10:00:00',1286197200000,0),(385,'LONG','executionTime','','1970-01-01 10:00:00',1286283600000,0),(386,'LONG','executionTime','','1970-01-01 10:00:00',1286370000000,0),(387,'LONG','executionTime','','1970-01-01 10:00:00',1286456400000,0),(388,'LONG','executionTime','','1970-01-01 10:00:00',1286542800000,0),(389,'LONG','executionTime','','1970-01-01 10:00:00',1286629200000,0),(390,'LONG','executionTime','','1970-01-01 10:00:00',1286715600000,0),(391,'LONG','executionTime','','1970-01-01 10:00:00',1286802000000,0),(392,'LONG','executionTime','','1970-01-01 10:00:00',1286888400000,0),(393,'LONG','executionTime','','1970-01-01 10:00:00',1286974800000,0),(394,'LONG','executionTime','','1970-01-01 10:00:00',1287061200000,0),(395,'LONG','executionTime','','1970-01-01 10:00:00',1287147600000,0),(396,'LONG','executionTime','','1970-01-01 10:00:00',1287234000000,0),(397,'LONG','executionTime','','1970-01-01 10:00:00',1287320400000,0),(398,'LONG','executionTime','','1970-01-01 10:00:00',1287406800000,0),(399,'LONG','executionTime','','1970-01-01 10:00:00',1287493200000,0),(400,'LONG','executionTime','','1970-01-01 10:00:00',1287579600000,0),(401,'LONG','executionTime','','1970-01-01 10:00:00',1287666000000,0),(402,'LONG','executionTime','','1970-01-01 10:00:00',1287752400000,0),(403,'LONG','executionTime','','1970-01-01 10:00:00',1287838800000,0),(404,'LONG','executionTime','','1970-01-01 10:00:00',1287925200000,0),(405,'LONG','executionTime','','1970-01-01 10:00:00',1288011600000,0),(406,'LONG','executionTime','','1970-01-01 10:00:00',1288098000000,0),(407,'LONG','executionTime','','1970-01-01 10:00:00',1288184400000,0),(408,'LONG','executionTime','','1970-01-01 10:00:00',1288270800000,0),(409,'LONG','executionTime','','1970-01-01 10:00:00',1288357200000,0),(410,'LONG','executionTime','','1970-01-01 10:00:00',1288443600000,0),(411,'LONG','executionTime','','1970-01-01 10:00:00',1288530000000,0),(412,'LONG','executionTime','','1970-01-01 10:00:00',1288616400000,0),(413,'LONG','executionTime','','1970-01-01 10:00:00',1288702800000,0),(414,'LONG','executionTime','','1970-01-01 10:00:00',1288789200000,0),(415,'LONG','executionTime','','1970-01-01 10:00:00',1288875600000,0),(416,'LONG','executionTime','','1970-01-01 10:00:00',1288962000000,0),(417,'LONG','executionTime','','1970-01-01 10:00:00',1289048400000,0),(418,'LONG','executionTime','','1970-01-01 10:00:00',1289134800000,0),(419,'LONG','executionTime','','1970-01-01 10:00:00',1289221200000,0),(420,'LONG','executionTime','','1970-01-01 10:00:00',1289307600000,0),(421,'LONG','executionTime','','1970-01-01 10:00:00',1289394000000,0),(422,'LONG','executionTime','','1970-01-01 10:00:00',1289480400000,0),(423,'LONG','executionTime','','1970-01-01 10:00:00',1289566800000,0),(424,'LONG','executionTime','','1970-01-01 10:00:00',1289653200000,0),(425,'LONG','executionTime','','1970-01-01 10:00:00',1289795760612,0),(426,'LONG','executionTime','','1970-01-01 10:00:00',1280930400000,0),(427,'LONG','executionTime','','1970-01-01 10:00:00',1281016800000,0),(428,'LONG','executionTime','','1970-01-01 10:00:00',1281103200000,0),(429,'LONG','executionTime','','1970-01-01 10:00:00',1281189600000,0),(430,'LONG','executionTime','','1970-01-01 10:00:00',1281276000000,0),(431,'LONG','executionTime','','1970-01-01 10:00:00',1281362400000,0),(432,'LONG','executionTime','','1970-01-01 10:00:00',1281448800000,0),(433,'LONG','executionTime','','1970-01-01 10:00:00',1281535200000,0),(434,'LONG','executionTime','','1970-01-01 10:00:00',1281621600000,0),(435,'LONG','executionTime','','1970-01-01 10:00:00',1281708000000,0),(436,'LONG','executionTime','','1970-01-01 10:00:00',1281794400000,0),(437,'LONG','executionTime','','1970-01-01 10:00:00',1281880800000,0),(438,'LONG','executionTime','','1970-01-01 10:00:00',1281967200000,0),(439,'LONG','executionTime','','1970-01-01 10:00:00',1282053600000,0),(440,'LONG','executionTime','','1970-01-01 10:00:00',1282140000000,0),(441,'LONG','executionTime','','1970-01-01 10:00:00',1282226400000,0),(442,'LONG','executionTime','','1970-01-01 10:00:00',1282312800000,0),(443,'LONG','executionTime','','1970-01-01 10:00:00',1282399200000,0),(444,'LONG','executionTime','','1970-01-01 10:00:00',1282485600000,0),(445,'LONG','executionTime','','1970-01-01 10:00:00',1282572000000,0),(446,'LONG','executionTime','','1970-01-01 10:00:00',1282658400000,0),(447,'LONG','executionTime','','1970-01-01 10:00:00',1282744800000,0),(448,'LONG','executionTime','','1970-01-01 10:00:00',1282831200000,0),(449,'LONG','executionTime','','1970-01-01 10:00:00',1282917600000,0),(450,'LONG','executionTime','','1970-01-01 10:00:00',1283004000000,0),(451,'LONG','executionTime','','1970-01-01 10:00:00',1283090400000,0),(452,'LONG','executionTime','','1970-01-01 10:00:00',1283176800000,0),(453,'LONG','executionTime','','1970-01-01 10:00:00',1283263200000,0),(454,'LONG','executionTime','','1970-01-01 10:00:00',1283349600000,0),(455,'LONG','executionTime','','1970-01-01 10:00:00',1283436000000,0),(456,'LONG','executionTime','','1970-01-01 10:00:00',1283522400000,0),(457,'LONG','executionTime','','1970-01-01 10:00:00',1283608800000,0),(458,'LONG','executionTime','','1970-01-01 10:00:00',1283695200000,0),(459,'LONG','executionTime','','1970-01-01 10:00:00',1283781600000,0),(460,'LONG','executionTime','','1970-01-01 10:00:00',1283868000000,0),(461,'LONG','executionTime','','1970-01-01 10:00:00',1283954400000,0),(462,'LONG','executionTime','','1970-01-01 10:00:00',1284040800000,0),(463,'LONG','executionTime','','1970-01-01 10:00:00',1284127200000,0),(464,'LONG','executionTime','','1970-01-01 10:00:00',1284213600000,0),(465,'LONG','executionTime','','1970-01-01 10:00:00',1284300000000,0),(466,'LONG','executionTime','','1970-01-01 10:00:00',1284386400000,0),(467,'LONG','executionTime','','1970-01-01 10:00:00',1284472800000,0),(468,'LONG','executionTime','','1970-01-01 10:00:00',1284559200000,0),(469,'LONG','executionTime','','1970-01-01 10:00:00',1284645600000,0),(470,'LONG','executionTime','','1970-01-01 10:00:00',1284732000000,0),(471,'LONG','executionTime','','1970-01-01 10:00:00',1284818400000,0),(472,'LONG','executionTime','','1970-01-01 10:00:00',1284904800000,0),(473,'LONG','executionTime','','1970-01-01 10:00:00',1284991200000,0),(474,'LONG','executionTime','','1970-01-01 10:00:00',1285077600000,0),(475,'LONG','executionTime','','1970-01-01 10:00:00',1285164000000,0),(476,'LONG','executionTime','','1970-01-01 10:00:00',1285250400000,0),(477,'LONG','executionTime','','1970-01-01 10:00:00',1285336800000,0),(478,'LONG','executionTime','','1970-01-01 10:00:00',1285423200000,0),(479,'LONG','executionTime','','1970-01-01 10:00:00',1285509600000,0),(480,'LONG','executionTime','','1970-01-01 10:00:00',1285596000000,0),(481,'LONG','executionTime','','1970-01-01 10:00:00',1285682400000,0),(482,'LONG','executionTime','','1970-01-01 10:00:00',1285768800000,0),(483,'LONG','executionTime','','1970-01-01 10:00:00',1285855200000,0),(484,'LONG','executionTime','','1970-01-01 10:00:00',1285941600000,0),(485,'LONG','executionTime','','1970-01-01 10:00:00',1286028000000,0),(486,'LONG','executionTime','','1970-01-01 10:00:00',1286110800000,0),(487,'LONG','executionTime','','1970-01-01 10:00:00',1286197200000,0),(488,'LONG','executionTime','','1970-01-01 10:00:00',1286283600000,0),(489,'LONG','executionTime','','1970-01-01 10:00:00',1286370000000,0),(490,'LONG','executionTime','','1970-01-01 10:00:00',1286456400000,0),(491,'LONG','executionTime','','1970-01-01 10:00:00',1286542800000,0),(492,'LONG','executionTime','','1970-01-01 10:00:00',1286629200000,0),(493,'LONG','executionTime','','1970-01-01 10:00:00',1286715600000,0),(494,'LONG','executionTime','','1970-01-01 10:00:00',1286802000000,0),(495,'LONG','executionTime','','1970-01-01 10:00:00',1286888400000,0),(496,'LONG','executionTime','','1970-01-01 10:00:00',1286974800000,0),(497,'LONG','executionTime','','1970-01-01 10:00:00',1287061200000,0),(498,'LONG','executionTime','','1970-01-01 10:00:00',1287147600000,0),(499,'LONG','executionTime','','1970-01-01 10:00:00',1287234000000,0),(500,'LONG','executionTime','','1970-01-01 10:00:00',1287320400000,0),(501,'LONG','executionTime','','1970-01-01 10:00:00',1287406800000,0),(502,'LONG','executionTime','','1970-01-01 10:00:00',1287493200000,0),(503,'LONG','executionTime','','1970-01-01 10:00:00',1287579600000,0),(504,'LONG','executionTime','','1970-01-01 10:00:00',1287666000000,0),(505,'LONG','executionTime','','1970-01-01 10:00:00',1287752400000,0),(506,'LONG','executionTime','','1970-01-01 10:00:00',1287838800000,0),(507,'LONG','executionTime','','1970-01-01 10:00:00',1287925200000,0),(508,'LONG','executionTime','','1970-01-01 10:00:00',1288011600000,0),(509,'LONG','executionTime','','1970-01-01 10:00:00',1288098000000,0),(510,'LONG','executionTime','','1970-01-01 10:00:00',1288184400000,0),(511,'LONG','executionTime','','1970-01-01 10:00:00',1288270800000,0),(512,'LONG','executionTime','','1970-01-01 10:00:00',1288357200000,0),(513,'LONG','executionTime','','1970-01-01 10:00:00',1288443600000,0),(514,'LONG','executionTime','','1970-01-01 10:00:00',1288530000000,0),(515,'LONG','executionTime','','1970-01-01 10:00:00',1288616400000,0),(516,'LONG','executionTime','','1970-01-01 10:00:00',1288702800000,0),(517,'LONG','executionTime','','1970-01-01 10:00:00',1288789200000,0),(518,'LONG','executionTime','','1970-01-01 10:00:00',1288875600000,0),(519,'LONG','executionTime','','1970-01-01 10:00:00',1288962000000,0),(520,'LONG','executionTime','','1970-01-01 10:00:00',1289048400000,0),(521,'LONG','executionTime','','1970-01-01 10:00:00',1289134800000,0),(522,'LONG','executionTime','','1970-01-01 10:00:00',1289221200000,0),(523,'LONG','executionTime','','1970-01-01 10:00:00',1289307600000,0),(524,'LONG','executionTime','','1970-01-01 10:00:00',1289394000000,0),(525,'LONG','executionTime','','1970-01-01 10:00:00',1289480400000,0),(526,'LONG','executionTime','','1970-01-01 10:00:00',1289566800000,0),(527,'LONG','executionTime','','1970-01-01 10:00:00',1289653200000,0),(528,'LONG','executionTime','','1970-01-01 10:00:00',1289795760612,0),(529,'LONG','executionTime','','1970-01-01 10:00:00',1280930400000,0),(530,'LONG','executionTime','','1970-01-01 10:00:00',1281016800000,0),(531,'LONG','executionTime','','1970-01-01 10:00:00',1281103200000,0),(532,'LONG','executionTime','','1970-01-01 10:00:00',1281189600000,0),(533,'LONG','executionTime','','1970-01-01 10:00:00',1281276000000,0),(534,'LONG','executionTime','','1970-01-01 10:00:00',1281362400000,0),(535,'LONG','executionTime','','1970-01-01 10:00:00',1281448800000,0),(536,'LONG','executionTime','','1970-01-01 10:00:00',1281535200000,0),(537,'LONG','executionTime','','1970-01-01 10:00:00',1281621600000,0),(538,'LONG','executionTime','','1970-01-01 10:00:00',1281708000000,0),(539,'LONG','executionTime','','1970-01-01 10:00:00',1281794400000,0),(540,'LONG','executionTime','','1970-01-01 10:00:00',1281880800000,0),(541,'LONG','executionTime','','1970-01-01 10:00:00',1281967200000,0),(542,'LONG','executionTime','','1970-01-01 10:00:00',1282053600000,0),(543,'LONG','executionTime','','1970-01-01 10:00:00',1282140000000,0),(544,'LONG','executionTime','','1970-01-01 10:00:00',1282226400000,0),(545,'LONG','executionTime','','1970-01-01 10:00:00',1282312800000,0),(546,'LONG','executionTime','','1970-01-01 10:00:00',1282399200000,0),(547,'LONG','executionTime','','1970-01-01 10:00:00',1282485600000,0),(548,'LONG','executionTime','','1970-01-01 10:00:00',1282572000000,0),(549,'LONG','executionTime','','1970-01-01 10:00:00',1282658400000,0),(550,'LONG','executionTime','','1970-01-01 10:00:00',1282744800000,0),(551,'LONG','executionTime','','1970-01-01 10:00:00',1282831200000,0),(552,'LONG','executionTime','','1970-01-01 10:00:00',1282917600000,0),(553,'LONG','executionTime','','1970-01-01 10:00:00',1283004000000,0),(554,'LONG','executionTime','','1970-01-01 10:00:00',1283090400000,0),(555,'LONG','executionTime','','1970-01-01 10:00:00',1283176800000,0),(556,'LONG','executionTime','','1970-01-01 10:00:00',1283263200000,0),(557,'LONG','executionTime','','1970-01-01 10:00:00',1283349600000,0),(558,'LONG','executionTime','','1970-01-01 10:00:00',1283436000000,0),(559,'LONG','executionTime','','1970-01-01 10:00:00',1283522400000,0),(560,'LONG','executionTime','','1970-01-01 10:00:00',1283608800000,0),(561,'LONG','executionTime','','1970-01-01 10:00:00',1283695200000,0),(562,'LONG','executionTime','','1970-01-01 10:00:00',1283781600000,0),(563,'LONG','executionTime','','1970-01-01 10:00:00',1283868000000,0),(564,'LONG','executionTime','','1970-01-01 10:00:00',1283954400000,0),(565,'LONG','executionTime','','1970-01-01 10:00:00',1284040800000,0),(566,'LONG','executionTime','','1970-01-01 10:00:00',1284127200000,0),(567,'LONG','executionTime','','1970-01-01 10:00:00',1284213600000,0),(568,'LONG','executionTime','','1970-01-01 10:00:00',1284300000000,0),(569,'LONG','executionTime','','1970-01-01 10:00:00',1284386400000,0),(570,'LONG','executionTime','','1970-01-01 10:00:00',1284472800000,0),(571,'LONG','executionTime','','1970-01-01 10:00:00',1284559200000,0),(572,'LONG','executionTime','','1970-01-01 10:00:00',1284645600000,0),(573,'LONG','executionTime','','1970-01-01 10:00:00',1284732000000,0),(574,'LONG','executionTime','','1970-01-01 10:00:00',1284818400000,0),(575,'LONG','executionTime','','1970-01-01 10:00:00',1284904800000,0),(576,'LONG','executionTime','','1970-01-01 10:00:00',1284991200000,0),(577,'LONG','executionTime','','1970-01-01 10:00:00',1285077600000,0),(578,'LONG','executionTime','','1970-01-01 10:00:00',1285164000000,0),(579,'LONG','executionTime','','1970-01-01 10:00:00',1285250400000,0),(580,'LONG','executionTime','','1970-01-01 10:00:00',1285336800000,0),(581,'LONG','executionTime','','1970-01-01 10:00:00',1285423200000,0),(582,'LONG','executionTime','','1970-01-01 10:00:00',1285509600000,0),(583,'LONG','executionTime','','1970-01-01 10:00:00',1285596000000,0),(584,'LONG','executionTime','','1970-01-01 10:00:00',1285682400000,0),(585,'LONG','executionTime','','1970-01-01 10:00:00',1285768800000,0),(586,'LONG','executionTime','','1970-01-01 10:00:00',1285855200000,0),(587,'LONG','executionTime','','1970-01-01 10:00:00',1285941600000,0),(588,'LONG','executionTime','','1970-01-01 10:00:00',1286028000000,0),(589,'LONG','executionTime','','1970-01-01 10:00:00',1286110800000,0),(590,'LONG','executionTime','','1970-01-01 10:00:00',1286197200000,0),(591,'LONG','executionTime','','1970-01-01 10:00:00',1286283600000,0),(592,'LONG','executionTime','','1970-01-01 10:00:00',1286370000000,0),(593,'LONG','executionTime','','1970-01-01 10:00:00',1286456400000,0),(594,'LONG','executionTime','','1970-01-01 10:00:00',1286542800000,0),(595,'LONG','executionTime','','1970-01-01 10:00:00',1286629200000,0),(596,'LONG','executionTime','','1970-01-01 10:00:00',1286715600000,0),(597,'LONG','executionTime','','1970-01-01 10:00:00',1286802000000,0),(598,'LONG','executionTime','','1970-01-01 10:00:00',1286888400000,0),(599,'LONG','executionTime','','1970-01-01 10:00:00',1286974800000,0),(600,'LONG','executionTime','','1970-01-01 10:00:00',1287061200000,0),(601,'LONG','executionTime','','1970-01-01 10:00:00',1287147600000,0),(602,'LONG','executionTime','','1970-01-01 10:00:00',1287234000000,0),(603,'LONG','executionTime','','1970-01-01 10:00:00',1287320400000,0),(604,'LONG','executionTime','','1970-01-01 10:00:00',1287406800000,0),(605,'LONG','executionTime','','1970-01-01 10:00:00',1287493200000,0),(606,'LONG','executionTime','','1970-01-01 10:00:00',1287579600000,0),(607,'LONG','executionTime','','1970-01-01 10:00:00',1287666000000,0),(608,'LONG','executionTime','','1970-01-01 10:00:00',1287752400000,0),(609,'LONG','executionTime','','1970-01-01 10:00:00',1287838800000,0),(610,'LONG','executionTime','','1970-01-01 10:00:00',1287925200000,0),(611,'LONG','executionTime','','1970-01-01 10:00:00',1288011600000,0),(612,'LONG','executionTime','','1970-01-01 10:00:00',1288098000000,0),(613,'LONG','executionTime','','1970-01-01 10:00:00',1288184400000,0),(614,'LONG','executionTime','','1970-01-01 10:00:00',1288270800000,0),(615,'LONG','executionTime','','1970-01-01 10:00:00',1288357200000,0),(616,'LONG','executionTime','','1970-01-01 10:00:00',1288443600000,0),(617,'LONG','executionTime','','1970-01-01 10:00:00',1288530000000,0),(618,'LONG','executionTime','','1970-01-01 10:00:00',1288616400000,0),(619,'LONG','executionTime','','1970-01-01 10:00:00',1288702800000,0),(620,'LONG','executionTime','','1970-01-01 10:00:00',1288789200000,0),(621,'LONG','executionTime','','1970-01-01 10:00:00',1288875600000,0),(622,'LONG','executionTime','','1970-01-01 10:00:00',1288962000000,0),(623,'LONG','executionTime','','1970-01-01 10:00:00',1289048400000,0),(624,'LONG','executionTime','','1970-01-01 10:00:00',1289134800000,0),(625,'LONG','executionTime','','1970-01-01 10:00:00',1289221200000,0),(626,'LONG','executionTime','','1970-01-01 10:00:00',1289307600000,0),(627,'LONG','executionTime','','1970-01-01 10:00:00',1289394000000,0),(628,'LONG','executionTime','','1970-01-01 10:00:00',1289480400000,0),(629,'LONG','executionTime','','1970-01-01 10:00:00',1289566800000,0),(630,'LONG','executionTime','','1970-01-01 10:00:00',1289653200000,0),(631,'LONG','executionTime','','1970-01-01 10:00:00',1289795760612,0),(632,'LONG','executionTime','','1970-01-01 10:00:00',1280844000000,0),(633,'LONG','executionTime','','1970-01-01 10:00:00',1280930400000,0),(634,'LONG','executionTime','','1970-01-01 10:00:00',1281016800000,0),(635,'LONG','executionTime','','1970-01-01 10:00:00',1281103200000,0),(636,'LONG','executionTime','','1970-01-01 10:00:00',1281189600000,0),(637,'LONG','executionTime','','1970-01-01 10:00:00',1281276000000,0),(638,'LONG','executionTime','','1970-01-01 10:00:00',1281362400000,0),(639,'LONG','executionTime','','1970-01-01 10:00:00',1281448800000,0),(640,'LONG','executionTime','','1970-01-01 10:00:00',1281535200000,0),(641,'LONG','executionTime','','1970-01-01 10:00:00',1281621600000,0),(642,'LONG','executionTime','','1970-01-01 10:00:00',1281708000000,0),(643,'LONG','executionTime','','1970-01-01 10:00:00',1281794400000,0),(644,'LONG','executionTime','','1970-01-01 10:00:00',1281880800000,0),(645,'LONG','executionTime','','1970-01-01 10:00:00',1281967200000,0),(646,'LONG','executionTime','','1970-01-01 10:00:00',1282053600000,0),(647,'LONG','executionTime','','1970-01-01 10:00:00',1282140000000,0),(648,'LONG','executionTime','','1970-01-01 10:00:00',1282226400000,0),(649,'LONG','executionTime','','1970-01-01 10:00:00',1282312800000,0),(650,'LONG','executionTime','','1970-01-01 10:00:00',1282399200000,0),(651,'LONG','executionTime','','1970-01-01 10:00:00',1282485600000,0),(652,'LONG','executionTime','','1970-01-01 10:00:00',1282572000000,0),(653,'LONG','executionTime','','1970-01-01 10:00:00',1282658400000,0),(654,'LONG','executionTime','','1970-01-01 10:00:00',1282744800000,0),(655,'LONG','executionTime','','1970-01-01 10:00:00',1282831200000,0),(656,'LONG','executionTime','','1970-01-01 10:00:00',1282917600000,0),(657,'LONG','executionTime','','1970-01-01 10:00:00',1283004000000,0),(658,'LONG','executionTime','','1970-01-01 10:00:00',1283090400000,0),(659,'LONG','executionTime','','1970-01-01 10:00:00',1283176800000,0),(660,'LONG','executionTime','','1970-01-01 10:00:00',1283263200000,0),(661,'LONG','executionTime','','1970-01-01 10:00:00',1283349600000,0),(662,'LONG','executionTime','','1970-01-01 10:00:00',1283436000000,0),(663,'LONG','executionTime','','1970-01-01 10:00:00',1283522400000,0),(664,'LONG','executionTime','','1970-01-01 10:00:00',1283608800000,0),(665,'LONG','executionTime','','1970-01-01 10:00:00',1283695200000,0),(666,'LONG','executionTime','','1970-01-01 10:00:00',1283781600000,0),(667,'LONG','executionTime','','1970-01-01 10:00:00',1283868000000,0),(668,'LONG','executionTime','','1970-01-01 10:00:00',1283954400000,0),(669,'LONG','executionTime','','1970-01-01 10:00:00',1284040800000,0),(670,'LONG','executionTime','','1970-01-01 10:00:00',1284127200000,0),(671,'LONG','executionTime','','1970-01-01 10:00:00',1284213600000,0),(672,'LONG','executionTime','','1970-01-01 10:00:00',1284300000000,0),(673,'LONG','executionTime','','1970-01-01 10:00:00',1284386400000,0),(674,'LONG','executionTime','','1970-01-01 10:00:00',1284472800000,0),(675,'LONG','executionTime','','1970-01-01 10:00:00',1284559200000,0),(676,'LONG','executionTime','','1970-01-01 10:00:00',1284645600000,0),(677,'LONG','executionTime','','1970-01-01 10:00:00',1284732000000,0),(678,'LONG','executionTime','','1970-01-01 10:00:00',1284818400000,0),(679,'LONG','executionTime','','1970-01-01 10:00:00',1284904800000,0),(680,'LONG','executionTime','','1970-01-01 10:00:00',1284991200000,0),(681,'LONG','executionTime','','1970-01-01 10:00:00',1285077600000,0),(682,'LONG','executionTime','','1970-01-01 10:00:00',1285164000000,0),(683,'LONG','executionTime','','1970-01-01 10:00:00',1285250400000,0),(684,'LONG','executionTime','','1970-01-01 10:00:00',1285336800000,0),(685,'LONG','executionTime','','1970-01-01 10:00:00',1285423200000,0),(686,'LONG','executionTime','','1970-01-01 10:00:00',1285509600000,0),(687,'LONG','executionTime','','1970-01-01 10:00:00',1285596000000,0),(688,'LONG','executionTime','','1970-01-01 10:00:00',1285682400000,0),(689,'LONG','executionTime','','1970-01-01 10:00:00',1285768800000,0),(690,'LONG','executionTime','','1970-01-01 10:00:00',1285855200000,0),(691,'LONG','executionTime','','1970-01-01 10:00:00',1285941600000,0),(692,'LONG','executionTime','','1970-01-01 10:00:00',1286028000000,0),(693,'LONG','executionTime','','1970-01-01 10:00:00',1286110800000,0),(694,'LONG','executionTime','','1970-01-01 10:00:00',1286197200000,0),(695,'LONG','executionTime','','1970-01-01 10:00:00',1286283600000,0),(696,'LONG','executionTime','','1970-01-01 10:00:00',1286370000000,0),(697,'LONG','executionTime','','1970-01-01 10:00:00',1286456400000,0),(698,'LONG','executionTime','','1970-01-01 10:00:00',1286542800000,0),(699,'LONG','executionTime','','1970-01-01 10:00:00',1286629200000,0),(700,'LONG','executionTime','','1970-01-01 10:00:00',1286715600000,0),(701,'LONG','executionTime','','1970-01-01 10:00:00',1286802000000,0),(702,'LONG','executionTime','','1970-01-01 10:00:00',1286888400000,0),(703,'LONG','executionTime','','1970-01-01 10:00:00',1286974800000,0),(704,'LONG','executionTime','','1970-01-01 10:00:00',1287061200000,0),(705,'LONG','executionTime','','1970-01-01 10:00:00',1287147600000,0),(706,'LONG','executionTime','','1970-01-01 10:00:00',1287234000000,0),(707,'LONG','executionTime','','1970-01-01 10:00:00',1287320400000,0),(708,'LONG','executionTime','','1970-01-01 10:00:00',1287406800000,0),(709,'LONG','executionTime','','1970-01-01 10:00:00',1287493200000,0),(710,'LONG','executionTime','','1970-01-01 10:00:00',1287579600000,0),(711,'LONG','executionTime','','1970-01-01 10:00:00',1287666000000,0),(712,'LONG','executionTime','','1970-01-01 10:00:00',1287752400000,0),(713,'LONG','executionTime','','1970-01-01 10:00:00',1287838800000,0),(714,'LONG','executionTime','','1970-01-01 10:00:00',1287925200000,0),(715,'LONG','executionTime','','1970-01-01 10:00:00',1288011600000,0),(716,'LONG','executionTime','','1970-01-01 10:00:00',1288098000000,0),(717,'LONG','executionTime','','1970-01-01 10:00:00',1288184400000,0),(718,'LONG','executionTime','','1970-01-01 10:00:00',1288270800000,0),(719,'LONG','executionTime','','1970-01-01 10:00:00',1288357200000,0),(720,'LONG','executionTime','','1970-01-01 10:00:00',1288443600000,0),(721,'LONG','executionTime','','1970-01-01 10:00:00',1288530000000,0),(722,'LONG','executionTime','','1970-01-01 10:00:00',1288616400000,0),(723,'LONG','executionTime','','1970-01-01 10:00:00',1288702800000,0),(724,'LONG','executionTime','','1970-01-01 10:00:00',1288789200000,0),(725,'LONG','executionTime','','1970-01-01 10:00:00',1288875600000,0),(726,'LONG','executionTime','','1970-01-01 10:00:00',1288962000000,0),(727,'LONG','executionTime','','1970-01-01 10:00:00',1289048400000,0),(728,'LONG','executionTime','','1970-01-01 10:00:00',1289134800000,0),(729,'LONG','executionTime','','1970-01-01 10:00:00',1289221200000,0),(730,'LONG','executionTime','','1970-01-01 10:00:00',1289307600000,0),(731,'LONG','executionTime','','1970-01-01 10:00:00',1289394000000,0),(732,'LONG','executionTime','','1970-01-01 10:00:00',1289480400000,0),(733,'LONG','executionTime','','1970-01-01 10:00:00',1289566800000,0),(734,'LONG','executionTime','','1970-01-01 10:00:00',1289653200000,0),(735,'LONG','executionTime','','1970-01-01 10:00:00',1289795760612,0),(736,'LONG','executionTime','','1970-01-01 10:00:00',1280844000000,0),(737,'LONG','executionTime','','1970-01-01 10:00:00',1280930400000,0),(738,'LONG','executionTime','','1970-01-01 10:00:00',1281016800000,0),(739,'LONG','executionTime','','1970-01-01 10:00:00',1281103200000,0),(740,'LONG','executionTime','','1970-01-01 10:00:00',1281189600000,0),(741,'LONG','executionTime','','1970-01-01 10:00:00',1281276000000,0),(742,'LONG','executionTime','','1970-01-01 10:00:00',1281362400000,0),(743,'LONG','executionTime','','1970-01-01 10:00:00',1281448800000,0),(744,'LONG','executionTime','','1970-01-01 10:00:00',1281535200000,0),(745,'LONG','executionTime','','1970-01-01 10:00:00',1281621600000,0),(746,'LONG','executionTime','','1970-01-01 10:00:00',1281708000000,0),(747,'LONG','executionTime','','1970-01-01 10:00:00',1281794400000,0),(748,'LONG','executionTime','','1970-01-01 10:00:00',1281880800000,0),(749,'LONG','executionTime','','1970-01-01 10:00:00',1281967200000,0),(750,'LONG','executionTime','','1970-01-01 10:00:00',1282053600000,0),(751,'LONG','executionTime','','1970-01-01 10:00:00',1282140000000,0),(752,'LONG','executionTime','','1970-01-01 10:00:00',1282226400000,0),(753,'LONG','executionTime','','1970-01-01 10:00:00',1282312800000,0),(754,'LONG','executionTime','','1970-01-01 10:00:00',1282399200000,0),(755,'LONG','executionTime','','1970-01-01 10:00:00',1282485600000,0),(756,'LONG','executionTime','','1970-01-01 10:00:00',1282572000000,0),(757,'LONG','executionTime','','1970-01-01 10:00:00',1282658400000,0),(758,'LONG','executionTime','','1970-01-01 10:00:00',1282744800000,0),(759,'LONG','executionTime','','1970-01-01 10:00:00',1282831200000,0),(760,'LONG','executionTime','','1970-01-01 10:00:00',1282917600000,0),(761,'LONG','executionTime','','1970-01-01 10:00:00',1283004000000,0),(762,'LONG','executionTime','','1970-01-01 10:00:00',1283090400000,0),(763,'LONG','executionTime','','1970-01-01 10:00:00',1283176800000,0),(764,'LONG','executionTime','','1970-01-01 10:00:00',1283263200000,0),(765,'LONG','executionTime','','1970-01-01 10:00:00',1283349600000,0),(766,'LONG','executionTime','','1970-01-01 10:00:00',1283436000000,0),(767,'LONG','executionTime','','1970-01-01 10:00:00',1283522400000,0),(768,'LONG','executionTime','','1970-01-01 10:00:00',1283608800000,0),(769,'LONG','executionTime','','1970-01-01 10:00:00',1283695200000,0),(770,'LONG','executionTime','','1970-01-01 10:00:00',1283781600000,0),(771,'LONG','executionTime','','1970-01-01 10:00:00',1283868000000,0),(772,'LONG','executionTime','','1970-01-01 10:00:00',1283954400000,0),(773,'LONG','executionTime','','1970-01-01 10:00:00',1284040800000,0),(774,'LONG','executionTime','','1970-01-01 10:00:00',1284127200000,0),(775,'LONG','executionTime','','1970-01-01 10:00:00',1284213600000,0),(776,'LONG','executionTime','','1970-01-01 10:00:00',1284300000000,0),(777,'LONG','executionTime','','1970-01-01 10:00:00',1284386400000,0),(778,'LONG','executionTime','','1970-01-01 10:00:00',1284472800000,0),(779,'LONG','executionTime','','1970-01-01 10:00:00',1284559200000,0),(780,'LONG','executionTime','','1970-01-01 10:00:00',1284645600000,0),(781,'LONG','executionTime','','1970-01-01 10:00:00',1284732000000,0),(782,'LONG','executionTime','','1970-01-01 10:00:00',1284818400000,0),(783,'LONG','executionTime','','1970-01-01 10:00:00',1284904800000,0),(784,'LONG','executionTime','','1970-01-01 10:00:00',1284991200000,0),(785,'LONG','executionTime','','1970-01-01 10:00:00',1285077600000,0),(786,'LONG','executionTime','','1970-01-01 10:00:00',1285164000000,0),(787,'LONG','executionTime','','1970-01-01 10:00:00',1285250400000,0),(788,'LONG','executionTime','','1970-01-01 10:00:00',1285336800000,0),(789,'LONG','executionTime','','1970-01-01 10:00:00',1285423200000,0),(790,'LONG','executionTime','','1970-01-01 10:00:00',1285509600000,0),(791,'LONG','executionTime','','1970-01-01 10:00:00',1285596000000,0),(792,'LONG','executionTime','','1970-01-01 10:00:00',1285682400000,0),(793,'LONG','executionTime','','1970-01-01 10:00:00',1285768800000,0),(794,'LONG','executionTime','','1970-01-01 10:00:00',1285855200000,0),(795,'LONG','executionTime','','1970-01-01 10:00:00',1285941600000,0),(796,'LONG','executionTime','','1970-01-01 10:00:00',1286028000000,0),(797,'LONG','executionTime','','1970-01-01 10:00:00',1286110800000,0),(798,'LONG','executionTime','','1970-01-01 10:00:00',1286197200000,0),(799,'LONG','executionTime','','1970-01-01 10:00:00',1286283600000,0),(800,'LONG','executionTime','','1970-01-01 10:00:00',1286370000000,0),(801,'LONG','executionTime','','1970-01-01 10:00:00',1286456400000,0),(802,'LONG','executionTime','','1970-01-01 10:00:00',1286542800000,0),(803,'LONG','executionTime','','1970-01-01 10:00:00',1286629200000,0),(804,'LONG','executionTime','','1970-01-01 10:00:00',1286715600000,0),(805,'LONG','executionTime','','1970-01-01 10:00:00',1286802000000,0),(806,'LONG','executionTime','','1970-01-01 10:00:00',1286888400000,0),(807,'LONG','executionTime','','1970-01-01 10:00:00',1286974800000,0),(808,'LONG','executionTime','','1970-01-01 10:00:00',1287061200000,0),(809,'LONG','executionTime','','1970-01-01 10:00:00',1287147600000,0),(810,'LONG','executionTime','','1970-01-01 10:00:00',1287234000000,0),(811,'LONG','executionTime','','1970-01-01 10:00:00',1287320400000,0),(812,'LONG','executionTime','','1970-01-01 10:00:00',1287406800000,0),(813,'LONG','executionTime','','1970-01-01 10:00:00',1287493200000,0),(814,'LONG','executionTime','','1970-01-01 10:00:00',1287579600000,0),(815,'LONG','executionTime','','1970-01-01 10:00:00',1287666000000,0),(816,'LONG','executionTime','','1970-01-01 10:00:00',1287752400000,0),(817,'LONG','executionTime','','1970-01-01 10:00:00',1287838800000,0),(818,'LONG','executionTime','','1970-01-01 10:00:00',1287925200000,0),(819,'LONG','executionTime','','1970-01-01 10:00:00',1288011600000,0),(820,'LONG','executionTime','','1970-01-01 10:00:00',1288098000000,0),(821,'LONG','executionTime','','1970-01-01 10:00:00',1288184400000,0),(822,'LONG','executionTime','','1970-01-01 10:00:00',1288270800000,0),(823,'LONG','executionTime','','1970-01-01 10:00:00',1288357200000,0),(824,'LONG','executionTime','','1970-01-01 10:00:00',1288443600000,0),(825,'LONG','executionTime','','1970-01-01 10:00:00',1288530000000,0),(826,'LONG','executionTime','','1970-01-01 10:00:00',1288616400000,0),(827,'LONG','executionTime','','1970-01-01 10:00:00',1288702800000,0),(828,'LONG','executionTime','','1970-01-01 10:00:00',1288789200000,0),(829,'LONG','executionTime','','1970-01-01 10:00:00',1288875600000,0),(830,'LONG','executionTime','','1970-01-01 10:00:00',1288962000000,0),(831,'LONG','executionTime','','1970-01-01 10:00:00',1289048400000,0),(832,'LONG','executionTime','','1970-01-01 10:00:00',1289134800000,0),(833,'LONG','executionTime','','1970-01-01 10:00:00',1289221200000,0),(834,'LONG','executionTime','','1970-01-01 10:00:00',1289307600000,0),(835,'LONG','executionTime','','1970-01-01 10:00:00',1289394000000,0),(836,'LONG','executionTime','','1970-01-01 10:00:00',1289480400000,0),(837,'LONG','executionTime','','1970-01-01 10:00:00',1289566800000,0),(838,'LONG','executionTime','','1970-01-01 10:00:00',1289653200000,0),(839,'LONG','executionTime','','1970-01-01 10:00:00',1289795842395,0);
/*!40000 ALTER TABLE `BATCH_JOB_PARAMS` ENABLE KEYS */;
UNLOCK TABLES;

--
-- Table structure for table `BATCH_JOB_SEQ`
--

DROP TABLE IF EXISTS `BATCH_JOB_SEQ`;
/*!40101 SET @saved_cs_client     = @@character_set_client */;
/*!40101 SET character_set_client = utf8 */;
CREATE TABLE `BATCH_JOB_SEQ` (
  `id` bigint(20) NOT NULL
) ENGINE=MyISAM DEFAULT CHARSET=utf8;
/*!40101 SET character_set_client = @saved_cs_client */;

--
-- Dumping data for table `BATCH_JOB_SEQ`
--

LOCK TABLES `BATCH_JOB_SEQ` WRITE;
/*!40000 ALTER TABLE `BATCH_JOB_SEQ` DISABLE KEYS */;
INSERT INTO `BATCH_JOB_SEQ` VALUES (839);
/*!40000 ALTER TABLE `BATCH_JOB_SEQ` ENABLE KEYS */;
UNLOCK TABLES;

--
-- Table structure for table `BATCH_STEP_EXECUTION`
--

DROP TABLE IF EXISTS `BATCH_STEP_EXECUTION`;
/*!40101 SET @saved_cs_client     = @@character_set_client */;
/*!40101 SET character_set_client = utf8 */;
CREATE TABLE `BATCH_STEP_EXECUTION` (
  `step_execution_id` bigint(20) NOT NULL,
  `version` bigint(20) NOT NULL,
  `step_name` varchar(100) NOT NULL,
  `job_execution_id` bigint(20) NOT NULL,
  `start_time` datetime NOT NULL,
  `end_time` datetime DEFAULT NULL,
  `status` varchar(10) DEFAULT NULL,
  `commit_count` bigint(20) DEFAULT NULL,
  `read_count` bigint(20) DEFAULT NULL,
  `filter_count` bigint(20) DEFAULT NULL,
  `write_count` bigint(20) DEFAULT NULL,
  `read_skip_count` bigint(20) DEFAULT NULL,
  `write_skip_count` bigint(20) DEFAULT NULL,
  `process_skip_count` bigint(20) DEFAULT NULL,
  `rollback_count` bigint(20) DEFAULT NULL,
  `exit_code` varchar(20) DEFAULT NULL,
  `exit_message` varchar(2500) DEFAULT NULL,
  `last_updated` datetime DEFAULT NULL,
  PRIMARY KEY (`step_execution_id`),
  KEY `job_exec_step_fk` (`job_execution_id`),
  CONSTRAINT `job_exec_step_fk` FOREIGN KEY (`job_execution_id`) REFERENCES `batch_job_execution` (`job_execution_id`)
) ENGINE=InnoDB DEFAULT CHARSET=utf8;
/*!40101 SET character_set_client = @saved_cs_client */;

--
-- Dumping data for table `BATCH_STEP_EXECUTION`
--

LOCK TABLES `BATCH_STEP_EXECUTION` WRITE;
/*!40000 ALTER TABLE `BATCH_STEP_EXECUTION` DISABLE KEYS */;
INSERT INTO `BATCH_STEP_EXECUTION` VALUES (1,3,'ApplyCustomerFeeChangesTask-step-1',12,'2010-11-15 15:36:00','2010-11-15 15:36:00','COMPLETED',1,0,0,0,0,0,0,0,'COMPLETED','','2010-11-15 15:36:00'),(2,3,'ApplyCustomerFeeChangesTask-step-1',13,'2010-11-15 15:36:01','2010-11-15 15:36:01','COMPLETED',1,0,0,0,0,0,0,0,'COMPLETED','','2010-11-15 15:36:01'),(3,3,'ApplyCustomerFeeChangesTask-step-1',14,'2010-11-15 15:36:01','2010-11-15 15:36:01','COMPLETED',1,0,0,0,0,0,0,0,'COMPLETED','','2010-11-15 15:36:01'),(4,3,'ApplyCustomerFeeChangesTask-step-1',15,'2010-11-15 15:36:01','2010-11-15 15:36:01','COMPLETED',1,0,0,0,0,0,0,0,'COMPLETED','','2010-11-15 15:36:01'),(5,3,'ApplyCustomerFeeChangesTask-step-1',16,'2010-11-15 15:36:01','2010-11-15 15:36:01','COMPLETED',1,0,0,0,0,0,0,0,'COMPLETED','','2010-11-15 15:36:01'),(6,3,'ApplyCustomerFeeChangesTask-step-1',17,'2010-11-15 15:36:01','2010-11-15 15:36:01','COMPLETED',1,0,0,0,0,0,0,0,'COMPLETED','','2010-11-15 15:36:01'),(7,3,'ApplyCustomerFeeChangesTask-step-1',18,'2010-11-15 15:36:01','2010-11-15 15:36:01','COMPLETED',1,0,0,0,0,0,0,0,'COMPLETED','','2010-11-15 15:36:01'),(8,3,'ApplyCustomerFeeChangesTask-step-1',19,'2010-11-15 15:36:01','2010-11-15 15:36:01','COMPLETED',1,0,0,0,0,0,0,0,'COMPLETED','','2010-11-15 15:36:01'),(9,3,'ApplyCustomerFeeChangesTask-step-1',20,'2010-11-15 15:36:01','2010-11-15 15:36:01','COMPLETED',1,0,0,0,0,0,0,0,'COMPLETED','','2010-11-15 15:36:01'),(10,3,'ApplyCustomerFeeChangesTask-step-1',21,'2010-11-15 15:36:01','2010-11-15 15:36:01','COMPLETED',1,0,0,0,0,0,0,0,'COMPLETED','','2010-11-15 15:36:01'),(11,3,'ApplyCustomerFeeChangesTask-step-1',22,'2010-11-15 15:36:01','2010-11-15 15:36:01','COMPLETED',1,0,0,0,0,0,0,0,'COMPLETED','','2010-11-15 15:36:01'),(12,3,'ApplyCustomerFeeChangesTask-step-1',23,'2010-11-15 15:36:01','2010-11-15 15:36:01','COMPLETED',1,0,0,0,0,0,0,0,'COMPLETED','','2010-11-15 15:36:01'),(13,3,'ApplyCustomerFeeChangesTask-step-1',24,'2010-11-15 15:36:01','2010-11-15 15:36:01','COMPLETED',1,0,0,0,0,0,0,0,'COMPLETED','','2010-11-15 15:36:01'),(14,3,'ApplyCustomerFeeChangesTask-step-1',25,'2010-11-15 15:36:01','2010-11-15 15:36:01','COMPLETED',1,0,0,0,0,0,0,0,'COMPLETED','','2010-11-15 15:36:01'),(15,3,'ApplyCustomerFeeChangesTask-step-1',26,'2010-11-15 15:36:01','2010-11-15 15:36:01','COMPLETED',1,0,0,0,0,0,0,0,'COMPLETED','','2010-11-15 15:36:01'),(16,3,'ApplyCustomerFeeChangesTask-step-1',27,'2010-11-15 15:36:01','2010-11-15 15:36:01','COMPLETED',1,0,0,0,0,0,0,0,'COMPLETED','','2010-11-15 15:36:01'),(17,3,'ApplyCustomerFeeChangesTask-step-1',28,'2010-11-15 15:36:01','2010-11-15 15:36:01','COMPLETED',1,0,0,0,0,0,0,0,'COMPLETED','','2010-11-15 15:36:01'),(18,3,'ApplyCustomerFeeChangesTask-step-1',29,'2010-11-15 15:36:01','2010-11-15 15:36:01','COMPLETED',1,0,0,0,0,0,0,0,'COMPLETED','','2010-11-15 15:36:01'),(19,3,'ApplyCustomerFeeChangesTask-step-1',30,'2010-11-15 15:36:01','2010-11-15 15:36:01','COMPLETED',1,0,0,0,0,0,0,0,'COMPLETED','','2010-11-15 15:36:01'),(20,3,'ApplyCustomerFeeChangesTask-step-1',31,'2010-11-15 15:36:01','2010-11-15 15:36:01','COMPLETED',1,0,0,0,0,0,0,0,'COMPLETED','','2010-11-15 15:36:01'),(21,3,'ApplyCustomerFeeChangesTask-step-1',32,'2010-11-15 15:36:01','2010-11-15 15:36:01','COMPLETED',1,0,0,0,0,0,0,0,'COMPLETED','','2010-11-15 15:36:01'),(22,3,'ApplyCustomerFeeChangesTask-step-1',33,'2010-11-15 15:36:01','2010-11-15 15:36:01','COMPLETED',1,0,0,0,0,0,0,0,'COMPLETED','','2010-11-15 15:36:01'),(23,3,'ApplyCustomerFeeChangesTask-step-1',34,'2010-11-15 15:36:01','2010-11-15 15:36:01','COMPLETED',1,0,0,0,0,0,0,0,'COMPLETED','','2010-11-15 15:36:01'),(24,3,'ApplyCustomerFeeChangesTask-step-1',35,'2010-11-15 15:36:01','2010-11-15 15:36:01','COMPLETED',1,0,0,0,0,0,0,0,'COMPLETED','','2010-11-15 15:36:01'),(25,3,'ApplyCustomerFeeChangesTask-step-1',36,'2010-11-15 15:36:01','2010-11-15 15:36:01','COMPLETED',1,0,0,0,0,0,0,0,'COMPLETED','','2010-11-15 15:36:01'),(26,3,'ApplyCustomerFeeChangesTask-step-1',37,'2010-11-15 15:36:01','2010-11-15 15:36:01','COMPLETED',1,0,0,0,0,0,0,0,'COMPLETED','','2010-11-15 15:36:01'),(27,3,'ApplyCustomerFeeChangesTask-step-1',38,'2010-11-15 15:36:01','2010-11-15 15:36:01','COMPLETED',1,0,0,0,0,0,0,0,'COMPLETED','','2010-11-15 15:36:01'),(28,3,'ApplyCustomerFeeChangesTask-step-1',39,'2010-11-15 15:36:01','2010-11-15 15:36:01','COMPLETED',1,0,0,0,0,0,0,0,'COMPLETED','','2010-11-15 15:36:01'),(29,3,'ApplyCustomerFeeChangesTask-step-1',40,'2010-11-15 15:36:01','2010-11-15 15:36:01','COMPLETED',1,0,0,0,0,0,0,0,'COMPLETED','','2010-11-15 15:36:01'),(30,3,'ApplyCustomerFeeChangesTask-step-1',41,'2010-11-15 15:36:01','2010-11-15 15:36:01','COMPLETED',1,0,0,0,0,0,0,0,'COMPLETED','','2010-11-15 15:36:01'),(31,3,'ApplyCustomerFeeChangesTask-step-1',42,'2010-11-15 15:36:01','2010-11-15 15:36:01','COMPLETED',1,0,0,0,0,0,0,0,'COMPLETED','','2010-11-15 15:36:01'),(32,3,'ApplyCustomerFeeChangesTask-step-1',43,'2010-11-15 15:36:01','2010-11-15 15:36:01','COMPLETED',1,0,0,0,0,0,0,0,'COMPLETED','','2010-11-15 15:36:01'),(33,3,'ApplyCustomerFeeChangesTask-step-1',44,'2010-11-15 15:36:01','2010-11-15 15:36:01','COMPLETED',1,0,0,0,0,0,0,0,'COMPLETED','','2010-11-15 15:36:01'),(34,3,'ApplyCustomerFeeChangesTask-step-1',45,'2010-11-15 15:36:01','2010-11-15 15:36:01','COMPLETED',1,0,0,0,0,0,0,0,'COMPLETED','','2010-11-15 15:36:01'),(35,3,'ApplyCustomerFeeChangesTask-step-1',46,'2010-11-15 15:36:01','2010-11-15 15:36:01','COMPLETED',1,0,0,0,0,0,0,0,'COMPLETED','','2010-11-15 15:36:01'),(36,3,'ApplyCustomerFeeChangesTask-step-1',47,'2010-11-15 15:36:01','2010-11-15 15:36:01','COMPLETED',1,0,0,0,0,0,0,0,'COMPLETED','','2010-11-15 15:36:01'),(37,3,'ApplyCustomerFeeChangesTask-step-1',48,'2010-11-15 15:36:01','2010-11-15 15:36:01','COMPLETED',1,0,0,0,0,0,0,0,'COMPLETED','','2010-11-15 15:36:01'),(38,3,'ApplyCustomerFeeChangesTask-step-1',49,'2010-11-15 15:36:01','2010-11-15 15:36:01','COMPLETED',1,0,0,0,0,0,0,0,'COMPLETED','','2010-11-15 15:36:01'),(39,3,'ApplyCustomerFeeChangesTask-step-1',50,'2010-11-15 15:36:01','2010-11-15 15:36:01','COMPLETED',1,0,0,0,0,0,0,0,'COMPLETED','','2010-11-15 15:36:01'),(40,3,'ApplyCustomerFeeChangesTask-step-1',51,'2010-11-15 15:36:01','2010-11-15 15:36:01','COMPLETED',1,0,0,0,0,0,0,0,'COMPLETED','','2010-11-15 15:36:01'),(41,3,'ApplyCustomerFeeChangesTask-step-1',52,'2010-11-15 15:36:01','2010-11-15 15:36:01','COMPLETED',1,0,0,0,0,0,0,0,'COMPLETED','','2010-11-15 15:36:01'),(42,3,'ApplyCustomerFeeChangesTask-step-1',53,'2010-11-15 15:36:01','2010-11-15 15:36:01','COMPLETED',1,0,0,0,0,0,0,0,'COMPLETED','','2010-11-15 15:36:01'),(43,3,'ApplyCustomerFeeChangesTask-step-1',54,'2010-11-15 15:36:01','2010-11-15 15:36:01','COMPLETED',1,0,0,0,0,0,0,0,'COMPLETED','','2010-11-15 15:36:01'),(44,3,'ApplyCustomerFeeChangesTask-step-1',55,'2010-11-15 15:36:01','2010-11-15 15:36:01','COMPLETED',1,0,0,0,0,0,0,0,'COMPLETED','','2010-11-15 15:36:01'),(45,3,'ApplyCustomerFeeChangesTask-step-1',56,'2010-11-15 15:36:01','2010-11-15 15:36:01','COMPLETED',1,0,0,0,0,0,0,0,'COMPLETED','','2010-11-15 15:36:01'),(46,3,'ApplyCustomerFeeChangesTask-step-1',57,'2010-11-15 15:36:01','2010-11-15 15:36:01','COMPLETED',1,0,0,0,0,0,0,0,'COMPLETED','','2010-11-15 15:36:01'),(47,3,'ApplyCustomerFeeChangesTask-step-1',58,'2010-11-15 15:36:01','2010-11-15 15:36:01','COMPLETED',1,0,0,0,0,0,0,0,'COMPLETED','','2010-11-15 15:36:01'),(48,3,'ApplyCustomerFeeChangesTask-step-1',59,'2010-11-15 15:36:01','2010-11-15 15:36:01','COMPLETED',1,0,0,0,0,0,0,0,'COMPLETED','','2010-11-15 15:36:01'),(49,3,'ApplyCustomerFeeChangesTask-step-1',60,'2010-11-15 15:36:01','2010-11-15 15:36:01','COMPLETED',1,0,0,0,0,0,0,0,'COMPLETED','','2010-11-15 15:36:01'),(50,3,'ApplyCustomerFeeChangesTask-step-1',61,'2010-11-15 15:36:01','2010-11-15 15:36:01','COMPLETED',1,0,0,0,0,0,0,0,'COMPLETED','','2010-11-15 15:36:01'),(51,3,'ApplyCustomerFeeChangesTask-step-1',62,'2010-11-15 15:36:01','2010-11-15 15:36:01','COMPLETED',1,0,0,0,0,0,0,0,'COMPLETED','','2010-11-15 15:36:01'),(52,3,'ApplyCustomerFeeChangesTask-step-1',63,'2010-11-15 15:36:01','2010-11-15 15:36:01','COMPLETED',1,0,0,0,0,0,0,0,'COMPLETED','','2010-11-15 15:36:01'),(53,3,'ApplyCustomerFeeChangesTask-step-1',64,'2010-11-15 15:36:01','2010-11-15 15:36:01','COMPLETED',1,0,0,0,0,0,0,0,'COMPLETED','','2010-11-15 15:36:01'),(54,3,'ApplyCustomerFeeChangesTask-step-1',65,'2010-11-15 15:36:01','2010-11-15 15:36:01','COMPLETED',1,0,0,0,0,0,0,0,'COMPLETED','','2010-11-15 15:36:01'),(55,3,'ApplyCustomerFeeChangesTask-step-1',66,'2010-11-15 15:36:01','2010-11-15 15:36:01','COMPLETED',1,0,0,0,0,0,0,0,'COMPLETED','','2010-11-15 15:36:01'),(56,3,'ApplyCustomerFeeChangesTask-step-1',67,'2010-11-15 15:36:01','2010-11-15 15:36:01','COMPLETED',1,0,0,0,0,0,0,0,'COMPLETED','','2010-11-15 15:36:01'),(57,3,'ApplyCustomerFeeChangesTask-step-1',68,'2010-11-15 15:36:01','2010-11-15 15:36:01','COMPLETED',1,0,0,0,0,0,0,0,'COMPLETED','','2010-11-15 15:36:01'),(58,3,'ApplyCustomerFeeChangesTask-step-1',69,'2010-11-15 15:36:01','2010-11-15 15:36:01','COMPLETED',1,0,0,0,0,0,0,0,'COMPLETED','','2010-11-15 15:36:01'),(59,3,'ApplyCustomerFeeChangesTask-step-1',70,'2010-11-15 15:36:01','2010-11-15 15:36:01','COMPLETED',1,0,0,0,0,0,0,0,'COMPLETED','','2010-11-15 15:36:01'),(60,3,'ApplyCustomerFeeChangesTask-step-1',71,'2010-11-15 15:36:01','2010-11-15 15:36:01','COMPLETED',1,0,0,0,0,0,0,0,'COMPLETED','','2010-11-15 15:36:01'),(61,3,'ApplyCustomerFeeChangesTask-step-1',72,'2010-11-15 15:36:01','2010-11-15 15:36:01','COMPLETED',1,0,0,0,0,0,0,0,'COMPLETED','','2010-11-15 15:36:01'),(62,3,'ApplyCustomerFeeChangesTask-step-1',73,'2010-11-15 15:36:01','2010-11-15 15:36:01','COMPLETED',1,0,0,0,0,0,0,0,'COMPLETED','','2010-11-15 15:36:01'),(63,3,'ApplyCustomerFeeChangesTask-step-1',74,'2010-11-15 15:36:01','2010-11-15 15:36:01','COMPLETED',1,0,0,0,0,0,0,0,'COMPLETED','','2010-11-15 15:36:01'),(64,3,'ApplyCustomerFeeChangesTask-step-1',75,'2010-11-15 15:36:01','2010-11-15 15:36:01','COMPLETED',1,0,0,0,0,0,0,0,'COMPLETED','','2010-11-15 15:36:01'),(65,3,'ApplyCustomerFeeChangesTask-step-1',76,'2010-11-15 15:36:01','2010-11-15 15:36:01','COMPLETED',1,0,0,0,0,0,0,0,'COMPLETED','','2010-11-15 15:36:01'),(66,3,'ApplyCustomerFeeChangesTask-step-1',77,'2010-11-15 15:36:01','2010-11-15 15:36:01','COMPLETED',1,0,0,0,0,0,0,0,'COMPLETED','','2010-11-15 15:36:01'),(67,3,'ApplyCustomerFeeChangesTask-step-1',78,'2010-11-15 15:36:01','2010-11-15 15:36:01','COMPLETED',1,0,0,0,0,0,0,0,'COMPLETED','','2010-11-15 15:36:01'),(68,3,'ApplyCustomerFeeChangesTask-step-1',79,'2010-11-15 15:36:01','2010-11-15 15:36:01','COMPLETED',1,0,0,0,0,0,0,0,'COMPLETED','','2010-11-15 15:36:01'),(69,3,'ApplyCustomerFeeChangesTask-step-1',80,'2010-11-15 15:36:01','2010-11-15 15:36:01','COMPLETED',1,0,0,0,0,0,0,0,'COMPLETED','','2010-11-15 15:36:01'),(70,3,'ApplyCustomerFeeChangesTask-step-1',81,'2010-11-15 15:36:01','2010-11-15 15:36:01','COMPLETED',1,0,0,0,0,0,0,0,'COMPLETED','','2010-11-15 15:36:01'),(71,3,'ApplyCustomerFeeChangesTask-step-1',82,'2010-11-15 15:36:01','2010-11-15 15:36:01','COMPLETED',1,0,0,0,0,0,0,0,'COMPLETED','','2010-11-15 15:36:01'),(72,3,'ApplyCustomerFeeChangesTask-step-1',83,'2010-11-15 15:36:01','2010-11-15 15:36:01','COMPLETED',1,0,0,0,0,0,0,0,'COMPLETED','','2010-11-15 15:36:01'),(73,3,'ApplyCustomerFeeChangesTask-step-1',84,'2010-11-15 15:36:01','2010-11-15 15:36:01','COMPLETED',1,0,0,0,0,0,0,0,'COMPLETED','','2010-11-15 15:36:01'),(74,3,'ApplyCustomerFeeChangesTask-step-1',85,'2010-11-15 15:36:01','2010-11-15 15:36:01','COMPLETED',1,0,0,0,0,0,0,0,'COMPLETED','','2010-11-15 15:36:01'),(75,3,'ApplyCustomerFeeChangesTask-step-1',86,'2010-11-15 15:36:01','2010-11-15 15:36:01','COMPLETED',1,0,0,0,0,0,0,0,'COMPLETED','','2010-11-15 15:36:01'),(76,3,'ApplyCustomerFeeChangesTask-step-1',87,'2010-11-15 15:36:01','2010-11-15 15:36:01','COMPLETED',1,0,0,0,0,0,0,0,'COMPLETED','','2010-11-15 15:36:01'),(77,3,'ApplyCustomerFeeChangesTask-step-1',88,'2010-11-15 15:36:01','2010-11-15 15:36:01','COMPLETED',1,0,0,0,0,0,0,0,'COMPLETED','','2010-11-15 15:36:01'),(78,3,'ApplyCustomerFeeChangesTask-step-1',89,'2010-11-15 15:36:01','2010-11-15 15:36:01','COMPLETED',1,0,0,0,0,0,0,0,'COMPLETED','','2010-11-15 15:36:01'),(79,3,'ApplyCustomerFeeChangesTask-step-1',90,'2010-11-15 15:36:01','2010-11-15 15:36:01','COMPLETED',1,0,0,0,0,0,0,0,'COMPLETED','','2010-11-15 15:36:01'),(80,3,'ApplyCustomerFeeChangesTask-step-1',91,'2010-11-15 15:36:01','2010-11-15 15:36:01','COMPLETED',1,0,0,0,0,0,0,0,'COMPLETED','','2010-11-15 15:36:01'),(81,3,'ApplyCustomerFeeChangesTask-step-1',92,'2010-11-15 15:36:01','2010-11-15 15:36:01','COMPLETED',1,0,0,0,0,0,0,0,'COMPLETED','','2010-11-15 15:36:01'),(82,3,'ApplyCustomerFeeChangesTask-step-1',93,'2010-11-15 15:36:01','2010-11-15 15:36:01','COMPLETED',1,0,0,0,0,0,0,0,'COMPLETED','','2010-11-15 15:36:01'),(83,3,'ApplyCustomerFeeChangesTask-step-1',94,'2010-11-15 15:36:01','2010-11-15 15:36:01','COMPLETED',1,0,0,0,0,0,0,0,'COMPLETED','','2010-11-15 15:36:01'),(84,3,'ApplyCustomerFeeChangesTask-step-1',95,'2010-11-15 15:36:01','2010-11-15 15:36:01','COMPLETED',1,0,0,0,0,0,0,0,'COMPLETED','','2010-11-15 15:36:01'),(85,3,'ApplyCustomerFeeChangesTask-step-1',96,'2010-11-15 15:36:01','2010-11-15 15:36:01','COMPLETED',1,0,0,0,0,0,0,0,'COMPLETED','','2010-11-15 15:36:01'),(86,3,'ApplyCustomerFeeChangesTask-step-1',97,'2010-11-15 15:36:01','2010-11-15 15:36:01','COMPLETED',1,0,0,0,0,0,0,0,'COMPLETED','','2010-11-15 15:36:01'),(87,3,'ApplyCustomerFeeChangesTask-step-1',98,'2010-11-15 15:36:01','2010-11-15 15:36:01','COMPLETED',1,0,0,0,0,0,0,0,'COMPLETED','','2010-11-15 15:36:01'),(88,3,'ApplyCustomerFeeChangesTask-step-1',99,'2010-11-15 15:36:01','2010-11-15 15:36:01','COMPLETED',1,0,0,0,0,0,0,0,'COMPLETED','','2010-11-15 15:36:01'),(89,3,'ApplyCustomerFeeChangesTask-step-1',100,'2010-11-15 15:36:01','2010-11-15 15:36:01','COMPLETED',1,0,0,0,0,0,0,0,'COMPLETED','','2010-11-15 15:36:01'),(90,3,'ApplyCustomerFeeChangesTask-step-1',101,'2010-11-15 15:36:01','2010-11-15 15:36:01','COMPLETED',1,0,0,0,0,0,0,0,'COMPLETED','','2010-11-15 15:36:01'),(91,3,'ApplyCustomerFeeChangesTask-step-1',102,'2010-11-15 15:36:01','2010-11-15 15:36:01','COMPLETED',1,0,0,0,0,0,0,0,'COMPLETED','','2010-11-15 15:36:01'),(92,3,'ApplyCustomerFeeChangesTask-step-1',103,'2010-11-15 15:36:01','2010-11-15 15:36:01','COMPLETED',1,0,0,0,0,0,0,0,'COMPLETED','','2010-11-15 15:36:01'),(93,3,'ApplyCustomerFeeChangesTask-step-1',104,'2010-11-15 15:36:01','2010-11-15 15:36:01','COMPLETED',1,0,0,0,0,0,0,0,'COMPLETED','','2010-11-15 15:36:01'),(94,3,'ApplyCustomerFeeChangesTask-step-1',105,'2010-11-15 15:36:01','2010-11-15 15:36:01','COMPLETED',1,0,0,0,0,0,0,0,'COMPLETED','','2010-11-15 15:36:01'),(95,3,'ApplyCustomerFeeChangesTask-step-1',106,'2010-11-15 15:36:01','2010-11-15 15:36:01','COMPLETED',1,0,0,0,0,0,0,0,'COMPLETED','','2010-11-15 15:36:01'),(96,3,'ApplyCustomerFeeChangesTask-step-1',107,'2010-11-15 15:36:01','2010-11-15 15:36:01','COMPLETED',1,0,0,0,0,0,0,0,'COMPLETED','','2010-11-15 15:36:01'),(97,3,'ApplyCustomerFeeChangesTask-step-1',108,'2010-11-15 15:36:01','2010-11-15 15:36:01','COMPLETED',1,0,0,0,0,0,0,0,'COMPLETED','','2010-11-15 15:36:01'),(98,3,'ApplyCustomerFeeChangesTask-step-1',109,'2010-11-15 15:36:01','2010-11-15 15:36:01','COMPLETED',1,0,0,0,0,0,0,0,'COMPLETED','','2010-11-15 15:36:01'),(99,3,'ApplyCustomerFeeChangesTask-step-1',110,'2010-11-15 15:36:01','2010-11-15 15:36:01','COMPLETED',1,0,0,0,0,0,0,0,'COMPLETED','','2010-11-15 15:36:01'),(100,3,'ApplyCustomerFeeChangesTask-step-1',111,'2010-11-15 15:36:01','2010-11-15 15:36:02','COMPLETED',1,0,0,0,0,0,0,0,'COMPLETED','','2010-11-15 15:36:02'),(101,3,'ApplyCustomerFeeChangesTask-step-1',112,'2010-11-15 15:36:02','2010-11-15 15:36:02','COMPLETED',1,0,0,0,0,0,0,0,'COMPLETED','','2010-11-15 15:36:02'),(102,3,'ApplyCustomerFeeChangesTask-step-1',113,'2010-11-15 15:36:02','2010-11-15 15:36:02','COMPLETED',1,0,0,0,0,0,0,0,'COMPLETED','','2010-11-15 15:36:02'),(103,3,'ApplyCustomerFeeChangesTask-step-1',114,'2010-11-15 15:36:02','2010-11-15 15:36:02','COMPLETED',1,0,0,0,0,0,0,0,'COMPLETED','','2010-11-15 15:36:02'),(104,3,'ApplyHolidayChangesTask-step-1',115,'2010-11-15 15:36:02','2010-11-15 15:36:02','COMPLETED',1,0,0,0,0,0,0,0,'COMPLETED','','2010-11-15 15:36:02'),(105,3,'ApplyHolidayChangesTask-step-1',116,'2010-11-15 15:36:02','2010-11-15 15:36:02','COMPLETED',1,0,0,0,0,0,0,0,'COMPLETED','','2010-11-15 15:36:02'),(106,3,'ApplyHolidayChangesTask-step-1',117,'2010-11-15 15:36:02','2010-11-15 15:36:02','COMPLETED',1,0,0,0,0,0,0,0,'COMPLETED','','2010-11-15 15:36:02'),(107,3,'ApplyHolidayChangesTask-step-1',118,'2010-11-15 15:36:02','2010-11-15 15:36:02','COMPLETED',1,0,0,0,0,0,0,0,'COMPLETED','','2010-11-15 15:36:02'),(108,3,'ApplyHolidayChangesTask-step-1',119,'2010-11-15 15:36:02','2010-11-15 15:36:02','COMPLETED',1,0,0,0,0,0,0,0,'COMPLETED','','2010-11-15 15:36:02'),(109,3,'ApplyHolidayChangesTask-step-1',120,'2010-11-15 15:36:02','2010-11-15 15:36:02','COMPLETED',1,0,0,0,0,0,0,0,'COMPLETED','','2010-11-15 15:36:02'),(110,3,'ApplyHolidayChangesTask-step-1',121,'2010-11-15 15:36:02','2010-11-15 15:36:02','COMPLETED',1,0,0,0,0,0,0,0,'COMPLETED','','2010-11-15 15:36:02'),(111,3,'ApplyHolidayChangesTask-step-1',122,'2010-11-15 15:36:02','2010-11-15 15:36:02','COMPLETED',1,0,0,0,0,0,0,0,'COMPLETED','','2010-11-15 15:36:02'),(112,3,'ApplyHolidayChangesTask-step-1',123,'2010-11-15 15:36:02','2010-11-15 15:36:02','COMPLETED',1,0,0,0,0,0,0,0,'COMPLETED','','2010-11-15 15:36:02'),(113,3,'ApplyHolidayChangesTask-step-1',124,'2010-11-15 15:36:02','2010-11-15 15:36:02','COMPLETED',1,0,0,0,0,0,0,0,'COMPLETED','','2010-11-15 15:36:02'),(114,3,'ApplyHolidayChangesTask-step-1',125,'2010-11-15 15:36:02','2010-11-15 15:36:02','COMPLETED',1,0,0,0,0,0,0,0,'COMPLETED','','2010-11-15 15:36:02'),(115,3,'ApplyHolidayChangesTask-step-1',126,'2010-11-15 15:36:02','2010-11-15 15:36:02','COMPLETED',1,0,0,0,0,0,0,0,'COMPLETED','','2010-11-15 15:36:02'),(116,3,'ApplyHolidayChangesTask-step-1',127,'2010-11-15 15:36:02','2010-11-15 15:36:02','COMPLETED',1,0,0,0,0,0,0,0,'COMPLETED','','2010-11-15 15:36:02'),(117,3,'ApplyHolidayChangesTask-step-1',128,'2010-11-15 15:36:02','2010-11-15 15:36:02','COMPLETED',1,0,0,0,0,0,0,0,'COMPLETED','','2010-11-15 15:36:02'),(118,3,'ApplyHolidayChangesTask-step-1',129,'2010-11-15 15:36:02','2010-11-15 15:36:02','COMPLETED',1,0,0,0,0,0,0,0,'COMPLETED','','2010-11-15 15:36:02'),(119,3,'ApplyHolidayChangesTask-step-1',130,'2010-11-15 15:36:02','2010-11-15 15:36:02','COMPLETED',1,0,0,0,0,0,0,0,'COMPLETED','','2010-11-15 15:36:02'),(120,3,'ApplyHolidayChangesTask-step-1',131,'2010-11-15 15:36:02','2010-11-15 15:36:02','COMPLETED',1,0,0,0,0,0,0,0,'COMPLETED','','2010-11-15 15:36:02'),(121,3,'ApplyHolidayChangesTask-step-1',132,'2010-11-15 15:36:02','2010-11-15 15:36:02','COMPLETED',1,0,0,0,0,0,0,0,'COMPLETED','','2010-11-15 15:36:02'),(122,3,'ApplyHolidayChangesTask-step-1',133,'2010-11-15 15:36:02','2010-11-15 15:36:02','COMPLETED',1,0,0,0,0,0,0,0,'COMPLETED','','2010-11-15 15:36:02'),(123,3,'ApplyHolidayChangesTask-step-1',134,'2010-11-15 15:36:02','2010-11-15 15:36:02','COMPLETED',1,0,0,0,0,0,0,0,'COMPLETED','','2010-11-15 15:36:02'),(124,3,'ApplyHolidayChangesTask-step-1',135,'2010-11-15 15:36:02','2010-11-15 15:36:02','COMPLETED',1,0,0,0,0,0,0,0,'COMPLETED','','2010-11-15 15:36:02'),(125,3,'ApplyHolidayChangesTask-step-1',136,'2010-11-15 15:36:02','2010-11-15 15:36:02','COMPLETED',1,0,0,0,0,0,0,0,'COMPLETED','','2010-11-15 15:36:02'),(126,3,'ApplyHolidayChangesTask-step-1',137,'2010-11-15 15:36:02','2010-11-15 15:36:02','COMPLETED',1,0,0,0,0,0,0,0,'COMPLETED','','2010-11-15 15:36:02'),(127,3,'ApplyHolidayChangesTask-step-1',138,'2010-11-15 15:36:02','2010-11-15 15:36:02','COMPLETED',1,0,0,0,0,0,0,0,'COMPLETED','','2010-11-15 15:36:02'),(128,3,'ApplyHolidayChangesTask-step-1',139,'2010-11-15 15:36:02','2010-11-15 15:36:02','COMPLETED',1,0,0,0,0,0,0,0,'COMPLETED','','2010-11-15 15:36:02'),(129,3,'ApplyHolidayChangesTask-step-1',140,'2010-11-15 15:36:02','2010-11-15 15:36:02','COMPLETED',1,0,0,0,0,0,0,0,'COMPLETED','','2010-11-15 15:36:02'),(130,3,'ApplyHolidayChangesTask-step-1',141,'2010-11-15 15:36:02','2010-11-15 15:36:02','COMPLETED',1,0,0,0,0,0,0,0,'COMPLETED','','2010-11-15 15:36:02'),(131,3,'ApplyHolidayChangesTask-step-1',142,'2010-11-15 15:36:02','2010-11-15 15:36:02','COMPLETED',1,0,0,0,0,0,0,0,'COMPLETED','','2010-11-15 15:36:02'),(132,3,'ApplyHolidayChangesTask-step-1',143,'2010-11-15 15:36:02','2010-11-15 15:36:02','COMPLETED',1,0,0,0,0,0,0,0,'COMPLETED','','2010-11-15 15:36:02'),(133,3,'ApplyHolidayChangesTask-step-1',144,'2010-11-15 15:36:02','2010-11-15 15:36:02','COMPLETED',1,0,0,0,0,0,0,0,'COMPLETED','','2010-11-15 15:36:02'),(134,3,'ApplyHolidayChangesTask-step-1',145,'2010-11-15 15:36:02','2010-11-15 15:36:02','COMPLETED',1,0,0,0,0,0,0,0,'COMPLETED','','2010-11-15 15:36:02'),(135,3,'ApplyHolidayChangesTask-step-1',146,'2010-11-15 15:36:02','2010-11-15 15:36:02','COMPLETED',1,0,0,0,0,0,0,0,'COMPLETED','','2010-11-15 15:36:02'),(136,3,'ApplyHolidayChangesTask-step-1',147,'2010-11-15 15:36:02','2010-11-15 15:36:02','COMPLETED',1,0,0,0,0,0,0,0,'COMPLETED','','2010-11-15 15:36:02'),(137,3,'ApplyHolidayChangesTask-step-1',148,'2010-11-15 15:36:02','2010-11-15 15:36:02','COMPLETED',1,0,0,0,0,0,0,0,'COMPLETED','','2010-11-15 15:36:02'),(138,3,'ApplyHolidayChangesTask-step-1',149,'2010-11-15 15:36:02','2010-11-15 15:36:02','COMPLETED',1,0,0,0,0,0,0,0,'COMPLETED','','2010-11-15 15:36:02'),(139,3,'ApplyHolidayChangesTask-step-1',150,'2010-11-15 15:36:02','2010-11-15 15:36:02','COMPLETED',1,0,0,0,0,0,0,0,'COMPLETED','','2010-11-15 15:36:02'),(140,3,'ApplyHolidayChangesTask-step-1',151,'2010-11-15 15:36:02','2010-11-15 15:36:02','COMPLETED',1,0,0,0,0,0,0,0,'COMPLETED','','2010-11-15 15:36:02'),(141,3,'ApplyHolidayChangesTask-step-1',152,'2010-11-15 15:36:02','2010-11-15 15:36:02','COMPLETED',1,0,0,0,0,0,0,0,'COMPLETED','','2010-11-15 15:36:02'),(142,3,'ApplyHolidayChangesTask-step-1',153,'2010-11-15 15:36:02','2010-11-15 15:36:02','COMPLETED',1,0,0,0,0,0,0,0,'COMPLETED','','2010-11-15 15:36:02'),(143,3,'ApplyHolidayChangesTask-step-1',154,'2010-11-15 15:36:02','2010-11-15 15:36:02','COMPLETED',1,0,0,0,0,0,0,0,'COMPLETED','','2010-11-15 15:36:02'),(144,3,'ApplyHolidayChangesTask-step-1',155,'2010-11-15 15:36:02','2010-11-15 15:36:02','COMPLETED',1,0,0,0,0,0,0,0,'COMPLETED','','2010-11-15 15:36:02'),(145,3,'ApplyHolidayChangesTask-step-1',156,'2010-11-15 15:36:02','2010-11-15 15:36:02','COMPLETED',1,0,0,0,0,0,0,0,'COMPLETED','','2010-11-15 15:36:02'),(146,3,'ApplyHolidayChangesTask-step-1',157,'2010-11-15 15:36:02','2010-11-15 15:36:02','COMPLETED',1,0,0,0,0,0,0,0,'COMPLETED','','2010-11-15 15:36:02'),(147,3,'ApplyHolidayChangesTask-step-1',158,'2010-11-15 15:36:02','2010-11-15 15:36:02','COMPLETED',1,0,0,0,0,0,0,0,'COMPLETED','','2010-11-15 15:36:02'),(148,3,'ApplyHolidayChangesTask-step-1',159,'2010-11-15 15:36:02','2010-11-15 15:36:02','COMPLETED',1,0,0,0,0,0,0,0,'COMPLETED','','2010-11-15 15:36:02'),(149,3,'ApplyHolidayChangesTask-step-1',160,'2010-11-15 15:36:02','2010-11-15 15:36:02','COMPLETED',1,0,0,0,0,0,0,0,'COMPLETED','','2010-11-15 15:36:02'),(150,3,'ApplyHolidayChangesTask-step-1',161,'2010-11-15 15:36:02','2010-11-15 15:36:02','COMPLETED',1,0,0,0,0,0,0,0,'COMPLETED','','2010-11-15 15:36:02'),(151,3,'ApplyHolidayChangesTask-step-1',162,'2010-11-15 15:36:02','2010-11-15 15:36:02','COMPLETED',1,0,0,0,0,0,0,0,'COMPLETED','','2010-11-15 15:36:02'),(152,3,'ApplyHolidayChangesTask-step-1',163,'2010-11-15 15:36:02','2010-11-15 15:36:02','COMPLETED',1,0,0,0,0,0,0,0,'COMPLETED','','2010-11-15 15:36:02'),(153,3,'ApplyHolidayChangesTask-step-1',164,'2010-11-15 15:36:02','2010-11-15 15:36:02','COMPLETED',1,0,0,0,0,0,0,0,'COMPLETED','','2010-11-15 15:36:02'),(154,3,'ApplyHolidayChangesTask-step-1',165,'2010-11-15 15:36:02','2010-11-15 15:36:02','COMPLETED',1,0,0,0,0,0,0,0,'COMPLETED','','2010-11-15 15:36:02'),(155,3,'ApplyHolidayChangesTask-step-1',166,'2010-11-15 15:36:02','2010-11-15 15:36:02','COMPLETED',1,0,0,0,0,0,0,0,'COMPLETED','','2010-11-15 15:36:02'),(156,3,'ApplyHolidayChangesTask-step-1',167,'2010-11-15 15:36:02','2010-11-15 15:36:02','COMPLETED',1,0,0,0,0,0,0,0,'COMPLETED','','2010-11-15 15:36:02'),(157,3,'ApplyHolidayChangesTask-step-1',168,'2010-11-15 15:36:02','2010-11-15 15:36:02','COMPLETED',1,0,0,0,0,0,0,0,'COMPLETED','','2010-11-15 15:36:02'),(158,3,'ApplyHolidayChangesTask-step-1',169,'2010-11-15 15:36:02','2010-11-15 15:36:02','COMPLETED',1,0,0,0,0,0,0,0,'COMPLETED','','2010-11-15 15:36:02'),(159,3,'ApplyHolidayChangesTask-step-1',170,'2010-11-15 15:36:02','2010-11-15 15:36:02','COMPLETED',1,0,0,0,0,0,0,0,'COMPLETED','','2010-11-15 15:36:02'),(160,3,'ApplyHolidayChangesTask-step-1',171,'2010-11-15 15:36:02','2010-11-15 15:36:02','COMPLETED',1,0,0,0,0,0,0,0,'COMPLETED','','2010-11-15 15:36:02'),(161,3,'ApplyHolidayChangesTask-step-1',172,'2010-11-15 15:36:02','2010-11-15 15:36:02','COMPLETED',1,0,0,0,0,0,0,0,'COMPLETED','','2010-11-15 15:36:02'),(162,3,'ApplyHolidayChangesTask-step-1',173,'2010-11-15 15:36:02','2010-11-15 15:36:02','COMPLETED',1,0,0,0,0,0,0,0,'COMPLETED','','2010-11-15 15:36:02'),(163,3,'ApplyHolidayChangesTask-step-1',174,'2010-11-15 15:36:02','2010-11-15 15:36:02','COMPLETED',1,0,0,0,0,0,0,0,'COMPLETED','','2010-11-15 15:36:02'),(164,3,'ApplyHolidayChangesTask-step-1',175,'2010-11-15 15:36:02','2010-11-15 15:36:02','COMPLETED',1,0,0,0,0,0,0,0,'COMPLETED','','2010-11-15 15:36:02'),(165,3,'ApplyHolidayChangesTask-step-1',176,'2010-11-15 15:36:02','2010-11-15 15:36:02','COMPLETED',1,0,0,0,0,0,0,0,'COMPLETED','','2010-11-15 15:36:02'),(166,3,'ApplyHolidayChangesTask-step-1',177,'2010-11-15 15:36:02','2010-11-15 15:36:02','COMPLETED',1,0,0,0,0,0,0,0,'COMPLETED','','2010-11-15 15:36:02'),(167,3,'ApplyHolidayChangesTask-step-1',178,'2010-11-15 15:36:02','2010-11-15 15:36:02','COMPLETED',1,0,0,0,0,0,0,0,'COMPLETED','','2010-11-15 15:36:02'),(168,3,'ApplyHolidayChangesTask-step-1',179,'2010-11-15 15:36:02','2010-11-15 15:36:02','COMPLETED',1,0,0,0,0,0,0,0,'COMPLETED','','2010-11-15 15:36:02'),(169,3,'ApplyHolidayChangesTask-step-1',180,'2010-11-15 15:36:02','2010-11-15 15:36:02','COMPLETED',1,0,0,0,0,0,0,0,'COMPLETED','','2010-11-15 15:36:02'),(170,3,'ApplyHolidayChangesTask-step-1',181,'2010-11-15 15:36:02','2010-11-15 15:36:02','COMPLETED',1,0,0,0,0,0,0,0,'COMPLETED','','2010-11-15 15:36:02'),(171,3,'ApplyHolidayChangesTask-step-1',182,'2010-11-15 15:36:02','2010-11-15 15:36:02','COMPLETED',1,0,0,0,0,0,0,0,'COMPLETED','','2010-11-15 15:36:02'),(172,3,'ApplyHolidayChangesTask-step-1',183,'2010-11-15 15:36:02','2010-11-15 15:36:02','COMPLETED',1,0,0,0,0,0,0,0,'COMPLETED','','2010-11-15 15:36:02'),(173,3,'ApplyHolidayChangesTask-step-1',184,'2010-11-15 15:36:02','2010-11-15 15:36:02','COMPLETED',1,0,0,0,0,0,0,0,'COMPLETED','','2010-11-15 15:36:02'),(174,3,'ApplyHolidayChangesTask-step-1',185,'2010-11-15 15:36:02','2010-11-15 15:36:02','COMPLETED',1,0,0,0,0,0,0,0,'COMPLETED','','2010-11-15 15:36:02'),(175,3,'ApplyHolidayChangesTask-step-1',186,'2010-11-15 15:36:02','2010-11-15 15:36:02','COMPLETED',1,0,0,0,0,0,0,0,'COMPLETED','','2010-11-15 15:36:02'),(176,3,'ApplyHolidayChangesTask-step-1',187,'2010-11-15 15:36:02','2010-11-15 15:36:02','COMPLETED',1,0,0,0,0,0,0,0,'COMPLETED','','2010-11-15 15:36:02'),(177,3,'ApplyHolidayChangesTask-step-1',188,'2010-11-15 15:36:02','2010-11-15 15:36:02','COMPLETED',1,0,0,0,0,0,0,0,'COMPLETED','','2010-11-15 15:36:02'),(178,3,'ApplyHolidayChangesTask-step-1',189,'2010-11-15 15:36:02','2010-11-15 15:36:02','COMPLETED',1,0,0,0,0,0,0,0,'COMPLETED','','2010-11-15 15:36:02'),(179,3,'ApplyHolidayChangesTask-step-1',190,'2010-11-15 15:36:02','2010-11-15 15:36:02','COMPLETED',1,0,0,0,0,0,0,0,'COMPLETED','','2010-11-15 15:36:02'),(180,3,'ApplyHolidayChangesTask-step-1',191,'2010-11-15 15:36:02','2010-11-15 15:36:02','COMPLETED',1,0,0,0,0,0,0,0,'COMPLETED','','2010-11-15 15:36:02'),(181,3,'ApplyHolidayChangesTask-step-1',192,'2010-11-15 15:36:02','2010-11-15 15:36:02','COMPLETED',1,0,0,0,0,0,0,0,'COMPLETED','','2010-11-15 15:36:02'),(182,3,'ApplyHolidayChangesTask-step-1',193,'2010-11-15 15:36:02','2010-11-15 15:36:02','COMPLETED',1,0,0,0,0,0,0,0,'COMPLETED','','2010-11-15 15:36:02'),(183,3,'ApplyHolidayChangesTask-step-1',194,'2010-11-15 15:36:02','2010-11-15 15:36:02','COMPLETED',1,0,0,0,0,0,0,0,'COMPLETED','','2010-11-15 15:36:02'),(184,3,'ApplyHolidayChangesTask-step-1',195,'2010-11-15 15:36:02','2010-11-15 15:36:02','COMPLETED',1,0,0,0,0,0,0,0,'COMPLETED','','2010-11-15 15:36:02'),(185,3,'ApplyHolidayChangesTask-step-1',196,'2010-11-15 15:36:02','2010-11-15 15:36:02','COMPLETED',1,0,0,0,0,0,0,0,'COMPLETED','','2010-11-15 15:36:02'),(186,3,'ApplyHolidayChangesTask-step-1',197,'2010-11-15 15:36:02','2010-11-15 15:36:02','COMPLETED',1,0,0,0,0,0,0,0,'COMPLETED','','2010-11-15 15:36:02'),(187,3,'ApplyHolidayChangesTask-step-1',198,'2010-11-15 15:36:02','2010-11-15 15:36:02','COMPLETED',1,0,0,0,0,0,0,0,'COMPLETED','','2010-11-15 15:36:02'),(188,3,'ApplyHolidayChangesTask-step-1',199,'2010-11-15 15:36:02','2010-11-15 15:36:02','COMPLETED',1,0,0,0,0,0,0,0,'COMPLETED','','2010-11-15 15:36:02'),(189,3,'ApplyHolidayChangesTask-step-1',200,'2010-11-15 15:36:02','2010-11-15 15:36:02','COMPLETED',1,0,0,0,0,0,0,0,'COMPLETED','','2010-11-15 15:36:02'),(190,3,'ApplyHolidayChangesTask-step-1',201,'2010-11-15 15:36:02','2010-11-15 15:36:02','COMPLETED',1,0,0,0,0,0,0,0,'COMPLETED','','2010-11-15 15:36:02'),(191,3,'ApplyHolidayChangesTask-step-1',202,'2010-11-15 15:36:02','2010-11-15 15:36:02','COMPLETED',1,0,0,0,0,0,0,0,'COMPLETED','','2010-11-15 15:36:02'),(192,3,'ApplyHolidayChangesTask-step-1',203,'2010-11-15 15:36:02','2010-11-15 15:36:02','COMPLETED',1,0,0,0,0,0,0,0,'COMPLETED','','2010-11-15 15:36:02'),(193,3,'ApplyHolidayChangesTask-step-1',204,'2010-11-15 15:36:02','2010-11-15 15:36:02','COMPLETED',1,0,0,0,0,0,0,0,'COMPLETED','','2010-11-15 15:36:02'),(194,3,'ApplyHolidayChangesTask-step-1',205,'2010-11-15 15:36:02','2010-11-15 15:36:03','COMPLETED',1,0,0,0,0,0,0,0,'COMPLETED','','2010-11-15 15:36:03'),(195,3,'ApplyHolidayChangesTask-step-1',206,'2010-11-15 15:36:03','2010-11-15 15:36:03','COMPLETED',1,0,0,0,0,0,0,0,'COMPLETED','','2010-11-15 15:36:03'),(196,3,'ApplyHolidayChangesTask-step-1',207,'2010-11-15 15:36:03','2010-11-15 15:36:03','COMPLETED',1,0,0,0,0,0,0,0,'COMPLETED','','2010-11-15 15:36:03'),(197,3,'ApplyHolidayChangesTask-step-1',208,'2010-11-15 15:36:03','2010-11-15 15:36:03','COMPLETED',1,0,0,0,0,0,0,0,'COMPLETED','','2010-11-15 15:36:03'),(198,3,'ApplyHolidayChangesTask-step-1',209,'2010-11-15 15:36:03','2010-11-15 15:36:03','COMPLETED',1,0,0,0,0,0,0,0,'COMPLETED','','2010-11-15 15:36:03'),(199,3,'ApplyHolidayChangesTask-step-1',210,'2010-11-15 15:36:03','2010-11-15 15:36:03','COMPLETED',1,0,0,0,0,0,0,0,'COMPLETED','','2010-11-15 15:36:03'),(200,3,'ApplyHolidayChangesTask-step-1',211,'2010-11-15 15:36:03','2010-11-15 15:36:03','COMPLETED',1,0,0,0,0,0,0,0,'COMPLETED','','2010-11-15 15:36:03'),(201,3,'ApplyHolidayChangesTask-step-1',212,'2010-11-15 15:36:03','2010-11-15 15:36:03','COMPLETED',1,0,0,0,0,0,0,0,'COMPLETED','','2010-11-15 15:36:03'),(202,3,'ApplyHolidayChangesTask-step-1',213,'2010-11-15 15:36:03','2010-11-15 15:36:03','COMPLETED',1,0,0,0,0,0,0,0,'COMPLETED','','2010-11-15 15:36:03'),(203,3,'ApplyHolidayChangesTask-step-1',214,'2010-11-15 15:36:03','2010-11-15 15:36:03','COMPLETED',1,0,0,0,0,0,0,0,'COMPLETED','','2010-11-15 15:36:03'),(204,3,'ApplyHolidayChangesTask-step-1',215,'2010-11-15 15:36:03','2010-11-15 15:36:03','COMPLETED',1,0,0,0,0,0,0,0,'COMPLETED','','2010-11-15 15:36:03'),(205,3,'ApplyHolidayChangesTask-step-1',216,'2010-11-15 15:36:03','2010-11-15 15:36:03','COMPLETED',1,0,0,0,0,0,0,0,'COMPLETED','','2010-11-15 15:36:03'),(206,3,'ApplyHolidayChangesTask-step-1',217,'2010-11-15 15:36:03','2010-11-15 15:36:03','COMPLETED',1,0,0,0,0,0,0,0,'COMPLETED','','2010-11-15 15:36:03'),(207,3,'BranchReportTask-step-1',218,'2010-11-15 15:36:03','2010-11-15 15:36:03','COMPLETED',1,0,0,0,0,0,0,0,'COMPLETED','','2010-11-15 15:36:03'),(208,3,'BranchReportTask-step-1',219,'2010-11-15 15:36:03','2010-11-15 15:36:03','COMPLETED',1,0,0,0,0,0,0,0,'COMPLETED','','2010-11-15 15:36:03'),(209,3,'BranchReportTask-step-1',220,'2010-11-15 15:36:03','2010-11-15 15:36:03','COMPLETED',1,0,0,0,0,0,0,0,'COMPLETED','','2010-11-15 15:36:03'),(210,3,'BranchReportTask-step-1',221,'2010-11-15 15:36:03','2010-11-15 15:36:03','COMPLETED',1,0,0,0,0,0,0,0,'COMPLETED','','2010-11-15 15:36:03'),(211,3,'BranchReportTask-step-1',222,'2010-11-15 15:36:03','2010-11-15 15:36:04','COMPLETED',1,0,0,0,0,0,0,0,'COMPLETED','','2010-11-15 15:36:04'),(212,3,'BranchReportTask-step-1',223,'2010-11-15 15:36:04','2010-11-15 15:36:04','COMPLETED',1,0,0,0,0,0,0,0,'COMPLETED','','2010-11-15 15:36:04'),(213,3,'BranchReportTask-step-1',224,'2010-11-15 15:36:04','2010-11-15 15:36:04','COMPLETED',1,0,0,0,0,0,0,0,'COMPLETED','','2010-11-15 15:36:04'),(214,3,'BranchReportTask-step-1',225,'2010-11-15 15:36:04','2010-11-15 15:36:04','COMPLETED',1,0,0,0,0,0,0,0,'COMPLETED','','2010-11-15 15:36:04'),(215,3,'BranchReportTask-step-1',226,'2010-11-15 15:36:04','2010-11-15 15:36:04','COMPLETED',1,0,0,0,0,0,0,0,'COMPLETED','','2010-11-15 15:36:04'),(216,3,'BranchReportTask-step-1',227,'2010-11-15 15:36:04','2010-11-15 15:36:04','COMPLETED',1,0,0,0,0,0,0,0,'COMPLETED','','2010-11-15 15:36:04'),(217,3,'BranchReportTask-step-1',228,'2010-11-15 15:36:04','2010-11-15 15:36:04','COMPLETED',1,0,0,0,0,0,0,0,'COMPLETED','','2010-11-15 15:36:04'),(218,3,'BranchReportTask-step-1',229,'2010-11-15 15:36:04','2010-11-15 15:36:05','COMPLETED',1,0,0,0,0,0,0,0,'COMPLETED','','2010-11-15 15:36:05'),(219,3,'BranchReportTask-step-1',230,'2010-11-15 15:36:05','2010-11-15 15:36:05','COMPLETED',1,0,0,0,0,0,0,0,'COMPLETED','','2010-11-15 15:36:05'),(220,3,'BranchReportTask-step-1',231,'2010-11-15 15:36:05','2010-11-15 15:36:05','COMPLETED',1,0,0,0,0,0,0,0,'COMPLETED','','2010-11-15 15:36:05'),(221,3,'BranchReportTask-step-1',232,'2010-11-15 15:36:05','2010-11-15 15:36:05','COMPLETED',1,0,0,0,0,0,0,0,'COMPLETED','','2010-11-15 15:36:05'),(222,3,'BranchReportTask-step-1',233,'2010-11-15 15:36:05','2010-11-15 15:36:05','COMPLETED',1,0,0,0,0,0,0,0,'COMPLETED','','2010-11-15 15:36:05'),(223,3,'BranchReportTask-step-1',234,'2010-11-15 15:36:05','2010-11-15 15:36:05','COMPLETED',1,0,0,0,0,0,0,0,'COMPLETED','','2010-11-15 15:36:05'),(224,3,'BranchReportTask-step-1',235,'2010-11-15 15:36:05','2010-11-15 15:36:05','COMPLETED',1,0,0,0,0,0,0,0,'COMPLETED','','2010-11-15 15:36:05'),(225,3,'BranchReportTask-step-1',236,'2010-11-15 15:36:05','2010-11-15 15:36:05','COMPLETED',1,0,0,0,0,0,0,0,'COMPLETED','','2010-11-15 15:36:05'),(226,3,'BranchReportTask-step-1',237,'2010-11-15 15:36:05','2010-11-15 15:36:06','COMPLETED',1,0,0,0,0,0,0,0,'COMPLETED','','2010-11-15 15:36:06'),(227,3,'BranchReportTask-step-1',238,'2010-11-15 15:36:06','2010-11-15 15:36:06','COMPLETED',1,0,0,0,0,0,0,0,'COMPLETED','','2010-11-15 15:36:06'),(228,3,'BranchReportTask-step-1',239,'2010-11-15 15:36:06','2010-11-15 15:36:06','COMPLETED',1,0,0,0,0,0,0,0,'COMPLETED','','2010-11-15 15:36:06'),(229,3,'BranchReportTask-step-1',240,'2010-11-15 15:36:06','2010-11-15 15:36:06','COMPLETED',1,0,0,0,0,0,0,0,'COMPLETED','','2010-11-15 15:36:06'),(230,3,'BranchReportTask-step-1',241,'2010-11-15 15:36:06','2010-11-15 15:36:06','COMPLETED',1,0,0,0,0,0,0,0,'COMPLETED','','2010-11-15 15:36:06'),(231,3,'BranchReportTask-step-1',242,'2010-11-15 15:36:06','2010-11-15 15:36:06','COMPLETED',1,0,0,0,0,0,0,0,'COMPLETED','','2010-11-15 15:36:06'),(232,3,'BranchReportTask-step-1',243,'2010-11-15 15:36:06','2010-11-15 15:36:06','COMPLETED',1,0,0,0,0,0,0,0,'COMPLETED','','2010-11-15 15:36:06'),(233,3,'BranchReportTask-step-1',244,'2010-11-15 15:36:06','2010-11-15 15:36:06','COMPLETED',1,0,0,0,0,0,0,0,'COMPLETED','','2010-11-15 15:36:06'),(234,3,'BranchReportTask-step-1',245,'2010-11-15 15:36:06','2010-11-15 15:36:07','COMPLETED',1,0,0,0,0,0,0,0,'COMPLETED','','2010-11-15 15:36:07'),(235,3,'BranchReportTask-step-1',246,'2010-11-15 15:36:07','2010-11-15 15:36:07','COMPLETED',1,0,0,0,0,0,0,0,'COMPLETED','','2010-11-15 15:36:07'),(236,3,'BranchReportTask-step-1',247,'2010-11-15 15:36:07','2010-11-15 15:36:07','COMPLETED',1,0,0,0,0,0,0,0,'COMPLETED','','2010-11-15 15:36:07'),(237,3,'BranchReportTask-step-1',248,'2010-11-15 15:36:07','2010-11-15 15:36:07','COMPLETED',1,0,0,0,0,0,0,0,'COMPLETED','','2010-11-15 15:36:07'),(238,3,'BranchReportTask-step-1',249,'2010-11-15 15:36:07','2010-11-15 15:36:07','COMPLETED',1,0,0,0,0,0,0,0,'COMPLETED','','2010-11-15 15:36:07'),(239,3,'BranchReportTask-step-1',250,'2010-11-15 15:36:07','2010-11-15 15:36:07','COMPLETED',1,0,0,0,0,0,0,0,'COMPLETED','','2010-11-15 15:36:07'),(240,3,'BranchReportTask-step-1',251,'2010-11-15 15:36:07','2010-11-15 15:36:07','COMPLETED',1,0,0,0,0,0,0,0,'COMPLETED','','2010-11-15 15:36:07'),(241,3,'BranchReportTask-step-1',252,'2010-11-15 15:36:07','2010-11-15 15:36:07','COMPLETED',1,0,0,0,0,0,0,0,'COMPLETED','','2010-11-15 15:36:07'),(242,3,'BranchReportTask-step-1',253,'2010-11-15 15:36:07','2010-11-15 15:36:08','COMPLETED',1,0,0,0,0,0,0,0,'COMPLETED','','2010-11-15 15:36:08'),(243,3,'BranchReportTask-step-1',254,'2010-11-15 15:36:08','2010-11-15 15:36:08','COMPLETED',1,0,0,0,0,0,0,0,'COMPLETED','','2010-11-15 15:36:08'),(244,3,'BranchReportTask-step-1',255,'2010-11-15 15:36:08','2010-11-15 15:36:08','COMPLETED',1,0,0,0,0,0,0,0,'COMPLETED','','2010-11-15 15:36:08'),(245,3,'BranchReportTask-step-1',256,'2010-11-15 15:36:08','2010-11-15 15:36:08','COMPLETED',1,0,0,0,0,0,0,0,'COMPLETED','','2010-11-15 15:36:08'),(246,3,'BranchReportTask-step-1',257,'2010-11-15 15:36:08','2010-11-15 15:36:08','COMPLETED',1,0,0,0,0,0,0,0,'COMPLETED','','2010-11-15 15:36:08'),(247,3,'BranchReportTask-step-1',258,'2010-11-15 15:36:08','2010-11-15 15:36:08','COMPLETED',1,0,0,0,0,0,0,0,'COMPLETED','','2010-11-15 15:36:08'),(248,3,'BranchReportTask-step-1',259,'2010-11-15 15:36:08','2010-11-15 15:36:08','COMPLETED',1,0,0,0,0,0,0,0,'COMPLETED','','2010-11-15 15:36:08'),(249,3,'BranchReportTask-step-1',260,'2010-11-15 15:36:08','2010-11-15 15:36:08','COMPLETED',1,0,0,0,0,0,0,0,'COMPLETED','','2010-11-15 15:36:08'),(250,3,'BranchReportTask-step-1',261,'2010-11-15 15:36:08','2010-11-15 15:36:09','COMPLETED',1,0,0,0,0,0,0,0,'COMPLETED','','2010-11-15 15:36:09'),(251,3,'BranchReportTask-step-1',262,'2010-11-15 15:36:09','2010-11-15 15:36:09','COMPLETED',1,0,0,0,0,0,0,0,'COMPLETED','','2010-11-15 15:36:09'),(252,3,'BranchReportTask-step-1',263,'2010-11-15 15:36:09','2010-11-15 15:36:09','COMPLETED',1,0,0,0,0,0,0,0,'COMPLETED','','2010-11-15 15:36:09'),(253,3,'BranchReportTask-step-1',264,'2010-11-15 15:36:09','2010-11-15 15:36:09','COMPLETED',1,0,0,0,0,0,0,0,'COMPLETED','','2010-11-15 15:36:09'),(254,3,'BranchReportTask-step-1',265,'2010-11-15 15:36:09','2010-11-15 15:36:09','COMPLETED',1,0,0,0,0,0,0,0,'COMPLETED','','2010-11-15 15:36:09'),(255,3,'BranchReportTask-step-1',266,'2010-11-15 15:36:09','2010-11-15 15:36:09','COMPLETED',1,0,0,0,0,0,0,0,'COMPLETED','','2010-11-15 15:36:09'),(256,3,'BranchReportTask-step-1',267,'2010-11-15 15:36:09','2010-11-15 15:36:09','COMPLETED',1,0,0,0,0,0,0,0,'COMPLETED','','2010-11-15 15:36:09'),(257,3,'BranchReportTask-step-1',268,'2010-11-15 15:36:09','2010-11-15 15:36:10','COMPLETED',1,0,0,0,0,0,0,0,'COMPLETED','','2010-11-15 15:36:10'),(258,3,'BranchReportTask-step-1',269,'2010-11-15 15:36:10','2010-11-15 15:36:10','COMPLETED',1,0,0,0,0,0,0,0,'COMPLETED','','2010-11-15 15:36:10'),(259,3,'BranchReportTask-step-1',270,'2010-11-15 15:36:10','2010-11-15 15:36:10','COMPLETED',1,0,0,0,0,0,0,0,'COMPLETED','','2010-11-15 15:36:10'),(260,3,'BranchReportTask-step-1',271,'2010-11-15 15:36:10','2010-11-15 15:36:10','COMPLETED',1,0,0,0,0,0,0,0,'COMPLETED','','2010-11-15 15:36:10'),(261,3,'BranchReportTask-step-1',272,'2010-11-15 15:36:10','2010-11-15 15:36:10','COMPLETED',1,0,0,0,0,0,0,0,'COMPLETED','','2010-11-15 15:36:10'),(262,3,'BranchReportTask-step-1',273,'2010-11-15 15:36:10','2010-11-15 15:36:10','COMPLETED',1,0,0,0,0,0,0,0,'COMPLETED','','2010-11-15 15:36:10'),(263,3,'BranchReportTask-step-1',274,'2010-11-15 15:36:10','2010-11-15 15:36:10','COMPLETED',1,0,0,0,0,0,0,0,'COMPLETED','','2010-11-15 15:36:10'),(264,3,'BranchReportTask-step-1',275,'2010-11-15 15:36:10','2010-11-15 15:36:10','COMPLETED',1,0,0,0,0,0,0,0,'COMPLETED','','2010-11-15 15:36:10'),(265,3,'BranchReportTask-step-1',276,'2010-11-15 15:36:10','2010-11-15 15:36:11','COMPLETED',1,0,0,0,0,0,0,0,'COMPLETED','','2010-11-15 15:36:11'),(266,3,'BranchReportTask-step-1',277,'2010-11-15 15:36:11','2010-11-15 15:36:11','COMPLETED',1,0,0,0,0,0,0,0,'COMPLETED','','2010-11-15 15:36:11'),(267,3,'BranchReportTask-step-1',278,'2010-11-15 15:36:11','2010-11-15 15:36:11','COMPLETED',1,0,0,0,0,0,0,0,'COMPLETED','','2010-11-15 15:36:11'),(268,3,'BranchReportTask-step-1',279,'2010-11-15 15:36:11','2010-11-15 15:36:11','COMPLETED',1,0,0,0,0,0,0,0,'COMPLETED','','2010-11-15 15:36:11'),(269,3,'BranchReportTask-step-1',280,'2010-11-15 15:36:11','2010-11-15 15:36:11','COMPLETED',1,0,0,0,0,0,0,0,'COMPLETED','','2010-11-15 15:36:11'),(270,3,'BranchReportTask-step-1',281,'2010-11-15 15:36:11','2010-11-15 15:36:11','COMPLETED',1,0,0,0,0,0,0,0,'COMPLETED','','2010-11-15 15:36:11'),(271,3,'BranchReportTask-step-1',282,'2010-11-15 15:36:11','2010-11-15 15:36:11','COMPLETED',1,0,0,0,0,0,0,0,'COMPLETED','','2010-11-15 15:36:11'),(272,3,'BranchReportTask-step-1',283,'2010-11-15 15:36:11','2010-11-15 15:36:12','COMPLETED',1,0,0,0,0,0,0,0,'COMPLETED','','2010-11-15 15:36:12'),(273,3,'BranchReportTask-step-1',284,'2010-11-15 15:36:12','2010-11-15 15:36:12','COMPLETED',1,0,0,0,0,0,0,0,'COMPLETED','','2010-11-15 15:36:12'),(274,3,'BranchReportTask-step-1',285,'2010-11-15 15:36:12','2010-11-15 15:36:12','COMPLETED',1,0,0,0,0,0,0,0,'COMPLETED','','2010-11-15 15:36:12'),(275,3,'BranchReportTask-step-1',286,'2010-11-15 15:36:12','2010-11-15 15:36:12','COMPLETED',1,0,0,0,0,0,0,0,'COMPLETED','','2010-11-15 15:36:12'),(276,3,'BranchReportTask-step-1',287,'2010-11-15 15:36:12','2010-11-15 15:36:12','COMPLETED',1,0,0,0,0,0,0,0,'COMPLETED','','2010-11-15 15:36:12'),(277,3,'BranchReportTask-step-1',288,'2010-11-15 15:36:12','2010-11-15 15:36:12','COMPLETED',1,0,0,0,0,0,0,0,'COMPLETED','','2010-11-15 15:36:12'),(278,3,'BranchReportTask-step-1',289,'2010-11-15 15:36:12','2010-11-15 15:36:13','COMPLETED',1,0,0,0,0,0,0,0,'COMPLETED','','2010-11-15 15:36:13'),(279,3,'BranchReportTask-step-1',290,'2010-11-15 15:36:13','2010-11-15 15:36:13','COMPLETED',1,0,0,0,0,0,0,0,'COMPLETED','','2010-11-15 15:36:13'),(280,3,'BranchReportTask-step-1',291,'2010-11-15 15:36:13','2010-11-15 15:36:13','COMPLETED',1,0,0,0,0,0,0,0,'COMPLETED','','2010-11-15 15:36:13'),(281,3,'BranchReportTask-step-1',292,'2010-11-15 15:36:13','2010-11-15 15:36:13','COMPLETED',1,0,0,0,0,0,0,0,'COMPLETED','','2010-11-15 15:36:13'),(282,3,'BranchReportTask-step-1',293,'2010-11-15 15:36:13','2010-11-15 15:36:13','COMPLETED',1,0,0,0,0,0,0,0,'COMPLETED','','2010-11-15 15:36:13'),(283,3,'BranchReportTask-step-1',294,'2010-11-15 15:36:13','2010-11-15 15:36:13','COMPLETED',1,0,0,0,0,0,0,0,'COMPLETED','','2010-11-15 15:36:13'),(284,3,'BranchReportTask-step-1',295,'2010-11-15 15:36:13','2010-11-15 15:36:13','COMPLETED',1,0,0,0,0,0,0,0,'COMPLETED','','2010-11-15 15:36:13'),(285,3,'BranchReportTask-step-1',296,'2010-11-15 15:36:13','2010-11-15 15:36:13','COMPLETED',1,0,0,0,0,0,0,0,'COMPLETED','','2010-11-15 15:36:13'),(286,3,'BranchReportTask-step-1',297,'2010-11-15 15:36:13','2010-11-15 15:36:14','COMPLETED',1,0,0,0,0,0,0,0,'COMPLETED','','2010-11-15 15:36:14'),(287,3,'BranchReportTask-step-1',298,'2010-11-15 15:36:14','2010-11-15 15:36:14','COMPLETED',1,0,0,0,0,0,0,0,'COMPLETED','','2010-11-15 15:36:14'),(288,3,'BranchReportTask-step-1',299,'2010-11-15 15:36:14','2010-11-15 15:36:14','COMPLETED',1,0,0,0,0,0,0,0,'COMPLETED','','2010-11-15 15:36:14'),(289,3,'BranchReportTask-step-1',300,'2010-11-15 15:36:14','2010-11-15 15:36:14','COMPLETED',1,0,0,0,0,0,0,0,'COMPLETED','','2010-11-15 15:36:14'),(290,3,'BranchReportTask-step-1',301,'2010-11-15 15:36:14','2010-11-15 15:36:14','COMPLETED',1,0,0,0,0,0,0,0,'COMPLETED','','2010-11-15 15:36:14'),(291,3,'BranchReportTask-step-1',302,'2010-11-15 15:36:14','2010-11-15 15:36:14','COMPLETED',1,0,0,0,0,0,0,0,'COMPLETED','','2010-11-15 15:36:14'),(292,3,'BranchReportTask-step-1',303,'2010-11-15 15:36:14','2010-11-15 15:36:14','COMPLETED',1,0,0,0,0,0,0,0,'COMPLETED','','2010-11-15 15:36:14'),(293,3,'BranchReportTask-step-1',304,'2010-11-15 15:36:14','2010-11-15 15:36:14','COMPLETED',1,0,0,0,0,0,0,0,'COMPLETED','','2010-11-15 15:36:14'),(294,3,'BranchReportTask-step-1',305,'2010-11-15 15:36:14','2010-11-15 15:36:15','COMPLETED',1,0,0,0,0,0,0,0,'COMPLETED','','2010-11-15 15:36:15'),(295,3,'BranchReportTask-step-1',306,'2010-11-15 15:36:15','2010-11-15 15:36:15','COMPLETED',1,0,0,0,0,0,0,0,'COMPLETED','','2010-11-15 15:36:15'),(296,3,'BranchReportTask-step-1',307,'2010-11-15 15:36:15','2010-11-15 15:36:15','COMPLETED',1,0,0,0,0,0,0,0,'COMPLETED','','2010-11-15 15:36:15'),(297,3,'BranchReportTask-step-1',308,'2010-11-15 15:36:15','2010-11-15 15:36:15','COMPLETED',1,0,0,0,0,0,0,0,'COMPLETED','','2010-11-15 15:36:15'),(298,3,'BranchReportTask-step-1',309,'2010-11-15 15:36:15','2010-11-15 15:36:15','COMPLETED',1,0,0,0,0,0,0,0,'COMPLETED','','2010-11-15 15:36:15'),(299,3,'BranchReportTask-step-1',310,'2010-11-15 15:36:15','2010-11-15 15:36:15','COMPLETED',1,0,0,0,0,0,0,0,'COMPLETED','','2010-11-15 15:36:15'),(300,3,'BranchReportTask-step-1',311,'2010-11-15 15:36:15','2010-11-15 15:36:15','COMPLETED',1,0,0,0,0,0,0,0,'COMPLETED','','2010-11-15 15:36:15'),(301,3,'BranchReportTask-step-1',312,'2010-11-15 15:36:15','2010-11-15 15:36:15','COMPLETED',1,0,0,0,0,0,0,0,'COMPLETED','','2010-11-15 15:36:15'),(302,3,'BranchReportTask-step-1',313,'2010-11-15 15:36:15','2010-11-15 15:36:16','COMPLETED',1,0,0,0,0,0,0,0,'COMPLETED','','2010-11-15 15:36:16'),(303,3,'BranchReportTask-step-1',314,'2010-11-15 15:36:16','2010-11-15 15:36:16','COMPLETED',1,0,0,0,0,0,0,0,'COMPLETED','','2010-11-15 15:36:16'),(304,3,'BranchReportTask-step-1',315,'2010-11-15 15:36:16','2010-11-15 15:36:16','COMPLETED',1,0,0,0,0,0,0,0,'COMPLETED','','2010-11-15 15:36:16'),(305,3,'BranchReportTask-step-1',316,'2010-11-15 15:36:16','2010-11-15 15:36:16','COMPLETED',1,0,0,0,0,0,0,0,'COMPLETED','','2010-11-15 15:36:16'),(306,3,'BranchReportTask-step-1',317,'2010-11-15 15:36:16','2010-11-15 15:36:16','COMPLETED',1,0,0,0,0,0,0,0,'COMPLETED','','2010-11-15 15:36:16'),(307,3,'BranchReportTask-step-1',318,'2010-11-15 15:36:16','2010-11-15 15:36:16','COMPLETED',1,0,0,0,0,0,0,0,'COMPLETED','','2010-11-15 15:36:16'),(308,3,'BranchReportTask-step-1',319,'2010-11-15 15:36:16','2010-11-15 15:36:16','COMPLETED',1,0,0,0,0,0,0,0,'COMPLETED','','2010-11-15 15:36:16'),(309,3,'BranchReportTask-step-1',320,'2010-11-15 15:36:16','2010-11-15 15:36:16','COMPLETED',1,0,0,0,0,0,0,0,'COMPLETED','','2010-11-15 15:36:16'),(310,3,'BranchReportTask-step-1',321,'2010-11-15 15:36:17','2010-11-15 15:36:17','COMPLETED',1,0,0,0,0,0,0,0,'COMPLETED','','2010-11-15 15:36:17'),(311,3,'BranchReportTask-step-1',322,'2010-11-15 15:36:17','2010-11-15 15:36:17','COMPLETED',1,0,0,0,0,0,0,0,'COMPLETED','','2010-11-15 15:36:17'),(312,3,'GenerateMeetingsForCustomerAndSavingsTask-step-1',323,'2010-11-15 15:36:17','2010-11-15 15:36:18','COMPLETED',1,0,0,0,0,0,0,0,'COMPLETED','','2010-11-15 15:36:18'),(313,3,'GenerateMeetingsForCustomerAndSavingsTask-step-1',324,'2010-11-15 15:36:18','2010-11-15 15:36:18','COMPLETED',1,0,0,0,0,0,0,0,'COMPLETED','','2010-11-15 15:36:18'),(314,3,'GenerateMeetingsForCustomerAndSavingsTask-step-1',325,'2010-11-15 15:36:18','2010-11-15 15:36:18','COMPLETED',1,0,0,0,0,0,0,0,'COMPLETED','','2010-11-15 15:36:18'),(315,3,'GenerateMeetingsForCustomerAndSavingsTask-step-1',326,'2010-11-15 15:36:18','2010-11-15 15:36:18','COMPLETED',1,0,0,0,0,0,0,0,'COMPLETED','','2010-11-15 15:36:18'),(316,3,'GenerateMeetingsForCustomerAndSavingsTask-step-1',327,'2010-11-15 15:36:18','2010-11-15 15:36:18','COMPLETED',1,0,0,0,0,0,0,0,'COMPLETED','','2010-11-15 15:36:18'),(317,3,'GenerateMeetingsForCustomerAndSavingsTask-step-1',328,'2010-11-15 15:36:18','2010-11-15 15:36:18','COMPLETED',1,0,0,0,0,0,0,0,'COMPLETED','','2010-11-15 15:36:18'),(318,3,'GenerateMeetingsForCustomerAndSavingsTask-step-1',329,'2010-11-15 15:36:18','2010-11-15 15:36:18','COMPLETED',1,0,0,0,0,0,0,0,'COMPLETED','','2010-11-15 15:36:18'),(319,3,'GenerateMeetingsForCustomerAndSavingsTask-step-1',330,'2010-11-15 15:36:18','2010-11-15 15:36:18','COMPLETED',1,0,0,0,0,0,0,0,'COMPLETED','','2010-11-15 15:36:18'),(320,3,'GenerateMeetingsForCustomerAndSavingsTask-step-1',331,'2010-11-15 15:36:18','2010-11-15 15:36:18','COMPLETED',1,0,0,0,0,0,0,0,'COMPLETED','','2010-11-15 15:36:18'),(321,3,'GenerateMeetingsForCustomerAndSavingsTask-step-1',332,'2010-11-15 15:36:18','2010-11-15 15:36:18','COMPLETED',1,0,0,0,0,0,0,0,'COMPLETED','','2010-11-15 15:36:18'),(322,3,'GenerateMeetingsForCustomerAndSavingsTask-step-1',333,'2010-11-15 15:36:18','2010-11-15 15:36:18','COMPLETED',1,0,0,0,0,0,0,0,'COMPLETED','','2010-11-15 15:36:18'),(323,3,'GenerateMeetingsForCustomerAndSavingsTask-step-1',334,'2010-11-15 15:36:18','2010-11-15 15:36:18','COMPLETED',1,0,0,0,0,0,0,0,'COMPLETED','','2010-11-15 15:36:18'),(324,3,'GenerateMeetingsForCustomerAndSavingsTask-step-1',335,'2010-11-15 15:36:18','2010-11-15 15:36:18','COMPLETED',1,0,0,0,0,0,0,0,'COMPLETED','','2010-11-15 15:36:18'),(325,3,'GenerateMeetingsForCustomerAndSavingsTask-step-1',336,'2010-11-15 15:36:18','2010-11-15 15:36:18','COMPLETED',1,0,0,0,0,0,0,0,'COMPLETED','','2010-11-15 15:36:18'),(326,3,'GenerateMeetingsForCustomerAndSavingsTask-step-1',337,'2010-11-15 15:36:18','2010-11-15 15:36:18','COMPLETED',1,0,0,0,0,0,0,0,'COMPLETED','','2010-11-15 15:36:18'),(327,3,'GenerateMeetingsForCustomerAndSavingsTask-step-1',338,'2010-11-15 15:36:18','2010-11-15 15:36:18','COMPLETED',1,0,0,0,0,0,0,0,'COMPLETED','','2010-11-15 15:36:18'),(328,3,'GenerateMeetingsForCustomerAndSavingsTask-step-1',339,'2010-11-15 15:36:18','2010-11-15 15:36:18','COMPLETED',1,0,0,0,0,0,0,0,'COMPLETED','','2010-11-15 15:36:18'),(329,3,'GenerateMeetingsForCustomerAndSavingsTask-step-1',340,'2010-11-15 15:36:18','2010-11-15 15:36:18','COMPLETED',1,0,0,0,0,0,0,0,'COMPLETED','','2010-11-15 15:36:18'),(330,3,'GenerateMeetingsForCustomerAndSavingsTask-step-1',341,'2010-11-15 15:36:18','2010-11-15 15:36:18','COMPLETED',1,0,0,0,0,0,0,0,'COMPLETED','','2010-11-15 15:36:18'),(331,3,'GenerateMeetingsForCustomerAndSavingsTask-step-1',342,'2010-11-15 15:36:18','2010-11-15 15:36:18','COMPLETED',1,0,0,0,0,0,0,0,'COMPLETED','','2010-11-15 15:36:18'),(332,3,'GenerateMeetingsForCustomerAndSavingsTask-step-1',343,'2010-11-15 15:36:18','2010-11-15 15:36:18','COMPLETED',1,0,0,0,0,0,0,0,'COMPLETED','','2010-11-15 15:36:18'),(333,3,'GenerateMeetingsForCustomerAndSavingsTask-step-1',344,'2010-11-15 15:36:19','2010-11-15 15:36:19','COMPLETED',1,0,0,0,0,0,0,0,'COMPLETED','','2010-11-15 15:36:19'),(334,3,'GenerateMeetingsForCustomerAndSavingsTask-step-1',345,'2010-11-15 15:36:19','2010-11-15 15:36:19','COMPLETED',1,0,0,0,0,0,0,0,'COMPLETED','','2010-11-15 15:36:19'),(335,3,'GenerateMeetingsForCustomerAndSavingsTask-step-1',346,'2010-11-15 15:36:19','2010-11-15 15:36:19','COMPLETED',1,0,0,0,0,0,0,0,'COMPLETED','','2010-11-15 15:36:19'),(336,3,'GenerateMeetingsForCustomerAndSavingsTask-step-1',347,'2010-11-15 15:36:19','2010-11-15 15:36:19','COMPLETED',1,0,0,0,0,0,0,0,'COMPLETED','','2010-11-15 15:36:19'),(337,3,'GenerateMeetingsForCustomerAndSavingsTask-step-1',348,'2010-11-15 15:36:19','2010-11-15 15:36:19','COMPLETED',1,0,0,0,0,0,0,0,'COMPLETED','','2010-11-15 15:36:19'),(338,3,'GenerateMeetingsForCustomerAndSavingsTask-step-1',349,'2010-11-15 15:36:19','2010-11-15 15:36:19','COMPLETED',1,0,0,0,0,0,0,0,'COMPLETED','','2010-11-15 15:36:19'),(339,3,'GenerateMeetingsForCustomerAndSavingsTask-step-1',350,'2010-11-15 15:36:19','2010-11-15 15:36:19','COMPLETED',1,0,0,0,0,0,0,0,'COMPLETED','','2010-11-15 15:36:19'),(340,3,'GenerateMeetingsForCustomerAndSavingsTask-step-1',351,'2010-11-15 15:36:19','2010-11-15 15:36:19','COMPLETED',1,0,0,0,0,0,0,0,'COMPLETED','','2010-11-15 15:36:19'),(341,3,'GenerateMeetingsForCustomerAndSavingsTask-step-1',352,'2010-11-15 15:36:19','2010-11-15 15:36:19','COMPLETED',1,0,0,0,0,0,0,0,'COMPLETED','','2010-11-15 15:36:19'),(342,3,'GenerateMeetingsForCustomerAndSavingsTask-step-1',353,'2010-11-15 15:36:19','2010-11-15 15:36:19','COMPLETED',1,0,0,0,0,0,0,0,'COMPLETED','','2010-11-15 15:36:19'),(343,3,'GenerateMeetingsForCustomerAndSavingsTask-step-1',354,'2010-11-15 15:36:19','2010-11-15 15:36:19','COMPLETED',1,0,0,0,0,0,0,0,'COMPLETED','','2010-11-15 15:36:19'),(344,3,'GenerateMeetingsForCustomerAndSavingsTask-step-1',355,'2010-11-15 15:36:19','2010-11-15 15:36:19','COMPLETED',1,0,0,0,0,0,0,0,'COMPLETED','','2010-11-15 15:36:19'),(345,3,'GenerateMeetingsForCustomerAndSavingsTask-step-1',356,'2010-11-15 15:36:19','2010-11-15 15:36:19','COMPLETED',1,0,0,0,0,0,0,0,'COMPLETED','','2010-11-15 15:36:19'),(346,3,'GenerateMeetingsForCustomerAndSavingsTask-step-1',357,'2010-11-15 15:36:19','2010-11-15 15:36:19','COMPLETED',1,0,0,0,0,0,0,0,'COMPLETED','','2010-11-15 15:36:19'),(347,3,'GenerateMeetingsForCustomerAndSavingsTask-step-1',358,'2010-11-15 15:36:19','2010-11-15 15:36:19','COMPLETED',1,0,0,0,0,0,0,0,'COMPLETED','','2010-11-15 15:36:19'),(348,3,'GenerateMeetingsForCustomerAndSavingsTask-step-1',359,'2010-11-15 15:36:19','2010-11-15 15:36:19','COMPLETED',1,0,0,0,0,0,0,0,'COMPLETED','','2010-11-15 15:36:19'),(349,3,'GenerateMeetingsForCustomerAndSavingsTask-step-1',360,'2010-11-15 15:36:19','2010-11-15 15:36:19','COMPLETED',1,0,0,0,0,0,0,0,'COMPLETED','','2010-11-15 15:36:19'),(350,3,'GenerateMeetingsForCustomerAndSavingsTask-step-1',361,'2010-11-15 15:36:19','2010-11-15 15:36:19','COMPLETED',1,0,0,0,0,0,0,0,'COMPLETED','','2010-11-15 15:36:19'),(351,3,'GenerateMeetingsForCustomerAndSavingsTask-step-1',362,'2010-11-15 15:36:19','2010-11-15 15:36:19','COMPLETED',1,0,0,0,0,0,0,0,'COMPLETED','','2010-11-15 15:36:19'),(352,3,'GenerateMeetingsForCustomerAndSavingsTask-step-1',363,'2010-11-15 15:36:19','2010-11-15 15:36:19','COMPLETED',1,0,0,0,0,0,0,0,'COMPLETED','','2010-11-15 15:36:19'),(353,3,'GenerateMeetingsForCustomerAndSavingsTask-step-1',364,'2010-11-15 15:36:19','2010-11-15 15:36:19','COMPLETED',1,0,0,0,0,0,0,0,'COMPLETED','','2010-11-15 15:36:19'),(354,3,'GenerateMeetingsForCustomerAndSavingsTask-step-1',365,'2010-11-15 15:36:19','2010-11-15 15:36:19','COMPLETED',1,0,0,0,0,0,0,0,'COMPLETED','','2010-11-15 15:36:19'),(355,3,'GenerateMeetingsForCustomerAndSavingsTask-step-1',366,'2010-11-15 15:36:19','2010-11-15 15:36:19','COMPLETED',1,0,0,0,0,0,0,0,'COMPLETED','','2010-11-15 15:36:19'),(356,3,'GenerateMeetingsForCustomerAndSavingsTask-step-1',367,'2010-11-15 15:36:19','2010-11-15 15:36:19','COMPLETED',1,0,0,0,0,0,0,0,'COMPLETED','','2010-11-15 15:36:19'),(357,3,'GenerateMeetingsForCustomerAndSavingsTask-step-1',368,'2010-11-15 15:36:19','2010-11-15 15:36:19','COMPLETED',1,0,0,0,0,0,0,0,'COMPLETED','','2010-11-15 15:36:19'),(358,3,'GenerateMeetingsForCustomerAndSavingsTask-step-1',369,'2010-11-15 15:36:19','2010-11-15 15:36:19','COMPLETED',1,0,0,0,0,0,0,0,'COMPLETED','','2010-11-15 15:36:19'),(359,3,'GenerateMeetingsForCustomerAndSavingsTask-step-1',370,'2010-11-15 15:36:19','2010-11-15 15:36:19','COMPLETED',1,0,0,0,0,0,0,0,'COMPLETED','','2010-11-15 15:36:19'),(360,3,'GenerateMeetingsForCustomerAndSavingsTask-step-1',371,'2010-11-15 15:36:19','2010-11-15 15:36:19','COMPLETED',1,0,0,0,0,0,0,0,'COMPLETED','','2010-11-15 15:36:19'),(361,3,'GenerateMeetingsForCustomerAndSavingsTask-step-1',372,'2010-11-15 15:36:19','2010-11-15 15:36:19','COMPLETED',1,0,0,0,0,0,0,0,'COMPLETED','','2010-11-15 15:36:19'),(362,3,'GenerateMeetingsForCustomerAndSavingsTask-step-1',373,'2010-11-15 15:36:19','2010-11-15 15:36:19','COMPLETED',1,0,0,0,0,0,0,0,'COMPLETED','','2010-11-15 15:36:19'),(363,3,'GenerateMeetingsForCustomerAndSavingsTask-step-1',374,'2010-11-15 15:36:19','2010-11-15 15:36:19','COMPLETED',1,0,0,0,0,0,0,0,'COMPLETED','','2010-11-15 15:36:19'),(364,3,'GenerateMeetingsForCustomerAndSavingsTask-step-1',375,'2010-11-15 15:36:19','2010-11-15 15:36:19','COMPLETED',1,0,0,0,0,0,0,0,'COMPLETED','','2010-11-15 15:36:19'),(365,3,'GenerateMeetingsForCustomerAndSavingsTask-step-1',376,'2010-11-15 15:36:19','2010-11-15 15:36:19','COMPLETED',1,0,0,0,0,0,0,0,'COMPLETED','','2010-11-15 15:36:19'),(366,3,'GenerateMeetingsForCustomerAndSavingsTask-step-1',377,'2010-11-15 15:36:19','2010-11-15 15:36:19','COMPLETED',1,0,0,0,0,0,0,0,'COMPLETED','','2010-11-15 15:36:19'),(367,3,'GenerateMeetingsForCustomerAndSavingsTask-step-1',378,'2010-11-15 15:36:19','2010-11-15 15:36:19','COMPLETED',1,0,0,0,0,0,0,0,'COMPLETED','','2010-11-15 15:36:19'),(368,3,'GenerateMeetingsForCustomerAndSavingsTask-step-1',379,'2010-11-15 15:36:19','2010-11-15 15:36:19','COMPLETED',1,0,0,0,0,0,0,0,'COMPLETED','','2010-11-15 15:36:19'),(369,3,'GenerateMeetingsForCustomerAndSavingsTask-step-1',380,'2010-11-15 15:36:19','2010-11-15 15:36:19','COMPLETED',1,0,0,0,0,0,0,0,'COMPLETED','','2010-11-15 15:36:19'),(370,3,'GenerateMeetingsForCustomerAndSavingsTask-step-1',381,'2010-11-15 15:36:19','2010-11-15 15:36:19','COMPLETED',1,0,0,0,0,0,0,0,'COMPLETED','','2010-11-15 15:36:19'),(371,3,'GenerateMeetingsForCustomerAndSavingsTask-step-1',382,'2010-11-15 15:36:19','2010-11-15 15:36:19','COMPLETED',1,0,0,0,0,0,0,0,'COMPLETED','','2010-11-15 15:36:19'),(372,3,'GenerateMeetingsForCustomerAndSavingsTask-step-1',383,'2010-11-15 15:36:19','2010-11-15 15:36:19','COMPLETED',1,0,0,0,0,0,0,0,'COMPLETED','','2010-11-15 15:36:19'),(373,3,'GenerateMeetingsForCustomerAndSavingsTask-step-1',384,'2010-11-15 15:36:19','2010-11-15 15:36:19','COMPLETED',1,0,0,0,0,0,0,0,'COMPLETED','','2010-11-15 15:36:19'),(374,3,'GenerateMeetingsForCustomerAndSavingsTask-step-1',385,'2010-11-15 15:36:19','2010-11-15 15:36:19','COMPLETED',1,0,0,0,0,0,0,0,'COMPLETED','','2010-11-15 15:36:19'),(375,3,'GenerateMeetingsForCustomerAndSavingsTask-step-1',386,'2010-11-15 15:36:19','2010-11-15 15:36:19','COMPLETED',1,0,0,0,0,0,0,0,'COMPLETED','','2010-11-15 15:36:19'),(376,3,'GenerateMeetingsForCustomerAndSavingsTask-step-1',387,'2010-11-15 15:36:19','2010-11-15 15:36:19','COMPLETED',1,0,0,0,0,0,0,0,'COMPLETED','','2010-11-15 15:36:19'),(377,3,'GenerateMeetingsForCustomerAndSavingsTask-step-1',388,'2010-11-15 15:36:19','2010-11-15 15:36:19','COMPLETED',1,0,0,0,0,0,0,0,'COMPLETED','','2010-11-15 15:36:19'),(378,3,'GenerateMeetingsForCustomerAndSavingsTask-step-1',389,'2010-11-15 15:36:19','2010-11-15 15:36:19','COMPLETED',1,0,0,0,0,0,0,0,'COMPLETED','','2010-11-15 15:36:19'),(379,3,'GenerateMeetingsForCustomerAndSavingsTask-step-1',390,'2010-11-15 15:36:19','2010-11-15 15:36:19','COMPLETED',1,0,0,0,0,0,0,0,'COMPLETED','','2010-11-15 15:36:19'),(380,3,'GenerateMeetingsForCustomerAndSavingsTask-step-1',391,'2010-11-15 15:36:19','2010-11-15 15:36:19','COMPLETED',1,0,0,0,0,0,0,0,'COMPLETED','','2010-11-15 15:36:19'),(381,3,'GenerateMeetingsForCustomerAndSavingsTask-step-1',392,'2010-11-15 15:36:19','2010-11-15 15:36:19','COMPLETED',1,0,0,0,0,0,0,0,'COMPLETED','','2010-11-15 15:36:19'),(382,3,'GenerateMeetingsForCustomerAndSavingsTask-step-1',393,'2010-11-15 15:36:19','2010-11-15 15:36:19','COMPLETED',1,0,0,0,0,0,0,0,'COMPLETED','','2010-11-15 15:36:19'),(383,3,'GenerateMeetingsForCustomerAndSavingsTask-step-1',394,'2010-11-15 15:36:19','2010-11-15 15:36:19','COMPLETED',1,0,0,0,0,0,0,0,'COMPLETED','','2010-11-15 15:36:19'),(384,3,'GenerateMeetingsForCustomerAndSavingsTask-step-1',395,'2010-11-15 15:36:19','2010-11-15 15:36:19','COMPLETED',1,0,0,0,0,0,0,0,'COMPLETED','','2010-11-15 15:36:19'),(385,3,'GenerateMeetingsForCustomerAndSavingsTask-step-1',396,'2010-11-15 15:36:19','2010-11-15 15:36:20','COMPLETED',1,0,0,0,0,0,0,0,'COMPLETED','','2010-11-15 15:36:20'),(386,3,'GenerateMeetingsForCustomerAndSavingsTask-step-1',397,'2010-11-15 15:36:20','2010-11-15 15:36:20','COMPLETED',1,0,0,0,0,0,0,0,'COMPLETED','','2010-11-15 15:36:20'),(387,3,'GenerateMeetingsForCustomerAndSavingsTask-step-1',398,'2010-11-15 15:36:20','2010-11-15 15:36:20','COMPLETED',1,0,0,0,0,0,0,0,'COMPLETED','','2010-11-15 15:36:20'),(388,3,'GenerateMeetingsForCustomerAndSavingsTask-step-1',399,'2010-11-15 15:36:20','2010-11-15 15:36:20','COMPLETED',1,0,0,0,0,0,0,0,'COMPLETED','','2010-11-15 15:36:20'),(389,3,'GenerateMeetingsForCustomerAndSavingsTask-step-1',400,'2010-11-15 15:36:20','2010-11-15 15:36:20','COMPLETED',1,0,0,0,0,0,0,0,'COMPLETED','','2010-11-15 15:36:20'),(390,3,'GenerateMeetingsForCustomerAndSavingsTask-step-1',401,'2010-11-15 15:36:20','2010-11-15 15:36:20','COMPLETED',1,0,0,0,0,0,0,0,'COMPLETED','','2010-11-15 15:36:20'),(391,3,'GenerateMeetingsForCustomerAndSavingsTask-step-1',402,'2010-11-15 15:36:20','2010-11-15 15:36:20','COMPLETED',1,0,0,0,0,0,0,0,'COMPLETED','','2010-11-15 15:36:20'),(392,3,'GenerateMeetingsForCustomerAndSavingsTask-step-1',403,'2010-11-15 15:36:20','2010-11-15 15:36:20','COMPLETED',1,0,0,0,0,0,0,0,'COMPLETED','','2010-11-15 15:36:20'),(393,3,'GenerateMeetingsForCustomerAndSavingsTask-step-1',404,'2010-11-15 15:36:20','2010-11-15 15:36:20','COMPLETED',1,0,0,0,0,0,0,0,'COMPLETED','','2010-11-15 15:36:20'),(394,3,'GenerateMeetingsForCustomerAndSavingsTask-step-1',405,'2010-11-15 15:36:20','2010-11-15 15:36:20','COMPLETED',1,0,0,0,0,0,0,0,'COMPLETED','','2010-11-15 15:36:20'),(395,3,'GenerateMeetingsForCustomerAndSavingsTask-step-1',406,'2010-11-15 15:36:20','2010-11-15 15:36:20','COMPLETED',1,0,0,0,0,0,0,0,'COMPLETED','','2010-11-15 15:36:20'),(396,3,'GenerateMeetingsForCustomerAndSavingsTask-step-1',407,'2010-11-15 15:36:20','2010-11-15 15:36:20','COMPLETED',1,0,0,0,0,0,0,0,'COMPLETED','','2010-11-15 15:36:20'),(397,3,'GenerateMeetingsForCustomerAndSavingsTask-step-1',408,'2010-11-15 15:36:20','2010-11-15 15:36:20','COMPLETED',1,0,0,0,0,0,0,0,'COMPLETED','','2010-11-15 15:36:20'),(398,3,'GenerateMeetingsForCustomerAndSavingsTask-step-1',409,'2010-11-15 15:36:20','2010-11-15 15:36:20','COMPLETED',1,0,0,0,0,0,0,0,'COMPLETED','','2010-11-15 15:36:20'),(399,3,'GenerateMeetingsForCustomerAndSavingsTask-step-1',410,'2010-11-15 15:36:20','2010-11-15 15:36:20','COMPLETED',1,0,0,0,0,0,0,0,'COMPLETED','','2010-11-15 15:36:20'),(400,3,'GenerateMeetingsForCustomerAndSavingsTask-step-1',411,'2010-11-15 15:36:20','2010-11-15 15:36:20','COMPLETED',1,0,0,0,0,0,0,0,'COMPLETED','','2010-11-15 15:36:20'),(401,3,'GenerateMeetingsForCustomerAndSavingsTask-step-1',412,'2010-11-15 15:36:20','2010-11-15 15:36:20','COMPLETED',1,0,0,0,0,0,0,0,'COMPLETED','','2010-11-15 15:36:20'),(402,3,'GenerateMeetingsForCustomerAndSavingsTask-step-1',413,'2010-11-15 15:36:20','2010-11-15 15:36:20','COMPLETED',1,0,0,0,0,0,0,0,'COMPLETED','','2010-11-15 15:36:20'),(403,3,'GenerateMeetingsForCustomerAndSavingsTask-step-1',414,'2010-11-15 15:36:20','2010-11-15 15:36:20','COMPLETED',1,0,0,0,0,0,0,0,'COMPLETED','','2010-11-15 15:36:20'),(404,3,'GenerateMeetingsForCustomerAndSavingsTask-step-1',415,'2010-11-15 15:36:20','2010-11-15 15:36:20','COMPLETED',1,0,0,0,0,0,0,0,'COMPLETED','','2010-11-15 15:36:20'),(405,3,'GenerateMeetingsForCustomerAndSavingsTask-step-1',416,'2010-11-15 15:36:20','2010-11-15 15:36:20','COMPLETED',1,0,0,0,0,0,0,0,'COMPLETED','','2010-11-15 15:36:20'),(406,3,'GenerateMeetingsForCustomerAndSavingsTask-step-1',417,'2010-11-15 15:36:20','2010-11-15 15:36:20','COMPLETED',1,0,0,0,0,0,0,0,'COMPLETED','','2010-11-15 15:36:20'),(407,3,'GenerateMeetingsForCustomerAndSavingsTask-step-1',418,'2010-11-15 15:36:20','2010-11-15 15:36:20','COMPLETED',1,0,0,0,0,0,0,0,'COMPLETED','','2010-11-15 15:36:20'),(408,3,'GenerateMeetingsForCustomerAndSavingsTask-step-1',419,'2010-11-15 15:36:20','2010-11-15 15:36:20','COMPLETED',1,0,0,0,0,0,0,0,'COMPLETED','','2010-11-15 15:36:20'),(409,3,'GenerateMeetingsForCustomerAndSavingsTask-step-1',420,'2010-11-15 15:36:20','2010-11-15 15:36:20','COMPLETED',1,0,0,0,0,0,0,0,'COMPLETED','','2010-11-15 15:36:20'),(410,3,'GenerateMeetingsForCustomerAndSavingsTask-step-1',421,'2010-11-15 15:36:20','2010-11-15 15:36:20','COMPLETED',1,0,0,0,0,0,0,0,'COMPLETED','','2010-11-15 15:36:20'),(411,3,'GenerateMeetingsForCustomerAndSavingsTask-step-1',422,'2010-11-15 15:36:20','2010-11-15 15:36:20','COMPLETED',1,0,0,0,0,0,0,0,'COMPLETED','','2010-11-15 15:36:20'),(412,3,'GenerateMeetingsForCustomerAndSavingsTask-step-1',423,'2010-11-15 15:36:20','2010-11-15 15:36:20','COMPLETED',1,0,0,0,0,0,0,0,'COMPLETED','','2010-11-15 15:36:20'),(413,3,'GenerateMeetingsForCustomerAndSavingsTask-step-1',424,'2010-11-15 15:36:20','2010-11-15 15:36:20','COMPLETED',1,0,0,0,0,0,0,0,'COMPLETED','','2010-11-15 15:36:20'),(414,3,'GenerateMeetingsForCustomerAndSavingsTask-step-1',425,'2010-11-15 15:36:20','2010-11-15 15:36:20','COMPLETED',1,0,0,0,0,0,0,0,'COMPLETED','','2010-11-15 15:36:20'),(415,3,'LoanArrearsAgingTask-step-1',426,'2010-11-15 15:36:20','2010-11-15 15:36:20','COMPLETED',1,0,0,0,0,0,0,0,'COMPLETED','','2010-11-15 15:36:20'),(416,3,'LoanArrearsAgingTask-step-1',427,'2010-11-15 15:36:20','2010-11-15 15:36:20','COMPLETED',1,0,0,0,0,0,0,0,'COMPLETED','','2010-11-15 15:36:20'),(417,3,'LoanArrearsAgingTask-step-1',428,'2010-11-15 15:36:20','2010-11-15 15:36:20','COMPLETED',1,0,0,0,0,0,0,0,'COMPLETED','','2010-11-15 15:36:20'),(418,3,'LoanArrearsAgingTask-step-1',429,'2010-11-15 15:36:20','2010-11-15 15:36:20','COMPLETED',1,0,0,0,0,0,0,0,'COMPLETED','','2010-11-15 15:36:20'),(419,3,'LoanArrearsAgingTask-step-1',430,'2010-11-15 15:36:20','2010-11-15 15:36:20','COMPLETED',1,0,0,0,0,0,0,0,'COMPLETED','','2010-11-15 15:36:20'),(420,3,'LoanArrearsAgingTask-step-1',431,'2010-11-15 15:36:20','2010-11-15 15:36:20','COMPLETED',1,0,0,0,0,0,0,0,'COMPLETED','','2010-11-15 15:36:20'),(421,3,'LoanArrearsAgingTask-step-1',432,'2010-11-15 15:36:20','2010-11-15 15:36:20','COMPLETED',1,0,0,0,0,0,0,0,'COMPLETED','','2010-11-15 15:36:20'),(422,3,'LoanArrearsAgingTask-step-1',433,'2010-11-15 15:36:20','2010-11-15 15:36:20','COMPLETED',1,0,0,0,0,0,0,0,'COMPLETED','','2010-11-15 15:36:20'),(423,3,'LoanArrearsAgingTask-step-1',434,'2010-11-15 15:36:20','2010-11-15 15:36:20','COMPLETED',1,0,0,0,0,0,0,0,'COMPLETED','','2010-11-15 15:36:20'),(424,3,'LoanArrearsAgingTask-step-1',435,'2010-11-15 15:36:20','2010-11-15 15:36:20','COMPLETED',1,0,0,0,0,0,0,0,'COMPLETED','','2010-11-15 15:36:20'),(425,3,'LoanArrearsAgingTask-step-1',436,'2010-11-15 15:36:20','2010-11-15 15:36:20','COMPLETED',1,0,0,0,0,0,0,0,'COMPLETED','','2010-11-15 15:36:20'),(426,3,'LoanArrearsAgingTask-step-1',437,'2010-11-15 15:36:20','2010-11-15 15:36:20','COMPLETED',1,0,0,0,0,0,0,0,'COMPLETED','','2010-11-15 15:36:20'),(427,3,'LoanArrearsAgingTask-step-1',438,'2010-11-15 15:36:20','2010-11-15 15:36:20','COMPLETED',1,0,0,0,0,0,0,0,'COMPLETED','','2010-11-15 15:36:20'),(428,3,'LoanArrearsAgingTask-step-1',439,'2010-11-15 15:36:20','2010-11-15 15:36:20','COMPLETED',1,0,0,0,0,0,0,0,'COMPLETED','','2010-11-15 15:36:20'),(429,3,'LoanArrearsAgingTask-step-1',440,'2010-11-15 15:36:20','2010-11-15 15:36:20','COMPLETED',1,0,0,0,0,0,0,0,'COMPLETED','','2010-11-15 15:36:20'),(430,3,'LoanArrearsAgingTask-step-1',441,'2010-11-15 15:36:20','2010-11-15 15:36:20','COMPLETED',1,0,0,0,0,0,0,0,'COMPLETED','','2010-11-15 15:36:20'),(431,3,'LoanArrearsAgingTask-step-1',442,'2010-11-15 15:36:20','2010-11-15 15:36:20','COMPLETED',1,0,0,0,0,0,0,0,'COMPLETED','','2010-11-15 15:36:20'),(432,3,'LoanArrearsAgingTask-step-1',443,'2010-11-15 15:36:20','2010-11-15 15:36:20','COMPLETED',1,0,0,0,0,0,0,0,'COMPLETED','','2010-11-15 15:36:20'),(433,3,'LoanArrearsAgingTask-step-1',444,'2010-11-15 15:36:20','2010-11-15 15:36:20','COMPLETED',1,0,0,0,0,0,0,0,'COMPLETED','','2010-11-15 15:36:20'),(434,3,'LoanArrearsAgingTask-step-1',445,'2010-11-15 15:36:20','2010-11-15 15:36:20','COMPLETED',1,0,0,0,0,0,0,0,'COMPLETED','','2010-11-15 15:36:20'),(435,3,'LoanArrearsAgingTask-step-1',446,'2010-11-15 15:36:20','2010-11-15 15:36:20','COMPLETED',1,0,0,0,0,0,0,0,'COMPLETED','','2010-11-15 15:36:20'),(436,3,'LoanArrearsAgingTask-step-1',447,'2010-11-15 15:36:20','2010-11-15 15:36:20','COMPLETED',1,0,0,0,0,0,0,0,'COMPLETED','','2010-11-15 15:36:20'),(437,3,'LoanArrearsAgingTask-step-1',448,'2010-11-15 15:36:20','2010-11-15 15:36:20','COMPLETED',1,0,0,0,0,0,0,0,'COMPLETED','','2010-11-15 15:36:20'),(438,3,'LoanArrearsAgingTask-step-1',449,'2010-11-15 15:36:20','2010-11-15 15:36:20','COMPLETED',1,0,0,0,0,0,0,0,'COMPLETED','','2010-11-15 15:36:20'),(439,3,'LoanArrearsAgingTask-step-1',450,'2010-11-15 15:36:20','2010-11-15 15:36:20','COMPLETED',1,0,0,0,0,0,0,0,'COMPLETED','','2010-11-15 15:36:20'),(440,3,'LoanArrearsAgingTask-step-1',451,'2010-11-15 15:36:20','2010-11-15 15:36:20','COMPLETED',1,0,0,0,0,0,0,0,'COMPLETED','','2010-11-15 15:36:20'),(441,3,'LoanArrearsAgingTask-step-1',452,'2010-11-15 15:36:20','2010-11-15 15:36:20','COMPLETED',1,0,0,0,0,0,0,0,'COMPLETED','','2010-11-15 15:36:20'),(442,3,'LoanArrearsAgingTask-step-1',453,'2010-11-15 15:36:20','2010-11-15 15:36:20','COMPLETED',1,0,0,0,0,0,0,0,'COMPLETED','','2010-11-15 15:36:20'),(443,3,'LoanArrearsAgingTask-step-1',454,'2010-11-15 15:36:20','2010-11-15 15:36:20','COMPLETED',1,0,0,0,0,0,0,0,'COMPLETED','','2010-11-15 15:36:20'),(444,3,'LoanArrearsAgingTask-step-1',455,'2010-11-15 15:36:20','2010-11-15 15:36:20','COMPLETED',1,0,0,0,0,0,0,0,'COMPLETED','','2010-11-15 15:36:20'),(445,3,'LoanArrearsAgingTask-step-1',456,'2010-11-15 15:36:20','2010-11-15 15:36:20','COMPLETED',1,0,0,0,0,0,0,0,'COMPLETED','','2010-11-15 15:36:20'),(446,3,'LoanArrearsAgingTask-step-1',457,'2010-11-15 15:36:20','2010-11-15 15:36:20','COMPLETED',1,0,0,0,0,0,0,0,'COMPLETED','','2010-11-15 15:36:20'),(447,3,'LoanArrearsAgingTask-step-1',458,'2010-11-15 15:36:20','2010-11-15 15:36:20','COMPLETED',1,0,0,0,0,0,0,0,'COMPLETED','','2010-11-15 15:36:20'),(448,3,'LoanArrearsAgingTask-step-1',459,'2010-11-15 15:36:20','2010-11-15 15:36:20','COMPLETED',1,0,0,0,0,0,0,0,'COMPLETED','','2010-11-15 15:36:20'),(449,3,'LoanArrearsAgingTask-step-1',460,'2010-11-15 15:36:20','2010-11-15 15:36:20','COMPLETED',1,0,0,0,0,0,0,0,'COMPLETED','','2010-11-15 15:36:20'),(450,3,'LoanArrearsAgingTask-step-1',461,'2010-11-15 15:36:20','2010-11-15 15:36:20','COMPLETED',1,0,0,0,0,0,0,0,'COMPLETED','','2010-11-15 15:36:20'),(451,3,'LoanArrearsAgingTask-step-1',462,'2010-11-15 15:36:20','2010-11-15 15:36:20','COMPLETED',1,0,0,0,0,0,0,0,'COMPLETED','','2010-11-15 15:36:20'),(452,3,'LoanArrearsAgingTask-step-1',463,'2010-11-15 15:36:20','2010-11-15 15:36:20','COMPLETED',1,0,0,0,0,0,0,0,'COMPLETED','','2010-11-15 15:36:20'),(453,3,'LoanArrearsAgingTask-step-1',464,'2010-11-15 15:36:21','2010-11-15 15:36:21','COMPLETED',1,0,0,0,0,0,0,0,'COMPLETED','','2010-11-15 15:36:21'),(454,3,'LoanArrearsAgingTask-step-1',465,'2010-11-15 15:36:21','2010-11-15 15:36:21','COMPLETED',1,0,0,0,0,0,0,0,'COMPLETED','','2010-11-15 15:36:21'),(455,3,'LoanArrearsAgingTask-step-1',466,'2010-11-15 15:36:21','2010-11-15 15:36:21','COMPLETED',1,0,0,0,0,0,0,0,'COMPLETED','','2010-11-15 15:36:21'),(456,3,'LoanArrearsAgingTask-step-1',467,'2010-11-15 15:36:21','2010-11-15 15:36:21','COMPLETED',1,0,0,0,0,0,0,0,'COMPLETED','','2010-11-15 15:36:21'),(457,3,'LoanArrearsAgingTask-step-1',468,'2010-11-15 15:36:21','2010-11-15 15:36:21','COMPLETED',1,0,0,0,0,0,0,0,'COMPLETED','','2010-11-15 15:36:21'),(458,3,'LoanArrearsAgingTask-step-1',469,'2010-11-15 15:36:21','2010-11-15 15:36:21','COMPLETED',1,0,0,0,0,0,0,0,'COMPLETED','','2010-11-15 15:36:21'),(459,3,'LoanArrearsAgingTask-step-1',470,'2010-11-15 15:36:21','2010-11-15 15:36:21','COMPLETED',1,0,0,0,0,0,0,0,'COMPLETED','','2010-11-15 15:36:21'),(460,3,'LoanArrearsAgingTask-step-1',471,'2010-11-15 15:36:21','2010-11-15 15:36:21','COMPLETED',1,0,0,0,0,0,0,0,'COMPLETED','','2010-11-15 15:36:21'),(461,3,'LoanArrearsAgingTask-step-1',472,'2010-11-15 15:36:21','2010-11-15 15:36:21','COMPLETED',1,0,0,0,0,0,0,0,'COMPLETED','','2010-11-15 15:36:21'),(462,3,'LoanArrearsAgingTask-step-1',473,'2010-11-15 15:36:21','2010-11-15 15:36:21','COMPLETED',1,0,0,0,0,0,0,0,'COMPLETED','','2010-11-15 15:36:21'),(463,3,'LoanArrearsAgingTask-step-1',474,'2010-11-15 15:36:21','2010-11-15 15:36:21','COMPLETED',1,0,0,0,0,0,0,0,'COMPLETED','','2010-11-15 15:36:21'),(464,3,'LoanArrearsAgingTask-step-1',475,'2010-11-15 15:36:21','2010-11-15 15:36:21','COMPLETED',1,0,0,0,0,0,0,0,'COMPLETED','','2010-11-15 15:36:21'),(465,3,'LoanArrearsAgingTask-step-1',476,'2010-11-15 15:36:21','2010-11-15 15:36:21','COMPLETED',1,0,0,0,0,0,0,0,'COMPLETED','','2010-11-15 15:36:21'),(466,3,'LoanArrearsAgingTask-step-1',477,'2010-11-15 15:36:21','2010-11-15 15:36:21','COMPLETED',1,0,0,0,0,0,0,0,'COMPLETED','','2010-11-15 15:36:21'),(467,3,'LoanArrearsAgingTask-step-1',478,'2010-11-15 15:36:21','2010-11-15 15:36:21','COMPLETED',1,0,0,0,0,0,0,0,'COMPLETED','','2010-11-15 15:36:21'),(468,3,'LoanArrearsAgingTask-step-1',479,'2010-11-15 15:36:21','2010-11-15 15:36:21','COMPLETED',1,0,0,0,0,0,0,0,'COMPLETED','','2010-11-15 15:36:21'),(469,3,'LoanArrearsAgingTask-step-1',480,'2010-11-15 15:36:21','2010-11-15 15:36:21','COMPLETED',1,0,0,0,0,0,0,0,'COMPLETED','','2010-11-15 15:36:21'),(470,3,'LoanArrearsAgingTask-step-1',481,'2010-11-15 15:36:21','2010-11-15 15:36:21','COMPLETED',1,0,0,0,0,0,0,0,'COMPLETED','','2010-11-15 15:36:21'),(471,3,'LoanArrearsAgingTask-step-1',482,'2010-11-15 15:36:21','2010-11-15 15:36:21','COMPLETED',1,0,0,0,0,0,0,0,'COMPLETED','','2010-11-15 15:36:21'),(472,3,'LoanArrearsAgingTask-step-1',483,'2010-11-15 15:36:21','2010-11-15 15:36:21','COMPLETED',1,0,0,0,0,0,0,0,'COMPLETED','','2010-11-15 15:36:21'),(473,3,'LoanArrearsAgingTask-step-1',484,'2010-11-15 15:36:21','2010-11-15 15:36:21','COMPLETED',1,0,0,0,0,0,0,0,'COMPLETED','','2010-11-15 15:36:21'),(474,3,'LoanArrearsAgingTask-step-1',485,'2010-11-15 15:36:21','2010-11-15 15:36:21','COMPLETED',1,0,0,0,0,0,0,0,'COMPLETED','','2010-11-15 15:36:21'),(475,3,'LoanArrearsAgingTask-step-1',486,'2010-11-15 15:36:21','2010-11-15 15:36:21','COMPLETED',1,0,0,0,0,0,0,0,'COMPLETED','','2010-11-15 15:36:21'),(476,3,'LoanArrearsAgingTask-step-1',487,'2010-11-15 15:36:21','2010-11-15 15:36:21','COMPLETED',1,0,0,0,0,0,0,0,'COMPLETED','','2010-11-15 15:36:21'),(477,3,'LoanArrearsAgingTask-step-1',488,'2010-11-15 15:36:21','2010-11-15 15:36:21','COMPLETED',1,0,0,0,0,0,0,0,'COMPLETED','','2010-11-15 15:36:21'),(478,3,'LoanArrearsAgingTask-step-1',489,'2010-11-15 15:36:21','2010-11-15 15:36:21','COMPLETED',1,0,0,0,0,0,0,0,'COMPLETED','','2010-11-15 15:36:21'),(479,3,'LoanArrearsAgingTask-step-1',490,'2010-11-15 15:36:21','2010-11-15 15:36:21','COMPLETED',1,0,0,0,0,0,0,0,'COMPLETED','','2010-11-15 15:36:21'),(480,3,'LoanArrearsAgingTask-step-1',491,'2010-11-15 15:36:21','2010-11-15 15:36:21','COMPLETED',1,0,0,0,0,0,0,0,'COMPLETED','','2010-11-15 15:36:21'),(481,3,'LoanArrearsAgingTask-step-1',492,'2010-11-15 15:36:21','2010-11-15 15:36:21','COMPLETED',1,0,0,0,0,0,0,0,'COMPLETED','','2010-11-15 15:36:21'),(482,3,'LoanArrearsAgingTask-step-1',493,'2010-11-15 15:36:21','2010-11-15 15:36:21','COMPLETED',1,0,0,0,0,0,0,0,'COMPLETED','','2010-11-15 15:36:21'),(483,3,'LoanArrearsAgingTask-step-1',494,'2010-11-15 15:36:21','2010-11-15 15:36:21','COMPLETED',1,0,0,0,0,0,0,0,'COMPLETED','','2010-11-15 15:36:21'),(484,3,'LoanArrearsAgingTask-step-1',495,'2010-11-15 15:36:21','2010-11-15 15:36:21','COMPLETED',1,0,0,0,0,0,0,0,'COMPLETED','','2010-11-15 15:36:21'),(485,3,'LoanArrearsAgingTask-step-1',496,'2010-11-15 15:36:21','2010-11-15 15:36:21','COMPLETED',1,0,0,0,0,0,0,0,'COMPLETED','','2010-11-15 15:36:21'),(486,3,'LoanArrearsAgingTask-step-1',497,'2010-11-15 15:36:21','2010-11-15 15:36:21','COMPLETED',1,0,0,0,0,0,0,0,'COMPLETED','','2010-11-15 15:36:21'),(487,3,'LoanArrearsAgingTask-step-1',498,'2010-11-15 15:36:21','2010-11-15 15:36:21','COMPLETED',1,0,0,0,0,0,0,0,'COMPLETED','','2010-11-15 15:36:21'),(488,3,'LoanArrearsAgingTask-step-1',499,'2010-11-15 15:36:21','2010-11-15 15:36:21','COMPLETED',1,0,0,0,0,0,0,0,'COMPLETED','','2010-11-15 15:36:21'),(489,3,'LoanArrearsAgingTask-step-1',500,'2010-11-15 15:36:21','2010-11-15 15:36:21','COMPLETED',1,0,0,0,0,0,0,0,'COMPLETED','','2010-11-15 15:36:21'),(490,3,'LoanArrearsAgingTask-step-1',501,'2010-11-15 15:36:21','2010-11-15 15:36:21','COMPLETED',1,0,0,0,0,0,0,0,'COMPLETED','','2010-11-15 15:36:21'),(491,3,'LoanArrearsAgingTask-step-1',502,'2010-11-15 15:36:21','2010-11-15 15:36:21','COMPLETED',1,0,0,0,0,0,0,0,'COMPLETED','','2010-11-15 15:36:21'),(492,3,'LoanArrearsAgingTask-step-1',503,'2010-11-15 15:36:21','2010-11-15 15:36:21','COMPLETED',1,0,0,0,0,0,0,0,'COMPLETED','','2010-11-15 15:36:21'),(493,3,'LoanArrearsAgingTask-step-1',504,'2010-11-15 15:36:21','2010-11-15 15:36:21','COMPLETED',1,0,0,0,0,0,0,0,'COMPLETED','','2010-11-15 15:36:21'),(494,3,'LoanArrearsAgingTask-step-1',505,'2010-11-15 15:36:21','2010-11-15 15:36:21','COMPLETED',1,0,0,0,0,0,0,0,'COMPLETED','','2010-11-15 15:36:21'),(495,3,'LoanArrearsAgingTask-step-1',506,'2010-11-15 15:36:21','2010-11-15 15:36:21','COMPLETED',1,0,0,0,0,0,0,0,'COMPLETED','','2010-11-15 15:36:21'),(496,3,'LoanArrearsAgingTask-step-1',507,'2010-11-15 15:36:21','2010-11-15 15:36:21','COMPLETED',1,0,0,0,0,0,0,0,'COMPLETED','','2010-11-15 15:36:21'),(497,3,'LoanArrearsAgingTask-step-1',508,'2010-11-15 15:36:21','2010-11-15 15:36:21','COMPLETED',1,0,0,0,0,0,0,0,'COMPLETED','','2010-11-15 15:36:21'),(498,3,'LoanArrearsAgingTask-step-1',509,'2010-11-15 15:36:21','2010-11-15 15:36:21','COMPLETED',1,0,0,0,0,0,0,0,'COMPLETED','','2010-11-15 15:36:21'),(499,3,'LoanArrearsAgingTask-step-1',510,'2010-11-15 15:36:21','2010-11-15 15:36:21','COMPLETED',1,0,0,0,0,0,0,0,'COMPLETED','','2010-11-15 15:36:21'),(500,3,'LoanArrearsAgingTask-step-1',511,'2010-11-15 15:36:21','2010-11-15 15:36:21','COMPLETED',1,0,0,0,0,0,0,0,'COMPLETED','','2010-11-15 15:36:21'),(501,3,'LoanArrearsAgingTask-step-1',512,'2010-11-15 15:36:21','2010-11-15 15:36:21','COMPLETED',1,0,0,0,0,0,0,0,'COMPLETED','','2010-11-15 15:36:21'),(502,3,'LoanArrearsAgingTask-step-1',513,'2010-11-15 15:36:21','2010-11-15 15:36:21','COMPLETED',1,0,0,0,0,0,0,0,'COMPLETED','','2010-11-15 15:36:21'),(503,3,'LoanArrearsAgingTask-step-1',514,'2010-11-15 15:36:21','2010-11-15 15:36:21','COMPLETED',1,0,0,0,0,0,0,0,'COMPLETED','','2010-11-15 15:36:21'),(504,3,'LoanArrearsAgingTask-step-1',515,'2010-11-15 15:36:21','2010-11-15 15:36:21','COMPLETED',1,0,0,0,0,0,0,0,'COMPLETED','','2010-11-15 15:36:21'),(505,3,'LoanArrearsAgingTask-step-1',516,'2010-11-15 15:36:21','2010-11-15 15:36:21','COMPLETED',1,0,0,0,0,0,0,0,'COMPLETED','','2010-11-15 15:36:21'),(506,3,'LoanArrearsAgingTask-step-1',517,'2010-11-15 15:36:21','2010-11-15 15:36:21','COMPLETED',1,0,0,0,0,0,0,0,'COMPLETED','','2010-11-15 15:36:21'),(507,3,'LoanArrearsAgingTask-step-1',518,'2010-11-15 15:36:21','2010-11-15 15:36:21','COMPLETED',1,0,0,0,0,0,0,0,'COMPLETED','','2010-11-15 15:36:21'),(508,3,'LoanArrearsAgingTask-step-1',519,'2010-11-15 15:36:21','2010-11-15 15:36:21','COMPLETED',1,0,0,0,0,0,0,0,'COMPLETED','','2010-11-15 15:36:21'),(509,3,'LoanArrearsAgingTask-step-1',520,'2010-11-15 15:36:21','2010-11-15 15:36:21','COMPLETED',1,0,0,0,0,0,0,0,'COMPLETED','','2010-11-15 15:36:21'),(510,3,'LoanArrearsAgingTask-step-1',521,'2010-11-15 15:36:21','2010-11-15 15:36:21','COMPLETED',1,0,0,0,0,0,0,0,'COMPLETED','','2010-11-15 15:36:21'),(511,3,'LoanArrearsAgingTask-step-1',522,'2010-11-15 15:36:21','2010-11-15 15:36:21','COMPLETED',1,0,0,0,0,0,0,0,'COMPLETED','','2010-11-15 15:36:21'),(512,3,'LoanArrearsAgingTask-step-1',523,'2010-11-15 15:36:21','2010-11-15 15:36:21','COMPLETED',1,0,0,0,0,0,0,0,'COMPLETED','','2010-11-15 15:36:21'),(513,3,'LoanArrearsAgingTask-step-1',524,'2010-11-15 15:36:21','2010-11-15 15:36:21','COMPLETED',1,0,0,0,0,0,0,0,'COMPLETED','','2010-11-15 15:36:21'),(514,3,'LoanArrearsAgingTask-step-1',525,'2010-11-15 15:36:21','2010-11-15 15:36:21','COMPLETED',1,0,0,0,0,0,0,0,'COMPLETED','','2010-11-15 15:36:21'),(515,3,'LoanArrearsAgingTask-step-1',526,'2010-11-15 15:36:21','2010-11-15 15:36:21','COMPLETED',1,0,0,0,0,0,0,0,'COMPLETED','','2010-11-15 15:36:21'),(516,3,'LoanArrearsAgingTask-step-1',527,'2010-11-15 15:36:21','2010-11-15 15:36:21','COMPLETED',1,0,0,0,0,0,0,0,'COMPLETED','','2010-11-15 15:36:21'),(517,3,'LoanArrearsAgingTask-step-1',528,'2010-11-15 15:36:21','2010-11-15 15:36:21','COMPLETED',1,0,0,0,0,0,0,0,'COMPLETED','','2010-11-15 15:36:21'),(518,3,'LoanArrearsAndPortfolioAtRiskTask-step-1',529,'2010-11-15 15:36:21','2010-11-15 15:36:21','COMPLETED',1,0,0,0,0,0,0,0,'COMPLETED','','2010-11-15 15:36:21'),(519,3,'LoanArrearsAndPortfolioAtRiskTask-step-2',529,'2010-11-15 15:36:21','2010-11-15 15:36:21','COMPLETED',1,0,0,0,0,0,0,0,'COMPLETED','','2010-11-15 15:36:21'),(520,3,'LoanArrearsAndPortfolioAtRiskTask-step-1',530,'2010-11-15 15:36:21','2010-11-15 15:36:21','COMPLETED',1,0,0,0,0,0,0,0,'COMPLETED','','2010-11-15 15:36:21'),(521,3,'LoanArrearsAndPortfolioAtRiskTask-step-2',530,'2010-11-15 15:36:21','2010-11-15 15:36:21','COMPLETED',1,0,0,0,0,0,0,0,'COMPLETED','','2010-11-15 15:36:21'),(522,3,'LoanArrearsAndPortfolioAtRiskTask-step-1',531,'2010-11-15 15:36:21','2010-11-15 15:36:21','COMPLETED',1,0,0,0,0,0,0,0,'COMPLETED','','2010-11-15 15:36:21'),(523,3,'LoanArrearsAndPortfolioAtRiskTask-step-2',531,'2010-11-15 15:36:21','2010-11-15 15:36:22','COMPLETED',1,0,0,0,0,0,0,0,'COMPLETED','','2010-11-15 15:36:22'),(524,3,'LoanArrearsAndPortfolioAtRiskTask-step-1',532,'2010-11-15 15:36:22','2010-11-15 15:36:22','COMPLETED',1,0,0,0,0,0,0,0,'COMPLETED','','2010-11-15 15:36:22'),(525,3,'LoanArrearsAndPortfolioAtRiskTask-step-2',532,'2010-11-15 15:36:22','2010-11-15 15:36:22','COMPLETED',1,0,0,0,0,0,0,0,'COMPLETED','','2010-11-15 15:36:22'),(526,3,'LoanArrearsAndPortfolioAtRiskTask-step-1',533,'2010-11-15 15:36:22','2010-11-15 15:36:22','COMPLETED',1,0,0,0,0,0,0,0,'COMPLETED','','2010-11-15 15:36:22'),(527,3,'LoanArrearsAndPortfolioAtRiskTask-step-2',533,'2010-11-15 15:36:22','2010-11-15 15:36:22','COMPLETED',1,0,0,0,0,0,0,0,'COMPLETED','','2010-11-15 15:36:22'),(528,3,'LoanArrearsAndPortfolioAtRiskTask-step-1',534,'2010-11-15 15:36:22','2010-11-15 15:36:22','COMPLETED',1,0,0,0,0,0,0,0,'COMPLETED','','2010-11-15 15:36:22'),(529,3,'LoanArrearsAndPortfolioAtRiskTask-step-2',534,'2010-11-15 15:36:22','2010-11-15 15:36:22','COMPLETED',1,0,0,0,0,0,0,0,'COMPLETED','','2010-11-15 15:36:22'),(530,3,'LoanArrearsAndPortfolioAtRiskTask-step-1',535,'2010-11-15 15:36:22','2010-11-15 15:36:22','COMPLETED',1,0,0,0,0,0,0,0,'COMPLETED','','2010-11-15 15:36:22'),(531,3,'LoanArrearsAndPortfolioAtRiskTask-step-2',535,'2010-11-15 15:36:22','2010-11-15 15:36:22','COMPLETED',1,0,0,0,0,0,0,0,'COMPLETED','','2010-11-15 15:36:22'),(532,3,'LoanArrearsAndPortfolioAtRiskTask-step-1',536,'2010-11-15 15:36:22','2010-11-15 15:36:22','COMPLETED',1,0,0,0,0,0,0,0,'COMPLETED','','2010-11-15 15:36:22'),(533,3,'LoanArrearsAndPortfolioAtRiskTask-step-2',536,'2010-11-15 15:36:22','2010-11-15 15:36:22','COMPLETED',1,0,0,0,0,0,0,0,'COMPLETED','','2010-11-15 15:36:22'),(534,3,'LoanArrearsAndPortfolioAtRiskTask-step-1',537,'2010-11-15 15:36:22','2010-11-15 15:36:22','COMPLETED',1,0,0,0,0,0,0,0,'COMPLETED','','2010-11-15 15:36:22'),(535,3,'LoanArrearsAndPortfolioAtRiskTask-step-2',537,'2010-11-15 15:36:22','2010-11-15 15:36:22','COMPLETED',1,0,0,0,0,0,0,0,'COMPLETED','','2010-11-15 15:36:22'),(536,3,'LoanArrearsAndPortfolioAtRiskTask-step-1',538,'2010-11-15 15:36:22','2010-11-15 15:36:22','COMPLETED',1,0,0,0,0,0,0,0,'COMPLETED','','2010-11-15 15:36:22'),(537,3,'LoanArrearsAndPortfolioAtRiskTask-step-2',538,'2010-11-15 15:36:22','2010-11-15 15:36:22','COMPLETED',1,0,0,0,0,0,0,0,'COMPLETED','','2010-11-15 15:36:22'),(538,3,'LoanArrearsAndPortfolioAtRiskTask-step-1',539,'2010-11-15 15:36:22','2010-11-15 15:36:22','COMPLETED',1,0,0,0,0,0,0,0,'COMPLETED','','2010-11-15 15:36:22'),(539,3,'LoanArrearsAndPortfolioAtRiskTask-step-2',539,'2010-11-15 15:36:22','2010-11-15 15:36:23','COMPLETED',1,0,0,0,0,0,0,0,'COMPLETED','','2010-11-15 15:36:23'),(540,3,'LoanArrearsAndPortfolioAtRiskTask-step-1',540,'2010-11-15 15:36:23','2010-11-15 15:36:23','COMPLETED',1,0,0,0,0,0,0,0,'COMPLETED','','2010-11-15 15:36:23'),(541,3,'LoanArrearsAndPortfolioAtRiskTask-step-2',540,'2010-11-15 15:36:23','2010-11-15 15:36:23','COMPLETED',1,0,0,0,0,0,0,0,'COMPLETED','','2010-11-15 15:36:23'),(542,3,'LoanArrearsAndPortfolioAtRiskTask-step-1',541,'2010-11-15 15:36:23','2010-11-15 15:36:23','COMPLETED',1,0,0,0,0,0,0,0,'COMPLETED','','2010-11-15 15:36:23'),(543,3,'LoanArrearsAndPortfolioAtRiskTask-step-2',541,'2010-11-15 15:36:23','2010-11-15 15:36:23','COMPLETED',1,0,0,0,0,0,0,0,'COMPLETED','','2010-11-15 15:36:23'),(544,3,'LoanArrearsAndPortfolioAtRiskTask-step-1',542,'2010-11-15 15:36:23','2010-11-15 15:36:23','COMPLETED',1,0,0,0,0,0,0,0,'COMPLETED','','2010-11-15 15:36:23'),(545,3,'LoanArrearsAndPortfolioAtRiskTask-step-2',542,'2010-11-15 15:36:23','2010-11-15 15:36:23','COMPLETED',1,0,0,0,0,0,0,0,'COMPLETED','','2010-11-15 15:36:23'),(546,3,'LoanArrearsAndPortfolioAtRiskTask-step-1',543,'2010-11-15 15:36:23','2010-11-15 15:36:23','COMPLETED',1,0,0,0,0,0,0,0,'COMPLETED','','2010-11-15 15:36:23'),(547,3,'LoanArrearsAndPortfolioAtRiskTask-step-2',543,'2010-11-15 15:36:23','2010-11-15 15:36:23','COMPLETED',1,0,0,0,0,0,0,0,'COMPLETED','','2010-11-15 15:36:23'),(548,3,'LoanArrearsAndPortfolioAtRiskTask-step-1',544,'2010-11-15 15:36:23','2010-11-15 15:36:23','COMPLETED',1,0,0,0,0,0,0,0,'COMPLETED','','2010-11-15 15:36:23'),(549,3,'LoanArrearsAndPortfolioAtRiskTask-step-2',544,'2010-11-15 15:36:23','2010-11-15 15:36:23','COMPLETED',1,0,0,0,0,0,0,0,'COMPLETED','','2010-11-15 15:36:23'),(550,3,'LoanArrearsAndPortfolioAtRiskTask-step-1',545,'2010-11-15 15:36:23','2010-11-15 15:36:23','COMPLETED',1,0,0,0,0,0,0,0,'COMPLETED','','2010-11-15 15:36:23'),(551,3,'LoanArrearsAndPortfolioAtRiskTask-step-2',545,'2010-11-15 15:36:23','2010-11-15 15:36:23','COMPLETED',1,0,0,0,0,0,0,0,'COMPLETED','','2010-11-15 15:36:23'),(552,3,'LoanArrearsAndPortfolioAtRiskTask-step-1',546,'2010-11-15 15:36:23','2010-11-15 15:36:23','COMPLETED',1,0,0,0,0,0,0,0,'COMPLETED','','2010-11-15 15:36:23'),(553,3,'LoanArrearsAndPortfolioAtRiskTask-step-2',546,'2010-11-15 15:36:23','2010-11-15 15:36:23','COMPLETED',1,0,0,0,0,0,0,0,'COMPLETED','','2010-11-15 15:36:23'),(554,3,'LoanArrearsAndPortfolioAtRiskTask-step-1',547,'2010-11-15 15:36:23','2010-11-15 15:36:23','COMPLETED',1,0,0,0,0,0,0,0,'COMPLETED','','2010-11-15 15:36:23'),(555,3,'LoanArrearsAndPortfolioAtRiskTask-step-2',547,'2010-11-15 15:36:23','2010-11-15 15:36:23','COMPLETED',1,0,0,0,0,0,0,0,'COMPLETED','','2010-11-15 15:36:23'),(556,3,'LoanArrearsAndPortfolioAtRiskTask-step-1',548,'2010-11-15 15:36:23','2010-11-15 15:36:23','COMPLETED',1,0,0,0,0,0,0,0,'COMPLETED','','2010-11-15 15:36:23'),(557,3,'LoanArrearsAndPortfolioAtRiskTask-step-2',548,'2010-11-15 15:36:23','2010-11-15 15:36:24','COMPLETED',1,0,0,0,0,0,0,0,'COMPLETED','','2010-11-15 15:36:24'),(558,3,'LoanArrearsAndPortfolioAtRiskTask-step-1',549,'2010-11-15 15:36:24','2010-11-15 15:36:24','COMPLETED',1,0,0,0,0,0,0,0,'COMPLETED','','2010-11-15 15:36:24'),(559,3,'LoanArrearsAndPortfolioAtRiskTask-step-2',549,'2010-11-15 15:36:24','2010-11-15 15:36:24','COMPLETED',1,0,0,0,0,0,0,0,'COMPLETED','','2010-11-15 15:36:24'),(560,3,'LoanArrearsAndPortfolioAtRiskTask-step-1',550,'2010-11-15 15:36:24','2010-11-15 15:36:24','COMPLETED',1,0,0,0,0,0,0,0,'COMPLETED','','2010-11-15 15:36:24'),(561,3,'LoanArrearsAndPortfolioAtRiskTask-step-2',550,'2010-11-15 15:36:24','2010-11-15 15:36:24','COMPLETED',1,0,0,0,0,0,0,0,'COMPLETED','','2010-11-15 15:36:24'),(562,3,'LoanArrearsAndPortfolioAtRiskTask-step-1',551,'2010-11-15 15:36:24','2010-11-15 15:36:24','COMPLETED',1,0,0,0,0,0,0,0,'COMPLETED','','2010-11-15 15:36:24'),(563,3,'LoanArrearsAndPortfolioAtRiskTask-step-2',551,'2010-11-15 15:36:24','2010-11-15 15:36:24','COMPLETED',1,0,0,0,0,0,0,0,'COMPLETED','','2010-11-15 15:36:24'),(564,3,'LoanArrearsAndPortfolioAtRiskTask-step-1',552,'2010-11-15 15:36:24','2010-11-15 15:36:24','COMPLETED',1,0,0,0,0,0,0,0,'COMPLETED','','2010-11-15 15:36:24'),(565,3,'LoanArrearsAndPortfolioAtRiskTask-step-2',552,'2010-11-15 15:36:24','2010-11-15 15:36:24','COMPLETED',1,0,0,0,0,0,0,0,'COMPLETED','','2010-11-15 15:36:24'),(566,3,'LoanArrearsAndPortfolioAtRiskTask-step-1',553,'2010-11-15 15:36:24','2010-11-15 15:36:24','COMPLETED',1,0,0,0,0,0,0,0,'COMPLETED','','2010-11-15 15:36:24'),(567,3,'LoanArrearsAndPortfolioAtRiskTask-step-2',553,'2010-11-15 15:36:24','2010-11-15 15:36:24','COMPLETED',1,0,0,0,0,0,0,0,'COMPLETED','','2010-11-15 15:36:24'),(568,3,'LoanArrearsAndPortfolioAtRiskTask-step-1',554,'2010-11-15 15:36:24','2010-11-15 15:36:24','COMPLETED',1,0,0,0,0,0,0,0,'COMPLETED','','2010-11-15 15:36:24'),(569,3,'LoanArrearsAndPortfolioAtRiskTask-step-2',554,'2010-11-15 15:36:24','2010-11-15 15:36:25','COMPLETED',1,0,0,0,0,0,0,0,'COMPLETED','','2010-11-15 15:36:25'),(570,3,'LoanArrearsAndPortfolioAtRiskTask-step-1',555,'2010-11-15 15:36:25','2010-11-15 15:36:25','COMPLETED',1,0,0,0,0,0,0,0,'COMPLETED','','2010-11-15 15:36:25'),(571,3,'LoanArrearsAndPortfolioAtRiskTask-step-2',555,'2010-11-15 15:36:25','2010-11-15 15:36:25','COMPLETED',1,0,0,0,0,0,0,0,'COMPLETED','','2010-11-15 15:36:25'),(572,3,'LoanArrearsAndPortfolioAtRiskTask-step-1',556,'2010-11-15 15:36:25','2010-11-15 15:36:25','COMPLETED',1,0,0,0,0,0,0,0,'COMPLETED','','2010-11-15 15:36:25'),(573,3,'LoanArrearsAndPortfolioAtRiskTask-step-2',556,'2010-11-15 15:36:25','2010-11-15 15:36:25','COMPLETED',1,0,0,0,0,0,0,0,'COMPLETED','','2010-11-15 15:36:25'),(574,3,'LoanArrearsAndPortfolioAtRiskTask-step-1',557,'2010-11-15 15:36:25','2010-11-15 15:36:25','COMPLETED',1,0,0,0,0,0,0,0,'COMPLETED','','2010-11-15 15:36:25'),(575,3,'LoanArrearsAndPortfolioAtRiskTask-step-2',557,'2010-11-15 15:36:25','2010-11-15 15:36:25','COMPLETED',1,0,0,0,0,0,0,0,'COMPLETED','','2010-11-15 15:36:25'),(576,3,'LoanArrearsAndPortfolioAtRiskTask-step-1',558,'2010-11-15 15:36:25','2010-11-15 15:36:25','COMPLETED',1,0,0,0,0,0,0,0,'COMPLETED','','2010-11-15 15:36:25'),(577,3,'LoanArrearsAndPortfolioAtRiskTask-step-2',558,'2010-11-15 15:36:25','2010-11-15 15:36:25','COMPLETED',1,0,0,0,0,0,0,0,'COMPLETED','','2010-11-15 15:36:25'),(578,3,'LoanArrearsAndPortfolioAtRiskTask-step-1',559,'2010-11-15 15:36:25','2010-11-15 15:36:25','COMPLETED',1,0,0,0,0,0,0,0,'COMPLETED','','2010-11-15 15:36:25'),(579,3,'LoanArrearsAndPortfolioAtRiskTask-step-2',559,'2010-11-15 15:36:25','2010-11-15 15:36:25','COMPLETED',1,0,0,0,0,0,0,0,'COMPLETED','','2010-11-15 15:36:25'),(580,3,'LoanArrearsAndPortfolioAtRiskTask-step-1',560,'2010-11-15 15:36:25','2010-11-15 15:36:25','COMPLETED',1,0,0,0,0,0,0,0,'COMPLETED','','2010-11-15 15:36:25'),(581,3,'LoanArrearsAndPortfolioAtRiskTask-step-2',560,'2010-11-15 15:36:25','2010-11-15 15:36:25','COMPLETED',1,0,0,0,0,0,0,0,'COMPLETED','','2010-11-15 15:36:25'),(582,3,'LoanArrearsAndPortfolioAtRiskTask-step-1',561,'2010-11-15 15:36:25','2010-11-15 15:36:25','COMPLETED',1,0,0,0,0,0,0,0,'COMPLETED','','2010-11-15 15:36:25'),(583,3,'LoanArrearsAndPortfolioAtRiskTask-step-2',561,'2010-11-15 15:36:25','2010-11-15 15:36:25','COMPLETED',1,0,0,0,0,0,0,0,'COMPLETED','','2010-11-15 15:36:25'),(584,3,'LoanArrearsAndPortfolioAtRiskTask-step-1',562,'2010-11-15 15:36:25','2010-11-15 15:36:25','COMPLETED',1,0,0,0,0,0,0,0,'COMPLETED','','2010-11-15 15:36:25'),(585,3,'LoanArrearsAndPortfolioAtRiskTask-step-2',562,'2010-11-15 15:36:25','2010-11-15 15:36:25','COMPLETED',1,0,0,0,0,0,0,0,'COMPLETED','','2010-11-15 15:36:25'),(586,3,'LoanArrearsAndPortfolioAtRiskTask-step-1',563,'2010-11-15 15:36:25','2010-11-15 15:36:25','COMPLETED',1,0,0,0,0,0,0,0,'COMPLETED','','2010-11-15 15:36:25'),(587,3,'LoanArrearsAndPortfolioAtRiskTask-step-2',563,'2010-11-15 15:36:25','2010-11-15 15:36:25','COMPLETED',1,0,0,0,0,0,0,0,'COMPLETED','','2010-11-15 15:36:25'),(588,3,'LoanArrearsAndPortfolioAtRiskTask-step-1',564,'2010-11-15 15:36:25','2010-11-15 15:36:25','COMPLETED',1,0,0,0,0,0,0,0,'COMPLETED','','2010-11-15 15:36:25'),(589,3,'LoanArrearsAndPortfolioAtRiskTask-step-2',564,'2010-11-15 15:36:25','2010-11-15 15:36:26','COMPLETED',1,0,0,0,0,0,0,0,'COMPLETED','','2010-11-15 15:36:26'),(590,3,'LoanArrearsAndPortfolioAtRiskTask-step-1',565,'2010-11-15 15:36:26','2010-11-15 15:36:26','COMPLETED',1,0,0,0,0,0,0,0,'COMPLETED','','2010-11-15 15:36:26'),(591,3,'LoanArrearsAndPortfolioAtRiskTask-step-2',565,'2010-11-15 15:36:26','2010-11-15 15:36:26','COMPLETED',1,0,0,0,0,0,0,0,'COMPLETED','','2010-11-15 15:36:26'),(592,3,'LoanArrearsAndPortfolioAtRiskTask-step-1',566,'2010-11-15 15:36:26','2010-11-15 15:36:26','COMPLETED',1,0,0,0,0,0,0,0,'COMPLETED','','2010-11-15 15:36:26'),(593,3,'LoanArrearsAndPortfolioAtRiskTask-step-2',566,'2010-11-15 15:36:26','2010-11-15 15:36:26','COMPLETED',1,0,0,0,0,0,0,0,'COMPLETED','','2010-11-15 15:36:26'),(594,3,'LoanArrearsAndPortfolioAtRiskTask-step-1',567,'2010-11-15 15:36:26','2010-11-15 15:36:26','COMPLETED',1,0,0,0,0,0,0,0,'COMPLETED','','2010-11-15 15:36:26'),(595,3,'LoanArrearsAndPortfolioAtRiskTask-step-2',567,'2010-11-15 15:36:26','2010-11-15 15:36:26','COMPLETED',1,0,0,0,0,0,0,0,'COMPLETED','','2010-11-15 15:36:26'),(596,3,'LoanArrearsAndPortfolioAtRiskTask-step-1',568,'2010-11-15 15:36:26','2010-11-15 15:36:26','COMPLETED',1,0,0,0,0,0,0,0,'COMPLETED','','2010-11-15 15:36:26'),(597,3,'LoanArrearsAndPortfolioAtRiskTask-step-2',568,'2010-11-15 15:36:26','2010-11-15 15:36:26','COMPLETED',1,0,0,0,0,0,0,0,'COMPLETED','','2010-11-15 15:36:26'),(598,3,'LoanArrearsAndPortfolioAtRiskTask-step-1',569,'2010-11-15 15:36:26','2010-11-15 15:36:26','COMPLETED',1,0,0,0,0,0,0,0,'COMPLETED','','2010-11-15 15:36:26'),(599,3,'LoanArrearsAndPortfolioAtRiskTask-step-2',569,'2010-11-15 15:36:26','2010-11-15 15:36:26','COMPLETED',1,0,0,0,0,0,0,0,'COMPLETED','','2010-11-15 15:36:26'),(600,3,'LoanArrearsAndPortfolioAtRiskTask-step-1',570,'2010-11-15 15:36:26','2010-11-15 15:36:26','COMPLETED',1,0,0,0,0,0,0,0,'COMPLETED','','2010-11-15 15:36:26'),(601,3,'LoanArrearsAndPortfolioAtRiskTask-step-2',570,'2010-11-15 15:36:26','2010-11-15 15:36:26','COMPLETED',1,0,0,0,0,0,0,0,'COMPLETED','','2010-11-15 15:36:26'),(602,3,'LoanArrearsAndPortfolioAtRiskTask-step-1',571,'2010-11-15 15:36:26','2010-11-15 15:36:26','COMPLETED',1,0,0,0,0,0,0,0,'COMPLETED','','2010-11-15 15:36:26'),(603,3,'LoanArrearsAndPortfolioAtRiskTask-step-2',571,'2010-11-15 15:36:26','2010-11-15 15:36:26','COMPLETED',1,0,0,0,0,0,0,0,'COMPLETED','','2010-11-15 15:36:26'),(604,3,'LoanArrearsAndPortfolioAtRiskTask-step-1',572,'2010-11-15 15:36:26','2010-11-15 15:36:26','COMPLETED',1,0,0,0,0,0,0,0,'COMPLETED','','2010-11-15 15:36:26'),(605,3,'LoanArrearsAndPortfolioAtRiskTask-step-2',572,'2010-11-15 15:36:26','2010-11-15 15:36:26','COMPLETED',1,0,0,0,0,0,0,0,'COMPLETED','','2010-11-15 15:36:26'),(606,3,'LoanArrearsAndPortfolioAtRiskTask-step-1',573,'2010-11-15 15:36:26','2010-11-15 15:36:26','COMPLETED',1,0,0,0,0,0,0,0,'COMPLETED','','2010-11-15 15:36:26'),(607,3,'LoanArrearsAndPortfolioAtRiskTask-step-2',573,'2010-11-15 15:36:26','2010-11-15 15:36:27','COMPLETED',1,0,0,0,0,0,0,0,'COMPLETED','','2010-11-15 15:36:27'),(608,3,'LoanArrearsAndPortfolioAtRiskTask-step-1',574,'2010-11-15 15:36:27','2010-11-15 15:36:27','COMPLETED',1,0,0,0,0,0,0,0,'COMPLETED','','2010-11-15 15:36:27'),(609,3,'LoanArrearsAndPortfolioAtRiskTask-step-2',574,'2010-11-15 15:36:27','2010-11-15 15:36:27','COMPLETED',1,0,0,0,0,0,0,0,'COMPLETED','','2010-11-15 15:36:27'),(610,3,'LoanArrearsAndPortfolioAtRiskTask-step-1',575,'2010-11-15 15:36:27','2010-11-15 15:36:27','COMPLETED',1,0,0,0,0,0,0,0,'COMPLETED','','2010-11-15 15:36:27'),(611,3,'LoanArrearsAndPortfolioAtRiskTask-step-2',575,'2010-11-15 15:36:27','2010-11-15 15:36:27','COMPLETED',1,0,0,0,0,0,0,0,'COMPLETED','','2010-11-15 15:36:27'),(612,3,'LoanArrearsAndPortfolioAtRiskTask-step-1',576,'2010-11-15 15:36:27','2010-11-15 15:36:27','COMPLETED',1,0,0,0,0,0,0,0,'COMPLETED','','2010-11-15 15:36:27'),(613,3,'LoanArrearsAndPortfolioAtRiskTask-step-2',576,'2010-11-15 15:36:27','2010-11-15 15:36:27','COMPLETED',1,0,0,0,0,0,0,0,'COMPLETED','','2010-11-15 15:36:27'),(614,3,'LoanArrearsAndPortfolioAtRiskTask-step-1',577,'2010-11-15 15:36:27','2010-11-15 15:36:27','COMPLETED',1,0,0,0,0,0,0,0,'COMPLETED','','2010-11-15 15:36:27'),(615,3,'LoanArrearsAndPortfolioAtRiskTask-step-2',577,'2010-11-15 15:36:27','2010-11-15 15:36:27','COMPLETED',1,0,0,0,0,0,0,0,'COMPLETED','','2010-11-15 15:36:27'),(616,3,'LoanArrearsAndPortfolioAtRiskTask-step-1',578,'2010-11-15 15:36:27','2010-11-15 15:36:27','COMPLETED',1,0,0,0,0,0,0,0,'COMPLETED','','2010-11-15 15:36:27'),(617,3,'LoanArrearsAndPortfolioAtRiskTask-step-2',578,'2010-11-15 15:36:27','2010-11-15 15:36:27','COMPLETED',1,0,0,0,0,0,0,0,'COMPLETED','','2010-11-15 15:36:27'),(618,3,'LoanArrearsAndPortfolioAtRiskTask-step-1',579,'2010-11-15 15:36:27','2010-11-15 15:36:27','COMPLETED',1,0,0,0,0,0,0,0,'COMPLETED','','2010-11-15 15:36:27'),(619,3,'LoanArrearsAndPortfolioAtRiskTask-step-2',579,'2010-11-15 15:36:27','2010-11-15 15:36:27','COMPLETED',1,0,0,0,0,0,0,0,'COMPLETED','','2010-11-15 15:36:27'),(620,3,'LoanArrearsAndPortfolioAtRiskTask-step-1',580,'2010-11-15 15:36:27','2010-11-15 15:36:27','COMPLETED',1,0,0,0,0,0,0,0,'COMPLETED','','2010-11-15 15:36:27'),(621,3,'LoanArrearsAndPortfolioAtRiskTask-step-2',580,'2010-11-15 15:36:27','2010-11-15 15:36:27','COMPLETED',1,0,0,0,0,0,0,0,'COMPLETED','','2010-11-15 15:36:27'),(622,3,'LoanArrearsAndPortfolioAtRiskTask-step-1',581,'2010-11-15 15:36:27','2010-11-15 15:36:27','COMPLETED',1,0,0,0,0,0,0,0,'COMPLETED','','2010-11-15 15:36:27'),(623,3,'LoanArrearsAndPortfolioAtRiskTask-step-2',581,'2010-11-15 15:36:27','2010-11-15 15:36:27','COMPLETED',1,0,0,0,0,0,0,0,'COMPLETED','','2010-11-15 15:36:27'),(624,3,'LoanArrearsAndPortfolioAtRiskTask-step-1',582,'2010-11-15 15:36:27','2010-11-15 15:36:27','COMPLETED',1,0,0,0,0,0,0,0,'COMPLETED','','2010-11-15 15:36:27'),(625,3,'LoanArrearsAndPortfolioAtRiskTask-step-2',582,'2010-11-15 15:36:27','2010-11-15 15:36:27','COMPLETED',1,0,0,0,0,0,0,0,'COMPLETED','','2010-11-15 15:36:27'),(626,3,'LoanArrearsAndPortfolioAtRiskTask-step-1',583,'2010-11-15 15:36:27','2010-11-15 15:36:27','COMPLETED',1,0,0,0,0,0,0,0,'COMPLETED','','2010-11-15 15:36:27'),(627,3,'LoanArrearsAndPortfolioAtRiskTask-step-2',583,'2010-11-15 15:36:27','2010-11-15 15:36:28','COMPLETED',1,0,0,0,0,0,0,0,'COMPLETED','','2010-11-15 15:36:28'),(628,3,'LoanArrearsAndPortfolioAtRiskTask-step-1',584,'2010-11-15 15:36:28','2010-11-15 15:36:28','COMPLETED',1,0,0,0,0,0,0,0,'COMPLETED','','2010-11-15 15:36:28'),(629,3,'LoanArrearsAndPortfolioAtRiskTask-step-2',584,'2010-11-15 15:36:28','2010-11-15 15:36:28','COMPLETED',1,0,0,0,0,0,0,0,'COMPLETED','','2010-11-15 15:36:28'),(630,3,'LoanArrearsAndPortfolioAtRiskTask-step-1',585,'2010-11-15 15:36:28','2010-11-15 15:36:28','COMPLETED',1,0,0,0,0,0,0,0,'COMPLETED','','2010-11-15 15:36:28'),(631,3,'LoanArrearsAndPortfolioAtRiskTask-step-2',585,'2010-11-15 15:36:28','2010-11-15 15:36:28','COMPLETED',1,0,0,0,0,0,0,0,'COMPLETED','','2010-11-15 15:36:28'),(632,3,'LoanArrearsAndPortfolioAtRiskTask-step-1',586,'2010-11-15 15:36:28','2010-11-15 15:36:28','COMPLETED',1,0,0,0,0,0,0,0,'COMPLETED','','2010-11-15 15:36:28'),(633,3,'LoanArrearsAndPortfolioAtRiskTask-step-2',586,'2010-11-15 15:36:28','2010-11-15 15:36:28','COMPLETED',1,0,0,0,0,0,0,0,'COMPLETED','','2010-11-15 15:36:28'),(634,3,'LoanArrearsAndPortfolioAtRiskTask-step-1',587,'2010-11-15 15:36:28','2010-11-15 15:36:28','COMPLETED',1,0,0,0,0,0,0,0,'COMPLETED','','2010-11-15 15:36:28'),(635,3,'LoanArrearsAndPortfolioAtRiskTask-step-2',587,'2010-11-15 15:36:28','2010-11-15 15:36:28','COMPLETED',1,0,0,0,0,0,0,0,'COMPLETED','','2010-11-15 15:36:28'),(636,3,'LoanArrearsAndPortfolioAtRiskTask-step-1',588,'2010-11-15 15:36:28','2010-11-15 15:36:28','COMPLETED',1,0,0,0,0,0,0,0,'COMPLETED','','2010-11-15 15:36:28'),(637,3,'LoanArrearsAndPortfolioAtRiskTask-step-2',588,'2010-11-15 15:36:28','2010-11-15 15:36:28','COMPLETED',1,0,0,0,0,0,0,0,'COMPLETED','','2010-11-15 15:36:28'),(638,3,'LoanArrearsAndPortfolioAtRiskTask-step-1',589,'2010-11-15 15:36:28','2010-11-15 15:36:28','COMPLETED',1,0,0,0,0,0,0,0,'COMPLETED','','2010-11-15 15:36:28'),(639,3,'LoanArrearsAndPortfolioAtRiskTask-step-2',589,'2010-11-15 15:36:28','2010-11-15 15:36:28','COMPLETED',1,0,0,0,0,0,0,0,'COMPLETED','','2010-11-15 15:36:28'),(640,3,'LoanArrearsAndPortfolioAtRiskTask-step-1',590,'2010-11-15 15:36:28','2010-11-15 15:36:28','COMPLETED',1,0,0,0,0,0,0,0,'COMPLETED','','2010-11-15 15:36:28'),(641,3,'LoanArrearsAndPortfolioAtRiskTask-step-2',590,'2010-11-15 15:36:28','2010-11-15 15:36:28','COMPLETED',1,0,0,0,0,0,0,0,'COMPLETED','','2010-11-15 15:36:28'),(642,3,'LoanArrearsAndPortfolioAtRiskTask-step-1',591,'2010-11-15 15:36:28','2010-11-15 15:36:28','COMPLETED',1,0,0,0,0,0,0,0,'COMPLETED','','2010-11-15 15:36:28'),(643,3,'LoanArrearsAndPortfolioAtRiskTask-step-2',591,'2010-11-15 15:36:28','2010-11-15 15:36:28','COMPLETED',1,0,0,0,0,0,0,0,'COMPLETED','','2010-11-15 15:36:28'),(644,3,'LoanArrearsAndPortfolioAtRiskTask-step-1',592,'2010-11-15 15:36:28','2010-11-15 15:36:28','COMPLETED',1,0,0,0,0,0,0,0,'COMPLETED','','2010-11-15 15:36:28'),(645,3,'LoanArrearsAndPortfolioAtRiskTask-step-2',592,'2010-11-15 15:36:28','2010-11-15 15:36:29','COMPLETED',1,0,0,0,0,0,0,0,'COMPLETED','','2010-11-15 15:36:29'),(646,3,'LoanArrearsAndPortfolioAtRiskTask-step-1',593,'2010-11-15 15:36:29','2010-11-15 15:36:29','COMPLETED',1,0,0,0,0,0,0,0,'COMPLETED','','2010-11-15 15:36:29'),(647,3,'LoanArrearsAndPortfolioAtRiskTask-step-2',593,'2010-11-15 15:36:29','2010-11-15 15:36:29','COMPLETED',1,0,0,0,0,0,0,0,'COMPLETED','','2010-11-15 15:36:29'),(648,3,'LoanArrearsAndPortfolioAtRiskTask-step-1',594,'2010-11-15 15:36:29','2010-11-15 15:36:29','COMPLETED',1,0,0,0,0,0,0,0,'COMPLETED','','2010-11-15 15:36:29'),(649,3,'LoanArrearsAndPortfolioAtRiskTask-step-2',594,'2010-11-15 15:36:29','2010-11-15 15:36:29','COMPLETED',1,0,0,0,0,0,0,0,'COMPLETED','','2010-11-15 15:36:29'),(650,3,'LoanArrearsAndPortfolioAtRiskTask-step-1',595,'2010-11-15 15:36:29','2010-11-15 15:36:29','COMPLETED',1,0,0,0,0,0,0,0,'COMPLETED','','2010-11-15 15:36:29'),(651,3,'LoanArrearsAndPortfolioAtRiskTask-step-2',595,'2010-11-15 15:36:29','2010-11-15 15:36:29','COMPLETED',1,0,0,0,0,0,0,0,'COMPLETED','','2010-11-15 15:36:29'),(652,3,'LoanArrearsAndPortfolioAtRiskTask-step-1',596,'2010-11-15 15:36:29','2010-11-15 15:36:29','COMPLETED',1,0,0,0,0,0,0,0,'COMPLETED','','2010-11-15 15:36:29'),(653,3,'LoanArrearsAndPortfolioAtRiskTask-step-2',596,'2010-11-15 15:36:29','2010-11-15 15:36:29','COMPLETED',1,0,0,0,0,0,0,0,'COMPLETED','','2010-11-15 15:36:29'),(654,3,'LoanArrearsAndPortfolioAtRiskTask-step-1',597,'2010-11-15 15:36:29','2010-11-15 15:36:29','COMPLETED',1,0,0,0,0,0,0,0,'COMPLETED','','2010-11-15 15:36:29'),(655,3,'LoanArrearsAndPortfolioAtRiskTask-step-2',597,'2010-11-15 15:36:29','2010-11-15 15:36:29','COMPLETED',1,0,0,0,0,0,0,0,'COMPLETED','','2010-11-15 15:36:29'),(656,3,'LoanArrearsAndPortfolioAtRiskTask-step-1',598,'2010-11-15 15:36:29','2010-11-15 15:36:29','COMPLETED',1,0,0,0,0,0,0,0,'COMPLETED','','2010-11-15 15:36:29'),(657,3,'LoanArrearsAndPortfolioAtRiskTask-step-2',598,'2010-11-15 15:36:29','2010-11-15 15:36:29','COMPLETED',1,0,0,0,0,0,0,0,'COMPLETED','','2010-11-15 15:36:29'),(658,3,'LoanArrearsAndPortfolioAtRiskTask-step-1',599,'2010-11-15 15:36:29','2010-11-15 15:36:29','COMPLETED',1,0,0,0,0,0,0,0,'COMPLETED','','2010-11-15 15:36:29'),(659,3,'LoanArrearsAndPortfolioAtRiskTask-step-2',599,'2010-11-15 15:36:29','2010-11-15 15:36:29','COMPLETED',1,0,0,0,0,0,0,0,'COMPLETED','','2010-11-15 15:36:29'),(660,3,'LoanArrearsAndPortfolioAtRiskTask-step-1',600,'2010-11-15 15:36:29','2010-11-15 15:36:29','COMPLETED',1,0,0,0,0,0,0,0,'COMPLETED','','2010-11-15 15:36:29'),(661,3,'LoanArrearsAndPortfolioAtRiskTask-step-2',600,'2010-11-15 15:36:29','2010-11-15 15:36:29','COMPLETED',1,0,0,0,0,0,0,0,'COMPLETED','','2010-11-15 15:36:29'),(662,3,'LoanArrearsAndPortfolioAtRiskTask-step-1',601,'2010-11-15 15:36:29','2010-11-15 15:36:29','COMPLETED',1,0,0,0,0,0,0,0,'COMPLETED','','2010-11-15 15:36:29'),(663,3,'LoanArrearsAndPortfolioAtRiskTask-step-2',601,'2010-11-15 15:36:29','2010-11-15 15:36:30','COMPLETED',1,0,0,0,0,0,0,0,'COMPLETED','','2010-11-15 15:36:30'),(664,3,'LoanArrearsAndPortfolioAtRiskTask-step-1',602,'2010-11-15 15:36:30','2010-11-15 15:36:30','COMPLETED',1,0,0,0,0,0,0,0,'COMPLETED','','2010-11-15 15:36:30'),(665,3,'LoanArrearsAndPortfolioAtRiskTask-step-2',602,'2010-11-15 15:36:30','2010-11-15 15:36:30','COMPLETED',1,0,0,0,0,0,0,0,'COMPLETED','','2010-11-15 15:36:30'),(666,3,'LoanArrearsAndPortfolioAtRiskTask-step-1',603,'2010-11-15 15:36:30','2010-11-15 15:36:30','COMPLETED',1,0,0,0,0,0,0,0,'COMPLETED','','2010-11-15 15:36:30'),(667,3,'LoanArrearsAndPortfolioAtRiskTask-step-2',603,'2010-11-15 15:36:30','2010-11-15 15:36:30','COMPLETED',1,0,0,0,0,0,0,0,'COMPLETED','','2010-11-15 15:36:30'),(668,3,'LoanArrearsAndPortfolioAtRiskTask-step-1',604,'2010-11-15 15:36:30','2010-11-15 15:36:30','COMPLETED',1,0,0,0,0,0,0,0,'COMPLETED','','2010-11-15 15:36:30'),(669,3,'LoanArrearsAndPortfolioAtRiskTask-step-2',604,'2010-11-15 15:36:30','2010-11-15 15:36:30','COMPLETED',1,0,0,0,0,0,0,0,'COMPLETED','','2010-11-15 15:36:30'),(670,3,'LoanArrearsAndPortfolioAtRiskTask-step-1',605,'2010-11-15 15:36:30','2010-11-15 15:36:30','COMPLETED',1,0,0,0,0,0,0,0,'COMPLETED','','2010-11-15 15:36:30'),(671,3,'LoanArrearsAndPortfolioAtRiskTask-step-2',605,'2010-11-15 15:36:30','2010-11-15 15:36:30','COMPLETED',1,0,0,0,0,0,0,0,'COMPLETED','','2010-11-15 15:36:30'),(672,3,'LoanArrearsAndPortfolioAtRiskTask-step-1',606,'2010-11-15 15:36:30','2010-11-15 15:36:30','COMPLETED',1,0,0,0,0,0,0,0,'COMPLETED','','2010-11-15 15:36:30'),(673,3,'LoanArrearsAndPortfolioAtRiskTask-step-2',606,'2010-11-15 15:36:30','2010-11-15 15:36:30','COMPLETED',1,0,0,0,0,0,0,0,'COMPLETED','','2010-11-15 15:36:30'),(674,3,'LoanArrearsAndPortfolioAtRiskTask-step-1',607,'2010-11-15 15:36:30','2010-11-15 15:36:30','COMPLETED',1,0,0,0,0,0,0,0,'COMPLETED','','2010-11-15 15:36:30'),(675,3,'LoanArrearsAndPortfolioAtRiskTask-step-2',607,'2010-11-15 15:36:30','2010-11-15 15:36:30','COMPLETED',1,0,0,0,0,0,0,0,'COMPLETED','','2010-11-15 15:36:30'),(676,3,'LoanArrearsAndPortfolioAtRiskTask-step-1',608,'2010-11-15 15:36:30','2010-11-15 15:36:30','COMPLETED',1,0,0,0,0,0,0,0,'COMPLETED','','2010-11-15 15:36:30'),(677,3,'LoanArrearsAndPortfolioAtRiskTask-step-2',608,'2010-11-15 15:36:30','2010-11-15 15:36:30','COMPLETED',1,0,0,0,0,0,0,0,'COMPLETED','','2010-11-15 15:36:30'),(678,3,'LoanArrearsAndPortfolioAtRiskTask-step-1',609,'2010-11-15 15:36:30','2010-11-15 15:36:30','COMPLETED',1,0,0,0,0,0,0,0,'COMPLETED','','2010-11-15 15:36:30'),(679,3,'LoanArrearsAndPortfolioAtRiskTask-step-2',609,'2010-11-15 15:36:30','2010-11-15 15:36:30','COMPLETED',1,0,0,0,0,0,0,0,'COMPLETED','','2010-11-15 15:36:30'),(680,3,'LoanArrearsAndPortfolioAtRiskTask-step-1',610,'2010-11-15 15:36:30','2010-11-15 15:36:30','COMPLETED',1,0,0,0,0,0,0,0,'COMPLETED','','2010-11-15 15:36:30'),(681,3,'LoanArrearsAndPortfolioAtRiskTask-step-2',610,'2010-11-15 15:36:30','2010-11-15 15:36:30','COMPLETED',1,0,0,0,0,0,0,0,'COMPLETED','','2010-11-15 15:36:30'),(682,3,'LoanArrearsAndPortfolioAtRiskTask-step-1',611,'2010-11-15 15:36:30','2010-11-15 15:36:30','COMPLETED',1,0,0,0,0,0,0,0,'COMPLETED','','2010-11-15 15:36:30'),(683,3,'LoanArrearsAndPortfolioAtRiskTask-step-2',611,'2010-11-15 15:36:30','2010-11-15 15:36:31','COMPLETED',1,0,0,0,0,0,0,0,'COMPLETED','','2010-11-15 15:36:31'),(684,3,'LoanArrearsAndPortfolioAtRiskTask-step-1',612,'2010-11-15 15:36:31','2010-11-15 15:36:31','COMPLETED',1,0,0,0,0,0,0,0,'COMPLETED','','2010-11-15 15:36:31'),(685,3,'LoanArrearsAndPortfolioAtRiskTask-step-2',612,'2010-11-15 15:36:31','2010-11-15 15:36:31','COMPLETED',1,0,0,0,0,0,0,0,'COMPLETED','','2010-11-15 15:36:31'),(686,3,'LoanArrearsAndPortfolioAtRiskTask-step-1',613,'2010-11-15 15:36:31','2010-11-15 15:36:31','COMPLETED',1,0,0,0,0,0,0,0,'COMPLETED','','2010-11-15 15:36:31'),(687,3,'LoanArrearsAndPortfolioAtRiskTask-step-2',613,'2010-11-15 15:36:31','2010-11-15 15:36:31','COMPLETED',1,0,0,0,0,0,0,0,'COMPLETED','','2010-11-15 15:36:31'),(688,3,'LoanArrearsAndPortfolioAtRiskTask-step-1',614,'2010-11-15 15:36:31','2010-11-15 15:36:31','COMPLETED',1,0,0,0,0,0,0,0,'COMPLETED','','2010-11-15 15:36:31'),(689,3,'LoanArrearsAndPortfolioAtRiskTask-step-2',614,'2010-11-15 15:36:31','2010-11-15 15:36:31','COMPLETED',1,0,0,0,0,0,0,0,'COMPLETED','','2010-11-15 15:36:31'),(690,3,'LoanArrearsAndPortfolioAtRiskTask-step-1',615,'2010-11-15 15:36:31','2010-11-15 15:36:31','COMPLETED',1,0,0,0,0,0,0,0,'COMPLETED','','2010-11-15 15:36:31'),(691,3,'LoanArrearsAndPortfolioAtRiskTask-step-2',615,'2010-11-15 15:36:31','2010-11-15 15:36:31','COMPLETED',1,0,0,0,0,0,0,0,'COMPLETED','','2010-11-15 15:36:31'),(692,3,'LoanArrearsAndPortfolioAtRiskTask-step-1',616,'2010-11-15 15:36:31','2010-11-15 15:36:31','COMPLETED',1,0,0,0,0,0,0,0,'COMPLETED','','2010-11-15 15:36:31'),(693,3,'LoanArrearsAndPortfolioAtRiskTask-step-2',616,'2010-11-15 15:36:31','2010-11-15 15:36:31','COMPLETED',1,0,0,0,0,0,0,0,'COMPLETED','','2010-11-15 15:36:31'),(694,3,'LoanArrearsAndPortfolioAtRiskTask-step-1',617,'2010-11-15 15:36:31','2010-11-15 15:36:31','COMPLETED',1,0,0,0,0,0,0,0,'COMPLETED','','2010-11-15 15:36:31'),(695,3,'LoanArrearsAndPortfolioAtRiskTask-step-2',617,'2010-11-15 15:36:31','2010-11-15 15:36:31','COMPLETED',1,0,0,0,0,0,0,0,'COMPLETED','','2010-11-15 15:36:31'),(696,3,'LoanArrearsAndPortfolioAtRiskTask-step-1',618,'2010-11-15 15:36:31','2010-11-15 15:36:31','COMPLETED',1,0,0,0,0,0,0,0,'COMPLETED','','2010-11-15 15:36:31'),(697,3,'LoanArrearsAndPortfolioAtRiskTask-step-2',618,'2010-11-15 15:36:31','2010-11-15 15:36:31','COMPLETED',1,0,0,0,0,0,0,0,'COMPLETED','','2010-11-15 15:36:31'),(698,3,'LoanArrearsAndPortfolioAtRiskTask-step-1',619,'2010-11-15 15:36:31','2010-11-15 15:36:31','COMPLETED',1,0,0,0,0,0,0,0,'COMPLETED','','2010-11-15 15:36:31'),(699,3,'LoanArrearsAndPortfolioAtRiskTask-step-2',619,'2010-11-15 15:36:31','2010-11-15 15:36:31','COMPLETED',1,0,0,0,0,0,0,0,'COMPLETED','','2010-11-15 15:36:31'),(700,3,'LoanArrearsAndPortfolioAtRiskTask-step-1',620,'2010-11-15 15:36:31','2010-11-15 15:36:31','COMPLETED',1,0,0,0,0,0,0,0,'COMPLETED','','2010-11-15 15:36:31'),(701,3,'LoanArrearsAndPortfolioAtRiskTask-step-2',620,'2010-11-15 15:36:31','2010-11-15 15:36:32','COMPLETED',1,0,0,0,0,0,0,0,'COMPLETED','','2010-11-15 15:36:32'),(702,3,'LoanArrearsAndPortfolioAtRiskTask-step-1',621,'2010-11-15 15:36:32','2010-11-15 15:36:32','COMPLETED',1,0,0,0,0,0,0,0,'COMPLETED','','2010-11-15 15:36:32'),(703,3,'LoanArrearsAndPortfolioAtRiskTask-step-2',621,'2010-11-15 15:36:32','2010-11-15 15:36:32','COMPLETED',1,0,0,0,0,0,0,0,'COMPLETED','','2010-11-15 15:36:32'),(704,3,'LoanArrearsAndPortfolioAtRiskTask-step-1',622,'2010-11-15 15:36:32','2010-11-15 15:36:32','COMPLETED',1,0,0,0,0,0,0,0,'COMPLETED','','2010-11-15 15:36:32'),(705,3,'LoanArrearsAndPortfolioAtRiskTask-step-2',622,'2010-11-15 15:36:32','2010-11-15 15:36:32','COMPLETED',1,0,0,0,0,0,0,0,'COMPLETED','','2010-11-15 15:36:32'),(706,3,'LoanArrearsAndPortfolioAtRiskTask-step-1',623,'2010-11-15 15:36:32','2010-11-15 15:36:32','COMPLETED',1,0,0,0,0,0,0,0,'COMPLETED','','2010-11-15 15:36:32'),(707,3,'LoanArrearsAndPortfolioAtRiskTask-step-2',623,'2010-11-15 15:36:32','2010-11-15 15:36:32','COMPLETED',1,0,0,0,0,0,0,0,'COMPLETED','','2010-11-15 15:36:32'),(708,3,'LoanArrearsAndPortfolioAtRiskTask-step-1',624,'2010-11-15 15:36:32','2010-11-15 15:36:32','COMPLETED',1,0,0,0,0,0,0,0,'COMPLETED','','2010-11-15 15:36:32'),(709,3,'LoanArrearsAndPortfolioAtRiskTask-step-2',624,'2010-11-15 15:36:32','2010-11-15 15:36:32','COMPLETED',1,0,0,0,0,0,0,0,'COMPLETED','','2010-11-15 15:36:32'),(710,3,'LoanArrearsAndPortfolioAtRiskTask-step-1',625,'2010-11-15 15:36:32','2010-11-15 15:36:32','COMPLETED',1,0,0,0,0,0,0,0,'COMPLETED','','2010-11-15 15:36:32'),(711,3,'LoanArrearsAndPortfolioAtRiskTask-step-2',625,'2010-11-15 15:36:32','2010-11-15 15:36:32','COMPLETED',1,0,0,0,0,0,0,0,'COMPLETED','','2010-11-15 15:36:32'),(712,3,'LoanArrearsAndPortfolioAtRiskTask-step-1',626,'2010-11-15 15:36:32','2010-11-15 15:36:32','COMPLETED',1,0,0,0,0,0,0,0,'COMPLETED','','2010-11-15 15:36:32'),(713,3,'LoanArrearsAndPortfolioAtRiskTask-step-2',626,'2010-11-15 15:36:32','2010-11-15 15:36:32','COMPLETED',1,0,0,0,0,0,0,0,'COMPLETED','','2010-11-15 15:36:32'),(714,3,'LoanArrearsAndPortfolioAtRiskTask-step-1',627,'2010-11-15 15:36:32','2010-11-15 15:36:32','COMPLETED',1,0,0,0,0,0,0,0,'COMPLETED','','2010-11-15 15:36:32'),(715,3,'LoanArrearsAndPortfolioAtRiskTask-step-2',627,'2010-11-15 15:36:32','2010-11-15 15:36:32','COMPLETED',1,0,0,0,0,0,0,0,'COMPLETED','','2010-11-15 15:36:32'),(716,3,'LoanArrearsAndPortfolioAtRiskTask-step-1',628,'2010-11-15 15:36:32','2010-11-15 15:36:32','COMPLETED',1,0,0,0,0,0,0,0,'COMPLETED','','2010-11-15 15:36:32'),(717,3,'LoanArrearsAndPortfolioAtRiskTask-step-2',628,'2010-11-15 15:36:32','2010-11-15 15:36:32','COMPLETED',1,0,0,0,0,0,0,0,'COMPLETED','','2010-11-15 15:36:32'),(718,3,'LoanArrearsAndPortfolioAtRiskTask-step-1',629,'2010-11-15 15:36:32','2010-11-15 15:36:32','COMPLETED',1,0,0,0,0,0,0,0,'COMPLETED','','2010-11-15 15:36:32'),(719,3,'LoanArrearsAndPortfolioAtRiskTask-step-2',629,'2010-11-15 15:36:33','2010-11-15 15:36:33','COMPLETED',1,0,0,0,0,0,0,0,'COMPLETED','','2010-11-15 15:36:33'),(720,3,'LoanArrearsAndPortfolioAtRiskTask-step-1',630,'2010-11-15 15:36:33','2010-11-15 15:36:33','COMPLETED',1,0,0,0,0,0,0,0,'COMPLETED','','2010-11-15 15:36:33'),(721,3,'LoanArrearsAndPortfolioAtRiskTask-step-2',630,'2010-11-15 15:36:33','2010-11-15 15:36:33','COMPLETED',1,0,0,0,0,0,0,0,'COMPLETED','','2010-11-15 15:36:33'),(722,3,'LoanArrearsAndPortfolioAtRiskTask-step-1',631,'2010-11-15 15:36:33','2010-11-15 15:36:33','COMPLETED',1,0,0,0,0,0,0,0,'COMPLETED','','2010-11-15 15:36:33'),(723,3,'LoanArrearsAndPortfolioAtRiskTask-step-2',631,'2010-11-15 15:36:33','2010-11-15 15:36:33','COMPLETED',1,0,0,0,0,0,0,0,'COMPLETED','','2010-11-15 15:36:33'),(724,3,'ProductStatus-step-1',632,'2010-11-15 15:36:33','2010-11-15 15:36:33','COMPLETED',1,0,0,0,0,0,0,0,'COMPLETED','','2010-11-15 15:36:33'),(725,3,'ProductStatus-step-1',633,'2010-11-15 15:36:33','2010-11-15 15:36:34','COMPLETED',1,0,0,0,0,0,0,0,'COMPLETED','','2010-11-15 15:36:34'),(726,3,'ProductStatus-step-1',634,'2010-11-15 15:36:34','2010-11-15 15:36:34','COMPLETED',1,0,0,0,0,0,0,0,'COMPLETED','','2010-11-15 15:36:34'),(727,3,'ProductStatus-step-1',635,'2010-11-15 15:36:34','2010-11-15 15:36:34','COMPLETED',1,0,0,0,0,0,0,0,'COMPLETED','','2010-11-15 15:36:34'),(728,3,'ProductStatus-step-1',636,'2010-11-15 15:36:34','2010-11-15 15:36:35','COMPLETED',1,0,0,0,0,0,0,0,'COMPLETED','','2010-11-15 15:36:35'),(729,3,'ProductStatus-step-1',637,'2010-11-15 15:36:35','2010-11-15 15:36:35','COMPLETED',1,0,0,0,0,0,0,0,'COMPLETED','','2010-11-15 15:36:35'),(730,3,'ProductStatus-step-1',638,'2010-11-15 15:36:35','2010-11-15 15:36:36','COMPLETED',1,0,0,0,0,0,0,0,'COMPLETED','','2010-11-15 15:36:36'),(731,3,'ProductStatus-step-1',639,'2010-11-15 15:36:36','2010-11-15 15:36:37','COMPLETED',1,0,0,0,0,0,0,0,'COMPLETED','','2010-11-15 15:36:37'),(732,3,'ProductStatus-step-1',640,'2010-11-15 15:36:37','2010-11-15 15:36:37','COMPLETED',1,0,0,0,0,0,0,0,'COMPLETED','','2010-11-15 15:36:37'),(733,3,'ProductStatus-step-1',641,'2010-11-15 15:36:37','2010-11-15 15:36:37','COMPLETED',1,0,0,0,0,0,0,0,'COMPLETED','','2010-11-15 15:36:37'),(734,3,'ProductStatus-step-1',642,'2010-11-15 15:36:37','2010-11-15 15:36:38','COMPLETED',1,0,0,0,0,0,0,0,'COMPLETED','','2010-11-15 15:36:38'),(735,3,'ProductStatus-step-1',643,'2010-11-15 15:36:38','2010-11-15 15:36:38','COMPLETED',1,0,0,0,0,0,0,0,'COMPLETED','','2010-11-15 15:36:38'),(736,3,'ProductStatus-step-1',644,'2010-11-15 15:36:38','2010-11-15 15:36:38','COMPLETED',1,0,0,0,0,0,0,0,'COMPLETED','','2010-11-15 15:36:38'),(737,3,'ProductStatus-step-1',645,'2010-11-15 15:36:38','2010-11-15 15:36:39','COMPLETED',1,0,0,0,0,0,0,0,'COMPLETED','','2010-11-15 15:36:39'),(738,3,'ProductStatus-step-1',646,'2010-11-15 15:36:39','2010-11-15 15:36:39','COMPLETED',1,0,0,0,0,0,0,0,'COMPLETED','','2010-11-15 15:36:39'),(739,3,'ProductStatus-step-1',647,'2010-11-15 15:36:39','2010-11-15 15:36:40','COMPLETED',1,0,0,0,0,0,0,0,'COMPLETED','','2010-11-15 15:36:40'),(740,3,'ProductStatus-step-1',648,'2010-11-15 15:36:40','2010-11-15 15:36:40','COMPLETED',1,0,0,0,0,0,0,0,'COMPLETED','','2010-11-15 15:36:40'),(741,3,'ProductStatus-step-1',649,'2010-11-15 15:36:40','2010-11-15 15:36:40','COMPLETED',1,0,0,0,0,0,0,0,'COMPLETED','','2010-11-15 15:36:40'),(742,3,'ProductStatus-step-1',650,'2010-11-15 15:36:40','2010-11-15 15:36:41','COMPLETED',1,0,0,0,0,0,0,0,'COMPLETED','','2010-11-15 15:36:41'),(743,3,'ProductStatus-step-1',651,'2010-11-15 15:36:41','2010-11-15 15:36:41','COMPLETED',1,0,0,0,0,0,0,0,'COMPLETED','','2010-11-15 15:36:41'),(744,3,'ProductStatus-step-1',652,'2010-11-15 15:36:41','2010-11-15 15:36:41','COMPLETED',1,0,0,0,0,0,0,0,'COMPLETED','','2010-11-15 15:36:41'),(745,3,'ProductStatus-step-1',653,'2010-11-15 15:36:41','2010-11-15 15:36:42','COMPLETED',1,0,0,0,0,0,0,0,'COMPLETED','','2010-11-15 15:36:42'),(746,3,'ProductStatus-step-1',654,'2010-11-15 15:36:42','2010-11-15 15:36:42','COMPLETED',1,0,0,0,0,0,0,0,'COMPLETED','','2010-11-15 15:36:42'),(747,3,'ProductStatus-step-1',655,'2010-11-15 15:36:42','2010-11-15 15:36:43','COMPLETED',1,0,0,0,0,0,0,0,'COMPLETED','','2010-11-15 15:36:43'),(748,3,'ProductStatus-step-1',656,'2010-11-15 15:36:43','2010-11-15 15:36:43','COMPLETED',1,0,0,0,0,0,0,0,'COMPLETED','','2010-11-15 15:36:43'),(749,3,'ProductStatus-step-1',657,'2010-11-15 15:36:43','2010-11-15 15:36:43','COMPLETED',1,0,0,0,0,0,0,0,'COMPLETED','','2010-11-15 15:36:43'),(750,3,'ProductStatus-step-1',658,'2010-11-15 15:36:43','2010-11-15 15:36:44','COMPLETED',1,0,0,0,0,0,0,0,'COMPLETED','','2010-11-15 15:36:44'),(751,3,'ProductStatus-step-1',659,'2010-11-15 15:36:44','2010-11-15 15:36:44','COMPLETED',1,0,0,0,0,0,0,0,'COMPLETED','','2010-11-15 15:36:44'),(752,3,'ProductStatus-step-1',660,'2010-11-15 15:36:44','2010-11-15 15:36:44','COMPLETED',1,0,0,0,0,0,0,0,'COMPLETED','','2010-11-15 15:36:44'),(753,3,'ProductStatus-step-1',661,'2010-11-15 15:36:44','2010-11-15 15:36:45','COMPLETED',1,0,0,0,0,0,0,0,'COMPLETED','','2010-11-15 15:36:45'),(754,3,'ProductStatus-step-1',662,'2010-11-15 15:36:45','2010-11-15 15:36:45','COMPLETED',1,0,0,0,0,0,0,0,'COMPLETED','','2010-11-15 15:36:45'),(755,3,'ProductStatus-step-1',663,'2010-11-15 15:36:45','2010-11-15 15:36:45','COMPLETED',1,0,0,0,0,0,0,0,'COMPLETED','','2010-11-15 15:36:45'),(756,3,'ProductStatus-step-1',664,'2010-11-15 15:36:45','2010-11-15 15:36:46','COMPLETED',1,0,0,0,0,0,0,0,'COMPLETED','','2010-11-15 15:36:46'),(757,3,'ProductStatus-step-1',665,'2010-11-15 15:36:46','2010-11-15 15:36:46','COMPLETED',1,0,0,0,0,0,0,0,'COMPLETED','','2010-11-15 15:36:46'),(758,3,'ProductStatus-step-1',666,'2010-11-15 15:36:46','2010-11-15 15:36:47','COMPLETED',1,0,0,0,0,0,0,0,'COMPLETED','','2010-11-15 15:36:47'),(759,3,'ProductStatus-step-1',667,'2010-11-15 15:36:47','2010-11-15 15:36:47','COMPLETED',1,0,0,0,0,0,0,0,'COMPLETED','','2010-11-15 15:36:47'),(760,3,'ProductStatus-step-1',668,'2010-11-15 15:36:47','2010-11-15 15:36:48','COMPLETED',1,0,0,0,0,0,0,0,'COMPLETED','','2010-11-15 15:36:48'),(761,3,'ProductStatus-step-1',669,'2010-11-15 15:36:48','2010-11-15 15:36:49','COMPLETED',1,0,0,0,0,0,0,0,'COMPLETED','','2010-11-15 15:36:49'),(762,3,'ProductStatus-step-1',670,'2010-11-15 15:36:49','2010-11-15 15:36:49','COMPLETED',1,0,0,0,0,0,0,0,'COMPLETED','','2010-11-15 15:36:49'),(763,3,'ProductStatus-step-1',671,'2010-11-15 15:36:49','2010-11-15 15:36:50','COMPLETED',1,0,0,0,0,0,0,0,'COMPLETED','','2010-11-15 15:36:50'),(764,3,'ProductStatus-step-1',672,'2010-11-15 15:36:50','2010-11-15 15:36:50','COMPLETED',1,0,0,0,0,0,0,0,'COMPLETED','','2010-11-15 15:36:50'),(765,3,'ProductStatus-step-1',673,'2010-11-15 15:36:50','2010-11-15 15:36:51','COMPLETED',1,0,0,0,0,0,0,0,'COMPLETED','','2010-11-15 15:36:51'),(766,3,'ProductStatus-step-1',674,'2010-11-15 15:36:51','2010-11-15 15:36:52','COMPLETED',1,0,0,0,0,0,0,0,'COMPLETED','','2010-11-15 15:36:52'),(767,3,'ProductStatus-step-1',675,'2010-11-15 15:36:52','2010-11-15 15:36:53','COMPLETED',1,0,0,0,0,0,0,0,'COMPLETED','','2010-11-15 15:36:53'),(768,3,'ProductStatus-step-1',676,'2010-11-15 15:36:53','2010-11-15 15:36:54','COMPLETED',1,0,0,0,0,0,0,0,'COMPLETED','','2010-11-15 15:36:54'),(769,3,'ProductStatus-step-1',677,'2010-11-15 15:36:54','2010-11-15 15:36:55','COMPLETED',1,0,0,0,0,0,0,0,'COMPLETED','','2010-11-15 15:36:55'),(770,3,'ProductStatus-step-1',678,'2010-11-15 15:36:55','2010-11-15 15:36:55','COMPLETED',1,0,0,0,0,0,0,0,'COMPLETED','','2010-11-15 15:36:55'),(771,3,'ProductStatus-step-1',679,'2010-11-15 15:36:55','2010-11-15 15:36:56','COMPLETED',1,0,0,0,0,0,0,0,'COMPLETED','','2010-11-15 15:36:56'),(772,3,'ProductStatus-step-1',680,'2010-11-15 15:36:56','2010-11-15 15:36:56','COMPLETED',1,0,0,0,0,0,0,0,'COMPLETED','','2010-11-15 15:36:56'),(773,3,'ProductStatus-step-1',681,'2010-11-15 15:36:56','2010-11-15 15:36:57','COMPLETED',1,0,0,0,0,0,0,0,'COMPLETED','','2010-11-15 15:36:57'),(774,3,'ProductStatus-step-1',682,'2010-11-15 15:36:57','2010-11-15 15:36:57','COMPLETED',1,0,0,0,0,0,0,0,'COMPLETED','','2010-11-15 15:36:57'),(775,3,'ProductStatus-step-1',683,'2010-11-15 15:36:57','2010-11-15 15:36:57','COMPLETED',1,0,0,0,0,0,0,0,'COMPLETED','','2010-11-15 15:36:57'),(776,3,'ProductStatus-step-1',684,'2010-11-15 15:36:57','2010-11-15 15:36:58','COMPLETED',1,0,0,0,0,0,0,0,'COMPLETED','','2010-11-15 15:36:58'),(777,3,'ProductStatus-step-1',685,'2010-11-15 15:36:58','2010-11-15 15:36:59','COMPLETED',1,0,0,0,0,0,0,0,'COMPLETED','','2010-11-15 15:36:59'),(778,3,'ProductStatus-step-1',686,'2010-11-15 15:36:59','2010-11-15 15:37:00','COMPLETED',1,0,0,0,0,0,0,0,'COMPLETED','','2010-11-15 15:37:00'),(779,3,'ProductStatus-step-1',687,'2010-11-15 15:37:00','2010-11-15 15:37:00','COMPLETED',1,0,0,0,0,0,0,0,'COMPLETED','','2010-11-15 15:37:00'),(780,3,'ProductStatus-step-1',688,'2010-11-15 15:37:00','2010-11-15 15:37:01','COMPLETED',1,0,0,0,0,0,0,0,'COMPLETED','','2010-11-15 15:37:01'),(781,3,'ProductStatus-step-1',689,'2010-11-15 15:37:01','2010-11-15 15:37:02','COMPLETED',1,0,0,0,0,0,0,0,'COMPLETED','','2010-11-15 15:37:02'),(782,3,'ProductStatus-step-1',690,'2010-11-15 15:37:02','2010-11-15 15:37:02','COMPLETED',1,0,0,0,0,0,0,0,'COMPLETED','','2010-11-15 15:37:02'),(783,3,'ProductStatus-step-1',691,'2010-11-15 15:37:02','2010-11-15 15:37:03','COMPLETED',1,0,0,0,0,0,0,0,'COMPLETED','','2010-11-15 15:37:03'),(784,3,'ProductStatus-step-1',692,'2010-11-15 15:37:03','2010-11-15 15:37:03','COMPLETED',1,0,0,0,0,0,0,0,'COMPLETED','','2010-11-15 15:37:03'),(785,3,'ProductStatus-step-1',693,'2010-11-15 15:37:03','2010-11-15 15:37:04','COMPLETED',1,0,0,0,0,0,0,0,'COMPLETED','','2010-11-15 15:37:04'),(786,3,'ProductStatus-step-1',694,'2010-11-15 15:37:04','2010-11-15 15:37:04','COMPLETED',1,0,0,0,0,0,0,0,'COMPLETED','','2010-11-15 15:37:04'),(787,3,'ProductStatus-step-1',695,'2010-11-15 15:37:04','2010-11-15 15:37:05','COMPLETED',1,0,0,0,0,0,0,0,'COMPLETED','','2010-11-15 15:37:05'),(788,3,'ProductStatus-step-1',696,'2010-11-15 15:37:05','2010-11-15 15:37:05','COMPLETED',1,0,0,0,0,0,0,0,'COMPLETED','','2010-11-15 15:37:05'),(789,3,'ProductStatus-step-1',697,'2010-11-15 15:37:05','2010-11-15 15:37:06','COMPLETED',1,0,0,0,0,0,0,0,'COMPLETED','','2010-11-15 15:37:06'),(790,3,'ProductStatus-step-1',698,'2010-11-15 15:37:06','2010-11-15 15:37:06','COMPLETED',1,0,0,0,0,0,0,0,'COMPLETED','','2010-11-15 15:37:06'),(791,3,'ProductStatus-step-1',699,'2010-11-15 15:37:06','2010-11-15 15:37:06','COMPLETED',1,0,0,0,0,0,0,0,'COMPLETED','','2010-11-15 15:37:06'),(792,3,'ProductStatus-step-1',700,'2010-11-15 15:37:06','2010-11-15 15:37:07','COMPLETED',1,0,0,0,0,0,0,0,'COMPLETED','','2010-11-15 15:37:07'),(793,3,'ProductStatus-step-1',701,'2010-11-15 15:37:07','2010-11-15 15:37:07','COMPLETED',1,0,0,0,0,0,0,0,'COMPLETED','','2010-11-15 15:37:07'),(794,3,'ProductStatus-step-1',702,'2010-11-15 15:37:07','2010-11-15 15:37:07','COMPLETED',1,0,0,0,0,0,0,0,'COMPLETED','','2010-11-15 15:37:07'),(795,3,'ProductStatus-step-1',703,'2010-11-15 15:37:07','2010-11-15 15:37:08','COMPLETED',1,0,0,0,0,0,0,0,'COMPLETED','','2010-11-15 15:37:08'),(796,3,'ProductStatus-step-1',704,'2010-11-15 15:37:08','2010-11-15 15:37:08','COMPLETED',1,0,0,0,0,0,0,0,'COMPLETED','','2010-11-15 15:37:08'),(797,3,'ProductStatus-step-1',705,'2010-11-15 15:37:08','2010-11-15 15:37:08','COMPLETED',1,0,0,0,0,0,0,0,'COMPLETED','','2010-11-15 15:37:08'),(798,3,'ProductStatus-step-1',706,'2010-11-15 15:37:08','2010-11-15 15:37:09','COMPLETED',1,0,0,0,0,0,0,0,'COMPLETED','','2010-11-15 15:37:09'),(799,3,'ProductStatus-step-1',707,'2010-11-15 15:37:09','2010-11-15 15:37:10','COMPLETED',1,0,0,0,0,0,0,0,'COMPLETED','','2010-11-15 15:37:10'),(800,3,'ProductStatus-step-1',708,'2010-11-15 15:37:10','2010-11-15 15:37:11','COMPLETED',1,0,0,0,0,0,0,0,'COMPLETED','','2010-11-15 15:37:11'),(801,3,'ProductStatus-step-1',709,'2010-11-15 15:37:11','2010-11-15 15:37:11','COMPLETED',1,0,0,0,0,0,0,0,'COMPLETED','','2010-11-15 15:37:11'),(802,3,'ProductStatus-step-1',710,'2010-11-15 15:37:11','2010-11-15 15:37:12','COMPLETED',1,0,0,0,0,0,0,0,'COMPLETED','','2010-11-15 15:37:12'),(803,3,'ProductStatus-step-1',711,'2010-11-15 15:37:12','2010-11-15 15:37:12','COMPLETED',1,0,0,0,0,0,0,0,'COMPLETED','','2010-11-15 15:37:12'),(804,3,'ProductStatus-step-1',712,'2010-11-15 15:37:12','2010-11-15 15:37:13','COMPLETED',1,0,0,0,0,0,0,0,'COMPLETED','','2010-11-15 15:37:13'),(805,3,'ProductStatus-step-1',713,'2010-11-15 15:37:13','2010-11-15 15:37:13','COMPLETED',1,0,0,0,0,0,0,0,'COMPLETED','','2010-11-15 15:37:13'),(806,3,'ProductStatus-step-1',714,'2010-11-15 15:37:13','2010-11-15 15:37:14','COMPLETED',1,0,0,0,0,0,0,0,'COMPLETED','','2010-11-15 15:37:14'),(807,3,'ProductStatus-step-1',715,'2010-11-15 15:37:14','2010-11-15 15:37:14','COMPLETED',1,0,0,0,0,0,0,0,'COMPLETED','','2010-11-15 15:37:14'),(808,3,'ProductStatus-step-1',716,'2010-11-15 15:37:14','2010-11-15 15:37:14','COMPLETED',1,0,0,0,0,0,0,0,'COMPLETED','','2010-11-15 15:37:14'),(809,3,'ProductStatus-step-1',717,'2010-11-15 15:37:14','2010-11-15 15:37:15','COMPLETED',1,0,0,0,0,0,0,0,'COMPLETED','','2010-11-15 15:37:15'),(810,3,'ProductStatus-step-1',718,'2010-11-15 15:37:15','2010-11-15 15:37:15','COMPLETED',1,0,0,0,0,0,0,0,'COMPLETED','','2010-11-15 15:37:15'),(811,3,'ProductStatus-step-1',719,'2010-11-15 15:37:15','2010-11-15 15:37:15','COMPLETED',1,0,0,0,0,0,0,0,'COMPLETED','','2010-11-15 15:37:15'),(812,3,'ProductStatus-step-1',720,'2010-11-15 15:37:15','2010-11-15 15:37:16','COMPLETED',1,0,0,0,0,0,0,0,'COMPLETED','','2010-11-15 15:37:16'),(813,3,'ProductStatus-step-1',721,'2010-11-15 15:37:16','2010-11-15 15:37:16','COMPLETED',1,0,0,0,0,0,0,0,'COMPLETED','','2010-11-15 15:37:16'),(814,3,'ProductStatus-step-1',722,'2010-11-15 15:37:16','2010-11-15 15:37:17','COMPLETED',1,0,0,0,0,0,0,0,'COMPLETED','','2010-11-15 15:37:17'),(815,3,'ProductStatus-step-1',723,'2010-11-15 15:37:17','2010-11-15 15:37:17','COMPLETED',1,0,0,0,0,0,0,0,'COMPLETED','','2010-11-15 15:37:17'),(816,3,'ProductStatus-step-1',724,'2010-11-15 15:37:17','2010-11-15 15:37:18','COMPLETED',1,0,0,0,0,0,0,0,'COMPLETED','','2010-11-15 15:37:18'),(817,3,'ProductStatus-step-1',725,'2010-11-15 15:37:18','2010-11-15 15:37:18','COMPLETED',1,0,0,0,0,0,0,0,'COMPLETED','','2010-11-15 15:37:18'),(818,3,'ProductStatus-step-1',726,'2010-11-15 15:37:18','2010-11-15 15:37:18','COMPLETED',1,0,0,0,0,0,0,0,'COMPLETED','','2010-11-15 15:37:18'),(819,3,'ProductStatus-step-1',727,'2010-11-15 15:37:18','2010-11-15 15:37:19','COMPLETED',1,0,0,0,0,0,0,0,'COMPLETED','','2010-11-15 15:37:19'),(820,3,'ProductStatus-step-1',728,'2010-11-15 15:37:19','2010-11-15 15:37:19','COMPLETED',1,0,0,0,0,0,0,0,'COMPLETED','','2010-11-15 15:37:19'),(821,3,'ProductStatus-step-1',729,'2010-11-15 15:37:19','2010-11-15 15:37:19','COMPLETED',1,0,0,0,0,0,0,0,'COMPLETED','','2010-11-15 15:37:19'),(822,3,'ProductStatus-step-1',730,'2010-11-15 15:37:19','2010-11-15 15:37:20','COMPLETED',1,0,0,0,0,0,0,0,'COMPLETED','','2010-11-15 15:37:20'),(823,3,'ProductStatus-step-1',731,'2010-11-15 15:37:20','2010-11-15 15:37:20','COMPLETED',1,0,0,0,0,0,0,0,'COMPLETED','','2010-11-15 15:37:20'),(824,3,'ProductStatus-step-1',732,'2010-11-15 15:37:20','2010-11-15 15:37:21','COMPLETED',1,0,0,0,0,0,0,0,'COMPLETED','','2010-11-15 15:37:21'),(825,3,'ProductStatus-step-1',733,'2010-11-15 15:37:21','2010-11-15 15:37:21','COMPLETED',1,0,0,0,0,0,0,0,'COMPLETED','','2010-11-15 15:37:21'),(826,3,'ProductStatus-step-1',734,'2010-11-15 15:37:21','2010-11-15 15:37:22','COMPLETED',1,0,0,0,0,0,0,0,'COMPLETED','','2010-11-15 15:37:22'),(827,3,'ProductStatus-step-1',735,'2010-11-15 15:37:22','2010-11-15 15:37:22','COMPLETED',1,0,0,0,0,0,0,0,'COMPLETED','','2010-11-15 15:37:22'),(828,3,'SavingsIntPostingTask-step-1',736,'2010-11-15 15:37:22','2010-11-15 15:37:22','COMPLETED',1,0,0,0,0,0,0,0,'COMPLETED','','2010-11-15 15:37:22'),(829,3,'SavingsIntPostingTask-step-1',737,'2010-11-15 15:37:22','2010-11-15 15:37:22','COMPLETED',1,0,0,0,0,0,0,0,'COMPLETED','','2010-11-15 15:37:22'),(830,3,'SavingsIntPostingTask-step-1',738,'2010-11-15 15:37:22','2010-11-15 15:37:22','COMPLETED',1,0,0,0,0,0,0,0,'COMPLETED','','2010-11-15 15:37:22'),(831,3,'SavingsIntPostingTask-step-1',739,'2010-11-15 15:37:22','2010-11-15 15:37:22','COMPLETED',1,0,0,0,0,0,0,0,'COMPLETED','','2010-11-15 15:37:22'),(832,3,'SavingsIntPostingTask-step-1',740,'2010-11-15 15:37:22','2010-11-15 15:37:22','COMPLETED',1,0,0,0,0,0,0,0,'COMPLETED','','2010-11-15 15:37:22'),(833,3,'SavingsIntPostingTask-step-1',741,'2010-11-15 15:37:22','2010-11-15 15:37:22','COMPLETED',1,0,0,0,0,0,0,0,'COMPLETED','','2010-11-15 15:37:22'),(834,3,'SavingsIntPostingTask-step-1',742,'2010-11-15 15:37:22','2010-11-15 15:37:22','COMPLETED',1,0,0,0,0,0,0,0,'COMPLETED','','2010-11-15 15:37:22'),(835,3,'SavingsIntPostingTask-step-1',743,'2010-11-15 15:37:22','2010-11-15 15:37:22','COMPLETED',1,0,0,0,0,0,0,0,'COMPLETED','','2010-11-15 15:37:22'),(836,3,'SavingsIntPostingTask-step-1',744,'2010-11-15 15:37:22','2010-11-15 15:37:22','COMPLETED',1,0,0,0,0,0,0,0,'COMPLETED','','2010-11-15 15:37:22'),(837,3,'SavingsIntPostingTask-step-1',745,'2010-11-15 15:37:22','2010-11-15 15:37:22','COMPLETED',1,0,0,0,0,0,0,0,'COMPLETED','','2010-11-15 15:37:22'),(838,3,'SavingsIntPostingTask-step-1',746,'2010-11-15 15:37:22','2010-11-15 15:37:22','COMPLETED',1,0,0,0,0,0,0,0,'COMPLETED','','2010-11-15 15:37:22'),(839,3,'SavingsIntPostingTask-step-1',747,'2010-11-15 15:37:22','2010-11-15 15:37:22','COMPLETED',1,0,0,0,0,0,0,0,'COMPLETED','','2010-11-15 15:37:22'),(840,3,'SavingsIntPostingTask-step-1',748,'2010-11-15 15:37:22','2010-11-15 15:37:22','COMPLETED',1,0,0,0,0,0,0,0,'COMPLETED','','2010-11-15 15:37:22'),(841,3,'SavingsIntPostingTask-step-1',749,'2010-11-15 15:37:22','2010-11-15 15:37:22','COMPLETED',1,0,0,0,0,0,0,0,'COMPLETED','','2010-11-15 15:37:22'),(842,3,'SavingsIntPostingTask-step-1',750,'2010-11-15 15:37:22','2010-11-15 15:37:22','COMPLETED',1,0,0,0,0,0,0,0,'COMPLETED','','2010-11-15 15:37:22'),(843,3,'SavingsIntPostingTask-step-1',751,'2010-11-15 15:37:22','2010-11-15 15:37:22','COMPLETED',1,0,0,0,0,0,0,0,'COMPLETED','','2010-11-15 15:37:22'),(844,3,'SavingsIntPostingTask-step-1',752,'2010-11-15 15:37:22','2010-11-15 15:37:22','COMPLETED',1,0,0,0,0,0,0,0,'COMPLETED','','2010-11-15 15:37:22'),(845,3,'SavingsIntPostingTask-step-1',753,'2010-11-15 15:37:22','2010-11-15 15:37:22','COMPLETED',1,0,0,0,0,0,0,0,'COMPLETED','','2010-11-15 15:37:22'),(846,3,'SavingsIntPostingTask-step-1',754,'2010-11-15 15:37:22','2010-11-15 15:37:22','COMPLETED',1,0,0,0,0,0,0,0,'COMPLETED','','2010-11-15 15:37:22'),(847,3,'SavingsIntPostingTask-step-1',755,'2010-11-15 15:37:22','2010-11-15 15:37:22','COMPLETED',1,0,0,0,0,0,0,0,'COMPLETED','','2010-11-15 15:37:22'),(848,3,'SavingsIntPostingTask-step-1',756,'2010-11-15 15:37:22','2010-11-15 15:37:22','COMPLETED',1,0,0,0,0,0,0,0,'COMPLETED','','2010-11-15 15:37:22'),(849,3,'SavingsIntPostingTask-step-1',757,'2010-11-15 15:37:22','2010-11-15 15:37:22','COMPLETED',1,0,0,0,0,0,0,0,'COMPLETED','','2010-11-15 15:37:22'),(850,3,'SavingsIntPostingTask-step-1',758,'2010-11-15 15:37:22','2010-11-15 15:37:22','COMPLETED',1,0,0,0,0,0,0,0,'COMPLETED','','2010-11-15 15:37:22'),(851,3,'SavingsIntPostingTask-step-1',759,'2010-11-15 15:37:22','2010-11-15 15:37:22','COMPLETED',1,0,0,0,0,0,0,0,'COMPLETED','','2010-11-15 15:37:22'),(852,3,'SavingsIntPostingTask-step-1',760,'2010-11-15 15:37:22','2010-11-15 15:37:22','COMPLETED',1,0,0,0,0,0,0,0,'COMPLETED','','2010-11-15 15:37:22'),(853,3,'SavingsIntPostingTask-step-1',761,'2010-11-15 15:37:22','2010-11-15 15:37:22','COMPLETED',1,0,0,0,0,0,0,0,'COMPLETED','','2010-11-15 15:37:22'),(854,3,'SavingsIntPostingTask-step-1',762,'2010-11-15 15:37:22','2010-11-15 15:37:22','COMPLETED',1,0,0,0,0,0,0,0,'COMPLETED','','2010-11-15 15:37:22'),(855,3,'SavingsIntPostingTask-step-1',763,'2010-11-15 15:37:22','2010-11-15 15:37:22','COMPLETED',1,0,0,0,0,0,0,0,'COMPLETED','','2010-11-15 15:37:22'),(856,3,'SavingsIntPostingTask-step-1',764,'2010-11-15 15:37:22','2010-11-15 15:37:23','COMPLETED',1,0,0,0,0,0,0,0,'COMPLETED','','2010-11-15 15:37:23'),(857,3,'SavingsIntPostingTask-step-1',765,'2010-11-15 15:37:23','2010-11-15 15:37:23','COMPLETED',1,0,0,0,0,0,0,0,'COMPLETED','','2010-11-15 15:37:23'),(858,3,'SavingsIntPostingTask-step-1',766,'2010-11-15 15:37:23','2010-11-15 15:37:23','COMPLETED',1,0,0,0,0,0,0,0,'COMPLETED','','2010-11-15 15:37:23'),(859,3,'SavingsIntPostingTask-step-1',767,'2010-11-15 15:37:23','2010-11-15 15:37:23','COMPLETED',1,0,0,0,0,0,0,0,'COMPLETED','','2010-11-15 15:37:23'),(860,3,'SavingsIntPostingTask-step-1',768,'2010-11-15 15:37:23','2010-11-15 15:37:23','COMPLETED',1,0,0,0,0,0,0,0,'COMPLETED','','2010-11-15 15:37:23'),(861,3,'SavingsIntPostingTask-step-1',769,'2010-11-15 15:37:23','2010-11-15 15:37:23','COMPLETED',1,0,0,0,0,0,0,0,'COMPLETED','','2010-11-15 15:37:23'),(862,3,'SavingsIntPostingTask-step-1',770,'2010-11-15 15:37:23','2010-11-15 15:37:23','COMPLETED',1,0,0,0,0,0,0,0,'COMPLETED','','2010-11-15 15:37:23'),(863,3,'SavingsIntPostingTask-step-1',771,'2010-11-15 15:37:23','2010-11-15 15:37:23','COMPLETED',1,0,0,0,0,0,0,0,'COMPLETED','','2010-11-15 15:37:23'),(864,3,'SavingsIntPostingTask-step-1',772,'2010-11-15 15:37:23','2010-11-15 15:37:23','COMPLETED',1,0,0,0,0,0,0,0,'COMPLETED','','2010-11-15 15:37:23'),(865,3,'SavingsIntPostingTask-step-1',773,'2010-11-15 15:37:23','2010-11-15 15:37:23','COMPLETED',1,0,0,0,0,0,0,0,'COMPLETED','','2010-11-15 15:37:23'),(866,3,'SavingsIntPostingTask-step-1',774,'2010-11-15 15:37:23','2010-11-15 15:37:23','COMPLETED',1,0,0,0,0,0,0,0,'COMPLETED','','2010-11-15 15:37:23'),(867,3,'SavingsIntPostingTask-step-1',775,'2010-11-15 15:37:23','2010-11-15 15:37:23','COMPLETED',1,0,0,0,0,0,0,0,'COMPLETED','','2010-11-15 15:37:23'),(868,3,'SavingsIntPostingTask-step-1',776,'2010-11-15 15:37:23','2010-11-15 15:37:23','COMPLETED',1,0,0,0,0,0,0,0,'COMPLETED','','2010-11-15 15:37:23'),(869,3,'SavingsIntPostingTask-step-1',777,'2010-11-15 15:37:23','2010-11-15 15:37:23','COMPLETED',1,0,0,0,0,0,0,0,'COMPLETED','','2010-11-15 15:37:23'),(870,3,'SavingsIntPostingTask-step-1',778,'2010-11-15 15:37:23','2010-11-15 15:37:23','COMPLETED',1,0,0,0,0,0,0,0,'COMPLETED','','2010-11-15 15:37:23'),(871,3,'SavingsIntPostingTask-step-1',779,'2010-11-15 15:37:23','2010-11-15 15:37:23','COMPLETED',1,0,0,0,0,0,0,0,'COMPLETED','','2010-11-15 15:37:23'),(872,3,'SavingsIntPostingTask-step-1',780,'2010-11-15 15:37:23','2010-11-15 15:37:23','COMPLETED',1,0,0,0,0,0,0,0,'COMPLETED','','2010-11-15 15:37:23'),(873,3,'SavingsIntPostingTask-step-1',781,'2010-11-15 15:37:23','2010-11-15 15:37:23','COMPLETED',1,0,0,0,0,0,0,0,'COMPLETED','','2010-11-15 15:37:23'),(874,3,'SavingsIntPostingTask-step-1',782,'2010-11-15 15:37:23','2010-11-15 15:37:23','COMPLETED',1,0,0,0,0,0,0,0,'COMPLETED','','2010-11-15 15:37:23'),(875,3,'SavingsIntPostingTask-step-1',783,'2010-11-15 15:37:23','2010-11-15 15:37:23','COMPLETED',1,0,0,0,0,0,0,0,'COMPLETED','','2010-11-15 15:37:23'),(876,3,'SavingsIntPostingTask-step-1',784,'2010-11-15 15:37:23','2010-11-15 15:37:23','COMPLETED',1,0,0,0,0,0,0,0,'COMPLETED','','2010-11-15 15:37:23'),(877,3,'SavingsIntPostingTask-step-1',785,'2010-11-15 15:37:23','2010-11-15 15:37:23','COMPLETED',1,0,0,0,0,0,0,0,'COMPLETED','','2010-11-15 15:37:23'),(878,3,'SavingsIntPostingTask-step-1',786,'2010-11-15 15:37:23','2010-11-15 15:37:23','COMPLETED',1,0,0,0,0,0,0,0,'COMPLETED','','2010-11-15 15:37:23'),(879,3,'SavingsIntPostingTask-step-1',787,'2010-11-15 15:37:23','2010-11-15 15:37:23','COMPLETED',1,0,0,0,0,0,0,0,'COMPLETED','','2010-11-15 15:37:23'),(880,3,'SavingsIntPostingTask-step-1',788,'2010-11-15 15:37:23','2010-11-15 15:37:23','COMPLETED',1,0,0,0,0,0,0,0,'COMPLETED','','2010-11-15 15:37:23'),(881,3,'SavingsIntPostingTask-step-1',789,'2010-11-15 15:37:23','2010-11-15 15:37:23','COMPLETED',1,0,0,0,0,0,0,0,'COMPLETED','','2010-11-15 15:37:23'),(882,3,'SavingsIntPostingTask-step-1',790,'2010-11-15 15:37:23','2010-11-15 15:37:23','COMPLETED',1,0,0,0,0,0,0,0,'COMPLETED','','2010-11-15 15:37:23'),(883,3,'SavingsIntPostingTask-step-1',791,'2010-11-15 15:37:23','2010-11-15 15:37:23','COMPLETED',1,0,0,0,0,0,0,0,'COMPLETED','','2010-11-15 15:37:23'),(884,3,'SavingsIntPostingTask-step-1',792,'2010-11-15 15:37:23','2010-11-15 15:37:23','COMPLETED',1,0,0,0,0,0,0,0,'COMPLETED','','2010-11-15 15:37:23'),(885,3,'SavingsIntPostingTask-step-1',793,'2010-11-15 15:37:23','2010-11-15 15:37:23','COMPLETED',1,0,0,0,0,0,0,0,'COMPLETED','','2010-11-15 15:37:23'),(886,3,'SavingsIntPostingTask-step-1',794,'2010-11-15 15:37:23','2010-11-15 15:37:23','COMPLETED',1,0,0,0,0,0,0,0,'COMPLETED','','2010-11-15 15:37:23'),(887,3,'SavingsIntPostingTask-step-1',795,'2010-11-15 15:37:23','2010-11-15 15:37:23','COMPLETED',1,0,0,0,0,0,0,0,'COMPLETED','','2010-11-15 15:37:23'),(888,3,'SavingsIntPostingTask-step-1',796,'2010-11-15 15:37:23','2010-11-15 15:37:23','COMPLETED',1,0,0,0,0,0,0,0,'COMPLETED','','2010-11-15 15:37:23'),(889,3,'SavingsIntPostingTask-step-1',797,'2010-11-15 15:37:23','2010-11-15 15:37:23','COMPLETED',1,0,0,0,0,0,0,0,'COMPLETED','','2010-11-15 15:37:23'),(890,3,'SavingsIntPostingTask-step-1',798,'2010-11-15 15:37:23','2010-11-15 15:37:23','COMPLETED',1,0,0,0,0,0,0,0,'COMPLETED','','2010-11-15 15:37:23'),(891,3,'SavingsIntPostingTask-step-1',799,'2010-11-15 15:37:23','2010-11-15 15:37:23','COMPLETED',1,0,0,0,0,0,0,0,'COMPLETED','','2010-11-15 15:37:23'),(892,3,'SavingsIntPostingTask-step-1',800,'2010-11-15 15:37:23','2010-11-15 15:37:23','COMPLETED',1,0,0,0,0,0,0,0,'COMPLETED','','2010-11-15 15:37:23'),(893,3,'SavingsIntPostingTask-step-1',801,'2010-11-15 15:37:23','2010-11-15 15:37:23','COMPLETED',1,0,0,0,0,0,0,0,'COMPLETED','','2010-11-15 15:37:23'),(894,3,'SavingsIntPostingTask-step-1',802,'2010-11-15 15:37:23','2010-11-15 15:37:23','COMPLETED',1,0,0,0,0,0,0,0,'COMPLETED','','2010-11-15 15:37:23'),(895,3,'SavingsIntPostingTask-step-1',803,'2010-11-15 15:37:23','2010-11-15 15:37:23','COMPLETED',1,0,0,0,0,0,0,0,'COMPLETED','','2010-11-15 15:37:23'),(896,3,'SavingsIntPostingTask-step-1',804,'2010-11-15 15:37:23','2010-11-15 15:37:23','COMPLETED',1,0,0,0,0,0,0,0,'COMPLETED','','2010-11-15 15:37:23'),(897,3,'SavingsIntPostingTask-step-1',805,'2010-11-15 15:37:23','2010-11-15 15:37:23','COMPLETED',1,0,0,0,0,0,0,0,'COMPLETED','','2010-11-15 15:37:23'),(898,3,'SavingsIntPostingTask-step-1',806,'2010-11-15 15:37:23','2010-11-15 15:37:23','COMPLETED',1,0,0,0,0,0,0,0,'COMPLETED','','2010-11-15 15:37:23'),(899,3,'SavingsIntPostingTask-step-1',807,'2010-11-15 15:37:23','2010-11-15 15:37:23','COMPLETED',1,0,0,0,0,0,0,0,'COMPLETED','','2010-11-15 15:37:23'),(900,3,'SavingsIntPostingTask-step-1',808,'2010-11-15 15:37:23','2010-11-15 15:37:23','COMPLETED',1,0,0,0,0,0,0,0,'COMPLETED','','2010-11-15 15:37:23'),(901,3,'SavingsIntPostingTask-step-1',809,'2010-11-15 15:37:23','2010-11-15 15:37:23','COMPLETED',1,0,0,0,0,0,0,0,'COMPLETED','','2010-11-15 15:37:23'),(902,3,'SavingsIntPostingTask-step-1',810,'2010-11-15 15:37:23','2010-11-15 15:37:23','COMPLETED',1,0,0,0,0,0,0,0,'COMPLETED','','2010-11-15 15:37:23'),(903,3,'SavingsIntPostingTask-step-1',811,'2010-11-15 15:37:23','2010-11-15 15:37:23','COMPLETED',1,0,0,0,0,0,0,0,'COMPLETED','','2010-11-15 15:37:23'),(904,3,'SavingsIntPostingTask-step-1',812,'2010-11-15 15:37:23','2010-11-15 15:37:23','COMPLETED',1,0,0,0,0,0,0,0,'COMPLETED','','2010-11-15 15:37:23'),(905,3,'SavingsIntPostingTask-step-1',813,'2010-11-15 15:37:23','2010-11-15 15:37:23','COMPLETED',1,0,0,0,0,0,0,0,'COMPLETED','','2010-11-15 15:37:23'),(906,3,'SavingsIntPostingTask-step-1',814,'2010-11-15 15:37:23','2010-11-15 15:37:23','COMPLETED',1,0,0,0,0,0,0,0,'COMPLETED','','2010-11-15 15:37:23'),(907,3,'SavingsIntPostingTask-step-1',815,'2010-11-15 15:37:23','2010-11-15 15:37:23','COMPLETED',1,0,0,0,0,0,0,0,'COMPLETED','','2010-11-15 15:37:23'),(908,3,'SavingsIntPostingTask-step-1',816,'2010-11-15 15:37:23','2010-11-15 15:37:23','COMPLETED',1,0,0,0,0,0,0,0,'COMPLETED','','2010-11-15 15:37:23'),(909,3,'SavingsIntPostingTask-step-1',817,'2010-11-15 15:37:23','2010-11-15 15:37:23','COMPLETED',1,0,0,0,0,0,0,0,'COMPLETED','','2010-11-15 15:37:23'),(910,3,'SavingsIntPostingTask-step-1',818,'2010-11-15 15:37:23','2010-11-15 15:37:23','COMPLETED',1,0,0,0,0,0,0,0,'COMPLETED','','2010-11-15 15:37:23'),(911,3,'SavingsIntPostingTask-step-1',819,'2010-11-15 15:37:23','2010-11-15 15:37:23','COMPLETED',1,0,0,0,0,0,0,0,'COMPLETED','','2010-11-15 15:37:23'),(912,3,'SavingsIntPostingTask-step-1',820,'2010-11-15 15:37:23','2010-11-15 15:37:23','COMPLETED',1,0,0,0,0,0,0,0,'COMPLETED','','2010-11-15 15:37:23'),(913,3,'SavingsIntPostingTask-step-1',821,'2010-11-15 15:37:24','2010-11-15 15:37:24','COMPLETED',1,0,0,0,0,0,0,0,'COMPLETED','','2010-11-15 15:37:24'),(914,3,'SavingsIntPostingTask-step-1',822,'2010-11-15 15:37:24','2010-11-15 15:37:24','COMPLETED',1,0,0,0,0,0,0,0,'COMPLETED','','2010-11-15 15:37:24'),(915,3,'SavingsIntPostingTask-step-1',823,'2010-11-15 15:37:24','2010-11-15 15:37:24','COMPLETED',1,0,0,0,0,0,0,0,'COMPLETED','','2010-11-15 15:37:24'),(916,3,'SavingsIntPostingTask-step-1',824,'2010-11-15 15:37:24','2010-11-15 15:37:24','COMPLETED',1,0,0,0,0,0,0,0,'COMPLETED','','2010-11-15 15:37:24'),(917,3,'SavingsIntPostingTask-step-1',825,'2010-11-15 15:37:24','2010-11-15 15:37:24','COMPLETED',1,0,0,0,0,0,0,0,'COMPLETED','','2010-11-15 15:37:24'),(918,3,'SavingsIntPostingTask-step-1',826,'2010-11-15 15:37:24','2010-11-15 15:37:24','COMPLETED',1,0,0,0,0,0,0,0,'COMPLETED','','2010-11-15 15:37:24'),(919,3,'SavingsIntPostingTask-step-1',827,'2010-11-15 15:37:24','2010-11-15 15:37:24','COMPLETED',1,0,0,0,0,0,0,0,'COMPLETED','','2010-11-15 15:37:24'),(920,3,'SavingsIntPostingTask-step-1',828,'2010-11-15 15:37:24','2010-11-15 15:37:24','COMPLETED',1,0,0,0,0,0,0,0,'COMPLETED','','2010-11-15 15:37:24'),(921,3,'SavingsIntPostingTask-step-1',829,'2010-11-15 15:37:24','2010-11-15 15:37:24','COMPLETED',1,0,0,0,0,0,0,0,'COMPLETED','','2010-11-15 15:37:24'),(922,3,'SavingsIntPostingTask-step-1',830,'2010-11-15 15:37:24','2010-11-15 15:37:24','COMPLETED',1,0,0,0,0,0,0,0,'COMPLETED','','2010-11-15 15:37:24'),(923,3,'SavingsIntPostingTask-step-1',831,'2010-11-15 15:37:24','2010-11-15 15:37:24','COMPLETED',1,0,0,0,0,0,0,0,'COMPLETED','','2010-11-15 15:37:24'),(924,3,'SavingsIntPostingTask-step-1',832,'2010-11-15 15:37:24','2010-11-15 15:37:24','COMPLETED',1,0,0,0,0,0,0,0,'COMPLETED','','2010-11-15 15:37:24'),(925,3,'SavingsIntPostingTask-step-1',833,'2010-11-15 15:37:24','2010-11-15 15:37:24','COMPLETED',1,0,0,0,0,0,0,0,'COMPLETED','','2010-11-15 15:37:24'),(926,3,'SavingsIntPostingTask-step-1',834,'2010-11-15 15:37:24','2010-11-15 15:37:24','COMPLETED',1,0,0,0,0,0,0,0,'COMPLETED','','2010-11-15 15:37:24'),(927,3,'SavingsIntPostingTask-step-1',835,'2010-11-15 15:37:24','2010-11-15 15:37:24','COMPLETED',1,0,0,0,0,0,0,0,'COMPLETED','','2010-11-15 15:37:24'),(928,3,'SavingsIntPostingTask-step-1',836,'2010-11-15 15:37:24','2010-11-15 15:37:24','COMPLETED',1,0,0,0,0,0,0,0,'COMPLETED','','2010-11-15 15:37:24'),(929,3,'SavingsIntPostingTask-step-1',837,'2010-11-15 15:37:24','2010-11-15 15:37:24','COMPLETED',1,0,0,0,0,0,0,0,'COMPLETED','','2010-11-15 15:37:24'),(930,3,'SavingsIntPostingTask-step-1',838,'2010-11-15 15:37:24','2010-11-15 15:37:24','COMPLETED',1,0,0,0,0,0,0,0,'COMPLETED','','2010-11-15 15:37:24'),(931,3,'SavingsIntPostingTask-step-1',839,'2010-11-15 15:37:24','2010-11-15 15:37:24','COMPLETED',1,0,0,0,0,0,0,0,'COMPLETED','','2010-11-15 15:37:24');
/*!40000 ALTER TABLE `BATCH_STEP_EXECUTION` ENABLE KEYS */;
UNLOCK TABLES;

--
-- Table structure for table `BATCH_STEP_EXECUTION_CONTEXT`
--

DROP TABLE IF EXISTS `BATCH_STEP_EXECUTION_CONTEXT`;
/*!40101 SET @saved_cs_client     = @@character_set_client */;
/*!40101 SET character_set_client = utf8 */;
CREATE TABLE `BATCH_STEP_EXECUTION_CONTEXT` (
  `step_execution_id` bigint(20) NOT NULL,
  `short_context` varchar(2500) NOT NULL,
  `serialized_context` text,
  PRIMARY KEY (`step_execution_id`),
  CONSTRAINT `step_exec_ctx_fk` FOREIGN KEY (`step_execution_id`) REFERENCES `batch_step_execution` (`step_execution_id`)
) ENGINE=InnoDB DEFAULT CHARSET=utf8;
/*!40101 SET character_set_client = @saved_cs_client */;

--
-- Dumping data for table `BATCH_STEP_EXECUTION_CONTEXT`
--

LOCK TABLES `BATCH_STEP_EXECUTION_CONTEXT` WRITE;
/*!40000 ALTER TABLE `BATCH_STEP_EXECUTION_CONTEXT` DISABLE KEYS */;
INSERT INTO `BATCH_STEP_EXECUTION_CONTEXT` VALUES (1,'{\"map\":[\"\"]}',NULL),(2,'{\"map\":[\"\"]}',NULL),(3,'{\"map\":[\"\"]}',NULL),(4,'{\"map\":[\"\"]}',NULL),(5,'{\"map\":[\"\"]}',NULL),(6,'{\"map\":[\"\"]}',NULL),(7,'{\"map\":[\"\"]}',NULL),(8,'{\"map\":[\"\"]}',NULL),(9,'{\"map\":[\"\"]}',NULL),(10,'{\"map\":[\"\"]}',NULL),(11,'{\"map\":[\"\"]}',NULL),(12,'{\"map\":[\"\"]}',NULL),(13,'{\"map\":[\"\"]}',NULL),(14,'{\"map\":[\"\"]}',NULL),(15,'{\"map\":[\"\"]}',NULL),(16,'{\"map\":[\"\"]}',NULL),(17,'{\"map\":[\"\"]}',NULL),(18,'{\"map\":[\"\"]}',NULL),(19,'{\"map\":[\"\"]}',NULL),(20,'{\"map\":[\"\"]}',NULL),(21,'{\"map\":[\"\"]}',NULL),(22,'{\"map\":[\"\"]}',NULL),(23,'{\"map\":[\"\"]}',NULL),(24,'{\"map\":[\"\"]}',NULL),(25,'{\"map\":[\"\"]}',NULL),(26,'{\"map\":[\"\"]}',NULL),(27,'{\"map\":[\"\"]}',NULL),(28,'{\"map\":[\"\"]}',NULL),(29,'{\"map\":[\"\"]}',NULL),(30,'{\"map\":[\"\"]}',NULL),(31,'{\"map\":[\"\"]}',NULL),(32,'{\"map\":[\"\"]}',NULL),(33,'{\"map\":[\"\"]}',NULL),(34,'{\"map\":[\"\"]}',NULL),(35,'{\"map\":[\"\"]}',NULL),(36,'{\"map\":[\"\"]}',NULL),(37,'{\"map\":[\"\"]}',NULL),(38,'{\"map\":[\"\"]}',NULL),(39,'{\"map\":[\"\"]}',NULL),(40,'{\"map\":[\"\"]}',NULL),(41,'{\"map\":[\"\"]}',NULL),(42,'{\"map\":[\"\"]}',NULL),(43,'{\"map\":[\"\"]}',NULL),(44,'{\"map\":[\"\"]}',NULL),(45,'{\"map\":[\"\"]}',NULL),(46,'{\"map\":[\"\"]}',NULL),(47,'{\"map\":[\"\"]}',NULL),(48,'{\"map\":[\"\"]}',NULL),(49,'{\"map\":[\"\"]}',NULL),(50,'{\"map\":[\"\"]}',NULL),(51,'{\"map\":[\"\"]}',NULL),(52,'{\"map\":[\"\"]}',NULL),(53,'{\"map\":[\"\"]}',NULL),(54,'{\"map\":[\"\"]}',NULL),(55,'{\"map\":[\"\"]}',NULL),(56,'{\"map\":[\"\"]}',NULL),(57,'{\"map\":[\"\"]}',NULL),(58,'{\"map\":[\"\"]}',NULL),(59,'{\"map\":[\"\"]}',NULL),(60,'{\"map\":[\"\"]}',NULL),(61,'{\"map\":[\"\"]}',NULL),(62,'{\"map\":[\"\"]}',NULL),(63,'{\"map\":[\"\"]}',NULL),(64,'{\"map\":[\"\"]}',NULL),(65,'{\"map\":[\"\"]}',NULL),(66,'{\"map\":[\"\"]}',NULL),(67,'{\"map\":[\"\"]}',NULL),(68,'{\"map\":[\"\"]}',NULL),(69,'{\"map\":[\"\"]}',NULL),(70,'{\"map\":[\"\"]}',NULL),(71,'{\"map\":[\"\"]}',NULL),(72,'{\"map\":[\"\"]}',NULL),(73,'{\"map\":[\"\"]}',NULL),(74,'{\"map\":[\"\"]}',NULL),(75,'{\"map\":[\"\"]}',NULL),(76,'{\"map\":[\"\"]}',NULL),(77,'{\"map\":[\"\"]}',NULL),(78,'{\"map\":[\"\"]}',NULL),(79,'{\"map\":[\"\"]}',NULL),(80,'{\"map\":[\"\"]}',NULL),(81,'{\"map\":[\"\"]}',NULL),(82,'{\"map\":[\"\"]}',NULL),(83,'{\"map\":[\"\"]}',NULL),(84,'{\"map\":[\"\"]}',NULL),(85,'{\"map\":[\"\"]}',NULL),(86,'{\"map\":[\"\"]}',NULL),(87,'{\"map\":[\"\"]}',NULL),(88,'{\"map\":[\"\"]}',NULL),(89,'{\"map\":[\"\"]}',NULL),(90,'{\"map\":[\"\"]}',NULL),(91,'{\"map\":[\"\"]}',NULL),(92,'{\"map\":[\"\"]}',NULL),(93,'{\"map\":[\"\"]}',NULL),(94,'{\"map\":[\"\"]}',NULL),(95,'{\"map\":[\"\"]}',NULL),(96,'{\"map\":[\"\"]}',NULL),(97,'{\"map\":[\"\"]}',NULL),(98,'{\"map\":[\"\"]}',NULL),(99,'{\"map\":[\"\"]}',NULL),(100,'{\"map\":[\"\"]}',NULL),(101,'{\"map\":[\"\"]}',NULL),(102,'{\"map\":[\"\"]}',NULL),(103,'{\"map\":[\"\"]}',NULL),(104,'{\"map\":[\"\"]}',NULL),(105,'{\"map\":[\"\"]}',NULL),(106,'{\"map\":[\"\"]}',NULL),(107,'{\"map\":[\"\"]}',NULL),(108,'{\"map\":[\"\"]}',NULL),(109,'{\"map\":[\"\"]}',NULL),(110,'{\"map\":[\"\"]}',NULL),(111,'{\"map\":[\"\"]}',NULL),(112,'{\"map\":[\"\"]}',NULL),(113,'{\"map\":[\"\"]}',NULL),(114,'{\"map\":[\"\"]}',NULL),(115,'{\"map\":[\"\"]}',NULL),(116,'{\"map\":[\"\"]}',NULL),(117,'{\"map\":[\"\"]}',NULL),(118,'{\"map\":[\"\"]}',NULL),(119,'{\"map\":[\"\"]}',NULL),(120,'{\"map\":[\"\"]}',NULL),(121,'{\"map\":[\"\"]}',NULL),(122,'{\"map\":[\"\"]}',NULL),(123,'{\"map\":[\"\"]}',NULL),(124,'{\"map\":[\"\"]}',NULL),(125,'{\"map\":[\"\"]}',NULL),(126,'{\"map\":[\"\"]}',NULL),(127,'{\"map\":[\"\"]}',NULL),(128,'{\"map\":[\"\"]}',NULL),(129,'{\"map\":[\"\"]}',NULL),(130,'{\"map\":[\"\"]}',NULL),(131,'{\"map\":[\"\"]}',NULL),(132,'{\"map\":[\"\"]}',NULL),(133,'{\"map\":[\"\"]}',NULL),(134,'{\"map\":[\"\"]}',NULL),(135,'{\"map\":[\"\"]}',NULL),(136,'{\"map\":[\"\"]}',NULL),(137,'{\"map\":[\"\"]}',NULL),(138,'{\"map\":[\"\"]}',NULL),(139,'{\"map\":[\"\"]}',NULL),(140,'{\"map\":[\"\"]}',NULL),(141,'{\"map\":[\"\"]}',NULL),(142,'{\"map\":[\"\"]}',NULL),(143,'{\"map\":[\"\"]}',NULL),(144,'{\"map\":[\"\"]}',NULL),(145,'{\"map\":[\"\"]}',NULL),(146,'{\"map\":[\"\"]}',NULL),(147,'{\"map\":[\"\"]}',NULL),(148,'{\"map\":[\"\"]}',NULL),(149,'{\"map\":[\"\"]}',NULL),(150,'{\"map\":[\"\"]}',NULL),(151,'{\"map\":[\"\"]}',NULL),(152,'{\"map\":[\"\"]}',NULL),(153,'{\"map\":[\"\"]}',NULL),(154,'{\"map\":[\"\"]}',NULL),(155,'{\"map\":[\"\"]}',NULL),(156,'{\"map\":[\"\"]}',NULL),(157,'{\"map\":[\"\"]}',NULL),(158,'{\"map\":[\"\"]}',NULL),(159,'{\"map\":[\"\"]}',NULL),(160,'{\"map\":[\"\"]}',NULL),(161,'{\"map\":[\"\"]}',NULL),(162,'{\"map\":[\"\"]}',NULL),(163,'{\"map\":[\"\"]}',NULL),(164,'{\"map\":[\"\"]}',NULL),(165,'{\"map\":[\"\"]}',NULL),(166,'{\"map\":[\"\"]}',NULL),(167,'{\"map\":[\"\"]}',NULL),(168,'{\"map\":[\"\"]}',NULL),(169,'{\"map\":[\"\"]}',NULL),(170,'{\"map\":[\"\"]}',NULL),(171,'{\"map\":[\"\"]}',NULL),(172,'{\"map\":[\"\"]}',NULL),(173,'{\"map\":[\"\"]}',NULL),(174,'{\"map\":[\"\"]}',NULL),(175,'{\"map\":[\"\"]}',NULL),(176,'{\"map\":[\"\"]}',NULL),(177,'{\"map\":[\"\"]}',NULL),(178,'{\"map\":[\"\"]}',NULL),(179,'{\"map\":[\"\"]}',NULL),(180,'{\"map\":[\"\"]}',NULL),(181,'{\"map\":[\"\"]}',NULL),(182,'{\"map\":[\"\"]}',NULL),(183,'{\"map\":[\"\"]}',NULL),(184,'{\"map\":[\"\"]}',NULL),(185,'{\"map\":[\"\"]}',NULL),(186,'{\"map\":[\"\"]}',NULL),(187,'{\"map\":[\"\"]}',NULL),(188,'{\"map\":[\"\"]}',NULL),(189,'{\"map\":[\"\"]}',NULL),(190,'{\"map\":[\"\"]}',NULL),(191,'{\"map\":[\"\"]}',NULL),(192,'{\"map\":[\"\"]}',NULL),(193,'{\"map\":[\"\"]}',NULL),(194,'{\"map\":[\"\"]}',NULL),(195,'{\"map\":[\"\"]}',NULL),(196,'{\"map\":[\"\"]}',NULL),(197,'{\"map\":[\"\"]}',NULL),(198,'{\"map\":[\"\"]}',NULL),(199,'{\"map\":[\"\"]}',NULL),(200,'{\"map\":[\"\"]}',NULL),(201,'{\"map\":[\"\"]}',NULL),(202,'{\"map\":[\"\"]}',NULL),(203,'{\"map\":[\"\"]}',NULL),(204,'{\"map\":[\"\"]}',NULL),(205,'{\"map\":[\"\"]}',NULL),(206,'{\"map\":[\"\"]}',NULL),(207,'{\"map\":[\"\"]}',NULL),(208,'{\"map\":[\"\"]}',NULL),(209,'{\"map\":[\"\"]}',NULL),(210,'{\"map\":[\"\"]}',NULL),(211,'{\"map\":[\"\"]}',NULL),(212,'{\"map\":[\"\"]}',NULL),(213,'{\"map\":[\"\"]}',NULL),(214,'{\"map\":[\"\"]}',NULL),(215,'{\"map\":[\"\"]}',NULL),(216,'{\"map\":[\"\"]}',NULL),(217,'{\"map\":[\"\"]}',NULL),(218,'{\"map\":[\"\"]}',NULL),(219,'{\"map\":[\"\"]}',NULL),(220,'{\"map\":[\"\"]}',NULL),(221,'{\"map\":[\"\"]}',NULL),(222,'{\"map\":[\"\"]}',NULL),(223,'{\"map\":[\"\"]}',NULL),(224,'{\"map\":[\"\"]}',NULL),(225,'{\"map\":[\"\"]}',NULL),(226,'{\"map\":[\"\"]}',NULL),(227,'{\"map\":[\"\"]}',NULL),(228,'{\"map\":[\"\"]}',NULL),(229,'{\"map\":[\"\"]}',NULL),(230,'{\"map\":[\"\"]}',NULL),(231,'{\"map\":[\"\"]}',NULL),(232,'{\"map\":[\"\"]}',NULL),(233,'{\"map\":[\"\"]}',NULL),(234,'{\"map\":[\"\"]}',NULL),(235,'{\"map\":[\"\"]}',NULL),(236,'{\"map\":[\"\"]}',NULL),(237,'{\"map\":[\"\"]}',NULL),(238,'{\"map\":[\"\"]}',NULL),(239,'{\"map\":[\"\"]}',NULL),(240,'{\"map\":[\"\"]}',NULL),(241,'{\"map\":[\"\"]}',NULL),(242,'{\"map\":[\"\"]}',NULL),(243,'{\"map\":[\"\"]}',NULL),(244,'{\"map\":[\"\"]}',NULL),(245,'{\"map\":[\"\"]}',NULL),(246,'{\"map\":[\"\"]}',NULL),(247,'{\"map\":[\"\"]}',NULL),(248,'{\"map\":[\"\"]}',NULL),(249,'{\"map\":[\"\"]}',NULL),(250,'{\"map\":[\"\"]}',NULL),(251,'{\"map\":[\"\"]}',NULL),(252,'{\"map\":[\"\"]}',NULL),(253,'{\"map\":[\"\"]}',NULL),(254,'{\"map\":[\"\"]}',NULL),(255,'{\"map\":[\"\"]}',NULL),(256,'{\"map\":[\"\"]}',NULL),(257,'{\"map\":[\"\"]}',NULL),(258,'{\"map\":[\"\"]}',NULL),(259,'{\"map\":[\"\"]}',NULL),(260,'{\"map\":[\"\"]}',NULL),(261,'{\"map\":[\"\"]}',NULL),(262,'{\"map\":[\"\"]}',NULL),(263,'{\"map\":[\"\"]}',NULL),(264,'{\"map\":[\"\"]}',NULL),(265,'{\"map\":[\"\"]}',NULL),(266,'{\"map\":[\"\"]}',NULL),(267,'{\"map\":[\"\"]}',NULL),(268,'{\"map\":[\"\"]}',NULL),(269,'{\"map\":[\"\"]}',NULL),(270,'{\"map\":[\"\"]}',NULL),(271,'{\"map\":[\"\"]}',NULL),(272,'{\"map\":[\"\"]}',NULL),(273,'{\"map\":[\"\"]}',NULL),(274,'{\"map\":[\"\"]}',NULL),(275,'{\"map\":[\"\"]}',NULL),(276,'{\"map\":[\"\"]}',NULL),(277,'{\"map\":[\"\"]}',NULL),(278,'{\"map\":[\"\"]}',NULL),(279,'{\"map\":[\"\"]}',NULL),(280,'{\"map\":[\"\"]}',NULL),(281,'{\"map\":[\"\"]}',NULL),(282,'{\"map\":[\"\"]}',NULL),(283,'{\"map\":[\"\"]}',NULL),(284,'{\"map\":[\"\"]}',NULL),(285,'{\"map\":[\"\"]}',NULL),(286,'{\"map\":[\"\"]}',NULL),(287,'{\"map\":[\"\"]}',NULL),(288,'{\"map\":[\"\"]}',NULL),(289,'{\"map\":[\"\"]}',NULL),(290,'{\"map\":[\"\"]}',NULL),(291,'{\"map\":[\"\"]}',NULL),(292,'{\"map\":[\"\"]}',NULL),(293,'{\"map\":[\"\"]}',NULL),(294,'{\"map\":[\"\"]}',NULL),(295,'{\"map\":[\"\"]}',NULL),(296,'{\"map\":[\"\"]}',NULL),(297,'{\"map\":[\"\"]}',NULL),(298,'{\"map\":[\"\"]}',NULL),(299,'{\"map\":[\"\"]}',NULL),(300,'{\"map\":[\"\"]}',NULL),(301,'{\"map\":[\"\"]}',NULL),(302,'{\"map\":[\"\"]}',NULL),(303,'{\"map\":[\"\"]}',NULL),(304,'{\"map\":[\"\"]}',NULL),(305,'{\"map\":[\"\"]}',NULL),(306,'{\"map\":[\"\"]}',NULL),(307,'{\"map\":[\"\"]}',NULL),(308,'{\"map\":[\"\"]}',NULL),(309,'{\"map\":[\"\"]}',NULL),(310,'{\"map\":[\"\"]}',NULL),(311,'{\"map\":[\"\"]}',NULL),(312,'{\"map\":[\"\"]}',NULL),(313,'{\"map\":[\"\"]}',NULL),(314,'{\"map\":[\"\"]}',NULL),(315,'{\"map\":[\"\"]}',NULL),(316,'{\"map\":[\"\"]}',NULL),(317,'{\"map\":[\"\"]}',NULL),(318,'{\"map\":[\"\"]}',NULL),(319,'{\"map\":[\"\"]}',NULL),(320,'{\"map\":[\"\"]}',NULL),(321,'{\"map\":[\"\"]}',NULL),(322,'{\"map\":[\"\"]}',NULL),(323,'{\"map\":[\"\"]}',NULL),(324,'{\"map\":[\"\"]}',NULL),(325,'{\"map\":[\"\"]}',NULL),(326,'{\"map\":[\"\"]}',NULL),(327,'{\"map\":[\"\"]}',NULL),(328,'{\"map\":[\"\"]}',NULL),(329,'{\"map\":[\"\"]}',NULL),(330,'{\"map\":[\"\"]}',NULL),(331,'{\"map\":[\"\"]}',NULL),(332,'{\"map\":[\"\"]}',NULL),(333,'{\"map\":[\"\"]}',NULL),(334,'{\"map\":[\"\"]}',NULL),(335,'{\"map\":[\"\"]}',NULL),(336,'{\"map\":[\"\"]}',NULL),(337,'{\"map\":[\"\"]}',NULL),(338,'{\"map\":[\"\"]}',NULL),(339,'{\"map\":[\"\"]}',NULL),(340,'{\"map\":[\"\"]}',NULL),(341,'{\"map\":[\"\"]}',NULL),(342,'{\"map\":[\"\"]}',NULL),(343,'{\"map\":[\"\"]}',NULL),(344,'{\"map\":[\"\"]}',NULL),(345,'{\"map\":[\"\"]}',NULL),(346,'{\"map\":[\"\"]}',NULL),(347,'{\"map\":[\"\"]}',NULL),(348,'{\"map\":[\"\"]}',NULL),(349,'{\"map\":[\"\"]}',NULL),(350,'{\"map\":[\"\"]}',NULL),(351,'{\"map\":[\"\"]}',NULL),(352,'{\"map\":[\"\"]}',NULL),(353,'{\"map\":[\"\"]}',NULL),(354,'{\"map\":[\"\"]}',NULL),(355,'{\"map\":[\"\"]}',NULL),(356,'{\"map\":[\"\"]}',NULL),(357,'{\"map\":[\"\"]}',NULL),(358,'{\"map\":[\"\"]}',NULL),(359,'{\"map\":[\"\"]}',NULL),(360,'{\"map\":[\"\"]}',NULL),(361,'{\"map\":[\"\"]}',NULL),(362,'{\"map\":[\"\"]}',NULL),(363,'{\"map\":[\"\"]}',NULL),(364,'{\"map\":[\"\"]}',NULL),(365,'{\"map\":[\"\"]}',NULL),(366,'{\"map\":[\"\"]}',NULL),(367,'{\"map\":[\"\"]}',NULL),(368,'{\"map\":[\"\"]}',NULL),(369,'{\"map\":[\"\"]}',NULL),(370,'{\"map\":[\"\"]}',NULL),(371,'{\"map\":[\"\"]}',NULL),(372,'{\"map\":[\"\"]}',NULL),(373,'{\"map\":[\"\"]}',NULL),(374,'{\"map\":[\"\"]}',NULL),(375,'{\"map\":[\"\"]}',NULL),(376,'{\"map\":[\"\"]}',NULL),(377,'{\"map\":[\"\"]}',NULL),(378,'{\"map\":[\"\"]}',NULL),(379,'{\"map\":[\"\"]}',NULL),(380,'{\"map\":[\"\"]}',NULL),(381,'{\"map\":[\"\"]}',NULL),(382,'{\"map\":[\"\"]}',NULL),(383,'{\"map\":[\"\"]}',NULL),(384,'{\"map\":[\"\"]}',NULL),(385,'{\"map\":[\"\"]}',NULL),(386,'{\"map\":[\"\"]}',NULL),(387,'{\"map\":[\"\"]}',NULL),(388,'{\"map\":[\"\"]}',NULL),(389,'{\"map\":[\"\"]}',NULL),(390,'{\"map\":[\"\"]}',NULL),(391,'{\"map\":[\"\"]}',NULL),(392,'{\"map\":[\"\"]}',NULL),(393,'{\"map\":[\"\"]}',NULL),(394,'{\"map\":[\"\"]}',NULL),(395,'{\"map\":[\"\"]}',NULL),(396,'{\"map\":[\"\"]}',NULL),(397,'{\"map\":[\"\"]}',NULL),(398,'{\"map\":[\"\"]}',NULL),(399,'{\"map\":[\"\"]}',NULL),(400,'{\"map\":[\"\"]}',NULL),(401,'{\"map\":[\"\"]}',NULL),(402,'{\"map\":[\"\"]}',NULL),(403,'{\"map\":[\"\"]}',NULL),(404,'{\"map\":[\"\"]}',NULL),(405,'{\"map\":[\"\"]}',NULL),(406,'{\"map\":[\"\"]}',NULL),(407,'{\"map\":[\"\"]}',NULL),(408,'{\"map\":[\"\"]}',NULL),(409,'{\"map\":[\"\"]}',NULL),(410,'{\"map\":[\"\"]}',NULL),(411,'{\"map\":[\"\"]}',NULL),(412,'{\"map\":[\"\"]}',NULL),(413,'{\"map\":[\"\"]}',NULL),(414,'{\"map\":[\"\"]}',NULL),(415,'{\"map\":[\"\"]}',NULL),(416,'{\"map\":[\"\"]}',NULL),(417,'{\"map\":[\"\"]}',NULL),(418,'{\"map\":[\"\"]}',NULL),(419,'{\"map\":[\"\"]}',NULL),(420,'{\"map\":[\"\"]}',NULL),(421,'{\"map\":[\"\"]}',NULL),(422,'{\"map\":[\"\"]}',NULL),(423,'{\"map\":[\"\"]}',NULL),(424,'{\"map\":[\"\"]}',NULL),(425,'{\"map\":[\"\"]}',NULL),(426,'{\"map\":[\"\"]}',NULL),(427,'{\"map\":[\"\"]}',NULL),(428,'{\"map\":[\"\"]}',NULL),(429,'{\"map\":[\"\"]}',NULL),(430,'{\"map\":[\"\"]}',NULL),(431,'{\"map\":[\"\"]}',NULL),(432,'{\"map\":[\"\"]}',NULL),(433,'{\"map\":[\"\"]}',NULL),(434,'{\"map\":[\"\"]}',NULL),(435,'{\"map\":[\"\"]}',NULL),(436,'{\"map\":[\"\"]}',NULL),(437,'{\"map\":[\"\"]}',NULL),(438,'{\"map\":[\"\"]}',NULL),(439,'{\"map\":[\"\"]}',NULL),(440,'{\"map\":[\"\"]}',NULL),(441,'{\"map\":[\"\"]}',NULL),(442,'{\"map\":[\"\"]}',NULL),(443,'{\"map\":[\"\"]}',NULL),(444,'{\"map\":[\"\"]}',NULL),(445,'{\"map\":[\"\"]}',NULL),(446,'{\"map\":[\"\"]}',NULL),(447,'{\"map\":[\"\"]}',NULL),(448,'{\"map\":[\"\"]}',NULL),(449,'{\"map\":[\"\"]}',NULL),(450,'{\"map\":[\"\"]}',NULL),(451,'{\"map\":[\"\"]}',NULL),(452,'{\"map\":[\"\"]}',NULL),(453,'{\"map\":[\"\"]}',NULL),(454,'{\"map\":[\"\"]}',NULL),(455,'{\"map\":[\"\"]}',NULL),(456,'{\"map\":[\"\"]}',NULL),(457,'{\"map\":[\"\"]}',NULL),(458,'{\"map\":[\"\"]}',NULL),(459,'{\"map\":[\"\"]}',NULL),(460,'{\"map\":[\"\"]}',NULL),(461,'{\"map\":[\"\"]}',NULL),(462,'{\"map\":[\"\"]}',NULL),(463,'{\"map\":[\"\"]}',NULL),(464,'{\"map\":[\"\"]}',NULL),(465,'{\"map\":[\"\"]}',NULL),(466,'{\"map\":[\"\"]}',NULL),(467,'{\"map\":[\"\"]}',NULL),(468,'{\"map\":[\"\"]}',NULL),(469,'{\"map\":[\"\"]}',NULL),(470,'{\"map\":[\"\"]}',NULL),(471,'{\"map\":[\"\"]}',NULL),(472,'{\"map\":[\"\"]}',NULL),(473,'{\"map\":[\"\"]}',NULL),(474,'{\"map\":[\"\"]}',NULL),(475,'{\"map\":[\"\"]}',NULL),(476,'{\"map\":[\"\"]}',NULL),(477,'{\"map\":[\"\"]}',NULL),(478,'{\"map\":[\"\"]}',NULL),(479,'{\"map\":[\"\"]}',NULL),(480,'{\"map\":[\"\"]}',NULL),(481,'{\"map\":[\"\"]}',NULL),(482,'{\"map\":[\"\"]}',NULL),(483,'{\"map\":[\"\"]}',NULL),(484,'{\"map\":[\"\"]}',NULL),(485,'{\"map\":[\"\"]}',NULL),(486,'{\"map\":[\"\"]}',NULL),(487,'{\"map\":[\"\"]}',NULL),(488,'{\"map\":[\"\"]}',NULL),(489,'{\"map\":[\"\"]}',NULL),(490,'{\"map\":[\"\"]}',NULL),(491,'{\"map\":[\"\"]}',NULL),(492,'{\"map\":[\"\"]}',NULL),(493,'{\"map\":[\"\"]}',NULL),(494,'{\"map\":[\"\"]}',NULL),(495,'{\"map\":[\"\"]}',NULL),(496,'{\"map\":[\"\"]}',NULL),(497,'{\"map\":[\"\"]}',NULL),(498,'{\"map\":[\"\"]}',NULL),(499,'{\"map\":[\"\"]}',NULL),(500,'{\"map\":[\"\"]}',NULL),(501,'{\"map\":[\"\"]}',NULL),(502,'{\"map\":[\"\"]}',NULL),(503,'{\"map\":[\"\"]}',NULL),(504,'{\"map\":[\"\"]}',NULL),(505,'{\"map\":[\"\"]}',NULL),(506,'{\"map\":[\"\"]}',NULL),(507,'{\"map\":[\"\"]}',NULL),(508,'{\"map\":[\"\"]}',NULL),(509,'{\"map\":[\"\"]}',NULL),(510,'{\"map\":[\"\"]}',NULL),(511,'{\"map\":[\"\"]}',NULL),(512,'{\"map\":[\"\"]}',NULL),(513,'{\"map\":[\"\"]}',NULL),(514,'{\"map\":[\"\"]}',NULL),(515,'{\"map\":[\"\"]}',NULL),(516,'{\"map\":[\"\"]}',NULL),(517,'{\"map\":[\"\"]}',NULL),(518,'{\"map\":[\"\"]}',NULL),(519,'{\"map\":[\"\"]}',NULL),(520,'{\"map\":[\"\"]}',NULL),(521,'{\"map\":[\"\"]}',NULL),(522,'{\"map\":[\"\"]}',NULL),(523,'{\"map\":[\"\"]}',NULL),(524,'{\"map\":[\"\"]}',NULL),(525,'{\"map\":[\"\"]}',NULL),(526,'{\"map\":[\"\"]}',NULL),(527,'{\"map\":[\"\"]}',NULL),(528,'{\"map\":[\"\"]}',NULL),(529,'{\"map\":[\"\"]}',NULL),(530,'{\"map\":[\"\"]}',NULL),(531,'{\"map\":[\"\"]}',NULL),(532,'{\"map\":[\"\"]}',NULL),(533,'{\"map\":[\"\"]}',NULL),(534,'{\"map\":[\"\"]}',NULL),(535,'{\"map\":[\"\"]}',NULL),(536,'{\"map\":[\"\"]}',NULL),(537,'{\"map\":[\"\"]}',NULL),(538,'{\"map\":[\"\"]}',NULL),(539,'{\"map\":[\"\"]}',NULL),(540,'{\"map\":[\"\"]}',NULL),(541,'{\"map\":[\"\"]}',NULL),(542,'{\"map\":[\"\"]}',NULL),(543,'{\"map\":[\"\"]}',NULL),(544,'{\"map\":[\"\"]}',NULL),(545,'{\"map\":[\"\"]}',NULL),(546,'{\"map\":[\"\"]}',NULL),(547,'{\"map\":[\"\"]}',NULL),(548,'{\"map\":[\"\"]}',NULL),(549,'{\"map\":[\"\"]}',NULL),(550,'{\"map\":[\"\"]}',NULL),(551,'{\"map\":[\"\"]}',NULL),(552,'{\"map\":[\"\"]}',NULL),(553,'{\"map\":[\"\"]}',NULL),(554,'{\"map\":[\"\"]}',NULL),(555,'{\"map\":[\"\"]}',NULL),(556,'{\"map\":[\"\"]}',NULL),(557,'{\"map\":[\"\"]}',NULL),(558,'{\"map\":[\"\"]}',NULL),(559,'{\"map\":[\"\"]}',NULL),(560,'{\"map\":[\"\"]}',NULL),(561,'{\"map\":[\"\"]}',NULL),(562,'{\"map\":[\"\"]}',NULL),(563,'{\"map\":[\"\"]}',NULL),(564,'{\"map\":[\"\"]}',NULL),(565,'{\"map\":[\"\"]}',NULL),(566,'{\"map\":[\"\"]}',NULL),(567,'{\"map\":[\"\"]}',NULL),(568,'{\"map\":[\"\"]}',NULL),(569,'{\"map\":[\"\"]}',NULL),(570,'{\"map\":[\"\"]}',NULL),(571,'{\"map\":[\"\"]}',NULL),(572,'{\"map\":[\"\"]}',NULL),(573,'{\"map\":[\"\"]}',NULL),(574,'{\"map\":[\"\"]}',NULL),(575,'{\"map\":[\"\"]}',NULL),(576,'{\"map\":[\"\"]}',NULL),(577,'{\"map\":[\"\"]}',NULL),(578,'{\"map\":[\"\"]}',NULL),(579,'{\"map\":[\"\"]}',NULL),(580,'{\"map\":[\"\"]}',NULL),(581,'{\"map\":[\"\"]}',NULL),(582,'{\"map\":[\"\"]}',NULL),(583,'{\"map\":[\"\"]}',NULL),(584,'{\"map\":[\"\"]}',NULL),(585,'{\"map\":[\"\"]}',NULL),(586,'{\"map\":[\"\"]}',NULL),(587,'{\"map\":[\"\"]}',NULL),(588,'{\"map\":[\"\"]}',NULL),(589,'{\"map\":[\"\"]}',NULL),(590,'{\"map\":[\"\"]}',NULL),(591,'{\"map\":[\"\"]}',NULL),(592,'{\"map\":[\"\"]}',NULL),(593,'{\"map\":[\"\"]}',NULL),(594,'{\"map\":[\"\"]}',NULL),(595,'{\"map\":[\"\"]}',NULL),(596,'{\"map\":[\"\"]}',NULL),(597,'{\"map\":[\"\"]}',NULL),(598,'{\"map\":[\"\"]}',NULL),(599,'{\"map\":[\"\"]}',NULL),(600,'{\"map\":[\"\"]}',NULL),(601,'{\"map\":[\"\"]}',NULL),(602,'{\"map\":[\"\"]}',NULL),(603,'{\"map\":[\"\"]}',NULL),(604,'{\"map\":[\"\"]}',NULL),(605,'{\"map\":[\"\"]}',NULL),(606,'{\"map\":[\"\"]}',NULL),(607,'{\"map\":[\"\"]}',NULL),(608,'{\"map\":[\"\"]}',NULL),(609,'{\"map\":[\"\"]}',NULL),(610,'{\"map\":[\"\"]}',NULL),(611,'{\"map\":[\"\"]}',NULL),(612,'{\"map\":[\"\"]}',NULL),(613,'{\"map\":[\"\"]}',NULL),(614,'{\"map\":[\"\"]}',NULL),(615,'{\"map\":[\"\"]}',NULL),(616,'{\"map\":[\"\"]}',NULL),(617,'{\"map\":[\"\"]}',NULL),(618,'{\"map\":[\"\"]}',NULL),(619,'{\"map\":[\"\"]}',NULL),(620,'{\"map\":[\"\"]}',NULL),(621,'{\"map\":[\"\"]}',NULL),(622,'{\"map\":[\"\"]}',NULL),(623,'{\"map\":[\"\"]}',NULL),(624,'{\"map\":[\"\"]}',NULL),(625,'{\"map\":[\"\"]}',NULL),(626,'{\"map\":[\"\"]}',NULL),(627,'{\"map\":[\"\"]}',NULL),(628,'{\"map\":[\"\"]}',NULL),(629,'{\"map\":[\"\"]}',NULL),(630,'{\"map\":[\"\"]}',NULL),(631,'{\"map\":[\"\"]}',NULL),(632,'{\"map\":[\"\"]}',NULL),(633,'{\"map\":[\"\"]}',NULL),(634,'{\"map\":[\"\"]}',NULL),(635,'{\"map\":[\"\"]}',NULL),(636,'{\"map\":[\"\"]}',NULL),(637,'{\"map\":[\"\"]}',NULL),(638,'{\"map\":[\"\"]}',NULL),(639,'{\"map\":[\"\"]}',NULL),(640,'{\"map\":[\"\"]}',NULL),(641,'{\"map\":[\"\"]}',NULL),(642,'{\"map\":[\"\"]}',NULL),(643,'{\"map\":[\"\"]}',NULL),(644,'{\"map\":[\"\"]}',NULL),(645,'{\"map\":[\"\"]}',NULL),(646,'{\"map\":[\"\"]}',NULL),(647,'{\"map\":[\"\"]}',NULL),(648,'{\"map\":[\"\"]}',NULL),(649,'{\"map\":[\"\"]}',NULL),(650,'{\"map\":[\"\"]}',NULL),(651,'{\"map\":[\"\"]}',NULL),(652,'{\"map\":[\"\"]}',NULL),(653,'{\"map\":[\"\"]}',NULL),(654,'{\"map\":[\"\"]}',NULL),(655,'{\"map\":[\"\"]}',NULL),(656,'{\"map\":[\"\"]}',NULL),(657,'{\"map\":[\"\"]}',NULL),(658,'{\"map\":[\"\"]}',NULL),(659,'{\"map\":[\"\"]}',NULL),(660,'{\"map\":[\"\"]}',NULL),(661,'{\"map\":[\"\"]}',NULL),(662,'{\"map\":[\"\"]}',NULL),(663,'{\"map\":[\"\"]}',NULL),(664,'{\"map\":[\"\"]}',NULL),(665,'{\"map\":[\"\"]}',NULL),(666,'{\"map\":[\"\"]}',NULL),(667,'{\"map\":[\"\"]}',NULL),(668,'{\"map\":[\"\"]}',NULL),(669,'{\"map\":[\"\"]}',NULL),(670,'{\"map\":[\"\"]}',NULL),(671,'{\"map\":[\"\"]}',NULL),(672,'{\"map\":[\"\"]}',NULL),(673,'{\"map\":[\"\"]}',NULL),(674,'{\"map\":[\"\"]}',NULL),(675,'{\"map\":[\"\"]}',NULL),(676,'{\"map\":[\"\"]}',NULL),(677,'{\"map\":[\"\"]}',NULL),(678,'{\"map\":[\"\"]}',NULL),(679,'{\"map\":[\"\"]}',NULL),(680,'{\"map\":[\"\"]}',NULL),(681,'{\"map\":[\"\"]}',NULL),(682,'{\"map\":[\"\"]}',NULL),(683,'{\"map\":[\"\"]}',NULL),(684,'{\"map\":[\"\"]}',NULL),(685,'{\"map\":[\"\"]}',NULL),(686,'{\"map\":[\"\"]}',NULL),(687,'{\"map\":[\"\"]}',NULL),(688,'{\"map\":[\"\"]}',NULL),(689,'{\"map\":[\"\"]}',NULL),(690,'{\"map\":[\"\"]}',NULL),(691,'{\"map\":[\"\"]}',NULL),(692,'{\"map\":[\"\"]}',NULL),(693,'{\"map\":[\"\"]}',NULL),(694,'{\"map\":[\"\"]}',NULL),(695,'{\"map\":[\"\"]}',NULL),(696,'{\"map\":[\"\"]}',NULL),(697,'{\"map\":[\"\"]}',NULL),(698,'{\"map\":[\"\"]}',NULL),(699,'{\"map\":[\"\"]}',NULL),(700,'{\"map\":[\"\"]}',NULL),(701,'{\"map\":[\"\"]}',NULL),(702,'{\"map\":[\"\"]}',NULL),(703,'{\"map\":[\"\"]}',NULL),(704,'{\"map\":[\"\"]}',NULL),(705,'{\"map\":[\"\"]}',NULL),(706,'{\"map\":[\"\"]}',NULL),(707,'{\"map\":[\"\"]}',NULL),(708,'{\"map\":[\"\"]}',NULL),(709,'{\"map\":[\"\"]}',NULL),(710,'{\"map\":[\"\"]}',NULL),(711,'{\"map\":[\"\"]}',NULL),(712,'{\"map\":[\"\"]}',NULL),(713,'{\"map\":[\"\"]}',NULL),(714,'{\"map\":[\"\"]}',NULL),(715,'{\"map\":[\"\"]}',NULL),(716,'{\"map\":[\"\"]}',NULL),(717,'{\"map\":[\"\"]}',NULL),(718,'{\"map\":[\"\"]}',NULL),(719,'{\"map\":[\"\"]}',NULL),(720,'{\"map\":[\"\"]}',NULL),(721,'{\"map\":[\"\"]}',NULL),(722,'{\"map\":[\"\"]}',NULL),(723,'{\"map\":[\"\"]}',NULL),(724,'{\"map\":[\"\"]}',NULL),(725,'{\"map\":[\"\"]}',NULL),(726,'{\"map\":[\"\"]}',NULL),(727,'{\"map\":[\"\"]}',NULL),(728,'{\"map\":[\"\"]}',NULL),(729,'{\"map\":[\"\"]}',NULL),(730,'{\"map\":[\"\"]}',NULL),(731,'{\"map\":[\"\"]}',NULL),(732,'{\"map\":[\"\"]}',NULL),(733,'{\"map\":[\"\"]}',NULL),(734,'{\"map\":[\"\"]}',NULL),(735,'{\"map\":[\"\"]}',NULL),(736,'{\"map\":[\"\"]}',NULL),(737,'{\"map\":[\"\"]}',NULL),(738,'{\"map\":[\"\"]}',NULL),(739,'{\"map\":[\"\"]}',NULL),(740,'{\"map\":[\"\"]}',NULL),(741,'{\"map\":[\"\"]}',NULL),(742,'{\"map\":[\"\"]}',NULL),(743,'{\"map\":[\"\"]}',NULL),(744,'{\"map\":[\"\"]}',NULL),(745,'{\"map\":[\"\"]}',NULL),(746,'{\"map\":[\"\"]}',NULL),(747,'{\"map\":[\"\"]}',NULL),(748,'{\"map\":[\"\"]}',NULL),(749,'{\"map\":[\"\"]}',NULL),(750,'{\"map\":[\"\"]}',NULL),(751,'{\"map\":[\"\"]}',NULL),(752,'{\"map\":[\"\"]}',NULL),(753,'{\"map\":[\"\"]}',NULL),(754,'{\"map\":[\"\"]}',NULL),(755,'{\"map\":[\"\"]}',NULL),(756,'{\"map\":[\"\"]}',NULL),(757,'{\"map\":[\"\"]}',NULL),(758,'{\"map\":[\"\"]}',NULL),(759,'{\"map\":[\"\"]}',NULL),(760,'{\"map\":[\"\"]}',NULL),(761,'{\"map\":[\"\"]}',NULL),(762,'{\"map\":[\"\"]}',NULL),(763,'{\"map\":[\"\"]}',NULL),(764,'{\"map\":[\"\"]}',NULL),(765,'{\"map\":[\"\"]}',NULL),(766,'{\"map\":[\"\"]}',NULL),(767,'{\"map\":[\"\"]}',NULL),(768,'{\"map\":[\"\"]}',NULL),(769,'{\"map\":[\"\"]}',NULL),(770,'{\"map\":[\"\"]}',NULL),(771,'{\"map\":[\"\"]}',NULL),(772,'{\"map\":[\"\"]}',NULL),(773,'{\"map\":[\"\"]}',NULL),(774,'{\"map\":[\"\"]}',NULL),(775,'{\"map\":[\"\"]}',NULL),(776,'{\"map\":[\"\"]}',NULL),(777,'{\"map\":[\"\"]}',NULL),(778,'{\"map\":[\"\"]}',NULL),(779,'{\"map\":[\"\"]}',NULL),(780,'{\"map\":[\"\"]}',NULL),(781,'{\"map\":[\"\"]}',NULL),(782,'{\"map\":[\"\"]}',NULL),(783,'{\"map\":[\"\"]}',NULL),(784,'{\"map\":[\"\"]}',NULL),(785,'{\"map\":[\"\"]}',NULL),(786,'{\"map\":[\"\"]}',NULL),(787,'{\"map\":[\"\"]}',NULL),(788,'{\"map\":[\"\"]}',NULL),(789,'{\"map\":[\"\"]}',NULL),(790,'{\"map\":[\"\"]}',NULL),(791,'{\"map\":[\"\"]}',NULL),(792,'{\"map\":[\"\"]}',NULL),(793,'{\"map\":[\"\"]}',NULL),(794,'{\"map\":[\"\"]}',NULL),(795,'{\"map\":[\"\"]}',NULL),(796,'{\"map\":[\"\"]}',NULL),(797,'{\"map\":[\"\"]}',NULL),(798,'{\"map\":[\"\"]}',NULL),(799,'{\"map\":[\"\"]}',NULL),(800,'{\"map\":[\"\"]}',NULL),(801,'{\"map\":[\"\"]}',NULL),(802,'{\"map\":[\"\"]}',NULL),(803,'{\"map\":[\"\"]}',NULL),(804,'{\"map\":[\"\"]}',NULL),(805,'{\"map\":[\"\"]}',NULL),(806,'{\"map\":[\"\"]}',NULL),(807,'{\"map\":[\"\"]}',NULL),(808,'{\"map\":[\"\"]}',NULL),(809,'{\"map\":[\"\"]}',NULL),(810,'{\"map\":[\"\"]}',NULL),(811,'{\"map\":[\"\"]}',NULL),(812,'{\"map\":[\"\"]}',NULL),(813,'{\"map\":[\"\"]}',NULL),(814,'{\"map\":[\"\"]}',NULL),(815,'{\"map\":[\"\"]}',NULL),(816,'{\"map\":[\"\"]}',NULL),(817,'{\"map\":[\"\"]}',NULL),(818,'{\"map\":[\"\"]}',NULL),(819,'{\"map\":[\"\"]}',NULL),(820,'{\"map\":[\"\"]}',NULL),(821,'{\"map\":[\"\"]}',NULL),(822,'{\"map\":[\"\"]}',NULL),(823,'{\"map\":[\"\"]}',NULL),(824,'{\"map\":[\"\"]}',NULL),(825,'{\"map\":[\"\"]}',NULL),(826,'{\"map\":[\"\"]}',NULL),(827,'{\"map\":[\"\"]}',NULL),(828,'{\"map\":[\"\"]}',NULL),(829,'{\"map\":[\"\"]}',NULL),(830,'{\"map\":[\"\"]}',NULL),(831,'{\"map\":[\"\"]}',NULL),(832,'{\"map\":[\"\"]}',NULL),(833,'{\"map\":[\"\"]}',NULL),(834,'{\"map\":[\"\"]}',NULL),(835,'{\"map\":[\"\"]}',NULL),(836,'{\"map\":[\"\"]}',NULL),(837,'{\"map\":[\"\"]}',NULL),(838,'{\"map\":[\"\"]}',NULL),(839,'{\"map\":[\"\"]}',NULL),(840,'{\"map\":[\"\"]}',NULL),(841,'{\"map\":[\"\"]}',NULL),(842,'{\"map\":[\"\"]}',NULL),(843,'{\"map\":[\"\"]}',NULL),(844,'{\"map\":[\"\"]}',NULL),(845,'{\"map\":[\"\"]}',NULL),(846,'{\"map\":[\"\"]}',NULL),(847,'{\"map\":[\"\"]}',NULL),(848,'{\"map\":[\"\"]}',NULL),(849,'{\"map\":[\"\"]}',NULL),(850,'{\"map\":[\"\"]}',NULL),(851,'{\"map\":[\"\"]}',NULL),(852,'{\"map\":[\"\"]}',NULL),(853,'{\"map\":[\"\"]}',NULL),(854,'{\"map\":[\"\"]}',NULL),(855,'{\"map\":[\"\"]}',NULL),(856,'{\"map\":[\"\"]}',NULL),(857,'{\"map\":[\"\"]}',NULL),(858,'{\"map\":[\"\"]}',NULL),(859,'{\"map\":[\"\"]}',NULL),(860,'{\"map\":[\"\"]}',NULL),(861,'{\"map\":[\"\"]}',NULL),(862,'{\"map\":[\"\"]}',NULL),(863,'{\"map\":[\"\"]}',NULL),(864,'{\"map\":[\"\"]}',NULL),(865,'{\"map\":[\"\"]}',NULL),(866,'{\"map\":[\"\"]}',NULL),(867,'{\"map\":[\"\"]}',NULL),(868,'{\"map\":[\"\"]}',NULL),(869,'{\"map\":[\"\"]}',NULL),(870,'{\"map\":[\"\"]}',NULL),(871,'{\"map\":[\"\"]}',NULL),(872,'{\"map\":[\"\"]}',NULL),(873,'{\"map\":[\"\"]}',NULL),(874,'{\"map\":[\"\"]}',NULL),(875,'{\"map\":[\"\"]}',NULL),(876,'{\"map\":[\"\"]}',NULL),(877,'{\"map\":[\"\"]}',NULL),(878,'{\"map\":[\"\"]}',NULL),(879,'{\"map\":[\"\"]}',NULL),(880,'{\"map\":[\"\"]}',NULL),(881,'{\"map\":[\"\"]}',NULL),(882,'{\"map\":[\"\"]}',NULL),(883,'{\"map\":[\"\"]}',NULL),(884,'{\"map\":[\"\"]}',NULL),(885,'{\"map\":[\"\"]}',NULL),(886,'{\"map\":[\"\"]}',NULL),(887,'{\"map\":[\"\"]}',NULL),(888,'{\"map\":[\"\"]}',NULL),(889,'{\"map\":[\"\"]}',NULL),(890,'{\"map\":[\"\"]}',NULL),(891,'{\"map\":[\"\"]}',NULL),(892,'{\"map\":[\"\"]}',NULL),(893,'{\"map\":[\"\"]}',NULL),(894,'{\"map\":[\"\"]}',NULL),(895,'{\"map\":[\"\"]}',NULL),(896,'{\"map\":[\"\"]}',NULL),(897,'{\"map\":[\"\"]}',NULL),(898,'{\"map\":[\"\"]}',NULL),(899,'{\"map\":[\"\"]}',NULL),(900,'{\"map\":[\"\"]}',NULL),(901,'{\"map\":[\"\"]}',NULL),(902,'{\"map\":[\"\"]}',NULL),(903,'{\"map\":[\"\"]}',NULL),(904,'{\"map\":[\"\"]}',NULL),(905,'{\"map\":[\"\"]}',NULL),(906,'{\"map\":[\"\"]}',NULL),(907,'{\"map\":[\"\"]}',NULL),(908,'{\"map\":[\"\"]}',NULL),(909,'{\"map\":[\"\"]}',NULL),(910,'{\"map\":[\"\"]}',NULL),(911,'{\"map\":[\"\"]}',NULL),(912,'{\"map\":[\"\"]}',NULL),(913,'{\"map\":[\"\"]}',NULL),(914,'{\"map\":[\"\"]}',NULL),(915,'{\"map\":[\"\"]}',NULL),(916,'{\"map\":[\"\"]}',NULL),(917,'{\"map\":[\"\"]}',NULL),(918,'{\"map\":[\"\"]}',NULL),(919,'{\"map\":[\"\"]}',NULL),(920,'{\"map\":[\"\"]}',NULL),(921,'{\"map\":[\"\"]}',NULL),(922,'{\"map\":[\"\"]}',NULL),(923,'{\"map\":[\"\"]}',NULL),(924,'{\"map\":[\"\"]}',NULL),(925,'{\"map\":[\"\"]}',NULL),(926,'{\"map\":[\"\"]}',NULL),(927,'{\"map\":[\"\"]}',NULL),(928,'{\"map\":[\"\"]}',NULL),(929,'{\"map\":[\"\"]}',NULL),(930,'{\"map\":[\"\"]}',NULL),(931,'{\"map\":[\"\"]}',NULL);
/*!40000 ALTER TABLE `BATCH_STEP_EXECUTION_CONTEXT` ENABLE KEYS */;
UNLOCK TABLES;

--
-- Table structure for table `BATCH_STEP_EXECUTION_SEQ`
--

DROP TABLE IF EXISTS `BATCH_STEP_EXECUTION_SEQ`;
/*!40101 SET @saved_cs_client     = @@character_set_client */;
/*!40101 SET character_set_client = utf8 */;
CREATE TABLE `BATCH_STEP_EXECUTION_SEQ` (
  `id` bigint(20) NOT NULL
) ENGINE=MyISAM DEFAULT CHARSET=utf8;
/*!40101 SET character_set_client = @saved_cs_client */;

--
-- Dumping data for table `BATCH_STEP_EXECUTION_SEQ`
--

LOCK TABLES `BATCH_STEP_EXECUTION_SEQ` WRITE;
/*!40000 ALTER TABLE `BATCH_STEP_EXECUTION_SEQ` DISABLE KEYS */;
INSERT INTO `BATCH_STEP_EXECUTION_SEQ` VALUES (931);
/*!40000 ALTER TABLE `BATCH_STEP_EXECUTION_SEQ` ENABLE KEYS */;
UNLOCK TABLES;

--
-- Table structure for table `QRTZ_BLOB_TRIGGERS`
--

DROP TABLE IF EXISTS `QRTZ_BLOB_TRIGGERS`;
/*!40101 SET @saved_cs_client     = @@character_set_client */;
/*!40101 SET character_set_client = utf8 */;
CREATE TABLE `QRTZ_BLOB_TRIGGERS` (
  `trigger_name` varchar(200) NOT NULL,
  `trigger_group` varchar(200) NOT NULL,
  `blob_data` blob,
  PRIMARY KEY (`trigger_name`,`trigger_group`),
  CONSTRAINT `qrtz_blob_triggers_ibfk_1` FOREIGN KEY (`trigger_name`, `trigger_group`) REFERENCES `qrtz_triggers` (`trigger_name`, `trigger_group`)
) ENGINE=InnoDB DEFAULT CHARSET=utf8;
/*!40101 SET character_set_client = @saved_cs_client */;

--
-- Dumping data for table `QRTZ_BLOB_TRIGGERS`
--

LOCK TABLES `QRTZ_BLOB_TRIGGERS` WRITE;
/*!40000 ALTER TABLE `QRTZ_BLOB_TRIGGERS` DISABLE KEYS */;
/*!40000 ALTER TABLE `QRTZ_BLOB_TRIGGERS` ENABLE KEYS */;
UNLOCK TABLES;

--
-- Table structure for table `QRTZ_CALENDARS`
--

DROP TABLE IF EXISTS `QRTZ_CALENDARS`;
/*!40101 SET @saved_cs_client     = @@character_set_client */;
/*!40101 SET character_set_client = utf8 */;
CREATE TABLE `QRTZ_CALENDARS` (
  `calendar_name` varchar(200) NOT NULL,
  `calendar` blob NOT NULL,
  PRIMARY KEY (`calendar_name`)
) ENGINE=InnoDB DEFAULT CHARSET=utf8;
/*!40101 SET character_set_client = @saved_cs_client */;

--
-- Dumping data for table `QRTZ_CALENDARS`
--

LOCK TABLES `QRTZ_CALENDARS` WRITE;
/*!40000 ALTER TABLE `QRTZ_CALENDARS` DISABLE KEYS */;
/*!40000 ALTER TABLE `QRTZ_CALENDARS` ENABLE KEYS */;
UNLOCK TABLES;

--
-- Table structure for table `QRTZ_CRON_TRIGGERS`
--

DROP TABLE IF EXISTS `QRTZ_CRON_TRIGGERS`;
/*!40101 SET @saved_cs_client     = @@character_set_client */;
/*!40101 SET character_set_client = utf8 */;
CREATE TABLE `QRTZ_CRON_TRIGGERS` (
  `trigger_name` varchar(200) NOT NULL,
  `trigger_group` varchar(200) NOT NULL,
  `cron_expression` varchar(200) NOT NULL,
  `time_zone_id` varchar(80) DEFAULT NULL,
  PRIMARY KEY (`trigger_name`,`trigger_group`),
  CONSTRAINT `qrtz_cron_triggers_ibfk_1` FOREIGN KEY (`trigger_name`, `trigger_group`) REFERENCES `qrtz_triggers` (`trigger_name`, `trigger_group`)
) ENGINE=InnoDB DEFAULT CHARSET=utf8;
/*!40101 SET character_set_client = @saved_cs_client */;

--
-- Dumping data for table `QRTZ_CRON_TRIGGERS`
--

LOCK TABLES `QRTZ_CRON_TRIGGERS` WRITE;
/*!40000 ALTER TABLE `QRTZ_CRON_TRIGGERS` DISABLE KEYS */;
/*!40000 ALTER TABLE `QRTZ_CRON_TRIGGERS` ENABLE KEYS */;
UNLOCK TABLES;

--
-- Table structure for table `QRTZ_FIRED_TRIGGERS`
--

DROP TABLE IF EXISTS `QRTZ_FIRED_TRIGGERS`;
/*!40101 SET @saved_cs_client     = @@character_set_client */;
/*!40101 SET character_set_client = utf8 */;
CREATE TABLE `QRTZ_FIRED_TRIGGERS` (
  `entry_id` varchar(95) NOT NULL,
  `trigger_name` varchar(200) NOT NULL,
  `trigger_group` varchar(200) NOT NULL,
  `is_volatile` varchar(1) NOT NULL,
  `instance_name` varchar(200) NOT NULL,
  `fired_time` bigint(13) NOT NULL,
  `priority` int(11) NOT NULL,
  `state` varchar(16) NOT NULL,
  `job_name` varchar(200) DEFAULT NULL,
  `job_group` varchar(200) DEFAULT NULL,
  `is_stateful` varchar(1) DEFAULT NULL,
  `requests_recovery` varchar(1) DEFAULT NULL,
  PRIMARY KEY (`entry_id`)
) ENGINE=InnoDB DEFAULT CHARSET=utf8;
/*!40101 SET character_set_client = @saved_cs_client */;

--
-- Dumping data for table `QRTZ_FIRED_TRIGGERS`
--

LOCK TABLES `QRTZ_FIRED_TRIGGERS` WRITE;
/*!40000 ALTER TABLE `QRTZ_FIRED_TRIGGERS` DISABLE KEYS */;
/*!40000 ALTER TABLE `QRTZ_FIRED_TRIGGERS` ENABLE KEYS */;
UNLOCK TABLES;

--
-- Table structure for table `QRTZ_JOB_DETAILS`
--

DROP TABLE IF EXISTS `QRTZ_JOB_DETAILS`;
/*!40101 SET @saved_cs_client     = @@character_set_client */;
/*!40101 SET character_set_client = utf8 */;
CREATE TABLE `QRTZ_JOB_DETAILS` (
  `job_name` varchar(200) NOT NULL,
  `job_group` varchar(200) NOT NULL,
  `description` varchar(250) DEFAULT NULL,
  `job_class_name` varchar(250) NOT NULL,
  `is_durable` varchar(1) NOT NULL,
  `is_volatile` varchar(1) NOT NULL,
  `is_stateful` varchar(1) NOT NULL,
  `requests_recovery` varchar(1) NOT NULL,
  `job_data` blob,
  PRIMARY KEY (`job_name`,`job_group`)
) ENGINE=InnoDB DEFAULT CHARSET=utf8;
/*!40101 SET character_set_client = @saved_cs_client */;

--
-- Dumping data for table `QRTZ_JOB_DETAILS`
--

LOCK TABLES `QRTZ_JOB_DETAILS` WRITE;
/*!40000 ALTER TABLE `QRTZ_JOB_DETAILS` DISABLE KEYS */;
/*!40000 ALTER TABLE `QRTZ_JOB_DETAILS` ENABLE KEYS */;
UNLOCK TABLES;

--
-- Table structure for table `QRTZ_JOB_LISTENERS`
--

DROP TABLE IF EXISTS `QRTZ_JOB_LISTENERS`;
/*!40101 SET @saved_cs_client     = @@character_set_client */;
/*!40101 SET character_set_client = utf8 */;
CREATE TABLE `QRTZ_JOB_LISTENERS` (
  `job_name` varchar(200) NOT NULL,
  `job_group` varchar(200) NOT NULL,
  `job_listener` varchar(200) NOT NULL,
  PRIMARY KEY (`job_name`,`job_group`,`job_listener`),
  CONSTRAINT `qrtz_job_listeners_ibfk_1` FOREIGN KEY (`job_name`, `job_group`) REFERENCES `qrtz_job_details` (`job_name`, `job_group`)
) ENGINE=InnoDB DEFAULT CHARSET=utf8;
/*!40101 SET character_set_client = @saved_cs_client */;

--
-- Dumping data for table `QRTZ_JOB_LISTENERS`
--

LOCK TABLES `QRTZ_JOB_LISTENERS` WRITE;
/*!40000 ALTER TABLE `QRTZ_JOB_LISTENERS` DISABLE KEYS */;
/*!40000 ALTER TABLE `QRTZ_JOB_LISTENERS` ENABLE KEYS */;
UNLOCK TABLES;

--
-- Table structure for table `QRTZ_LOCKS`
--

DROP TABLE IF EXISTS `QRTZ_LOCKS`;
/*!40101 SET @saved_cs_client     = @@character_set_client */;
/*!40101 SET character_set_client = utf8 */;
CREATE TABLE `QRTZ_LOCKS` (
  `lock_name` varchar(40) NOT NULL,
  PRIMARY KEY (`lock_name`)
) ENGINE=InnoDB DEFAULT CHARSET=utf8;
/*!40101 SET character_set_client = @saved_cs_client */;

--
-- Dumping data for table `QRTZ_LOCKS`
--

LOCK TABLES `QRTZ_LOCKS` WRITE;
/*!40000 ALTER TABLE `QRTZ_LOCKS` DISABLE KEYS */;
INSERT INTO `QRTZ_LOCKS` VALUES ('CALENDAR_ACCESS'),('JOB_ACCESS'),('MISFIRE_ACCESS'),('STATE_ACCESS'),('TRIGGER_ACCESS');
/*!40000 ALTER TABLE `QRTZ_LOCKS` ENABLE KEYS */;
UNLOCK TABLES;

--
-- Table structure for table `QRTZ_PAUSED_TRIGGER_GRPS`
--

DROP TABLE IF EXISTS `QRTZ_PAUSED_TRIGGER_GRPS`;
/*!40101 SET @saved_cs_client     = @@character_set_client */;
/*!40101 SET character_set_client = utf8 */;
CREATE TABLE `QRTZ_PAUSED_TRIGGER_GRPS` (
  `trigger_group` varchar(200) NOT NULL,
  PRIMARY KEY (`trigger_group`)
) ENGINE=InnoDB DEFAULT CHARSET=utf8;
/*!40101 SET character_set_client = @saved_cs_client */;

--
-- Dumping data for table `QRTZ_PAUSED_TRIGGER_GRPS`
--

LOCK TABLES `QRTZ_PAUSED_TRIGGER_GRPS` WRITE;
/*!40000 ALTER TABLE `QRTZ_PAUSED_TRIGGER_GRPS` DISABLE KEYS */;
/*!40000 ALTER TABLE `QRTZ_PAUSED_TRIGGER_GRPS` ENABLE KEYS */;
UNLOCK TABLES;

--
-- Table structure for table `QRTZ_SCHEDULER_STATE`
--

DROP TABLE IF EXISTS `QRTZ_SCHEDULER_STATE`;
/*!40101 SET @saved_cs_client     = @@character_set_client */;
/*!40101 SET character_set_client = utf8 */;
CREATE TABLE `QRTZ_SCHEDULER_STATE` (
  `instance_name` varchar(200) NOT NULL,
  `last_checkin_time` bigint(13) NOT NULL,
  `checkin_interval` bigint(13) NOT NULL,
  PRIMARY KEY (`instance_name`)
) ENGINE=InnoDB DEFAULT CHARSET=utf8;
/*!40101 SET character_set_client = @saved_cs_client */;

--
-- Dumping data for table `QRTZ_SCHEDULER_STATE`
--

LOCK TABLES `QRTZ_SCHEDULER_STATE` WRITE;
/*!40000 ALTER TABLE `QRTZ_SCHEDULER_STATE` DISABLE KEYS */;
/*!40000 ALTER TABLE `QRTZ_SCHEDULER_STATE` ENABLE KEYS */;
UNLOCK TABLES;

--
-- Table structure for table `QRTZ_SIMPLE_TRIGGERS`
--

DROP TABLE IF EXISTS `QRTZ_SIMPLE_TRIGGERS`;
/*!40101 SET @saved_cs_client     = @@character_set_client */;
/*!40101 SET character_set_client = utf8 */;
CREATE TABLE `QRTZ_SIMPLE_TRIGGERS` (
  `trigger_name` varchar(200) NOT NULL,
  `trigger_group` varchar(200) NOT NULL,
  `repeat_count` bigint(7) NOT NULL,
  `repeat_interval` bigint(12) NOT NULL,
  `times_triggered` bigint(10) NOT NULL,
  PRIMARY KEY (`trigger_name`,`trigger_group`),
  CONSTRAINT `qrtz_simple_triggers_ibfk_1` FOREIGN KEY (`trigger_name`, `trigger_group`) REFERENCES `qrtz_triggers` (`trigger_name`, `trigger_group`)
) ENGINE=InnoDB DEFAULT CHARSET=utf8;
/*!40101 SET character_set_client = @saved_cs_client */;

--
-- Dumping data for table `QRTZ_SIMPLE_TRIGGERS`
--

LOCK TABLES `QRTZ_SIMPLE_TRIGGERS` WRITE;
/*!40000 ALTER TABLE `QRTZ_SIMPLE_TRIGGERS` DISABLE KEYS */;
/*!40000 ALTER TABLE `QRTZ_SIMPLE_TRIGGERS` ENABLE KEYS */;
UNLOCK TABLES;

--
-- Table structure for table `QRTZ_TRIGGERS`
--

DROP TABLE IF EXISTS `QRTZ_TRIGGERS`;
/*!40101 SET @saved_cs_client     = @@character_set_client */;
/*!40101 SET character_set_client = utf8 */;
CREATE TABLE `QRTZ_TRIGGERS` (
  `trigger_name` varchar(200) NOT NULL,
  `trigger_group` varchar(200) NOT NULL,
  `job_name` varchar(200) NOT NULL,
  `job_group` varchar(200) NOT NULL,
  `is_volatile` varchar(1) NOT NULL,
  `description` varchar(250) DEFAULT NULL,
  `next_fire_time` bigint(13) DEFAULT NULL,
  `prev_fire_time` bigint(13) DEFAULT NULL,
  `priority` int(11) DEFAULT NULL,
  `trigger_state` varchar(16) NOT NULL,
  `trigger_type` varchar(8) NOT NULL,
  `start_time` bigint(13) NOT NULL,
  `end_time` bigint(13) DEFAULT NULL,
  `calendar_name` varchar(200) DEFAULT NULL,
  `misfire_instr` smallint(2) DEFAULT NULL,
  `job_data` blob,
  PRIMARY KEY (`trigger_name`,`trigger_group`),
  KEY `job_name` (`job_name`,`job_group`),
  CONSTRAINT `qrtz_triggers_ibfk_1` FOREIGN KEY (`job_name`, `job_group`) REFERENCES `qrtz_job_details` (`job_name`, `job_group`)
) ENGINE=InnoDB DEFAULT CHARSET=utf8;
/*!40101 SET character_set_client = @saved_cs_client */;

--
-- Dumping data for table `QRTZ_TRIGGERS`
--

LOCK TABLES `QRTZ_TRIGGERS` WRITE;
/*!40000 ALTER TABLE `QRTZ_TRIGGERS` DISABLE KEYS */;
/*!40000 ALTER TABLE `QRTZ_TRIGGERS` ENABLE KEYS */;
UNLOCK TABLES;

--
-- Table structure for table `QRTZ_TRIGGER_LISTENERS`
--

DROP TABLE IF EXISTS `QRTZ_TRIGGER_LISTENERS`;
/*!40101 SET @saved_cs_client     = @@character_set_client */;
/*!40101 SET character_set_client = utf8 */;
CREATE TABLE `QRTZ_TRIGGER_LISTENERS` (
  `trigger_name` varchar(200) NOT NULL,
  `trigger_group` varchar(200) NOT NULL,
  `trigger_listener` varchar(200) NOT NULL,
  PRIMARY KEY (`trigger_name`,`trigger_group`,`trigger_listener`),
  CONSTRAINT `qrtz_trigger_listeners_ibfk_1` FOREIGN KEY (`trigger_name`, `trigger_group`) REFERENCES `qrtz_triggers` (`trigger_name`, `trigger_group`)
) ENGINE=InnoDB DEFAULT CHARSET=utf8;
/*!40101 SET character_set_client = @saved_cs_client */;

--
-- Dumping data for table `QRTZ_TRIGGER_LISTENERS`
--

LOCK TABLES `QRTZ_TRIGGER_LISTENERS` WRITE;
/*!40000 ALTER TABLE `QRTZ_TRIGGER_LISTENERS` DISABLE KEYS */;
/*!40000 ALTER TABLE `QRTZ_TRIGGER_LISTENERS` ENABLE KEYS */;
UNLOCK TABLES;

--
-- Table structure for table `accepted_payment_type`
--

DROP TABLE IF EXISTS `accepted_payment_type`;
/*!40101 SET @saved_cs_client     = @@character_set_client */;
/*!40101 SET character_set_client = utf8 */;
CREATE TABLE `accepted_payment_type` (
  `accepted_payment_type_id` smallint(6) NOT NULL AUTO_INCREMENT,
  `transaction_id` smallint(6) NOT NULL,
  `payment_type_id` smallint(6) NOT NULL,
  PRIMARY KEY (`accepted_payment_type_id`),
  KEY `transaction_id` (`transaction_id`),
  KEY `payment_type_id` (`payment_type_id`),
  CONSTRAINT `accepted_payment_type_ibfk_1` FOREIGN KEY (`transaction_id`) REFERENCES `transaction_type` (`transaction_id`) ON DELETE NO ACTION ON UPDATE NO ACTION,
  CONSTRAINT `accepted_payment_type_ibfk_2` FOREIGN KEY (`payment_type_id`) REFERENCES `payment_type` (`payment_type_id`) ON DELETE NO ACTION ON UPDATE NO ACTION
) ENGINE=InnoDB AUTO_INCREMENT=6 DEFAULT CHARSET=utf8;
/*!40101 SET character_set_client = @saved_cs_client */;

--
-- Dumping data for table `accepted_payment_type`
--

LOCK TABLES `accepted_payment_type` WRITE;
/*!40000 ALTER TABLE `accepted_payment_type` DISABLE KEYS */;
INSERT INTO `accepted_payment_type` VALUES (1,1,1),(2,2,1),(3,3,1),(4,4,1),(5,5,1);
/*!40000 ALTER TABLE `accepted_payment_type` ENABLE KEYS */;
UNLOCK TABLES;

--
-- Table structure for table `account`
--

DROP TABLE IF EXISTS `account`;
/*!40101 SET @saved_cs_client     = @@character_set_client */;
/*!40101 SET character_set_client = utf8 */;
CREATE TABLE `account` (
  `account_id` int(11) NOT NULL AUTO_INCREMENT,
  `global_account_num` varchar(100) DEFAULT NULL,
  `customer_id` int(11) DEFAULT NULL,
  `account_state_id` smallint(6) DEFAULT NULL,
  `account_type_id` smallint(6) NOT NULL,
  `office_id` smallint(6) DEFAULT NULL,
  `personnel_id` smallint(6) DEFAULT NULL,
  `created_by` smallint(6) NOT NULL,
  `created_date` date NOT NULL,
  `updated_by` smallint(6) DEFAULT NULL,
  `updated_date` date DEFAULT NULL,
  `closed_date` date DEFAULT NULL,
  `version_no` int(11) DEFAULT NULL,
  `offsetting_allowable` smallint(6) NOT NULL,
  `external_id` varchar(100) DEFAULT NULL,
  PRIMARY KEY (`account_id`),
  UNIQUE KEY `account_global_idx` (`global_account_num`),
  KEY `account_state_id` (`account_state_id`),
  KEY `account_type_id` (`account_type_id`),
  KEY `personnel_id` (`personnel_id`),
  KEY `office_id` (`office_id`),
  KEY `customer_id_account_idx` (`customer_id`),
  CONSTRAINT `account_ibfk_1` FOREIGN KEY (`account_state_id`) REFERENCES `account_state` (`account_state_id`) ON DELETE NO ACTION ON UPDATE NO ACTION,
  CONSTRAINT `account_ibfk_2` FOREIGN KEY (`account_type_id`) REFERENCES `account_type` (`account_type_id`) ON DELETE NO ACTION ON UPDATE NO ACTION,
  CONSTRAINT `account_ibfk_3` FOREIGN KEY (`customer_id`) REFERENCES `customer` (`customer_id`) ON DELETE NO ACTION ON UPDATE NO ACTION,
  CONSTRAINT `account_ibfk_4` FOREIGN KEY (`personnel_id`) REFERENCES `personnel` (`personnel_id`) ON DELETE NO ACTION ON UPDATE NO ACTION,
  CONSTRAINT `account_ibfk_5` FOREIGN KEY (`office_id`) REFERENCES `office` (`office_id`) ON DELETE NO ACTION ON UPDATE NO ACTION
) ENGINE=InnoDB AUTO_INCREMENT=125 DEFAULT CHARSET=utf8;
/*!40101 SET character_set_client = @saved_cs_client */;

--
-- Dumping data for table `account`
--

LOCK TABLES `account` WRITE;
/*!40000 ALTER TABLE `account` DISABLE KEYS */;
INSERT INTO `account` VALUES (1,'000100000000001',1,11,3,3,3,1,'2010-07-01',NULL,NULL,NULL,3,1,NULL),(2,'000100000000002',2,11,3,3,3,1,'2010-07-02',NULL,NULL,NULL,4,1,NULL),(3,'000100000000003',3,11,3,3,3,1,'2010-07-02',NULL,NULL,NULL,4,1,NULL),(4,'000100000000004',3,7,1,3,3,1,'2010-07-02',1,'2010-07-18','2010-07-18',8,1,''),(5,'000100000000005',4,11,3,3,3,1,'2010-07-02',NULL,NULL,NULL,4,1,NULL),(6,'000100000000006',4,16,2,3,3,1,'2010-07-02',1,'2010-11-15',NULL,14,1,NULL),(7,'000100000000007',3,17,2,3,3,1,'2010-07-02',1,'2010-07-21','2010-07-21',4,1,NULL),(8,'000100000000008',4,3,1,3,3,1,'2010-07-02',1,'2010-07-02',NULL,2,1,''),(9,'000100000000009',5,11,3,3,3,1,'2010-07-02',NULL,NULL,NULL,4,1,NULL),(10,'000100000000010',6,11,3,3,3,1,'2010-07-03',NULL,NULL,NULL,4,1,NULL),(11,'000100000000011',6,16,2,3,3,1,'2010-07-03',1,'2010-11-15',NULL,18,1,NULL),(12,'000100000000012',7,11,3,3,3,1,'2010-07-03',NULL,NULL,NULL,4,1,NULL),(13,'000100000000013',7,16,2,3,3,1,'2010-07-03',1,'2010-11-15',NULL,11,1,NULL),(14,'000100000000014',7,16,2,3,3,1,'2010-07-03',1,'2010-11-15',NULL,14,1,NULL),(15,'000100000000015',6,3,1,3,3,1,'2010-07-04',1,'2010-07-04',NULL,2,1,''),(16,'000100000000016',7,3,1,3,3,1,'2010-07-04',1,'2010-07-05',NULL,2,1,''),(17,'000100000000017',3,17,2,3,3,1,'2010-07-05',1,'2010-07-05','2010-07-05',4,1,NULL),(18,'000100000000018',8,11,3,3,3,1,'2010-07-05',NULL,NULL,NULL,4,1,NULL),(19,'000100000000019',9,11,3,3,3,1,'2010-07-05',NULL,NULL,NULL,4,1,NULL),(20,'000100000000020',9,17,2,3,3,1,'2010-07-05',1,'2010-07-05','2010-07-05',9,1,NULL),(21,'000100000000021',3,10,1,3,3,1,'2010-07-18',1,'2010-07-18','2010-07-18',8,1,''),(22,'000100000000022',10,11,3,3,4,1,'2010-07-18',NULL,NULL,NULL,4,1,NULL),(23,'000100000000023',10,3,1,3,4,1,'2010-07-18',1,'2010-07-18',NULL,2,1,''),(24,'000100000000024',10,18,2,3,4,1,'2010-07-18',1,'2010-11-15',NULL,14,1,NULL),(25,'000100000000025',11,11,3,4,5,1,'2010-07-20',NULL,NULL,NULL,3,1,NULL),(26,'000100000000026',12,11,3,4,5,1,'2010-07-20',NULL,NULL,NULL,4,1,NULL),(27,'000100000000027',13,11,3,4,5,1,'2010-07-20',NULL,NULL,NULL,4,1,NULL),(28,'000100000000028',14,11,3,4,5,1,'2010-07-20',NULL,NULL,NULL,3,1,NULL),(29,'000100000000029',15,11,3,4,5,1,'2010-07-20',NULL,NULL,NULL,3,1,NULL),(30,'000100000000030',13,16,2,4,5,1,'2010-07-21',1,'2010-11-15',NULL,15,1,NULL),(31,'000100000000031',13,14,2,4,5,1,'2010-07-21',NULL,NULL,NULL,1,1,NULL),(32,'000100000000032',13,9,1,4,5,1,'2010-07-21',1,'2010-11-15',NULL,5,1,''),(33,'000100000000033',16,11,3,3,3,1,'2010-07-21',NULL,NULL,NULL,4,1,NULL),(34,'000100000000034',16,17,2,3,3,1,'2010-07-21',1,'2010-07-21','2010-07-21',3,1,NULL),(35,'000100000000035',17,11,3,3,3,1,'2010-07-21',NULL,NULL,NULL,4,1,NULL),(36,'000100000000036',17,17,2,3,3,1,'2010-07-21',1,'2010-07-21','2010-07-21',3,1,NULL),(37,'000100000000037',18,11,3,3,5,1,'2010-07-22',NULL,NULL,NULL,5,1,NULL),(38,'000100000000038',18,6,1,3,5,1,'2010-07-22',1,'2010-07-24','2010-07-24',5,1,''),(39,'000100000000039',19,11,3,3,4,1,'2010-07-22',NULL,NULL,NULL,3,1,NULL),(40,'000100000000040',20,11,3,3,4,1,'2010-07-22',NULL,NULL,NULL,4,1,NULL),(41,'000100000000041',21,11,3,3,4,1,'2010-07-22',NULL,NULL,NULL,4,1,NULL),(42,'000100000000042',22,11,3,3,4,1,'2010-07-22',NULL,NULL,NULL,4,1,NULL),(43,'000100000000043',23,11,3,3,3,1,'2010-07-22',NULL,NULL,NULL,4,1,NULL),(44,'000100000000044',23,7,1,3,3,1,'2010-07-22',1,'2010-07-23','2010-07-23',4,1,''),(45,'000100000000045',24,11,3,3,3,1,'2010-07-22',NULL,NULL,NULL,4,1,NULL),(46,'000100000000046',24,17,2,3,3,1,'2010-07-22',1,'2010-07-23','2010-07-23',4,1,NULL),(47,'000100000000047',18,17,2,3,5,1,'2010-07-25',1,'2010-07-25','2010-07-25',4,1,NULL),(48,'000100000000048',25,11,3,3,3,1,'2010-07-25',NULL,NULL,NULL,2,1,NULL),(49,'000100000000049',26,11,3,3,3,1,'2010-07-25',NULL,NULL,NULL,3,1,NULL),(50,'000100000000050',27,11,3,3,4,1,'2010-07-25',NULL,NULL,NULL,3,1,NULL),(51,'000100000000051',28,11,3,3,3,1,'2010-07-25',NULL,NULL,NULL,3,1,NULL),(52,'000100000000052',28,16,2,3,3,1,'2010-07-25',1,'2010-11-15',NULL,13,1,NULL),(53,'000100000000053',28,3,1,3,3,1,'2010-07-25',1,'2010-07-25',NULL,2,1,''),(54,'000100000000054',29,11,3,4,5,1,'2010-07-25',NULL,NULL,NULL,3,1,NULL),(55,'000100000000055',29,3,1,4,5,1,'2010-07-25',1,'2010-07-25',NULL,2,1,''),(56,'000100000000056',29,16,2,4,5,1,'2010-07-25',1,'2010-11-15',NULL,14,1,NULL),(57,'000100000000057',30,11,3,4,5,1,'2010-07-25',NULL,NULL,NULL,3,1,NULL),(58,'000100000000058',30,16,2,4,5,1,'2010-07-25',1,'2010-11-15',NULL,14,1,NULL),(59,'000100000000059',30,3,1,4,5,1,'2010-07-25',1,'2010-07-25',NULL,2,1,''),(60,'000100000000060',31,11,3,4,5,1,'2010-07-25',NULL,NULL,NULL,2,1,NULL),(61,'000100000000061',31,16,2,4,5,1,'2010-07-25',1,'2010-11-15',NULL,8,1,NULL),(62,'000100000000062',32,11,3,3,3,1,'2010-07-25',NULL,NULL,NULL,2,1,NULL),(63,'000100000000063',33,11,3,3,6,1,'2010-07-25',NULL,NULL,NULL,3,1,NULL),(64,'000100000000064',33,16,2,3,6,1,'2010-07-25',1,'2010-11-15',NULL,14,1,NULL),(65,'000100000000065',34,11,3,3,6,1,'2010-07-25',NULL,NULL,NULL,3,1,NULL),(66,'000100000000066',34,3,1,3,6,1,'2010-07-25',1,'2010-07-25',NULL,2,1,''),(67,'000100000000067',32,16,2,3,4,1,'2010-07-28',1,'2010-11-15',NULL,9,1,NULL),(68,'000100000000068',35,11,3,3,3,1,'2010-07-29',NULL,NULL,NULL,3,1,NULL),(69,'000100000000069',36,11,3,3,3,1,'2010-07-29',NULL,NULL,NULL,3,1,NULL),(70,'000100000000070',37,11,3,3,3,1,'2010-07-29',NULL,NULL,NULL,3,1,NULL),(71,'000100000000071',38,11,3,3,3,1,'2010-07-29',NULL,NULL,NULL,3,1,NULL),(72,'000100000000072',39,11,3,3,3,1,'2010-07-29',NULL,NULL,NULL,2,1,NULL),(73,'000100000000073',40,11,3,3,3,1,'2010-07-29',NULL,NULL,NULL,2,1,NULL),(74,'000100000000074',41,11,3,3,3,1,'2010-07-29',NULL,NULL,NULL,1,1,NULL),(75,'000100000000075',42,11,3,3,3,1,'2010-07-29',NULL,NULL,NULL,3,1,NULL),(76,'000100000000076',42,16,2,3,3,1,'2010-07-29',1,'2010-11-15',NULL,11,1,NULL),(77,'000100000000077',43,11,3,3,4,1,'2010-07-29',NULL,NULL,NULL,3,1,NULL),(78,'000100000000078',43,3,1,3,4,1,'2010-07-29',1,'2010-07-29',NULL,2,1,''),(79,'000100000000079',44,11,3,3,4,1,'2010-07-29',NULL,NULL,NULL,4,1,NULL),(80,'000100000000080',44,16,2,3,4,1,'2010-07-29',1,'2010-11-15',NULL,9,1,NULL),(81,'000100000000081',45,11,3,3,3,1,'2010-07-29',NULL,NULL,NULL,2,1,NULL),(82,'000100000000082',45,16,2,3,3,1,'2010-07-29',1,'2010-11-15',NULL,11,1,NULL),(83,'000100000000083',46,11,3,3,3,1,'2010-07-29',NULL,NULL,NULL,2,1,NULL),(84,'000100000000084',46,17,2,3,3,1,'2010-07-29',1,'2010-07-31','2010-07-31',3,1,NULL),(85,'000100000000085',47,11,3,3,3,1,'2010-07-29',NULL,NULL,NULL,2,1,NULL),(86,'000100000000086',47,10,1,3,3,1,'2010-07-29',1,'2010-07-31','2010-07-31',3,1,''),(87,'000100000000087',48,11,3,3,3,1,'2010-07-31',NULL,NULL,NULL,3,1,NULL),(88,'000100000000088',48,16,2,3,3,1,'2010-07-31',1,'2010-11-15',NULL,8,1,NULL),(89,'000100000000089',49,11,3,3,3,1,'2010-08-01',NULL,NULL,NULL,3,1,NULL),(90,'000100000000090',50,11,3,3,3,1,'2010-08-01',NULL,NULL,NULL,3,1,NULL),(91,'000100000000091',50,3,1,3,3,1,'2010-08-01',1,'2010-08-01',NULL,2,1,''),(92,'000100000000092',51,11,3,3,3,1,'2010-08-01',NULL,NULL,NULL,3,1,NULL),(93,'000100000000093',51,17,2,3,3,1,'2010-08-01',1,'2010-08-03','2010-08-03',2,1,NULL),(94,'000100000000094',52,11,3,3,6,1,'2010-08-01',NULL,NULL,NULL,3,1,NULL),(95,'000100000000095',52,17,2,3,6,1,'2010-08-01',1,'2010-08-07','2010-08-07',4,1,NULL),(96,'000100000000096',53,11,3,3,3,1,'2010-08-04',NULL,NULL,NULL,3,1,NULL),(97,'000100000000097',54,11,3,3,3,1,'2010-08-04',NULL,NULL,NULL,3,1,NULL),(98,'000100000000098',55,11,3,3,3,1,'2010-08-07',NULL,NULL,NULL,2,1,NULL),(99,'000100000000099',56,11,3,3,3,1,'2010-08-07',NULL,NULL,NULL,3,1,NULL),(100,'000100000000100',56,17,2,3,3,1,'2010-08-07',1,'2010-08-10','2010-08-10',3,1,NULL),(101,'000100000000101',57,11,3,3,3,1,'2010-08-07',NULL,NULL,NULL,2,1,NULL),(102,'000100000000102',57,17,2,3,3,1,'2010-08-07',1,'2010-08-10','2010-08-10',3,1,NULL),(103,'000100000000103',58,11,3,3,3,1,'2010-08-20',NULL,NULL,NULL,3,1,NULL),(104,'000100000000104',59,11,3,3,3,1,'2010-08-20',NULL,NULL,NULL,3,1,NULL),(105,'000100000000105',60,11,3,6,7,1,'2010-08-27',NULL,NULL,NULL,2,1,NULL),(106,'000100000000106',61,11,3,6,7,1,'2010-08-27',NULL,NULL,NULL,3,1,NULL),(107,'000100000000107',62,11,3,6,7,1,'2010-08-27',1,'2010-08-27',NULL,10,1,NULL),(108,'000100000000108',63,11,3,6,7,1,'2010-08-27',NULL,NULL,NULL,3,1,NULL),(109,'000100000000109',63,16,2,6,7,1,'2010-08-27',1,'2010-11-15',NULL,7,1,NULL),(110,'000100000000110',64,11,3,6,7,1,'2010-08-28',NULL,NULL,NULL,2,1,NULL),(111,'000100000000111',65,11,3,6,7,1,'2010-08-28',NULL,NULL,NULL,3,1,NULL),(112,'000100000000112',65,10,1,6,7,1,'2010-08-28',1,'2010-08-28','2010-08-28',9,1,''),(113,'000100000000113',66,11,3,3,4,1,'2010-09-02',NULL,NULL,NULL,2,1,NULL),(114,'000100000000114',67,11,3,3,3,1,'2010-09-03',NULL,NULL,NULL,2,1,NULL),(115,'000100000000115',68,11,3,3,3,1,'2010-09-03',NULL,NULL,NULL,2,1,NULL),(116,'000100000000116',68,17,2,3,3,1,'2010-09-03',1,'2010-09-03','2010-09-03',2,1,NULL),(117,'000100000000117',69,11,3,3,3,1,'2010-09-04',NULL,NULL,NULL,2,1,NULL),(118,'000100000000118',70,11,3,3,3,1,'2010-09-05',NULL,NULL,NULL,2,1,NULL),(119,'000100000000119',71,11,3,3,3,1,'2010-09-05',NULL,NULL,NULL,2,1,NULL),(120,'000100000000120',72,11,3,3,3,1,'2010-09-06',NULL,NULL,NULL,2,1,NULL),(121,'000100000000121',73,11,3,3,4,1,'2010-09-06',NULL,NULL,NULL,1,1,NULL),(122,'000100000000122',74,11,3,4,5,1,'2010-09-06',NULL,NULL,NULL,1,1,NULL),(123,'000100000000123',75,12,3,6,7,1,'2011-01-13',1,'2011-01-13','2011-01-13',2,1,NULL),(124,'000100000000124',76,12,3,6,7,1,'2011-01-13',1,'2011-01-13','2011-01-13',3,1,NULL);
/*!40000 ALTER TABLE `account` ENABLE KEYS */;
UNLOCK TABLES;

--
-- Table structure for table `account_action`
--

DROP TABLE IF EXISTS `account_action`;
/*!40101 SET @saved_cs_client     = @@character_set_client */;
/*!40101 SET character_set_client = utf8 */;
CREATE TABLE `account_action` (
  `account_action_id` smallint(6) NOT NULL,
  `lookup_id` int(11) NOT NULL,
  PRIMARY KEY (`account_action_id`),
  KEY `lookup_id` (`lookup_id`),
  CONSTRAINT `account_action_ibfk_1` FOREIGN KEY (`lookup_id`) REFERENCES `lookup_value` (`lookup_id`) ON DELETE NO ACTION ON UPDATE NO ACTION
) ENGINE=InnoDB DEFAULT CHARSET=utf8;
/*!40101 SET character_set_client = @saved_cs_client */;

--
-- Dumping data for table `account_action`
--

LOCK TABLES `account_action` WRITE;
/*!40000 ALTER TABLE `account_action` DISABLE KEYS */;
INSERT INTO `account_action` VALUES (1,167),(2,168),(3,169),(4,170),(5,171),(6,172),(7,173),(8,191),(9,192),(10,193),(11,214),(12,362),(13,364),(14,366),(15,547),(16,548),(17,549),(18,572),(19,573),(20,610);
/*!40000 ALTER TABLE `account_action` ENABLE KEYS */;
UNLOCK TABLES;

--
-- Table structure for table `account_activity`
--

DROP TABLE IF EXISTS `account_activity`;
/*!40101 SET @saved_cs_client     = @@character_set_client */;
/*!40101 SET character_set_client = utf8 */;
CREATE TABLE `account_activity` (
  `activity_id` int(11) NOT NULL AUTO_INCREMENT,
  `account_id` int(11) NOT NULL,
  `personnel_id` smallint(6) NOT NULL,
  `activity_name` varchar(50) NOT NULL,
  `principal` decimal(21,4) DEFAULT NULL,
  `principal_currency_id` smallint(6) DEFAULT NULL,
  `principal_outstanding` decimal(21,4) DEFAULT NULL,
  `principal_outstanding_currency_id` smallint(6) DEFAULT NULL,
  `interest` decimal(13,10) DEFAULT NULL,
  `interest_currency_id` smallint(6) DEFAULT NULL,
  `interest_outstanding` decimal(13,10) DEFAULT NULL,
  `interest_outstanding_currency_id` smallint(6) DEFAULT NULL,
  `fee` decimal(13,2) DEFAULT NULL,
  `fee_currency_id` smallint(6) DEFAULT NULL,
  `fee_outstanding` decimal(13,2) DEFAULT NULL,
  `fee_outstanding_currency_id` smallint(6) DEFAULT NULL,
  `penalty` decimal(13,10) DEFAULT NULL,
  `penalty_currency_id` smallint(6) DEFAULT NULL,
  `penalty_outstanding` decimal(13,10) DEFAULT NULL,
  `penalty_outstanding_currency_id` smallint(6) DEFAULT NULL,
  PRIMARY KEY (`activity_id`),
  KEY `account_id` (`account_id`),
  KEY `principal_currency_id` (`principal_currency_id`),
  KEY `principal_outstanding_currency_id` (`principal_outstanding_currency_id`),
  KEY `interest_currency_id` (`interest_currency_id`),
  KEY `interest_outstanding_currency_id` (`interest_outstanding_currency_id`),
  KEY `fee_currency_id` (`fee_currency_id`),
  KEY `fee_outstanding_currency_id` (`fee_outstanding_currency_id`),
  KEY `penalty_currency_id` (`penalty_currency_id`),
  KEY `penalty_outstanding_currency_id` (`penalty_outstanding_currency_id`),
  CONSTRAINT `account_activity_ibfk_1` FOREIGN KEY (`account_id`) REFERENCES `account` (`account_id`) ON DELETE NO ACTION ON UPDATE NO ACTION,
  CONSTRAINT `account_activity_ibfk_2` FOREIGN KEY (`principal_currency_id`) REFERENCES `currency` (`currency_id`) ON DELETE NO ACTION ON UPDATE NO ACTION,
  CONSTRAINT `account_activity_ibfk_3` FOREIGN KEY (`principal_outstanding_currency_id`) REFERENCES `currency` (`currency_id`) ON DELETE NO ACTION ON UPDATE NO ACTION,
  CONSTRAINT `account_activity_ibfk_4` FOREIGN KEY (`interest_currency_id`) REFERENCES `currency` (`currency_id`) ON DELETE NO ACTION ON UPDATE NO ACTION,
  CONSTRAINT `account_activity_ibfk_5` FOREIGN KEY (`interest_outstanding_currency_id`) REFERENCES `currency` (`currency_id`) ON DELETE NO ACTION ON UPDATE NO ACTION,
  CONSTRAINT `account_activity_ibfk_6` FOREIGN KEY (`fee_currency_id`) REFERENCES `currency` (`currency_id`) ON DELETE NO ACTION ON UPDATE NO ACTION,
  CONSTRAINT `account_activity_ibfk_7` FOREIGN KEY (`fee_outstanding_currency_id`) REFERENCES `currency` (`currency_id`) ON DELETE NO ACTION ON UPDATE NO ACTION,
  CONSTRAINT `account_activity_ibfk_8` FOREIGN KEY (`penalty_currency_id`) REFERENCES `currency` (`currency_id`) ON DELETE NO ACTION ON UPDATE NO ACTION,
  CONSTRAINT `account_activity_ibfk_9` FOREIGN KEY (`penalty_outstanding_currency_id`) REFERENCES `currency` (`currency_id`) ON DELETE NO ACTION ON UPDATE NO ACTION
) ENGINE=InnoDB DEFAULT CHARSET=utf8;
/*!40101 SET character_set_client = @saved_cs_client */;

--
-- Dumping data for table `account_activity`
--

LOCK TABLES `account_activity` WRITE;
/*!40000 ALTER TABLE `account_activity` DISABLE KEYS */;
/*!40000 ALTER TABLE `account_activity` ENABLE KEYS */;
UNLOCK TABLES;

--
-- Table structure for table `account_custom_field`
--

DROP TABLE IF EXISTS `account_custom_field`;
/*!40101 SET @saved_cs_client     = @@character_set_client */;
/*!40101 SET character_set_client = utf8 */;
CREATE TABLE `account_custom_field` (
  `account_custom_field_id` int(11) NOT NULL AUTO_INCREMENT,
  `account_id` int(11) NOT NULL,
  `field_id` smallint(6) NOT NULL,
  `field_value` varchar(200) DEFAULT NULL,
  PRIMARY KEY (`account_custom_field_id`),
  KEY `field_id` (`field_id`),
  KEY `account_id` (`account_id`),
  CONSTRAINT `account_custom_field_ibfk_1` FOREIGN KEY (`field_id`) REFERENCES `custom_field_definition` (`field_id`) ON DELETE NO ACTION ON UPDATE NO ACTION,
  CONSTRAINT `account_custom_field_ibfk_2` FOREIGN KEY (`account_id`) REFERENCES `account` (`account_id`) ON DELETE NO ACTION ON UPDATE NO ACTION
) ENGINE=InnoDB DEFAULT CHARSET=utf8;
/*!40101 SET character_set_client = @saved_cs_client */;

--
-- Dumping data for table `account_custom_field`
--

LOCK TABLES `account_custom_field` WRITE;
/*!40000 ALTER TABLE `account_custom_field` DISABLE KEYS */;
/*!40000 ALTER TABLE `account_custom_field` ENABLE KEYS */;
UNLOCK TABLES;

--
-- Table structure for table `account_fees`
--

DROP TABLE IF EXISTS `account_fees`;
/*!40101 SET @saved_cs_client     = @@character_set_client */;
/*!40101 SET character_set_client = utf8 */;
CREATE TABLE `account_fees` (
  `account_fee_id` int(11) NOT NULL AUTO_INCREMENT,
  `account_id` int(11) NOT NULL,
  `fee_id` smallint(6) NOT NULL,
  `fee_frequency` int(11) DEFAULT NULL,
  `status` smallint(6) DEFAULT NULL,
  `inherited_flag` smallint(6) DEFAULT NULL,
  `start_date` date DEFAULT NULL,
  `end_date` date DEFAULT NULL,
  `account_fee_amnt` decimal(21,4) NOT NULL,
  `account_fee_amnt_currency_id` smallint(6) DEFAULT NULL,
  `fee_amnt` decimal(21,4) NOT NULL,
  `fee_status` smallint(6) DEFAULT NULL,
  `status_change_date` date DEFAULT NULL,
  `version_no` int(11) NOT NULL,
  `last_applied_date` date DEFAULT NULL,
  PRIMARY KEY (`account_fee_id`),
  KEY `fee_id` (`fee_id`),
  KEY `account_fee_amnt_currency_id` (`account_fee_amnt_currency_id`),
  KEY `fee_frequency` (`fee_frequency`),
  KEY `account_fees_id_idx` (`account_id`,`fee_id`),
  CONSTRAINT `account_fees_ibfk_1` FOREIGN KEY (`account_id`) REFERENCES `account` (`account_id`) ON DELETE NO ACTION ON UPDATE NO ACTION,
  CONSTRAINT `account_fees_ibfk_2` FOREIGN KEY (`fee_id`) REFERENCES `fees` (`fee_id`) ON DELETE NO ACTION ON UPDATE NO ACTION,
  CONSTRAINT `account_fees_ibfk_3` FOREIGN KEY (`account_fee_amnt_currency_id`) REFERENCES `currency` (`currency_id`) ON DELETE NO ACTION ON UPDATE NO ACTION,
  CONSTRAINT `account_fees_ibfk_4` FOREIGN KEY (`fee_frequency`) REFERENCES `recurrence_detail` (`details_id`) ON DELETE NO ACTION ON UPDATE NO ACTION
) ENGINE=InnoDB AUTO_INCREMENT=17 DEFAULT CHARSET=utf8;
/*!40101 SET character_set_client = @saved_cs_client */;

--
-- Dumping data for table `account_fees`
--

LOCK TABLES `account_fees` WRITE;
/*!40000 ALTER TABLE `account_fees` DISABLE KEYS */;
INSERT INTO `account_fees` VALUES (1,106,1,NULL,NULL,NULL,NULL,NULL,'10.0000',2,'10.0000',NULL,NULL,1,'2011-01-07'),(2,107,4,NULL,NULL,NULL,NULL,NULL,'40.0000',2,'40.0000',NULL,NULL,2,'2011-01-07'),(3,107,3,NULL,NULL,NULL,NULL,NULL,'30.0000',2,'30.0000',NULL,NULL,1,'2010-08-27'),(4,107,2,NULL,NULL,NULL,NULL,NULL,'20.0000',2,'20.0000',NULL,NULL,2,'2011-01-07'),(5,107,3,NULL,NULL,NULL,NULL,NULL,'33.0000',2,'33.0000',1,'2010-08-27',0,'2010-08-27'),(6,111,4,NULL,NULL,NULL,NULL,NULL,'40.0000',2,'40.0000',NULL,NULL,2,'2011-01-08'),(7,112,8,NULL,NULL,NULL,NULL,NULL,'90.0000',2,'90.0000',NULL,NULL,0,NULL),(8,112,5,NULL,NULL,NULL,NULL,NULL,'60.0000',2,'60.0000',NULL,NULL,0,NULL),(9,112,7,NULL,NULL,NULL,NULL,NULL,'80.0000',2,'80.0000',NULL,NULL,0,NULL),(10,112,6,NULL,NULL,NULL,NULL,NULL,'70.0000',2,'70.0000',NULL,NULL,0,NULL),(11,113,3,NULL,NULL,NULL,NULL,NULL,'30.0000',2,'30.0000',NULL,NULL,2,'2010-09-02'),(12,113,4,NULL,NULL,NULL,NULL,NULL,'40.0000',2,'40.0000',NULL,NULL,2,'2010-11-04'),(13,114,4,NULL,NULL,NULL,NULL,NULL,'40.0000',2,'40.0000',NULL,NULL,2,'2010-11-05'),(14,117,4,NULL,NULL,NULL,NULL,NULL,'40.0000',2,'40.0000',NULL,NULL,2,'2010-11-10'),(15,118,4,NULL,NULL,NULL,NULL,NULL,'40.0000',2,'40.0000',NULL,NULL,2,'2010-11-10'),(16,119,4,NULL,NULL,NULL,NULL,NULL,'40.0000',2,'40.0000',NULL,NULL,2,'2010-11-09');
/*!40000 ALTER TABLE `account_fees` ENABLE KEYS */;
UNLOCK TABLES;

--
-- Table structure for table `account_flag_detail`
--

DROP TABLE IF EXISTS `account_flag_detail`;
/*!40101 SET @saved_cs_client     = @@character_set_client */;
/*!40101 SET character_set_client = utf8 */;
CREATE TABLE `account_flag_detail` (
  `account_flag_id` int(11) NOT NULL AUTO_INCREMENT,
  `account_id` int(11) NOT NULL,
  `flag_id` smallint(6) NOT NULL,
  `created_by` smallint(6) NOT NULL,
  `created_date` date NOT NULL,
  PRIMARY KEY (`account_flag_id`),
  KEY `account_id` (`account_id`),
  KEY `flag_id` (`flag_id`),
  KEY `created_by` (`created_by`),
  CONSTRAINT `account_flag_detail_ibfk_1` FOREIGN KEY (`account_id`) REFERENCES `account` (`account_id`) ON DELETE NO ACTION ON UPDATE NO ACTION,
  CONSTRAINT `account_flag_detail_ibfk_2` FOREIGN KEY (`flag_id`) REFERENCES `account_state_flag` (`flag_id`) ON DELETE NO ACTION ON UPDATE NO ACTION,
  CONSTRAINT `account_flag_detail_ibfk_3` FOREIGN KEY (`created_by`) REFERENCES `personnel` (`personnel_id`) ON DELETE NO ACTION ON UPDATE NO ACTION
) ENGINE=InnoDB AUTO_INCREMENT=5 DEFAULT CHARSET=utf8;
/*!40101 SET character_set_client = @saved_cs_client */;

--
-- Dumping data for table `account_flag_detail`
--

LOCK TABLES `account_flag_detail` WRITE;
/*!40000 ALTER TABLE `account_flag_detail` DISABLE KEYS */;
INSERT INTO `account_flag_detail` VALUES (1,21,7,1,'2010-07-18'),(2,86,1,1,'2010-07-31'),(3,112,7,1,'2010-08-28'),(4,123,5,1,'2011-01-13');
/*!40000 ALTER TABLE `account_flag_detail` ENABLE KEYS */;
UNLOCK TABLES;

--
-- Table structure for table `account_notes`
--

DROP TABLE IF EXISTS `account_notes`;
/*!40101 SET @saved_cs_client     = @@character_set_client */;
/*!40101 SET character_set_client = utf8 */;
CREATE TABLE `account_notes` (
  `account_notes_id` int(11) NOT NULL AUTO_INCREMENT,
  `account_id` int(11) NOT NULL,
  `note` varchar(500) NOT NULL,
  `comment_date` date NOT NULL,
  `officer_id` smallint(6) NOT NULL,
  PRIMARY KEY (`account_notes_id`),
  KEY `account_id` (`account_id`),
  KEY `officer_id` (`officer_id`),
  CONSTRAINT `account_notes_ibfk_1` FOREIGN KEY (`account_id`) REFERENCES `account` (`account_id`) ON DELETE NO ACTION ON UPDATE NO ACTION,
  CONSTRAINT `account_notes_ibfk_2` FOREIGN KEY (`officer_id`) REFERENCES `personnel` (`personnel_id`) ON DELETE NO ACTION ON UPDATE NO ACTION
) ENGINE=InnoDB AUTO_INCREMENT=69 DEFAULT CHARSET=utf8;
/*!40101 SET character_set_client = @saved_cs_client */;

--
-- Dumping data for table `account_notes`
--

LOCK TABLES `account_notes` WRITE;
/*!40000 ALTER TABLE `account_notes` DISABLE KEYS */;
INSERT INTO `account_notes` VALUES (1,4,'asdf','2010-07-02',1),(2,7,'asd','2010-07-02',1),(3,8,'df','2010-07-02',1),(4,11,'asf','2010-07-03',1),(5,15,'asf','2010-07-04',1),(6,16,'asdf','2010-07-05',1),(7,17,'fdf','2010-07-05',1),(8,17,'test close','2010-07-05',1),(9,20,'asdf','2010-07-05',1),(10,20,'asd','2010-07-05',1),(11,20,'Account Made Active Due to Payment','2010-07-05',1),(12,20,'ff','2010-07-05',1),(13,20,'Account Made Active Due to Payment','2010-07-05',1),(14,20,'xc','2010-07-05',1),(15,20,'ff','2010-07-05',1),(16,4,'go','2010-07-18',1),(17,21,'a','2010-07-18',1),(18,21,'sss','2010-07-18',1),(19,23,'asdf','2010-07-18',1),(20,24,'sdf','2010-07-18',1),(21,24,'f','2010-07-18',1),(22,32,'sdf','2010-07-21',1),(23,30,'asdf','2010-07-21',1),(24,7,'f','2010-07-21',1),(25,7,'df','2010-07-21',1),(26,34,'fff','2010-07-21',1),(27,34,'d','2010-07-21',1),(28,36,'df','2010-07-21',1),(29,38,'df','2010-07-22',1),(30,44,'asdf','2010-07-22',1),(31,46,'f','2010-07-22',1),(32,44,'asdf','2010-07-23',1),(33,46,'f','2010-07-23',1),(34,46,'df','2010-07-23',1),(35,47,'hjhj','2010-07-25',1),(36,47,'d','2010-07-25',1),(37,53,'ff','2010-07-25',1),(38,55,'asdf','2010-07-25',1),(39,56,'asdf','2010-07-25',1),(40,58,'asdf','2010-07-25',1),(41,59,'d','2010-07-25',1),(42,61,'df','2010-07-25',1),(43,64,'dd','2010-07-25',1),(44,66,'gggg','2010-07-25',1),(45,67,'g','2010-07-28',1),(46,76,'asd','2010-07-29',1),(47,78,'gg','2010-07-29',1),(48,80,'aa','2010-07-29',1),(49,82,'asdf','2010-07-29',1),(50,84,'asdf','2010-07-29',1),(51,86,'fdf','2010-07-29',1),(52,84,'d','2010-07-31',1),(53,86,'asdf','2010-07-31',1),(54,88,'sadf','2010-07-31',1),(55,91,'d','2010-08-01',1),(56,95,'asdffd','2010-08-01',1),(57,93,'d','2010-08-03',1),(58,95,'dfd','2010-08-07',1),(59,100,'asf','2010-08-07',1),(60,102,'g','2010-08-07',1),(61,100,'asdf','2010-08-10',1),(62,102,'f','2010-08-10',1),(63,109,'dfdf','2010-08-27',1),(64,112,'asdf','2010-08-28',1),(65,112,'asf','2010-08-28',1),(66,116,'sdsd','2010-09-03',1),(67,123,'cancelled before approval','2011-01-13',1),(68,124,'closed after approval, then blacklisted','2011-01-13',1);
/*!40000 ALTER TABLE `account_notes` ENABLE KEYS */;
UNLOCK TABLES;

--
-- Table structure for table `account_payment`
--

DROP TABLE IF EXISTS `account_payment`;
/*!40101 SET @saved_cs_client     = @@character_set_client */;
/*!40101 SET character_set_client = utf8 */;
CREATE TABLE `account_payment` (
  `payment_id` int(11) NOT NULL AUTO_INCREMENT,
  `account_id` int(11) NOT NULL,
  `payment_type_id` smallint(6) NOT NULL,
  `currency_id` smallint(6) DEFAULT NULL,
  `amount` decimal(21,4) NOT NULL,
  `receipt_number` varchar(25) DEFAULT NULL,
  `voucher_number` varchar(50) DEFAULT NULL,
  `check_number` varchar(50) DEFAULT NULL,
  `payment_date` date NOT NULL,
  `receipt_date` date DEFAULT NULL,
  `bank_name` varchar(50) DEFAULT NULL,
  `comment` varchar(80) DEFAULT NULL,
  PRIMARY KEY (`payment_id`),
  KEY `currency_id` (`currency_id`),
  KEY `payment_type_id` (`payment_type_id`),
  KEY `account_id_account_payment_idx` (`account_id`),
  CONSTRAINT `account_payment_ibfk_1` FOREIGN KEY (`account_id`) REFERENCES `account` (`account_id`) ON DELETE NO ACTION ON UPDATE NO ACTION,
  CONSTRAINT `account_payment_ibfk_2` FOREIGN KEY (`currency_id`) REFERENCES `currency` (`currency_id`) ON DELETE NO ACTION ON UPDATE NO ACTION,
  CONSTRAINT `account_payment_ibfk_3` FOREIGN KEY (`payment_type_id`) REFERENCES `payment_type` (`payment_type_id`) ON DELETE NO ACTION ON UPDATE NO ACTION
) ENGINE=InnoDB AUTO_INCREMENT=96 DEFAULT CHARSET=utf8;
/*!40101 SET character_set_client = @saved_cs_client */;

--
-- Dumping data for table `account_payment`
--

LOCK TABLES `account_payment` WRITE;
/*!40000 ALTER TABLE `account_payment` DISABLE KEYS */;
INSERT INTO `account_payment` VALUES (1,11,1,2,'0.0000','',NULL,NULL,'2010-07-03',NULL,NULL,NULL),(2,11,1,2,'50.0000',NULL,NULL,NULL,'2010-07-03',NULL,NULL,NULL),(3,17,1,2,'100.0000','',NULL,NULL,'2010-07-05',NULL,NULL,NULL),(4,17,1,2,'100.0000','',NULL,NULL,'2010-07-05',NULL,NULL,NULL),(5,20,1,2,'1.0000','',NULL,NULL,'2010-07-05',NULL,NULL,NULL),(6,20,1,2,'2.0000','',NULL,NULL,'2010-07-05',NULL,NULL,NULL),(7,20,1,2,'3.0000','',NULL,NULL,'2010-07-05',NULL,NULL,NULL),(8,20,1,2,'6.0000','',NULL,NULL,'2010-07-05',NULL,NULL,NULL),(9,4,1,2,'3000.0000','',NULL,NULL,'2010-07-16','2010-07-18',NULL,NULL),(10,4,1,2,'100.0000','',NULL,NULL,'2010-07-18',NULL,NULL,''),(11,4,1,2,'150.0000','',NULL,NULL,'2010-07-18',NULL,NULL,''),(12,4,1,2,'0.0000','',NULL,NULL,'2010-07-18',NULL,NULL,NULL),(13,4,1,2,'3000.0000',NULL,NULL,NULL,'2010-07-18',NULL,NULL,NULL),(14,21,1,2,'0.0000','',NULL,NULL,'2010-07-18','2010-07-18',NULL,NULL),(15,21,1,2,'0.0000','',NULL,NULL,'2010-07-18',NULL,NULL,''),(16,21,1,2,'0.0000','',NULL,NULL,'2010-07-18',NULL,NULL,''),(17,21,1,2,'0.0000','',NULL,NULL,'2010-07-18',NULL,NULL,''),(18,24,1,2,'666.0000','',NULL,NULL,'2010-07-18',NULL,NULL,NULL),(19,32,1,2,'3000.0000','',NULL,NULL,'2010-07-21','2010-07-21',NULL,NULL),(20,30,1,2,'1200.0000','',NULL,NULL,'2010-07-21',NULL,NULL,NULL),(21,32,1,2,'78.0000','',NULL,NULL,'2010-07-21',NULL,NULL,''),(22,36,1,2,'235.0000','',NULL,NULL,'2010-07-21',NULL,NULL,NULL),(23,36,1,2,'235.0000','',NULL,NULL,'2010-07-21',NULL,NULL,NULL),(24,38,1,2,'3000.0000','',NULL,NULL,'2010-07-22','2010-07-22',NULL,NULL),(25,44,1,2,'6000.0000','',NULL,NULL,'2010-07-22','2010-07-22',NULL,NULL),(26,44,1,2,'6000.0000',NULL,NULL,NULL,'2010-07-23',NULL,NULL,NULL),(27,38,1,2,'3002.9000','',NULL,NULL,'2010-07-24',NULL,NULL,NULL),(28,61,1,2,'777.0000','',NULL,NULL,'2010-07-25',NULL,NULL,NULL),(29,67,1,2,'90.0000','',NULL,NULL,'2010-07-28',NULL,NULL,NULL),(30,82,1,2,'15.0000','',NULL,NULL,'2010-07-31',NULL,NULL,NULL),(31,6,1,2,'0.0000',NULL,NULL,NULL,'2010-07-31',NULL,NULL,NULL),(32,11,1,2,'0.0000',NULL,NULL,NULL,'2010-07-31',NULL,NULL,NULL),(33,14,1,2,'0.0000',NULL,NULL,NULL,'2010-07-31',NULL,NULL,NULL),(34,30,1,2,'0.1000',NULL,NULL,NULL,'2010-07-31',NULL,NULL,NULL),(35,52,1,2,'0.0000',NULL,NULL,NULL,'2010-07-31',NULL,NULL,NULL),(36,56,1,2,'0.0000',NULL,NULL,NULL,'2010-07-31',NULL,NULL,NULL),(37,58,1,2,'0.0000',NULL,NULL,NULL,'2010-07-31',NULL,NULL,NULL),(38,61,1,2,'0.0000',NULL,NULL,NULL,'2010-07-31',NULL,NULL,NULL),(39,64,1,2,'0.0000',NULL,NULL,NULL,'2010-07-31',NULL,NULL,NULL),(40,67,1,2,'0.0000',NULL,NULL,NULL,'2010-07-31',NULL,NULL,NULL),(41,76,1,2,'0.0000',NULL,NULL,NULL,'2010-07-31',NULL,NULL,NULL),(42,82,1,2,'0.0000',NULL,NULL,NULL,'2010-07-31',NULL,NULL,NULL),(43,106,2,2,'10.0000','',NULL,NULL,'2010-08-27',NULL,NULL,NULL),(44,107,1,2,'0.0000','',NULL,NULL,'2010-08-27',NULL,NULL,NULL),(45,109,1,2,'20.0000','',NULL,NULL,'2010-08-27',NULL,NULL,NULL),(46,107,2,2,'129.0000','',NULL,NULL,'2010-08-27',NULL,NULL,NULL),(47,112,1,2,'0.0000','',NULL,NULL,'2010-08-28','2010-08-28',NULL,NULL),(48,112,1,2,'0.0000','',NULL,NULL,'2010-08-28',NULL,NULL,''),(49,112,1,2,'0.0000','',NULL,NULL,'2010-08-28',NULL,NULL,''),(50,6,1,2,'0.0000',NULL,NULL,NULL,'2010-08-31',NULL,NULL,NULL),(51,11,1,2,'0.0000',NULL,NULL,NULL,'2010-08-31',NULL,NULL,NULL),(52,14,1,2,'0.0000',NULL,NULL,NULL,'2010-08-31',NULL,NULL,NULL),(53,30,1,2,'3.0000',NULL,NULL,NULL,'2010-08-31',NULL,NULL,NULL),(54,52,1,2,'0.0000',NULL,NULL,NULL,'2010-08-31',NULL,NULL,NULL),(55,56,1,2,'0.0000',NULL,NULL,NULL,'2010-08-31',NULL,NULL,NULL),(56,58,1,2,'0.0000',NULL,NULL,NULL,'2010-08-31',NULL,NULL,NULL),(57,61,1,2,'8.0000',NULL,NULL,NULL,'2010-08-31',NULL,NULL,NULL),(58,64,1,2,'0.0000',NULL,NULL,NULL,'2010-08-31',NULL,NULL,NULL),(59,67,1,2,'0.8000',NULL,NULL,NULL,'2010-08-31',NULL,NULL,NULL),(60,76,1,2,'0.0000',NULL,NULL,NULL,'2010-08-31',NULL,NULL,NULL),(61,82,1,2,'0.0000',NULL,NULL,NULL,'2010-08-31',NULL,NULL,NULL),(62,88,1,2,'0.0000',NULL,NULL,NULL,'2010-08-31',NULL,NULL,NULL),(63,109,1,2,'0.0000',NULL,NULL,NULL,'2010-08-31',NULL,NULL,NULL),(64,6,1,2,'0.0000',NULL,NULL,NULL,'2010-09-30',NULL,NULL,NULL),(65,11,1,2,'0.0000',NULL,NULL,NULL,'2010-09-30',NULL,NULL,NULL),(66,13,1,2,'0.0000',NULL,NULL,NULL,'2010-09-30',NULL,NULL,NULL),(67,14,1,2,'0.0000',NULL,NULL,NULL,'2010-09-30',NULL,NULL,NULL),(68,30,1,2,'3.0000',NULL,NULL,NULL,'2010-09-30',NULL,NULL,NULL),(69,52,1,2,'0.0000',NULL,NULL,NULL,'2010-09-30',NULL,NULL,NULL),(70,56,1,2,'0.0000',NULL,NULL,NULL,'2010-09-30',NULL,NULL,NULL),(71,58,1,2,'0.0000',NULL,NULL,NULL,'2010-09-30',NULL,NULL,NULL),(72,61,1,2,'7.7000',NULL,NULL,NULL,'2010-09-30',NULL,NULL,NULL),(73,64,1,2,'0.0000',NULL,NULL,NULL,'2010-09-30',NULL,NULL,NULL),(74,67,1,2,'0.9000',NULL,NULL,NULL,'2010-09-30',NULL,NULL,NULL),(75,76,1,2,'0.0000',NULL,NULL,NULL,'2010-09-30',NULL,NULL,NULL),(76,80,1,2,'0.0000',NULL,NULL,NULL,'2010-09-30',NULL,NULL,NULL),(77,82,1,2,'0.0000',NULL,NULL,NULL,'2010-09-30',NULL,NULL,NULL),(78,88,1,2,'0.0000',NULL,NULL,NULL,'2010-09-30',NULL,NULL,NULL),(79,109,1,2,'0.0000',NULL,NULL,NULL,'2010-09-30',NULL,NULL,NULL),(80,24,1,2,'7.4000',NULL,NULL,NULL,'2010-09-30',NULL,NULL,NULL),(81,6,1,2,'0.0000',NULL,NULL,NULL,'2010-10-31',NULL,NULL,NULL),(82,11,1,2,'0.0000',NULL,NULL,NULL,'2010-10-31',NULL,NULL,NULL),(83,14,1,2,'0.0000',NULL,NULL,NULL,'2010-10-31',NULL,NULL,NULL),(84,30,1,2,'3.1000',NULL,NULL,NULL,'2010-10-31',NULL,NULL,NULL),(85,52,1,2,'0.0000',NULL,NULL,NULL,'2010-10-31',NULL,NULL,NULL),(86,56,1,2,'0.0000',NULL,NULL,NULL,'2010-10-31',NULL,NULL,NULL),(87,58,1,2,'0.0000',NULL,NULL,NULL,'2010-10-31',NULL,NULL,NULL),(88,61,1,2,'8.0000',NULL,NULL,NULL,'2010-10-31',NULL,NULL,NULL),(89,64,1,2,'0.0000',NULL,NULL,NULL,'2010-10-31',NULL,NULL,NULL),(90,67,1,2,'0.9000',NULL,NULL,NULL,'2010-10-31',NULL,NULL,NULL),(91,76,1,2,'0.0000',NULL,NULL,NULL,'2010-10-31',NULL,NULL,NULL),(92,82,1,2,'0.0000',NULL,NULL,NULL,'2010-10-31',NULL,NULL,NULL),(93,88,1,2,'0.0000',NULL,NULL,NULL,'2010-10-31',NULL,NULL,NULL),(94,109,1,2,'0.0000',NULL,NULL,NULL,'2010-10-31',NULL,NULL,NULL),(95,116,1,2,'0.0000',NULL,NULL,NULL,'2010-09-03',NULL,NULL,NULL);
/*!40000 ALTER TABLE `account_payment` ENABLE KEYS */;
UNLOCK TABLES;

--
-- Table structure for table `account_state`
--

DROP TABLE IF EXISTS `account_state`;
/*!40101 SET @saved_cs_client     = @@character_set_client */;
/*!40101 SET character_set_client = utf8 */;
CREATE TABLE `account_state` (
  `account_state_id` smallint(6) NOT NULL AUTO_INCREMENT,
  `lookup_id` int(11) NOT NULL,
  `prd_type_id` smallint(6) NOT NULL,
  `currently_in_use` smallint(6) NOT NULL,
  `status_description` varchar(200) DEFAULT NULL,
  PRIMARY KEY (`account_state_id`),
  KEY `lookup_id` (`lookup_id`),
  CONSTRAINT `account_state_ibfk_1` FOREIGN KEY (`lookup_id`) REFERENCES `lookup_value` (`lookup_id`) ON DELETE NO ACTION ON UPDATE NO ACTION
) ENGINE=InnoDB AUTO_INCREMENT=19 DEFAULT CHARSET=utf8;
/*!40101 SET character_set_client = @saved_cs_client */;

--
-- Dumping data for table `account_state`
--

LOCK TABLES `account_state` WRITE;
/*!40000 ALTER TABLE `account_state` DISABLE KEYS */;
INSERT INTO `account_state` VALUES (1,17,1,1,'Partial application'),(2,18,1,1,'Application pending approval'),(3,19,1,1,'Application approved'),(4,20,1,0,'Disbursed to loan officer'),(5,21,1,1,'Active in good standing'),(6,22,1,1,'Closed - obligation met'),(7,23,1,1,'Closed - written off'),(8,24,1,1,'Closed - rescheduled'),(9,25,1,1,'Active in bad standing'),(10,141,1,1,'Canceled'),(11,142,1,1,'Customer Account Active'),(12,143,1,1,'Customer Account Inactive'),(13,181,2,1,'Partial application'),(14,182,2,1,'Application pending approval'),(15,183,2,1,'Canceled'),(16,184,2,1,'Active'),(17,185,2,1,'Closed'),(18,210,2,1,'Inactive');
/*!40000 ALTER TABLE `account_state` ENABLE KEYS */;
UNLOCK TABLES;

--
-- Table structure for table `account_state_flag`
--

DROP TABLE IF EXISTS `account_state_flag`;
/*!40101 SET @saved_cs_client     = @@character_set_client */;
/*!40101 SET character_set_client = utf8 */;
CREATE TABLE `account_state_flag` (
  `flag_id` smallint(6) NOT NULL AUTO_INCREMENT,
  `lookup_id` int(11) NOT NULL,
  `status_id` smallint(6) NOT NULL,
  `flag_description` varchar(200) DEFAULT NULL,
  `retain_flag` smallint(6) NOT NULL,
  PRIMARY KEY (`flag_id`),
  KEY `status_id` (`status_id`),
  KEY `lookup_id` (`lookup_id`),
  CONSTRAINT `account_state_flag_ibfk_1` FOREIGN KEY (`status_id`) REFERENCES `account_state` (`account_state_id`) ON DELETE NO ACTION ON UPDATE NO ACTION,
  CONSTRAINT `account_state_flag_ibfk_2` FOREIGN KEY (`lookup_id`) REFERENCES `lookup_value` (`lookup_id`) ON DELETE NO ACTION ON UPDATE NO ACTION
) ENGINE=InnoDB AUTO_INCREMENT=8 DEFAULT CHARSET=utf8;
/*!40101 SET character_set_client = @saved_cs_client */;

--
-- Dumping data for table `account_state_flag`
--

LOCK TABLES `account_state_flag` WRITE;
/*!40000 ALTER TABLE `account_state_flag` DISABLE KEYS */;
INSERT INTO `account_state_flag` VALUES (1,174,10,'Withdraw',0),(2,175,10,'Rejected',0),(3,176,10,'Other',0),(4,211,15,'Withdraw',0),(5,212,15,'Rejected',0),(6,213,15,'Blacklisted',1),(7,571,10,'Loan reversal',0);
/*!40000 ALTER TABLE `account_state_flag` ENABLE KEYS */;
UNLOCK TABLES;

--
-- Table structure for table `account_status_change_history`
--

DROP TABLE IF EXISTS `account_status_change_history`;
/*!40101 SET @saved_cs_client     = @@character_set_client */;
/*!40101 SET character_set_client = utf8 */;
CREATE TABLE `account_status_change_history` (
  `account_status_change_id` int(11) NOT NULL AUTO_INCREMENT,
  `account_id` int(11) NOT NULL,
  `old_status` smallint(6) DEFAULT NULL,
  `new_status` smallint(6) NOT NULL,
  `changed_by` smallint(6) NOT NULL,
  `changed_date` date NOT NULL,
  PRIMARY KEY (`account_status_change_id`),
  KEY `account_id` (`account_id`),
  KEY `old_status` (`old_status`),
  KEY `new_status` (`new_status`),
  KEY `changed_by` (`changed_by`),
  CONSTRAINT `account_status_change_history_ibfk_1` FOREIGN KEY (`account_id`) REFERENCES `account` (`account_id`) ON DELETE NO ACTION ON UPDATE NO ACTION,
  CONSTRAINT `account_status_change_history_ibfk_2` FOREIGN KEY (`old_status`) REFERENCES `account_state` (`account_state_id`) ON DELETE NO ACTION ON UPDATE NO ACTION,
  CONSTRAINT `account_status_change_history_ibfk_3` FOREIGN KEY (`new_status`) REFERENCES `account_state` (`account_state_id`) ON DELETE NO ACTION ON UPDATE NO ACTION,
  CONSTRAINT `account_status_change_history_ibfk_4` FOREIGN KEY (`changed_by`) REFERENCES `personnel` (`personnel_id`) ON DELETE NO ACTION ON UPDATE NO ACTION
) ENGINE=InnoDB AUTO_INCREMENT=126 DEFAULT CHARSET=utf8;
/*!40101 SET character_set_client = @saved_cs_client */;

--
-- Dumping data for table `account_status_change_history`
--

LOCK TABLES `account_status_change_history` WRITE;
/*!40000 ALTER TABLE `account_status_change_history` DISABLE KEYS */;
INSERT INTO `account_status_change_history` VALUES (1,4,2,2,1,'2010-07-02'),(2,6,16,16,1,'2010-07-02'),(3,4,2,3,1,'2010-07-02'),(4,7,14,14,1,'2010-07-02'),(5,7,14,16,1,'2010-07-02'),(6,8,2,2,1,'2010-07-02'),(7,8,2,3,1,'2010-07-02'),(8,11,14,14,1,'2010-07-03'),(9,11,14,16,1,'2010-07-03'),(10,14,16,16,1,'2010-07-03'),(11,13,16,16,1,'2010-07-03'),(12,15,2,2,1,'2010-07-04'),(13,15,2,3,1,'2010-07-04'),(14,16,2,2,1,'2010-07-04'),(15,16,2,3,1,'2010-07-05'),(16,17,14,14,1,'2010-07-05'),(17,17,14,16,1,'2010-07-05'),(18,17,16,17,1,'2010-07-05'),(19,20,14,14,1,'2010-07-05'),(20,20,14,16,1,'2010-07-05'),(21,20,16,18,1,'2010-07-05'),(22,20,18,16,1,'2010-07-05'),(23,20,16,18,1,'2010-07-05'),(24,20,18,16,1,'2010-07-05'),(25,20,16,18,1,'2010-07-05'),(26,20,18,17,1,'2010-07-05'),(27,4,3,5,1,'2010-07-18'),(28,4,5,6,1,'2010-07-18'),(29,4,5,7,1,'2010-07-18'),(30,21,2,2,1,'2010-07-18'),(31,21,2,3,1,'2010-07-18'),(32,21,3,5,1,'2010-07-18'),(33,21,5,10,1,'2010-07-18'),(34,23,2,2,1,'2010-07-18'),(35,23,2,3,1,'2010-07-18'),(36,24,14,14,1,'2010-07-18'),(37,24,14,16,1,'2010-07-18'),(38,24,16,18,1,'2010-07-18'),(39,30,14,14,1,'2010-07-21'),(40,31,14,14,1,'2010-07-21'),(41,32,2,2,1,'2010-07-21'),(42,32,2,3,1,'2010-07-21'),(43,32,3,5,1,'2010-07-21'),(44,30,14,16,1,'2010-07-21'),(45,7,16,18,1,'2010-07-21'),(46,7,18,17,1,'2010-07-21'),(47,34,14,14,1,'2010-07-21'),(48,34,14,16,1,'2010-07-21'),(49,34,16,17,1,'2010-07-21'),(50,36,16,16,1,'2010-07-21'),(51,36,16,17,1,'2010-07-21'),(52,38,2,2,1,'2010-07-22'),(53,38,2,3,1,'2010-07-22'),(54,38,3,5,1,'2010-07-22'),(55,44,2,2,1,'2010-07-22'),(56,44,2,3,1,'2010-07-22'),(57,44,3,5,1,'2010-07-22'),(58,46,14,14,1,'2010-07-22'),(59,46,14,16,1,'2010-07-22'),(60,44,5,7,1,'2010-07-23'),(61,46,16,18,1,'2010-07-23'),(62,46,18,17,1,'2010-07-23'),(63,38,5,6,1,'2010-07-24'),(64,47,14,14,1,'2010-07-25'),(65,47,14,16,1,'2010-07-25'),(66,47,16,17,1,'2010-07-25'),(67,52,16,16,1,'2010-07-25'),(68,53,2,2,1,'2010-07-25'),(69,53,2,3,1,'2010-07-25'),(70,55,2,2,1,'2010-07-25'),(71,55,2,3,1,'2010-07-25'),(72,56,14,14,1,'2010-07-25'),(73,56,14,16,1,'2010-07-25'),(74,58,14,14,1,'2010-07-25'),(75,58,14,16,1,'2010-07-25'),(76,59,2,2,1,'2010-07-25'),(77,59,2,3,1,'2010-07-25'),(78,61,14,14,1,'2010-07-25'),(79,61,14,16,1,'2010-07-25'),(80,64,14,14,1,'2010-07-25'),(81,64,14,16,1,'2010-07-25'),(82,66,2,2,1,'2010-07-25'),(83,66,2,3,1,'2010-07-25'),(84,67,14,14,1,'2010-07-28'),(85,67,14,16,1,'2010-07-28'),(86,76,14,14,1,'2010-07-29'),(87,76,14,16,1,'2010-07-29'),(88,78,2,2,1,'2010-07-29'),(89,78,2,3,1,'2010-07-29'),(90,80,14,14,1,'2010-07-29'),(91,80,14,16,1,'2010-07-29'),(92,82,14,14,1,'2010-07-29'),(93,82,14,16,1,'2010-07-29'),(94,84,14,14,1,'2010-07-29'),(95,84,14,16,1,'2010-07-29'),(96,86,2,2,1,'2010-07-29'),(97,86,2,3,1,'2010-07-29'),(98,84,16,17,1,'2010-07-31'),(99,86,3,10,1,'2010-07-31'),(100,88,14,14,1,'2010-07-31'),(101,88,14,16,1,'2010-07-31'),(102,91,2,2,1,'2010-08-01'),(103,91,2,3,1,'2010-08-01'),(104,93,16,16,1,'2010-08-01'),(105,95,14,14,1,'2010-08-01'),(106,95,14,16,1,'2010-08-01'),(107,93,16,17,1,'2010-08-03'),(108,95,16,17,1,'2010-08-07'),(109,100,14,14,1,'2010-08-07'),(110,100,14,16,1,'2010-08-07'),(111,102,14,14,1,'2010-08-07'),(112,102,14,16,1,'2010-08-07'),(113,100,16,17,1,'2010-08-10'),(114,102,16,17,1,'2010-08-10'),(115,109,14,14,1,'2010-08-27'),(116,109,14,16,1,'2010-08-27'),(117,112,2,2,1,'2010-08-28'),(118,112,2,3,1,'2010-08-28'),(119,112,3,5,1,'2010-08-28'),(120,112,5,10,1,'2010-08-28'),(121,32,5,9,5,'2010-11-15'),(122,116,16,16,1,'2010-09-03'),(123,116,16,17,1,'2010-09-03'),(124,123,11,12,1,'2011-01-13'),(125,124,11,12,1,'2011-01-13');
/*!40000 ALTER TABLE `account_status_change_history` ENABLE KEYS */;
UNLOCK TABLES;

--
-- Table structure for table `account_trxn`
--

DROP TABLE IF EXISTS `account_trxn`;
/*!40101 SET @saved_cs_client     = @@character_set_client */;
/*!40101 SET character_set_client = utf8 */;
CREATE TABLE `account_trxn` (
  `account_trxn_id` int(11) NOT NULL AUTO_INCREMENT,
  `account_id` int(11) NOT NULL,
  `payment_id` int(11) NOT NULL,
  `personnel_id` int(11) DEFAULT NULL,
  `account_action_id` smallint(6) NOT NULL,
  `currency_id` smallint(6) DEFAULT NULL,
  `amount_currency_id` smallint(6) DEFAULT NULL,
  `amount` decimal(21,4) NOT NULL,
  `due_date` date DEFAULT NULL,
  `comments` varchar(200) DEFAULT NULL,
  `action_date` date NOT NULL,
  `created_date` timestamp NOT NULL DEFAULT CURRENT_TIMESTAMP ON UPDATE CURRENT_TIMESTAMP,
  `customer_id` int(11) DEFAULT NULL,
  `installment_id` smallint(6) DEFAULT NULL,
  `related_trxn_id` int(11) DEFAULT NULL,
  PRIMARY KEY (`account_trxn_id`),
  KEY `account_action_id` (`account_action_id`),
  KEY `payment_id` (`payment_id`),
  KEY `currency_id` (`currency_id`),
  KEY `amount_currency_id` (`amount_currency_id`),
  KEY `customer_id` (`customer_id`),
  KEY `account_id_account_trxn_idx` (`account_id`),
  CONSTRAINT `account_trxn_ibfk_1` FOREIGN KEY (`account_id`) REFERENCES `account` (`account_id`) ON DELETE NO ACTION ON UPDATE NO ACTION,
  CONSTRAINT `account_trxn_ibfk_2` FOREIGN KEY (`account_action_id`) REFERENCES `account_action` (`account_action_id`) ON DELETE NO ACTION ON UPDATE NO ACTION,
  CONSTRAINT `account_trxn_ibfk_3` FOREIGN KEY (`payment_id`) REFERENCES `account_payment` (`payment_id`) ON DELETE NO ACTION ON UPDATE NO ACTION,
  CONSTRAINT `account_trxn_ibfk_4` FOREIGN KEY (`currency_id`) REFERENCES `currency` (`currency_id`) ON DELETE NO ACTION ON UPDATE NO ACTION,
  CONSTRAINT `account_trxn_ibfk_5` FOREIGN KEY (`amount_currency_id`) REFERENCES `currency` (`currency_id`) ON DELETE NO ACTION ON UPDATE NO ACTION,
  CONSTRAINT `account_trxn_ibfk_6` FOREIGN KEY (`customer_id`) REFERENCES `customer` (`customer_id`) ON DELETE NO ACTION ON UPDATE NO ACTION
) ENGINE=InnoDB AUTO_INCREMENT=144 DEFAULT CHARSET=utf8;
/*!40101 SET character_set_client = @saved_cs_client */;

--
-- Dumping data for table `account_trxn`
--

LOCK TABLES `account_trxn` WRITE;
/*!40000 ALTER TABLE `account_trxn` DISABLE KEYS */;
INSERT INTO `account_trxn` VALUES (1,11,1,1,6,NULL,2,'67.0000','2010-07-03','','2010-07-03','2010-07-02 15:17:55',6,NULL,NULL),(2,11,2,1,6,NULL,2,'50.0000',NULL,'','2010-07-03','2010-07-02 15:18:15',6,NULL,NULL),(3,11,1,1,14,NULL,2,'-67.0000','2010-07-03','wrong number','2010-07-03','2010-07-02 15:18:15',6,NULL,1),(4,17,3,1,6,NULL,2,'100.0000','2010-07-05','','2010-07-05','2010-07-05 01:29:20',3,NULL,NULL),(5,17,4,1,7,NULL,2,'100.0000',NULL,'','2010-07-05','2010-07-04 14:00:00',3,NULL,NULL),(6,20,5,1,6,NULL,2,'1.0000','2010-07-05','','2010-07-05','2010-07-05 02:36:02',9,NULL,NULL),(7,20,6,1,6,NULL,2,'2.0000','2010-07-05','','2010-07-05','2010-07-05 02:36:45',9,NULL,NULL),(8,20,7,1,6,NULL,2,'3.0000','2010-07-05','','2010-07-05','2010-07-05 02:37:11',9,NULL,NULL),(9,20,8,1,7,NULL,2,'6.0000',NULL,'','2010-07-05','2010-07-04 14:00:00',9,NULL,NULL),(10,4,9,1,10,NULL,2,'3000.0000','2010-07-16','-','2010-07-16','2010-07-18 04:42:38',3,0,NULL),(11,4,10,1,1,NULL,2,'100.0000','2010-07-29','Payment rcvd.','2010-07-18','2010-07-18 04:45:59',3,1,NULL),(12,4,11,1,1,NULL,2,'150.0000','2010-07-29','Payment rcvd.','2010-07-18','2010-07-18 06:12:29',3,1,NULL),(13,4,12,1,1,NULL,2,'181.0000','2010-07-29','Payment rcvd.','2010-07-18','2010-07-18 06:12:59',3,1,NULL),(14,4,12,1,1,NULL,2,'428.1000','2010-08-05','Payment rcvd.','2010-07-18','2010-07-18 06:12:59',3,2,NULL),(15,4,12,1,1,NULL,2,'428.1000','2010-08-12','Payment rcvd.','2010-07-18','2010-07-18 06:12:59',3,3,NULL),(16,4,12,1,1,NULL,2,'428.1000','2010-08-19','Payment rcvd.','2010-07-18','2010-07-18 06:12:59',3,4,NULL),(17,4,12,1,1,NULL,2,'428.1000','2010-08-26','Payment rcvd.','2010-07-18','2010-07-18 06:12:59',3,5,NULL),(18,4,12,1,1,NULL,2,'428.1000','2010-09-02','Payment rcvd.','2010-07-18','2010-07-18 06:12:59',3,6,NULL),(19,4,12,1,1,NULL,2,'431.4000','2010-09-09','Payment rcvd.','2010-07-18','2010-07-18 06:12:59',3,7,NULL),(20,4,12,1,9,NULL,2,'-428.1000','2010-08-05','Payment rcvd.','2010-07-18','2010-07-18 06:35:22',3,2,14),(21,4,12,1,9,NULL,2,'-431.4000','2010-09-09','Payment rcvd.','2010-07-18','2010-07-18 06:35:22',3,7,19),(22,4,12,1,9,NULL,2,'-428.1000','2010-08-12','Payment rcvd.','2010-07-18','2010-07-18 06:35:22',3,3,15),(23,4,12,1,9,NULL,2,'-428.1000','2010-08-26','Payment rcvd.','2010-07-18','2010-07-18 06:35:22',3,5,17),(24,4,12,1,9,NULL,2,'-181.0000','2010-07-29','Payment rcvd.','2010-07-18','2010-07-18 06:35:22',3,1,13),(25,4,12,1,9,NULL,2,'-428.1000','2010-08-19','Payment rcvd.','2010-07-18','2010-07-18 06:35:22',3,4,16),(26,4,12,1,9,NULL,2,'-428.1000','2010-09-02','Payment rcvd.','2010-07-18','2010-07-18 06:35:22',3,6,18),(27,4,13,1,15,NULL,2,'181.0000','2010-07-29','Loan Written Off','2010-07-18','2010-07-18 06:48:59',3,1,NULL),(28,4,13,1,15,NULL,2,'428.1000','2010-08-05','Loan Written Off','2010-07-18','2010-07-18 06:48:59',3,2,NULL),(29,4,13,1,15,NULL,2,'428.1000','2010-08-12','Loan Written Off','2010-07-18','2010-07-18 06:48:59',3,3,NULL),(30,4,13,1,15,NULL,2,'428.1000','2010-08-19','Loan Written Off','2010-07-18','2010-07-18 06:48:59',3,4,NULL),(31,4,13,1,15,NULL,2,'428.1000','2010-08-26','Loan Written Off','2010-07-18','2010-07-18 06:48:59',3,5,NULL),(32,4,13,1,15,NULL,2,'428.1000','2010-09-02','Loan Written Off','2010-07-18','2010-07-18 06:48:59',3,6,NULL),(33,4,13,1,15,NULL,2,'431.4000','2010-09-09','Loan Written Off','2010-07-18','2010-07-18 06:48:59',3,7,NULL),(34,21,14,1,10,NULL,2,'3000.0000','2010-07-18','-','2010-07-18','2010-07-18 07:01:50',3,0,NULL),(35,21,15,1,1,NULL,2,'431.0000','2010-07-29','Payment rcvd.','2010-07-18','2010-07-18 07:02:02',3,1,NULL),(36,21,15,1,1,NULL,2,'219.0000','2010-08-05','Payment rcvd.','2010-07-18','2010-07-18 07:02:02',3,2,NULL),(37,21,15,1,9,NULL,2,'-219.0000','2010-08-05','v','2010-07-18','2010-07-18 07:02:48',3,2,36),(38,21,15,1,9,NULL,2,'-431.0000','2010-07-29','v','2010-07-18','2010-07-18 07:02:48',3,1,35),(39,21,16,1,1,NULL,2,'230.0000','2010-07-29','Payment rcvd.','2010-07-18','2010-07-18 07:05:28',3,1,NULL),(40,21,17,1,1,NULL,2,'43.0000','2010-07-29','Payment rcvd.','2010-07-18','2010-07-18 07:06:14',3,1,NULL),(41,21,17,1,18,NULL,2,'-43.0000','2010-07-29','sss','2010-07-18','2010-07-18 07:09:54',3,1,40),(42,21,16,1,18,NULL,2,'-230.0000','2010-07-29','sss','2010-07-18','2010-07-18 07:09:54',3,1,39),(43,21,14,1,19,NULL,2,'-3000.0000','2010-07-18','sss','2010-07-18','2010-07-18 07:09:54',3,0,34),(44,24,18,1,6,NULL,2,'666.0000','2010-07-18','','2010-07-18','2010-07-18 08:07:24',10,NULL,NULL),(45,32,19,1,10,NULL,2,'3000.0000','2010-07-21','-','2010-07-21','2010-07-21 02:18:56',13,0,NULL),(46,30,20,1,6,NULL,2,'1200.0000','2010-07-21','','2010-07-21','2010-07-21 02:19:30',13,NULL,NULL),(47,32,21,1,1,NULL,2,'78.0000','2010-08-03','Payment rcvd.','2010-07-21','2010-07-21 02:19:44',13,1,NULL),(48,36,22,1,6,NULL,2,'235.0000','2010-07-21','','2010-07-21','2010-07-21 03:52:59',17,NULL,NULL),(49,36,23,1,7,NULL,2,'235.0000',NULL,'','2010-07-21','2010-07-20 14:00:00',17,NULL,NULL),(50,38,24,1,10,NULL,2,'3000.0000','2010-07-22','-','2010-07-22','2010-07-22 04:03:52',18,0,NULL),(51,44,25,1,10,NULL,2,'6000.0000','2010-07-22','-','2010-07-22','2010-07-22 04:12:56',23,0,NULL),(52,44,26,1,15,NULL,2,'672.0000','2010-07-29','Loan Written Off','2010-07-23','2010-07-23 04:26:12',23,1,NULL),(53,44,26,1,15,NULL,2,'666.2000','2010-08-05','Loan Written Off','2010-07-23','2010-07-23 04:26:12',23,2,NULL),(54,44,26,1,15,NULL,2,'666.2000','2010-08-12','Loan Written Off','2010-07-23','2010-07-23 04:26:12',23,3,NULL),(55,44,26,1,15,NULL,2,'666.2000','2010-08-19','Loan Written Off','2010-07-23','2010-07-23 04:26:12',23,4,NULL),(56,44,26,1,15,NULL,2,'666.2000','2010-08-26','Loan Written Off','2010-07-23','2010-07-23 04:26:12',23,5,NULL),(57,44,26,1,15,NULL,2,'666.2000','2010-09-02','Loan Written Off','2010-07-23','2010-07-23 04:26:12',23,6,NULL),(58,44,26,1,15,NULL,2,'666.2000','2010-09-09','Loan Written Off','2010-07-23','2010-07-23 04:26:12',23,7,NULL),(59,44,26,1,15,NULL,2,'666.2000','2010-09-16','Loan Written Off','2010-07-23','2010-07-23 04:26:12',23,8,NULL),(60,44,26,1,15,NULL,2,'670.4000','2010-09-23','Loan Written Off','2010-07-23','2010-07-23 04:26:12',23,9,NULL),(61,38,27,1,1,NULL,2,'431.0000','2010-07-29','Payment rcvd.','2010-07-24','2010-07-24 08:23:07',18,1,NULL),(62,38,27,1,1,NULL,2,'428.1000','2010-08-05','Payment rcvd.','2010-07-24','2010-07-24 08:23:07',18,2,NULL),(63,38,27,1,1,NULL,2,'428.1000','2010-08-12','Payment rcvd.','2010-07-24','2010-07-24 08:23:07',18,3,NULL),(64,38,27,1,1,NULL,2,'428.1000','2010-08-19','Payment rcvd.','2010-07-24','2010-07-24 08:23:07',18,4,NULL),(65,38,27,1,1,NULL,2,'428.1000','2010-08-26','Payment rcvd.','2010-07-24','2010-07-24 08:23:07',18,5,NULL),(66,38,27,1,1,NULL,2,'428.1000','2010-09-02','Payment rcvd.','2010-07-24','2010-07-24 08:23:07',18,6,NULL),(67,38,27,1,1,NULL,2,'431.4000','2010-09-09','Payment rcvd.','2010-07-24','2010-07-24 08:23:07',18,7,NULL),(68,61,28,1,6,NULL,2,'777.0000','2010-07-25','','2010-07-25','2010-07-25 09:57:11',31,NULL,NULL),(69,67,29,1,6,NULL,2,'90.0000','2010-07-28','','2010-07-28','2010-07-27 14:02:45',34,1,NULL),(70,82,30,1,6,NULL,2,'15.0000','2010-07-31','','2010-07-31','2010-07-31 07:36:43',45,NULL,NULL),(71,6,31,NULL,11,NULL,2,'0.0000',NULL,'','2010-08-04','2010-07-30 14:00:00',4,NULL,NULL),(72,11,32,NULL,11,NULL,2,'0.0000',NULL,'','2010-08-04','2010-07-30 14:00:00',6,NULL,NULL),(73,14,33,NULL,11,NULL,2,'0.0000',NULL,'','2010-08-04','2010-07-30 14:00:00',7,NULL,NULL),(74,30,34,NULL,11,NULL,2,'0.1000',NULL,'','2010-08-04','2010-07-30 14:00:00',13,NULL,NULL),(75,52,35,NULL,11,NULL,2,'0.0000',NULL,'','2010-08-04','2010-07-30 14:00:00',28,NULL,NULL),(76,56,36,NULL,11,NULL,2,'0.0000',NULL,'','2010-08-04','2010-07-30 14:00:00',29,NULL,NULL),(77,58,37,NULL,11,NULL,2,'0.0000',NULL,'','2010-08-04','2010-07-30 14:00:00',30,NULL,NULL),(78,61,38,NULL,11,NULL,2,'0.0000',NULL,'','2010-08-04','2010-07-30 14:00:00',31,NULL,NULL),(79,64,39,NULL,11,NULL,2,'0.0000',NULL,'','2010-08-04','2010-07-30 14:00:00',33,NULL,NULL),(80,67,40,NULL,11,NULL,2,'0.0000',NULL,'','2010-08-04','2010-07-30 14:00:00',32,NULL,NULL),(81,76,41,NULL,11,NULL,2,'0.0000',NULL,'','2010-08-04','2010-07-30 14:00:00',42,NULL,NULL),(82,82,42,NULL,11,NULL,2,'0.0000',NULL,'','2010-08-04','2010-07-30 14:00:00',45,NULL,NULL),(83,106,43,1,12,NULL,2,'0.0000','2010-08-27','Payment rcvd.','2010-08-27','2010-08-27 05:47:57',61,1,NULL),(84,107,44,1,12,NULL,2,'0.0000','2010-08-27','Payment rcvd.','2010-08-27','2010-08-27 06:14:39',62,1,NULL),(85,109,45,1,6,NULL,2,'20.0000','2010-08-27','','2010-08-27','2010-08-27 06:14:39',63,1,NULL),(86,107,44,1,13,NULL,2,'0.0000','2010-08-27','fdsf','2010-08-27','2010-08-27 06:19:08',62,1,84),(87,107,46,1,12,NULL,2,'6.0000','2010-08-27','Payment rcvd.','2010-08-27','2010-08-27 06:31:51',62,1,NULL),(88,112,47,1,4,NULL,2,'70.0000','2010-08-28','-','2010-08-28','2010-08-28 11:04:15',65,0,NULL),(89,112,47,1,10,NULL,2,'5000.0000','2010-08-28','-','2010-08-28','2010-08-28 11:04:15',65,0,NULL),(90,112,48,1,1,NULL,2,'1100.0000','2010-09-04','Payment rcvd.','2010-08-28','2010-08-28 11:11:35',65,1,NULL),(91,112,48,1,9,NULL,2,'-1100.0000','2010-09-04','asdf','2010-08-28','2010-08-28 11:20:58',65,1,90),(92,112,49,1,1,NULL,2,'1414.0000','2010-09-04','Payment rcvd.','2010-08-28','2010-08-28 11:22:39',65,1,NULL),(93,112,49,1,1,NULL,2,'1.0000','2010-09-11','Payment rcvd.','2010-08-28','2010-08-28 11:22:39',65,2,NULL),(94,112,49,1,18,NULL,2,'-1.0000','2010-09-11','asf','2010-08-28','2010-08-28 11:26:09',65,2,93),(95,112,49,1,18,NULL,2,'-1414.0000','2010-09-04','asf','2010-08-28','2010-08-28 11:26:09',65,1,92),(96,112,47,1,19,NULL,2,'-5000.0000','2010-08-28','asf','2010-08-28','2010-08-28 11:26:09',65,0,89),(97,112,47,1,18,NULL,2,'-70.0000','2010-08-28','asf','2010-08-28','2010-08-28 11:26:09',65,0,88),(98,6,50,1,11,NULL,2,'0.0000',NULL,'','2010-08-31','2010-11-15 04:37:22',4,NULL,NULL),(99,11,51,1,11,NULL,2,'0.0000',NULL,'','2010-08-31','2010-11-15 04:37:22',6,NULL,NULL),(100,14,52,1,11,NULL,2,'0.0000',NULL,'','2010-08-31','2010-11-15 04:37:22',7,NULL,NULL),(101,30,53,1,11,NULL,2,'3.0000',NULL,'','2010-08-31','2010-11-15 04:37:23',13,NULL,NULL),(102,52,54,1,11,NULL,2,'0.0000',NULL,'','2010-08-31','2010-11-15 04:37:23',28,NULL,NULL),(103,56,55,1,11,NULL,2,'0.0000',NULL,'','2010-08-31','2010-11-15 04:37:23',29,NULL,NULL),(104,58,56,1,11,NULL,2,'0.0000',NULL,'','2010-08-31','2010-11-15 04:37:23',30,NULL,NULL),(105,61,57,1,11,NULL,2,'8.0000',NULL,'','2010-08-31','2010-11-15 04:37:23',31,NULL,NULL),(106,64,58,1,11,NULL,2,'0.0000',NULL,'','2010-08-31','2010-11-15 04:37:23',33,NULL,NULL),(107,67,59,1,11,NULL,2,'0.8000',NULL,'','2010-08-31','2010-11-15 04:37:23',32,NULL,NULL),(108,76,60,1,11,NULL,2,'0.0000',NULL,'','2010-08-31','2010-11-15 04:37:23',42,NULL,NULL),(109,82,61,1,11,NULL,2,'0.0000',NULL,'','2010-08-31','2010-11-15 04:37:23',45,NULL,NULL),(110,88,62,1,11,NULL,2,'0.0000',NULL,'','2010-08-31','2010-11-15 04:37:23',48,NULL,NULL),(111,109,63,1,11,NULL,2,'0.0000',NULL,'','2010-08-31','2010-11-15 04:37:23',63,NULL,NULL),(112,6,64,1,11,NULL,2,'0.0000',NULL,'','2010-09-30','2010-11-15 04:37:23',4,NULL,NULL),(113,11,65,1,11,NULL,2,'0.0000',NULL,'','2010-09-30','2010-11-15 04:37:23',6,NULL,NULL),(114,13,66,1,11,NULL,2,'0.0000',NULL,'','2010-09-30','2010-11-15 04:37:23',7,NULL,NULL),(115,14,67,1,11,NULL,2,'0.0000',NULL,'','2010-09-30','2010-11-15 04:37:23',7,NULL,NULL),(116,30,68,1,11,NULL,2,'3.0000',NULL,'','2010-09-30','2010-11-15 04:37:23',13,NULL,NULL),(117,52,69,1,11,NULL,2,'0.0000',NULL,'','2010-09-30','2010-11-15 04:37:23',28,NULL,NULL),(118,56,70,1,11,NULL,2,'0.0000',NULL,'','2010-09-30','2010-11-15 04:37:23',29,NULL,NULL),(119,58,71,1,11,NULL,2,'0.0000',NULL,'','2010-09-30','2010-11-15 04:37:23',30,NULL,NULL),(120,61,72,1,11,NULL,2,'7.7000',NULL,'','2010-09-30','2010-11-15 04:37:23',31,NULL,NULL),(121,64,73,1,11,NULL,2,'0.0000',NULL,'','2010-09-30','2010-11-15 04:37:23',33,NULL,NULL),(122,67,74,1,11,NULL,2,'0.9000',NULL,'','2010-09-30','2010-11-15 04:37:23',32,NULL,NULL),(123,76,75,1,11,NULL,2,'0.0000',NULL,'','2010-09-30','2010-11-15 04:37:23',42,NULL,NULL),(124,80,76,1,11,NULL,2,'0.0000',NULL,'','2010-09-30','2010-11-15 04:37:23',44,NULL,NULL),(125,82,77,1,11,NULL,2,'0.0000',NULL,'','2010-09-30','2010-11-15 04:37:23',45,NULL,NULL),(126,88,78,1,11,NULL,2,'0.0000',NULL,'','2010-09-30','2010-11-15 04:37:23',48,NULL,NULL),(127,109,79,1,11,NULL,2,'0.0000',NULL,'','2010-09-30','2010-11-15 04:37:23',63,NULL,NULL),(128,24,80,1,11,NULL,2,'7.4000',NULL,'','2010-09-30','2010-11-15 04:37:23',10,NULL,NULL),(129,6,81,1,11,NULL,2,'0.0000',NULL,'','2010-10-31','2010-11-15 04:37:24',4,NULL,NULL),(130,11,82,1,11,NULL,2,'0.0000',NULL,'','2010-10-31','2010-11-15 04:37:24',6,NULL,NULL),(131,14,83,1,11,NULL,2,'0.0000',NULL,'','2010-10-31','2010-11-15 04:37:24',7,NULL,NULL),(132,30,84,1,11,NULL,2,'3.1000',NULL,'','2010-10-31','2010-11-15 04:37:24',13,NULL,NULL),(133,52,85,1,11,NULL,2,'0.0000',NULL,'','2010-10-31','2010-11-15 04:37:24',28,NULL,NULL),(134,56,86,1,11,NULL,2,'0.0000',NULL,'','2010-10-31','2010-11-15 04:37:24',29,NULL,NULL),(135,58,87,1,11,NULL,2,'0.0000',NULL,'','2010-10-31','2010-11-15 04:37:24',30,NULL,NULL),(136,61,88,1,11,NULL,2,'8.0000',NULL,'','2010-10-31','2010-11-15 04:37:24',31,NULL,NULL),(137,64,89,1,11,NULL,2,'0.0000',NULL,'','2010-10-31','2010-11-15 04:37:24',33,NULL,NULL),(138,67,90,1,11,NULL,2,'0.9000',NULL,'','2010-10-31','2010-11-15 04:37:24',32,NULL,NULL),(139,76,91,1,11,NULL,2,'0.0000',NULL,'','2010-10-31','2010-11-15 04:37:24',42,NULL,NULL),(140,82,92,1,11,NULL,2,'0.0000',NULL,'','2010-10-31','2010-11-15 04:37:24',45,NULL,NULL),(141,88,93,1,11,NULL,2,'0.0000',NULL,'','2010-10-31','2010-11-15 04:37:24',48,NULL,NULL),(142,109,94,1,11,NULL,2,'0.0000',NULL,'','2010-10-31','2010-11-15 04:37:24',63,NULL,NULL),(143,116,95,1,11,NULL,2,'0.0000',NULL,'','2010-09-03','2010-09-03 06:17:56',68,NULL,NULL);
/*!40000 ALTER TABLE `account_trxn` ENABLE KEYS */;
UNLOCK TABLES;

--
-- Table structure for table `account_type`
--

DROP TABLE IF EXISTS `account_type`;
/*!40101 SET @saved_cs_client     = @@character_set_client */;
/*!40101 SET character_set_client = utf8 */;
CREATE TABLE `account_type` (
  `account_type_id` smallint(6) NOT NULL AUTO_INCREMENT,
  `lookup_id` int(11) NOT NULL,
  `description` varchar(50) DEFAULT NULL,
  PRIMARY KEY (`account_type_id`),
  KEY `lookup_id` (`lookup_id`),
  CONSTRAINT `account_type_ibfk_1` FOREIGN KEY (`lookup_id`) REFERENCES `lookup_value` (`lookup_id`) ON DELETE NO ACTION ON UPDATE NO ACTION
) ENGINE=InnoDB AUTO_INCREMENT=5 DEFAULT CHARSET=utf8;
/*!40101 SET character_set_client = @saved_cs_client */;

--
-- Dumping data for table `account_type`
--

LOCK TABLES `account_type` WRITE;
/*!40000 ALTER TABLE `account_type` DISABLE KEYS */;
INSERT INTO `account_type` VALUES (1,126,'Loan Account'),(2,127,'Savings Account'),(3,140,'Customer Account'),(4,126,'Individual Loan Account');
/*!40000 ALTER TABLE `account_type` ENABLE KEYS */;
UNLOCK TABLES;

--
-- Table structure for table `activity`
--

DROP TABLE IF EXISTS `activity`;
/*!40101 SET @saved_cs_client     = @@character_set_client */;
/*!40101 SET character_set_client = utf8 */;
CREATE TABLE `activity` (
  `activity_id` smallint(6) NOT NULL AUTO_INCREMENT,
  `parent_id` smallint(6) DEFAULT NULL,
  `activity_name_lookup_id` int(11) NOT NULL,
  `description_lookup_id` int(11) NOT NULL,
  PRIMARY KEY (`activity_id`),
  KEY `parent_id` (`parent_id`),
  KEY `activity_name_lookup_id` (`activity_name_lookup_id`),
  KEY `description_lookup_id` (`description_lookup_id`),
  CONSTRAINT `activity_ibfk_1` FOREIGN KEY (`parent_id`) REFERENCES `activity` (`activity_id`) ON DELETE NO ACTION ON UPDATE NO ACTION,
  CONSTRAINT `activity_ibfk_2` FOREIGN KEY (`activity_name_lookup_id`) REFERENCES `lookup_value` (`lookup_id`) ON DELETE NO ACTION ON UPDATE NO ACTION,
  CONSTRAINT `activity_ibfk_3` FOREIGN KEY (`description_lookup_id`) REFERENCES `lookup_value` (`lookup_id`) ON DELETE NO ACTION ON UPDATE NO ACTION
) ENGINE=InnoDB AUTO_INCREMENT=246 DEFAULT CHARSET=utf8;
/*!40101 SET character_set_client = @saved_cs_client */;

--
-- Dumping data for table `activity`
--

LOCK TABLES `activity` WRITE;
/*!40000 ALTER TABLE `activity` DISABLE KEYS */;
INSERT INTO `activity` VALUES (1,NULL,371,371),(2,1,372,372),(3,2,373,373),(4,2,374,374),(5,1,375,375),(6,5,376,376),(7,5,377,377),(8,1,378,378),(9,8,379,379),(10,8,380,380),(13,NULL,381,381),(14,13,382,382),(15,14,383,383),(16,14,384,384),(17,NULL,385,385),(18,17,386,386),(19,18,387,387),(20,18,388,388),(21,18,389,389),(22,17,390,390),(23,22,391,391),(24,22,392,392),(25,22,393,393),(33,NULL,394,394),(34,33,395,395),(35,34,396,396),(36,34,397,397),(37,34,398,398),(38,34,399,399),(39,34,400,400),(40,34,401,401),(41,34,402,402),(42,34,403,403),(43,34,404,404),(44,34,405,405),(46,34,407,407),(47,34,408,408),(48,34,409,409),(49,34,410,410),(50,34,411,411),(51,34,412,412),(52,34,413,413),(53,34,414,414),(54,34,415,415),(55,34,416,416),(56,33,417,417),(57,56,418,418),(58,56,419,419),(59,56,420,420),(60,56,421,421),(61,56,422,422),(62,56,423,423),(63,56,424,424),(64,56,425,425),(65,56,426,426),(66,56,427,427),(68,56,429,429),(69,56,430,430),(70,56,431,431),(71,56,432,432),(72,56,433,433),(73,56,434,434),(74,56,435,435),(75,56,436,436),(76,56,437,437),(77,56,438,438),(78,33,439,439),(79,78,440,440),(80,78,441,441),(81,78,442,442),(82,78,443,443),(83,78,444,444),(85,78,446,446),(86,78,447,447),(87,78,448,438),(88,78,449,449),(89,NULL,450,450),(90,89,451,451),(91,90,452,452),(92,90,453,453),(93,89,454,454),(94,93,455,455),(95,93,456,456),(96,89,457,457),(97,96,458,458),(98,96,459,459),(99,NULL,460,460),(100,99,461,461),(101,100,462,462),(102,100,463,463),(103,100,464,464),(104,100,465,465),(105,100,466,466),(106,100,467,467),(108,100,469,469),(109,100,470,470),(110,100,471,471),(113,99,474,474),(115,113,475,475),(116,113,476,476),(118,113,478,478),(119,113,479,479),(120,113,480,480),(121,34,481,481),(122,56,482,482),(126,34,483,483),(127,78,484,484),(128,78,485,485),(129,100,486,486),(131,113,487,487),(135,18,488,488),(136,NULL,489,489),(137,136,490,490),(138,136,491,491),(139,136,492,492),(140,136,493,493),(141,NULL,494,494),(145,141,498,498),(146,141,499,499),(147,141,500,500),(148,141,501,501),(149,141,502,502),(150,141,503,503),(151,141,504,504),(178,113,531,531),(179,100,532,532),(180,136,533,533),(181,136,534,534),(182,136,535,535),(183,136,536,536),(184,136,537,537),(185,136,538,538),(186,136,546,546),(187,136,551,551),(188,136,552,552),(189,113,553,553),(190,136,554,554),(191,136,555,555),(192,196,560,560),(193,13,562,562),(194,18,563,563),(195,90,561,561),(196,NULL,564,564),(197,196,565,565),(198,34,566,566),(199,56,567,567),(200,78,568,568),(201,196,569,569),(202,99,570,570),(203,NULL,574,574),(204,203,575,575),(205,203,579,579),(206,34,580,580),(208,34,582,582),(209,89,583,583),(210,209,584,584),(211,209,585,585),(213,203,587,587),(214,141,588,588),(215,141,589,589),(216,141,590,590),(217,113,591,591),(218,99,592,592),(219,1,593,593),(220,141,594,594),(221,141,595,595),(222,141,596,596),(223,141,597,597),(224,203,598,598),(225,141,602,602),(226,141,603,603),(227,NULL,605,605),(228,227,606,606),(229,145,607,607),(230,203,608,608),(231,150,611,611),(232,150,612,612),(233,196,619,619),(234,227,625,625),(235,1,627,627),(236,150,628,628),(237,150,629,629),(238,227,635,635),(239,227,636,636),(240,203,637,637),(241,227,638,638),(242,227,639,639),(243,203,640,640),(244,99,653,653),(245,34,654,654);
/*!40000 ALTER TABLE `activity` ENABLE KEYS */;
UNLOCK TABLES;

--
-- Table structure for table `admin_document`
--

DROP TABLE IF EXISTS `admin_document`;
/*!40101 SET @saved_cs_client     = @@character_set_client */;
/*!40101 SET character_set_client = utf8 */;
CREATE TABLE `admin_document` (
  `admin_document_id` int(11) NOT NULL AUTO_INCREMENT,
  `admin_document_name` varchar(200) DEFAULT NULL,
  `admin_document_identifier` varchar(100) DEFAULT NULL,
  `admin_document_active` smallint(6) DEFAULT NULL,
  `created_by` smallint(6) DEFAULT NULL,
  `created_date` date DEFAULT NULL,
  `updated_by` smallint(6) DEFAULT NULL,
  `updated_date` date DEFAULT NULL,
  `version_no` int(11) DEFAULT NULL,
  PRIMARY KEY (`admin_document_id`)
) ENGINE=InnoDB DEFAULT CHARSET=utf8;
/*!40101 SET character_set_client = @saved_cs_client */;

--
-- Dumping data for table `admin_document`
--

LOCK TABLES `admin_document` WRITE;
/*!40000 ALTER TABLE `admin_document` DISABLE KEYS */;
/*!40000 ALTER TABLE `admin_document` ENABLE KEYS */;
UNLOCK TABLES;

--
-- Table structure for table `admin_document_acc_state_mix`
--

DROP TABLE IF EXISTS `admin_document_acc_state_mix`;
/*!40101 SET @saved_cs_client     = @@character_set_client */;
/*!40101 SET character_set_client = utf8 */;
CREATE TABLE `admin_document_acc_state_mix` (
  `admin_doc_acc_state_mix_id` int(11) NOT NULL AUTO_INCREMENT,
  `account_state_id` smallint(6) NOT NULL,
  `admin_document_id` int(11) NOT NULL,
  `created_by` smallint(6) DEFAULT NULL,
  `created_date` date DEFAULT NULL,
  `updated_by` smallint(6) DEFAULT NULL,
  `updated_date` date DEFAULT NULL,
  `version_no` int(11) DEFAULT NULL,
  PRIMARY KEY (`admin_doc_acc_state_mix_id`),
  KEY `admin_document_acc_state_mix_fk` (`account_state_id`),
  KEY `admin_document_acc_state_mix_fk1` (`admin_document_id`),
  CONSTRAINT `admin_document_acc_state_mix_fk` FOREIGN KEY (`account_state_id`) REFERENCES `account_state` (`account_state_id`) ON DELETE NO ACTION ON UPDATE NO ACTION,
  CONSTRAINT `admin_document_acc_state_mix_fk1` FOREIGN KEY (`admin_document_id`) REFERENCES `admin_document` (`admin_document_id`) ON DELETE NO ACTION ON UPDATE NO ACTION
) ENGINE=InnoDB DEFAULT CHARSET=utf8;
/*!40101 SET character_set_client = @saved_cs_client */;

--
-- Dumping data for table `admin_document_acc_state_mix`
--

LOCK TABLES `admin_document_acc_state_mix` WRITE;
/*!40000 ALTER TABLE `admin_document_acc_state_mix` DISABLE KEYS */;
/*!40000 ALTER TABLE `admin_document_acc_state_mix` ENABLE KEYS */;
UNLOCK TABLES;

--
-- Table structure for table `applied_upgrades`
--

DROP TABLE IF EXISTS `applied_upgrades`;
/*!40101 SET @saved_cs_client     = @@character_set_client */;
/*!40101 SET character_set_client = utf8 */;
CREATE TABLE `applied_upgrades` (
  `upgrade_id` int(11) NOT NULL,
  PRIMARY KEY (`upgrade_id`)
) ENGINE=InnoDB DEFAULT CHARSET=utf8;
/*!40101 SET character_set_client = @saved_cs_client */;

--
-- Dumping data for table `applied_upgrades`
--

LOCK TABLES `applied_upgrades` WRITE;
/*!40000 ALTER TABLE `applied_upgrades` DISABLE KEYS */;
INSERT INTO `applied_upgrades` VALUES (1277565300),(1277565388),(1277565389),(1277567194),(1277567768),(1277567885),(1277567949),(1277568944),(1277569001),(1277571296),(1277571560),(1277571792),(1277571837),(1277586926),(1277587117),(1277587199),(1277587465),(1277587818),(1277587878),(1277587947),(1277588038),(1277588072),(1277588240),(1277588373),(1277588885),(1277588973),(1277589055),(1277589236),(1277589321),(1277589383),(1278540763),(1278540832),(1278542100),(1278542119),(1278542138),(1278542152),(1278542171),(1279140399),(1279272090),(1280719328),(1280719447),(1280719676),(1280721170),(1280793109),(1282247229),(1282389745),(1282814250),(1283237728),(1283320210),(1283416834),(1283765911),(1284365506),(1284977483),(1284986654),(1285046834),(1285177663),(1285651956),(1285812348),(1286195484),(1286529235),(1286780611),(1287934290),(1288013750),(1288349766),(1288869198),(1289125815),(1289541994),(1289994929),(1290720085),(1291245955),(1292234934),(1292241366),(1294738016),(1294927843),(1298198335),(1299279218);
/*!40000 ALTER TABLE `applied_upgrades` ENABLE KEYS */;
UNLOCK TABLES;

--
-- Table structure for table `attendance`
--

DROP TABLE IF EXISTS `attendance`;
/*!40101 SET @saved_cs_client     = @@character_set_client */;
/*!40101 SET character_set_client = utf8 */;
CREATE TABLE `attendance` (
  `meeting_id` int(11) NOT NULL,
  `meeting_date` date NOT NULL,
  `attendance` smallint(6) DEFAULT NULL,
  `notes` varchar(200) NOT NULL,
  PRIMARY KEY (`meeting_id`,`meeting_date`),
  CONSTRAINT `attendance_ibfk_1` FOREIGN KEY (`meeting_id`) REFERENCES `customer_meeting` (`customer_meeting_id`) ON DELETE NO ACTION ON UPDATE NO ACTION
) ENGINE=InnoDB DEFAULT CHARSET=utf8;
/*!40101 SET character_set_client = @saved_cs_client */;

--
-- Dumping data for table `attendance`
--

LOCK TABLES `attendance` WRITE;
/*!40000 ALTER TABLE `attendance` DISABLE KEYS */;
/*!40000 ALTER TABLE `attendance` ENABLE KEYS */;
UNLOCK TABLES;

--
-- Table structure for table `batch_branch_cash_confirmation_report`
--

DROP TABLE IF EXISTS `batch_branch_cash_confirmation_report`;
/*!40101 SET @saved_cs_client     = @@character_set_client */;
/*!40101 SET character_set_client = utf8 */;
CREATE TABLE `batch_branch_cash_confirmation_report` (
  `branch_cash_confirmation_report_id` int(11) NOT NULL AUTO_INCREMENT,
  `branch_id` smallint(6) NOT NULL,
  `run_date` date NOT NULL,
  PRIMARY KEY (`branch_cash_confirmation_report_id`)
) ENGINE=InnoDB DEFAULT CHARSET=utf8;
/*!40101 SET character_set_client = @saved_cs_client */;

--
-- Dumping data for table `batch_branch_cash_confirmation_report`
--

LOCK TABLES `batch_branch_cash_confirmation_report` WRITE;
/*!40000 ALTER TABLE `batch_branch_cash_confirmation_report` DISABLE KEYS */;
/*!40000 ALTER TABLE `batch_branch_cash_confirmation_report` ENABLE KEYS */;
UNLOCK TABLES;

--
-- Table structure for table `batch_branch_confirmation_disbursement`
--

DROP TABLE IF EXISTS `batch_branch_confirmation_disbursement`;
/*!40101 SET @saved_cs_client     = @@character_set_client */;
/*!40101 SET character_set_client = utf8 */;
CREATE TABLE `batch_branch_confirmation_disbursement` (
  `id` int(11) NOT NULL AUTO_INCREMENT,
  `branch_cash_confirmation_report_id` int(11) NOT NULL,
  `product_name` varchar(50) NOT NULL,
  `actual` decimal(21,4) NOT NULL,
  `actual_currency_id` smallint(6) NOT NULL,
  PRIMARY KEY (`id`),
  KEY `branch_cash_confirmation_report_id` (`branch_cash_confirmation_report_id`),
  CONSTRAINT `batch_branch_confirmation_disbursement_ibfk_1` FOREIGN KEY (`branch_cash_confirmation_report_id`) REFERENCES `batch_branch_cash_confirmation_report` (`branch_cash_confirmation_report_id`)
) ENGINE=InnoDB DEFAULT CHARSET=utf8;
/*!40101 SET character_set_client = @saved_cs_client */;

--
-- Dumping data for table `batch_branch_confirmation_disbursement`
--

LOCK TABLES `batch_branch_confirmation_disbursement` WRITE;
/*!40000 ALTER TABLE `batch_branch_confirmation_disbursement` DISABLE KEYS */;
/*!40000 ALTER TABLE `batch_branch_confirmation_disbursement` ENABLE KEYS */;
UNLOCK TABLES;

--
-- Table structure for table `batch_branch_confirmation_issue`
--

DROP TABLE IF EXISTS `batch_branch_confirmation_issue`;
/*!40101 SET @saved_cs_client     = @@character_set_client */;
/*!40101 SET character_set_client = utf8 */;
CREATE TABLE `batch_branch_confirmation_issue` (
  `id` int(11) NOT NULL AUTO_INCREMENT,
  `branch_cash_confirmation_report_id` int(11) NOT NULL,
  `product_name` varchar(50) NOT NULL,
  `actual` decimal(21,4) NOT NULL,
  `actual_currency_id` smallint(6) NOT NULL,
  PRIMARY KEY (`id`),
  KEY `branch_cash_confirmation_report_id` (`branch_cash_confirmation_report_id`),
  CONSTRAINT `batch_branch_confirmation_issue_ibfk_1` FOREIGN KEY (`branch_cash_confirmation_report_id`) REFERENCES `batch_branch_cash_confirmation_report` (`branch_cash_confirmation_report_id`)
) ENGINE=InnoDB DEFAULT CHARSET=utf8;
/*!40101 SET character_set_client = @saved_cs_client */;

--
-- Dumping data for table `batch_branch_confirmation_issue`
--

LOCK TABLES `batch_branch_confirmation_issue` WRITE;
/*!40000 ALTER TABLE `batch_branch_confirmation_issue` DISABLE KEYS */;
/*!40000 ALTER TABLE `batch_branch_confirmation_issue` ENABLE KEYS */;
UNLOCK TABLES;

--
-- Table structure for table `batch_branch_confirmation_recovery`
--

DROP TABLE IF EXISTS `batch_branch_confirmation_recovery`;
/*!40101 SET @saved_cs_client     = @@character_set_client */;
/*!40101 SET character_set_client = utf8 */;
CREATE TABLE `batch_branch_confirmation_recovery` (
  `recovery_id` int(11) NOT NULL AUTO_INCREMENT,
  `branch_cash_confirmation_report_id` int(11) NOT NULL,
  `product_name` varchar(50) NOT NULL,
  `due` decimal(21,4) NOT NULL,
  `due_currency_id` smallint(6) NOT NULL,
  `actual` decimal(21,4) NOT NULL,
  `actual_currency_id` smallint(6) NOT NULL,
  `arrears` decimal(21,4) NOT NULL,
  `arrears_currency_id` smallint(6) NOT NULL,
  PRIMARY KEY (`recovery_id`),
  KEY `branch_cash_confirmation_report_id` (`branch_cash_confirmation_report_id`),
  CONSTRAINT `batch_branch_confirmation_recovery_ibfk_1` FOREIGN KEY (`branch_cash_confirmation_report_id`) REFERENCES `batch_branch_cash_confirmation_report` (`branch_cash_confirmation_report_id`)
) ENGINE=InnoDB DEFAULT CHARSET=utf8;
/*!40101 SET character_set_client = @saved_cs_client */;

--
-- Dumping data for table `batch_branch_confirmation_recovery`
--

LOCK TABLES `batch_branch_confirmation_recovery` WRITE;
/*!40000 ALTER TABLE `batch_branch_confirmation_recovery` DISABLE KEYS */;
/*!40000 ALTER TABLE `batch_branch_confirmation_recovery` ENABLE KEYS */;
UNLOCK TABLES;

--
-- Table structure for table `batch_branch_report`
--

DROP TABLE IF EXISTS `batch_branch_report`;
/*!40101 SET @saved_cs_client     = @@character_set_client */;
/*!40101 SET character_set_client = utf8 */;
CREATE TABLE `batch_branch_report` (
  `branch_report_id` int(11) NOT NULL AUTO_INCREMENT,
  `branch_id` smallint(6) NOT NULL,
  `run_date` date NOT NULL,
  PRIMARY KEY (`branch_report_id`)
) ENGINE=InnoDB AUTO_INCREMENT=449 DEFAULT CHARSET=utf8;
/*!40101 SET character_set_client = @saved_cs_client */;

--
-- Dumping data for table `batch_branch_report`
--

LOCK TABLES `batch_branch_report` WRITE;
/*!40000 ALTER TABLE `batch_branch_report` DISABLE KEYS */;
INSERT INTO `batch_branch_report` VALUES (1,4,'2010-07-28'),(2,6,'2010-07-28'),(3,3,'2010-07-28'),(4,5,'2010-07-28'),(5,4,'2010-07-29'),(6,6,'2010-07-29'),(7,3,'2010-07-29'),(8,5,'2010-07-29'),(9,4,'2010-07-30'),(10,6,'2010-07-30'),(11,3,'2010-07-30'),(12,5,'2010-07-30'),(13,4,'2010-07-31'),(14,6,'2010-07-31'),(15,3,'2010-07-31'),(16,5,'2010-07-31'),(17,4,'2010-08-01'),(18,6,'2010-08-01'),(19,3,'2010-08-01'),(20,5,'2010-08-01'),(21,4,'2010-08-02'),(22,6,'2010-08-02'),(23,3,'2010-08-02'),(24,5,'2010-08-02'),(29,4,'2010-08-03'),(30,6,'2010-08-03'),(31,3,'2010-08-03'),(32,5,'2010-08-03'),(33,4,'2010-08-04'),(34,6,'2010-08-04'),(35,3,'2010-08-04'),(36,5,'2010-08-04'),(37,4,'2010-08-05'),(38,6,'2010-08-05'),(39,3,'2010-08-05'),(40,5,'2010-08-05'),(41,4,'2010-08-06'),(42,6,'2010-08-06'),(43,3,'2010-08-06'),(44,5,'2010-08-06'),(45,4,'2010-08-07'),(46,6,'2010-08-07'),(47,3,'2010-08-07'),(48,5,'2010-08-07'),(49,4,'2010-08-08'),(50,6,'2010-08-08'),(51,3,'2010-08-08'),(52,5,'2010-08-08'),(53,4,'2010-08-09'),(54,6,'2010-08-09'),(55,3,'2010-08-09'),(56,5,'2010-08-09'),(57,4,'2010-08-10'),(58,6,'2010-08-10'),(59,3,'2010-08-10'),(60,5,'2010-08-10'),(61,4,'2010-08-11'),(62,6,'2010-08-11'),(63,3,'2010-08-11'),(64,5,'2010-08-11'),(65,4,'2010-08-12'),(66,6,'2010-08-12'),(67,3,'2010-08-12'),(68,5,'2010-08-12'),(69,4,'2010-08-13'),(70,6,'2010-08-13'),(71,3,'2010-08-13'),(72,5,'2010-08-13'),(73,4,'2010-08-14'),(74,6,'2010-08-14'),(75,3,'2010-08-14'),(76,5,'2010-08-14'),(77,4,'2010-08-15'),(78,6,'2010-08-15'),(79,3,'2010-08-15'),(80,5,'2010-08-15'),(81,4,'2010-08-16'),(82,6,'2010-08-16'),(83,3,'2010-08-16'),(84,5,'2010-08-16'),(85,4,'2010-08-17'),(86,6,'2010-08-17'),(87,3,'2010-08-17'),(88,5,'2010-08-17'),(89,4,'2010-08-18'),(90,6,'2010-08-18'),(91,3,'2010-08-18'),(92,5,'2010-08-18'),(93,4,'2010-08-19'),(94,6,'2010-08-19'),(95,3,'2010-08-19'),(96,5,'2010-08-19'),(97,4,'2010-08-20'),(98,6,'2010-08-20'),(99,3,'2010-08-20'),(100,5,'2010-08-20'),(101,4,'2010-08-21'),(102,6,'2010-08-21'),(103,3,'2010-08-21'),(104,5,'2010-08-21'),(105,4,'2010-08-22'),(106,6,'2010-08-22'),(107,3,'2010-08-22'),(108,5,'2010-08-22'),(109,4,'2010-08-23'),(110,6,'2010-08-23'),(111,3,'2010-08-23'),(112,5,'2010-08-23'),(113,4,'2010-08-24'),(114,6,'2010-08-24'),(115,3,'2010-08-24'),(116,5,'2010-08-24'),(117,4,'2010-08-25'),(118,6,'2010-08-25'),(119,3,'2010-08-25'),(120,5,'2010-08-25'),(121,4,'2010-08-26'),(122,6,'2010-08-26'),(123,3,'2010-08-26'),(124,5,'2010-08-26'),(125,4,'2010-08-27'),(126,6,'2010-08-27'),(127,3,'2010-08-27'),(128,5,'2010-08-27'),(129,4,'2010-08-28'),(130,6,'2010-08-28'),(131,3,'2010-08-28'),(132,5,'2010-08-28'),(133,4,'2010-08-29'),(134,6,'2010-08-29'),(135,3,'2010-08-29'),(136,5,'2010-08-29'),(137,4,'2010-08-30'),(138,6,'2010-08-30'),(139,3,'2010-08-30'),(140,5,'2010-08-30'),(141,4,'2010-08-31'),(142,6,'2010-08-31'),(143,3,'2010-08-31'),(144,5,'2010-08-31'),(145,4,'2010-09-01'),(146,6,'2010-09-01'),(147,3,'2010-09-01'),(148,5,'2010-09-01'),(149,4,'2010-09-02'),(150,6,'2010-09-02'),(151,3,'2010-09-02'),(152,5,'2010-09-02'),(153,4,'2010-09-03'),(154,6,'2010-09-03'),(155,3,'2010-09-03'),(156,5,'2010-09-03'),(157,4,'2010-09-04'),(158,6,'2010-09-04'),(159,3,'2010-09-04'),(160,5,'2010-09-04'),(161,4,'2010-09-05'),(162,6,'2010-09-05'),(163,3,'2010-09-05'),(164,5,'2010-09-05'),(165,4,'2010-09-06'),(166,6,'2010-09-06'),(167,3,'2010-09-06'),(168,5,'2010-09-06'),(169,4,'2010-09-07'),(170,6,'2010-09-07'),(171,3,'2010-09-07'),(172,5,'2010-09-07'),(173,4,'2010-09-08'),(174,6,'2010-09-08'),(175,3,'2010-09-08'),(176,5,'2010-09-08'),(177,4,'2010-09-09'),(178,6,'2010-09-09'),(179,3,'2010-09-09'),(180,5,'2010-09-09'),(181,4,'2010-09-10'),(182,6,'2010-09-10'),(183,3,'2010-09-10'),(184,5,'2010-09-10'),(185,4,'2010-09-11'),(186,6,'2010-09-11'),(187,3,'2010-09-11'),(188,5,'2010-09-11'),(189,4,'2010-09-12'),(190,6,'2010-09-12'),(191,3,'2010-09-12'),(192,5,'2010-09-12'),(193,4,'2010-09-13'),(194,6,'2010-09-13'),(195,3,'2010-09-13'),(196,5,'2010-09-13'),(197,4,'2010-09-14'),(198,6,'2010-09-14'),(199,3,'2010-09-14'),(200,5,'2010-09-14'),(201,4,'2010-09-15'),(202,6,'2010-09-15'),(203,3,'2010-09-15'),(204,5,'2010-09-15'),(205,4,'2010-09-16'),(206,6,'2010-09-16'),(207,3,'2010-09-16'),(208,5,'2010-09-16'),(209,4,'2010-09-17'),(210,6,'2010-09-17'),(211,3,'2010-09-17'),(212,5,'2010-09-17'),(213,4,'2010-09-18'),(214,6,'2010-09-18'),(215,3,'2010-09-18'),(216,5,'2010-09-18'),(217,4,'2010-09-19'),(218,6,'2010-09-19'),(219,3,'2010-09-19'),(220,5,'2010-09-19'),(221,4,'2010-09-20'),(222,6,'2010-09-20'),(223,3,'2010-09-20'),(224,5,'2010-09-20'),(225,4,'2010-09-21'),(226,6,'2010-09-21'),(227,3,'2010-09-21'),(228,5,'2010-09-21'),(229,4,'2010-09-22'),(230,6,'2010-09-22'),(231,3,'2010-09-22'),(232,5,'2010-09-22'),(233,4,'2010-09-23'),(234,6,'2010-09-23'),(235,3,'2010-09-23'),(236,5,'2010-09-23'),(237,4,'2010-09-24'),(238,6,'2010-09-24'),(239,3,'2010-09-24'),(240,5,'2010-09-24'),(241,4,'2010-09-25'),(242,6,'2010-09-25'),(243,3,'2010-09-25'),(244,5,'2010-09-25'),(245,4,'2010-09-26'),(246,6,'2010-09-26'),(247,3,'2010-09-26'),(248,5,'2010-09-26'),(249,4,'2010-09-27'),(250,6,'2010-09-27'),(251,3,'2010-09-27'),(252,5,'2010-09-27'),(253,4,'2010-09-28'),(254,6,'2010-09-28'),(255,3,'2010-09-28'),(256,5,'2010-09-28'),(257,4,'2010-09-29'),(258,6,'2010-09-29'),(259,3,'2010-09-29'),(260,5,'2010-09-29'),(261,4,'2010-09-30'),(262,6,'2010-09-30'),(263,3,'2010-09-30'),(264,5,'2010-09-30'),(265,4,'2010-10-01'),(266,6,'2010-10-01'),(267,3,'2010-10-01'),(268,5,'2010-10-01'),(269,4,'2010-10-02'),(270,6,'2010-10-02'),(271,3,'2010-10-02'),(272,5,'2010-10-02'),(273,4,'2010-10-03'),(274,6,'2010-10-03'),(275,3,'2010-10-03'),(276,5,'2010-10-03'),(277,4,'2010-10-04'),(278,6,'2010-10-04'),(279,3,'2010-10-04'),(280,5,'2010-10-04'),(281,4,'2010-10-05'),(282,6,'2010-10-05'),(283,3,'2010-10-05'),(284,5,'2010-10-05'),(285,4,'2010-10-06'),(286,6,'2010-10-06'),(287,3,'2010-10-06'),(288,5,'2010-10-06'),(289,4,'2010-10-07'),(290,6,'2010-10-07'),(291,3,'2010-10-07'),(292,5,'2010-10-07'),(293,4,'2010-10-08'),(294,6,'2010-10-08'),(295,3,'2010-10-08'),(296,5,'2010-10-08'),(297,4,'2010-10-09'),(298,6,'2010-10-09'),(299,3,'2010-10-09'),(300,5,'2010-10-09'),(301,4,'2010-10-10'),(302,6,'2010-10-10'),(303,3,'2010-10-10'),(304,5,'2010-10-10'),(305,4,'2010-10-11'),(306,6,'2010-10-11'),(307,3,'2010-10-11'),(308,5,'2010-10-11'),(309,4,'2010-10-12'),(310,6,'2010-10-12'),(311,3,'2010-10-12'),(312,5,'2010-10-12'),(313,4,'2010-10-13'),(314,6,'2010-10-13'),(315,3,'2010-10-13'),(316,5,'2010-10-13'),(317,4,'2010-10-14'),(318,6,'2010-10-14'),(319,3,'2010-10-14'),(320,5,'2010-10-14'),(321,4,'2010-10-15'),(322,6,'2010-10-15'),(323,3,'2010-10-15'),(324,5,'2010-10-15'),(325,4,'2010-10-16'),(326,6,'2010-10-16'),(327,3,'2010-10-16'),(328,5,'2010-10-16'),(329,4,'2010-10-17'),(330,6,'2010-10-17'),(331,3,'2010-10-17'),(332,5,'2010-10-17'),(333,4,'2010-10-18'),(334,6,'2010-10-18'),(335,3,'2010-10-18'),(336,5,'2010-10-18'),(337,4,'2010-10-19'),(338,6,'2010-10-19'),(339,3,'2010-10-19'),(340,5,'2010-10-19'),(341,4,'2010-10-20'),(342,6,'2010-10-20'),(343,3,'2010-10-20'),(344,5,'2010-10-20'),(345,4,'2010-10-21'),(346,6,'2010-10-21'),(347,3,'2010-10-21'),(348,5,'2010-10-21'),(349,4,'2010-10-22'),(350,6,'2010-10-22'),(351,3,'2010-10-22'),(352,5,'2010-10-22'),(353,4,'2010-10-23'),(354,6,'2010-10-23'),(355,3,'2010-10-23'),(356,5,'2010-10-23'),(357,4,'2010-10-24'),(358,6,'2010-10-24'),(359,3,'2010-10-24'),(360,5,'2010-10-24'),(361,4,'2010-10-25'),(362,6,'2010-10-25'),(363,3,'2010-10-25'),(364,5,'2010-10-25'),(365,4,'2010-10-26'),(366,6,'2010-10-26'),(367,3,'2010-10-26'),(368,5,'2010-10-26'),(369,4,'2010-10-27'),(370,6,'2010-10-27'),(371,3,'2010-10-27'),(372,5,'2010-10-27'),(373,4,'2010-10-28'),(374,6,'2010-10-28'),(375,3,'2010-10-28'),(376,5,'2010-10-28'),(377,4,'2010-10-29'),(378,6,'2010-10-29'),(379,3,'2010-10-29'),(380,5,'2010-10-29'),(381,4,'2010-10-30'),(382,6,'2010-10-30'),(383,3,'2010-10-30'),(384,5,'2010-10-30'),(385,4,'2010-10-31'),(386,6,'2010-10-31'),(387,3,'2010-10-31'),(388,5,'2010-10-31'),(389,4,'2010-11-01'),(390,6,'2010-11-01'),(391,3,'2010-11-01'),(392,5,'2010-11-01'),(393,4,'2010-11-02'),(394,6,'2010-11-02'),(395,3,'2010-11-02'),(396,5,'2010-11-02'),(397,4,'2010-11-03'),(398,6,'2010-11-03'),(399,3,'2010-11-03'),(400,5,'2010-11-03'),(401,4,'2010-11-04'),(402,6,'2010-11-04'),(403,3,'2010-11-04'),(404,5,'2010-11-04'),(405,4,'2010-11-05'),(406,6,'2010-11-05'),(407,3,'2010-11-05'),(408,5,'2010-11-05'),(409,4,'2010-11-06'),(410,6,'2010-11-06'),(411,3,'2010-11-06'),(412,5,'2010-11-06'),(413,4,'2010-11-07'),(414,6,'2010-11-07'),(415,3,'2010-11-07'),(416,5,'2010-11-07'),(417,4,'2010-11-08'),(418,6,'2010-11-08'),(419,3,'2010-11-08'),(420,5,'2010-11-08'),(421,4,'2010-11-09'),(422,6,'2010-11-09'),(423,3,'2010-11-09'),(424,5,'2010-11-09'),(425,4,'2010-11-10'),(426,6,'2010-11-10'),(427,3,'2010-11-10'),(428,5,'2010-11-10'),(429,4,'2010-11-11'),(430,6,'2010-11-11'),(431,3,'2010-11-11'),(432,5,'2010-11-11'),(433,4,'2010-11-12'),(434,6,'2010-11-12'),(435,3,'2010-11-12'),(436,5,'2010-11-12'),(437,4,'2010-11-13'),(438,6,'2010-11-13'),(439,3,'2010-11-13'),(440,5,'2010-11-13'),(441,4,'2010-11-14'),(442,6,'2010-11-14'),(443,3,'2010-11-14'),(444,5,'2010-11-14'),(445,4,'2010-11-15'),(446,6,'2010-11-15'),(447,3,'2010-11-15'),(448,5,'2010-11-15');
/*!40000 ALTER TABLE `batch_branch_report` ENABLE KEYS */;
UNLOCK TABLES;

--
-- Table structure for table `batch_client_summary`
--

DROP TABLE IF EXISTS `batch_client_summary`;
/*!40101 SET @saved_cs_client     = @@character_set_client */;
/*!40101 SET character_set_client = utf8 */;
CREATE TABLE `batch_client_summary` (
  `client_summary_id` int(11) NOT NULL AUTO_INCREMENT,
  `branch_report_id` int(11) NOT NULL,
  `field_name` varchar(50) NOT NULL,
  `total` varchar(50) DEFAULT NULL,
  `vpoor_total` varchar(50) DEFAULT NULL,
  PRIMARY KEY (`client_summary_id`),
  KEY `branch_report_id` (`branch_report_id`),
  CONSTRAINT `batch_client_summary_ibfk_1` FOREIGN KEY (`branch_report_id`) REFERENCES `batch_branch_report` (`branch_report_id`)
) ENGINE=InnoDB AUTO_INCREMENT=5377 DEFAULT CHARSET=utf8;
/*!40101 SET character_set_client = @saved_cs_client */;

--
-- Dumping data for table `batch_client_summary`
--

LOCK TABLES `batch_client_summary` WRITE;
/*!40000 ALTER TABLE `batch_client_summary` DISABLE KEYS */;
INSERT INTO `batch_client_summary` VALUES (1,1,'replacements.count','0','0'),(2,1,'loan.account.dormant.count','0','0'),(3,1,'active.savers.count','2','1'),(4,1,'group.count','3',''),(5,1,'onholds.count','0','0'),(6,1,'saving.account.dormant.count','0','0'),(7,1,'portfolio.at.risk','0.00',NULL),(8,1,'active.members.count','4','1'),(9,1,'dropouts.count','0','0'),(10,1,'center.count','2',''),(11,1,'dropout.rate','0.00','0.00'),(12,1,'active.borrowers.count','1','0'),(13,2,'active.members.count','0','0'),(14,2,'active.savers.count','0','0'),(15,2,'replacements.count','0','0'),(16,2,'loan.account.dormant.count','0','0'),(17,2,'group.count','0',''),(18,2,'onholds.count','0','0'),(19,2,'saving.account.dormant.count','0','0'),(20,2,'portfolio.at.risk','0.00',NULL),(21,2,'center.count','0',''),(22,2,'active.borrowers.count','0','0'),(23,2,'dropouts.count','0','0'),(24,2,'dropout.rate','0.00','0.00'),(25,3,'active.savers.count','5','0'),(26,3,'replacements.count','0','0'),(27,3,'loan.account.dormant.count','0','0'),(28,3,'onholds.count','0','0'),(29,3,'center.count','4',''),(30,3,'saving.account.dormant.count','0','0'),(31,3,'portfolio.at.risk','0.00',NULL),(32,3,'active.borrowers.count','0','0'),(33,3,'dropouts.count','0','0'),(34,3,'dropout.rate','0.00','0.00'),(35,3,'active.members.count','12','3'),(36,3,'group.count','9',''),(37,4,'active.members.count','0','0'),(38,4,'active.savers.count','0','0'),(39,4,'replacements.count','0','0'),(40,4,'loan.account.dormant.count','0','0'),(41,4,'group.count','0',''),(42,4,'onholds.count','0','0'),(43,4,'saving.account.dormant.count','0','0'),(44,4,'portfolio.at.risk','0.00',NULL),(45,4,'center.count','0',''),(46,4,'active.borrowers.count','0','0'),(47,4,'dropouts.count','0','0'),(48,4,'dropout.rate','0.00','0.00'),(49,5,'replacements.count','0','0'),(50,5,'loan.account.dormant.count','0','0'),(51,5,'active.savers.count','2','1'),(52,5,'group.count','3',''),(53,5,'saving.account.dormant.count','0','0'),(54,5,'portfolio.at.risk','0.00',NULL),(55,5,'active.members.count','4','1'),(56,5,'dropouts.count','0','0'),(57,5,'center.count','2',''),(58,5,'dropout.rate','0.00','0.00'),(59,5,'active.borrowers.count','1','0'),(60,5,'onholds.count','3','2'),(61,6,'active.members.count','0','0'),(62,6,'active.savers.count','0','0'),(63,6,'replacements.count','0','0'),(64,6,'loan.account.dormant.count','0','0'),(65,6,'group.count','0',''),(66,6,'onholds.count','0','0'),(67,6,'saving.account.dormant.count','0','0'),(68,6,'portfolio.at.risk','0.00',NULL),(69,6,'center.count','0',''),(70,6,'active.borrowers.count','0','0'),(71,6,'dropouts.count','0','0'),(72,6,'dropout.rate','0.00','0.00'),(73,7,'group.count','15',''),(74,7,'replacements.count','0','0'),(75,7,'loan.account.dormant.count','0','0'),(76,7,'onholds.count','0','0'),(77,7,'center.count','4',''),(78,7,'saving.account.dormant.count','0','0'),(79,7,'active.savers.count','6','1'),(80,7,'portfolio.at.risk','0.00',NULL),(81,7,'active.borrowers.count','0','0'),(82,7,'dropouts.count','0','0'),(83,7,'dropout.rate','0.00','0.00'),(84,7,'active.members.count','18','7'),(85,8,'active.members.count','0','0'),(86,8,'active.savers.count','0','0'),(87,8,'replacements.count','0','0'),(88,8,'loan.account.dormant.count','0','0'),(89,8,'group.count','0',''),(90,8,'onholds.count','0','0'),(91,8,'saving.account.dormant.count','0','0'),(92,8,'portfolio.at.risk','0.00',NULL),(93,8,'center.count','0',''),(94,8,'active.borrowers.count','0','0'),(95,8,'dropouts.count','0','0'),(96,8,'dropout.rate','0.00','0.00'),(97,9,'replacements.count','0','0'),(98,9,'loan.account.dormant.count','0','0'),(99,9,'active.savers.count','2','1'),(100,9,'group.count','3',''),(101,9,'saving.account.dormant.count','0','0'),(102,9,'portfolio.at.risk','0.00',NULL),(103,9,'active.members.count','4','1'),(104,9,'dropouts.count','0','0'),(105,9,'center.count','2',''),(106,9,'dropout.rate','0.00','0.00'),(107,9,'active.borrowers.count','1','0'),(108,9,'onholds.count','3','2'),(109,10,'active.members.count','0','0'),(110,10,'active.savers.count','0','0'),(111,10,'replacements.count','0','0'),(112,10,'loan.account.dormant.count','0','0'),(113,10,'group.count','0',''),(114,10,'onholds.count','0','0'),(115,10,'saving.account.dormant.count','0','0'),(116,10,'portfolio.at.risk','0.00',NULL),(117,10,'center.count','0',''),(118,10,'active.borrowers.count','0','0'),(119,10,'dropouts.count','0','0'),(120,10,'dropout.rate','0.00','0.00'),(121,11,'group.count','15',''),(122,11,'replacements.count','0','0'),(123,11,'loan.account.dormant.count','0','0'),(124,11,'onholds.count','0','0'),(125,11,'center.count','4',''),(126,11,'saving.account.dormant.count','0','0'),(127,11,'active.savers.count','6','1'),(128,11,'portfolio.at.risk','0.00',NULL),(129,11,'active.borrowers.count','0','0'),(130,11,'dropouts.count','0','0'),(131,11,'dropout.rate','0.00','0.00'),(132,11,'active.members.count','18','7'),(133,12,'active.members.count','0','0'),(134,12,'active.savers.count','0','0'),(135,12,'replacements.count','0','0'),(136,12,'loan.account.dormant.count','0','0'),(137,12,'group.count','0',''),(138,12,'onholds.count','0','0'),(139,12,'saving.account.dormant.count','0','0'),(140,12,'portfolio.at.risk','0.00',NULL),(141,12,'center.count','0',''),(142,12,'active.borrowers.count','0','0'),(143,12,'dropouts.count','0','0'),(144,12,'dropout.rate','0.00','0.00'),(145,13,'replacements.count','0','0'),(146,13,'loan.account.dormant.count','0','0'),(147,13,'active.savers.count','2','1'),(148,13,'group.count','3',''),(149,13,'saving.account.dormant.count','0','0'),(150,13,'portfolio.at.risk','0.00',NULL),(151,13,'active.members.count','4','1'),(152,13,'dropouts.count','0','0'),(153,13,'center.count','2',''),(154,13,'dropout.rate','0.00','0.00'),(155,13,'active.borrowers.count','1','0'),(156,13,'onholds.count','3','2'),(157,14,'active.members.count','0','0'),(158,14,'active.savers.count','0','0'),(159,14,'replacements.count','0','0'),(160,14,'loan.account.dormant.count','0','0'),(161,14,'group.count','0',''),(162,14,'onholds.count','0','0'),(163,14,'saving.account.dormant.count','0','0'),(164,14,'portfolio.at.risk','0.00',NULL),(165,14,'center.count','0',''),(166,14,'active.borrowers.count','0','0'),(167,14,'dropouts.count','0','0'),(168,14,'dropout.rate','0.00','0.00'),(169,15,'group.count','15',''),(170,15,'replacements.count','0','0'),(171,15,'loan.account.dormant.count','0','0'),(172,15,'onholds.count','0','0'),(173,15,'center.count','4',''),(174,15,'saving.account.dormant.count','0','0'),(175,15,'active.savers.count','6','1'),(176,15,'portfolio.at.risk','0.00',NULL),(177,15,'active.borrowers.count','0','0'),(178,15,'dropouts.count','0','0'),(179,15,'dropout.rate','0.00','0.00'),(180,15,'active.members.count','18','7'),(181,16,'active.members.count','0','0'),(182,16,'active.savers.count','0','0'),(183,16,'replacements.count','0','0'),(184,16,'loan.account.dormant.count','0','0'),(185,16,'group.count','0',''),(186,16,'onholds.count','0','0'),(187,16,'saving.account.dormant.count','0','0'),(188,16,'portfolio.at.risk','0.00',NULL),(189,16,'center.count','0',''),(190,16,'active.borrowers.count','0','0'),(191,16,'dropouts.count','0','0'),(192,16,'dropout.rate','0.00','0.00'),(193,17,'replacements.count','0','0'),(194,17,'loan.account.dormant.count','0','0'),(195,17,'active.savers.count','2','1'),(196,17,'group.count','3',''),(197,17,'saving.account.dormant.count','0','0'),(198,17,'portfolio.at.risk','0.00',NULL),(199,17,'active.members.count','4','1'),(200,17,'dropouts.count','0','0'),(201,17,'center.count','2',''),(202,17,'dropout.rate','0.00','0.00'),(203,17,'active.borrowers.count','1','0'),(204,17,'onholds.count','3','2'),(205,18,'active.members.count','0','0'),(206,18,'active.savers.count','0','0'),(207,18,'replacements.count','0','0'),(208,18,'loan.account.dormant.count','0','0'),(209,18,'group.count','0',''),(210,18,'onholds.count','0','0'),(211,18,'saving.account.dormant.count','0','0'),(212,18,'portfolio.at.risk','0.00',NULL),(213,18,'center.count','0',''),(214,18,'active.borrowers.count','0','0'),(215,18,'dropouts.count','0','0'),(216,18,'dropout.rate','0.00','0.00'),(217,19,'group.count','15',''),(218,19,'replacements.count','0','0'),(219,19,'loan.account.dormant.count','0','0'),(220,19,'onholds.count','0','0'),(221,19,'center.count','4',''),(222,19,'saving.account.dormant.count','0','0'),(223,19,'active.savers.count','6','1'),(224,19,'portfolio.at.risk','0.00',NULL),(225,19,'active.borrowers.count','0','0'),(226,19,'dropouts.count','0','0'),(227,19,'dropout.rate','0.00','0.00'),(228,19,'active.members.count','18','7'),(229,20,'active.members.count','0','0'),(230,20,'active.savers.count','0','0'),(231,20,'replacements.count','0','0'),(232,20,'loan.account.dormant.count','0','0'),(233,20,'group.count','0',''),(234,20,'onholds.count','0','0'),(235,20,'saving.account.dormant.count','0','0'),(236,20,'portfolio.at.risk','0.00',NULL),(237,20,'center.count','0',''),(238,20,'active.borrowers.count','0','0'),(239,20,'dropouts.count','0','0'),(240,20,'dropout.rate','0.00','0.00'),(241,21,'replacements.count','0','0'),(242,21,'loan.account.dormant.count','0','0'),(243,21,'active.savers.count','2','1'),(244,21,'group.count','3',''),(245,21,'saving.account.dormant.count','0','0'),(246,21,'portfolio.at.risk','0.00',NULL),(247,21,'active.members.count','4','1'),(248,21,'dropouts.count','0','0'),(249,21,'center.count','2',''),(250,21,'dropout.rate','0.00','0.00'),(251,21,'active.borrowers.count','1','0'),(252,21,'onholds.count','3','2'),(253,22,'active.members.count','0','0'),(254,22,'active.savers.count','0','0'),(255,22,'replacements.count','0','0'),(256,22,'loan.account.dormant.count','0','0'),(257,22,'group.count','0',''),(258,22,'onholds.count','0','0'),(259,22,'saving.account.dormant.count','0','0'),(260,22,'portfolio.at.risk','0.00',NULL),(261,22,'center.count','0',''),(262,22,'active.borrowers.count','0','0'),(263,22,'dropouts.count','0','0'),(264,22,'dropout.rate','0.00','0.00'),(265,23,'group.count','15',''),(266,23,'replacements.count','0','0'),(267,23,'loan.account.dormant.count','0','0'),(268,23,'onholds.count','0','0'),(269,23,'center.count','4',''),(270,23,'saving.account.dormant.count','0','0'),(271,23,'active.savers.count','6','1'),(272,23,'portfolio.at.risk','0.00',NULL),(273,23,'active.borrowers.count','0','0'),(274,23,'dropouts.count','0','0'),(275,23,'dropout.rate','0.00','0.00'),(276,23,'active.members.count','18','7'),(277,24,'active.members.count','0','0'),(278,24,'active.savers.count','0','0'),(279,24,'replacements.count','0','0'),(280,24,'loan.account.dormant.count','0','0'),(281,24,'group.count','0',''),(282,24,'onholds.count','0','0'),(283,24,'saving.account.dormant.count','0','0'),(284,24,'portfolio.at.risk','0.00',NULL),(285,24,'center.count','0',''),(286,24,'active.borrowers.count','0','0'),(287,24,'dropouts.count','0','0'),(288,24,'dropout.rate','0.00','0.00'),(337,29,'replacements.count','0','0'),(338,29,'loan.account.dormant.count','0','0'),(339,29,'active.savers.count','2','1'),(340,29,'group.count','3',''),(341,29,'saving.account.dormant.count','0','0'),(342,29,'portfolio.at.risk','0.00',NULL),(343,29,'active.members.count','4','1'),(344,29,'dropouts.count','0','0'),(345,29,'center.count','2',''),(346,29,'dropout.rate','0.00','0.00'),(347,29,'active.borrowers.count','1','0'),(348,29,'onholds.count','3','2'),(349,30,'replacements.count','0','0'),(350,30,'loan.account.dormant.count','0','0'),(351,30,'active.members.count','1','0'),(352,30,'onholds.count','0','0'),(353,30,'saving.account.dormant.count','0','0'),(354,30,'portfolio.at.risk','0.00',NULL),(355,30,'group.count','2',''),(356,30,'active.savers.count','1','0'),(357,30,'active.borrowers.count','0','0'),(358,30,'dropouts.count','0','0'),(359,30,'dropout.rate','0.00','0.00'),(360,30,'center.count','3',''),(361,31,'replacements.count','0','0'),(362,31,'loan.account.dormant.count','0','0'),(363,31,'center.count','5',''),(364,31,'onholds.count','0','0'),(365,31,'saving.account.dormant.count','0','0'),(366,31,'active.savers.count','6','1'),(367,31,'portfolio.at.risk','0.00',NULL),(368,31,'active.members.count','20','9'),(369,31,'active.borrowers.count','0','0'),(370,31,'dropouts.count','0','0'),(371,31,'dropout.rate','0.00','0.00'),(372,31,'group.count','18',''),(373,32,'active.members.count','0','0'),(374,32,'active.savers.count','0','0'),(375,32,'replacements.count','0','0'),(376,32,'loan.account.dormant.count','0','0'),(377,32,'group.count','0',''),(378,32,'onholds.count','0','0'),(379,32,'saving.account.dormant.count','0','0'),(380,32,'portfolio.at.risk','0.00',NULL),(381,32,'center.count','0',''),(382,32,'active.borrowers.count','0','0'),(383,32,'dropouts.count','0','0'),(384,32,'dropout.rate','0.00','0.00'),(385,33,'replacements.count','0','0'),(386,33,'loan.account.dormant.count','0','0'),(387,33,'active.savers.count','2','1'),(388,33,'group.count','3',''),(389,33,'saving.account.dormant.count','0','0'),(390,33,'portfolio.at.risk','0.00',NULL),(391,33,'active.members.count','4','1'),(392,33,'dropouts.count','0','0'),(393,33,'center.count','2',''),(394,33,'dropout.rate','0.00','0.00'),(395,33,'active.borrowers.count','1','0'),(396,33,'onholds.count','3','2'),(397,34,'replacements.count','0','0'),(398,34,'loan.account.dormant.count','0','0'),(399,34,'active.members.count','1','0'),(400,34,'onholds.count','0','0'),(401,34,'saving.account.dormant.count','0','0'),(402,34,'portfolio.at.risk','0.00',NULL),(403,34,'group.count','2',''),(404,34,'active.savers.count','1','0'),(405,34,'active.borrowers.count','0','0'),(406,34,'dropouts.count','0','0'),(407,34,'dropout.rate','0.00','0.00'),(408,34,'center.count','3',''),(409,35,'replacements.count','0','0'),(410,35,'loan.account.dormant.count','0','0'),(411,35,'center.count','5',''),(412,35,'onholds.count','0','0'),(413,35,'saving.account.dormant.count','0','0'),(414,35,'active.savers.count','6','1'),(415,35,'portfolio.at.risk','0.00',NULL),(416,35,'active.members.count','20','9'),(417,35,'active.borrowers.count','0','0'),(418,35,'dropouts.count','0','0'),(419,35,'dropout.rate','0.00','0.00'),(420,35,'group.count','18',''),(421,36,'active.members.count','0','0'),(422,36,'active.savers.count','0','0'),(423,36,'replacements.count','0','0'),(424,36,'loan.account.dormant.count','0','0'),(425,36,'group.count','0',''),(426,36,'onholds.count','0','0'),(427,36,'saving.account.dormant.count','0','0'),(428,36,'portfolio.at.risk','0.00',NULL),(429,36,'center.count','0',''),(430,36,'active.borrowers.count','0','0'),(431,36,'dropouts.count','0','0'),(432,36,'dropout.rate','0.00','0.00'),(433,37,'replacements.count','0','0'),(434,37,'loan.account.dormant.count','0','0'),(435,37,'active.savers.count','2','1'),(436,37,'group.count','3',''),(437,37,'saving.account.dormant.count','0','0'),(438,37,'portfolio.at.risk','0.00',NULL),(439,37,'active.members.count','4','1'),(440,37,'dropouts.count','0','0'),(441,37,'center.count','2',''),(442,37,'dropout.rate','0.00','0.00'),(443,37,'active.borrowers.count','1','0'),(444,37,'onholds.count','3','2'),(445,38,'replacements.count','0','0'),(446,38,'loan.account.dormant.count','0','0'),(447,38,'active.members.count','1','0'),(448,38,'onholds.count','0','0'),(449,38,'saving.account.dormant.count','0','0'),(450,38,'portfolio.at.risk','0.00',NULL),(451,38,'group.count','2',''),(452,38,'active.savers.count','1','0'),(453,38,'active.borrowers.count','0','0'),(454,38,'dropouts.count','0','0'),(455,38,'dropout.rate','0.00','0.00'),(456,38,'center.count','3',''),(457,39,'replacements.count','0','0'),(458,39,'loan.account.dormant.count','0','0'),(459,39,'center.count','5',''),(460,39,'onholds.count','0','0'),(461,39,'saving.account.dormant.count','0','0'),(462,39,'active.savers.count','6','1'),(463,39,'portfolio.at.risk','0.00',NULL),(464,39,'active.members.count','20','9'),(465,39,'active.borrowers.count','0','0'),(466,39,'dropouts.count','0','0'),(467,39,'dropout.rate','0.00','0.00'),(468,39,'group.count','18',''),(469,40,'active.members.count','0','0'),(470,40,'active.savers.count','0','0'),(471,40,'replacements.count','0','0'),(472,40,'loan.account.dormant.count','0','0'),(473,40,'group.count','0',''),(474,40,'onholds.count','0','0'),(475,40,'saving.account.dormant.count','0','0'),(476,40,'portfolio.at.risk','0.00',NULL),(477,40,'center.count','0',''),(478,40,'active.borrowers.count','0','0'),(479,40,'dropouts.count','0','0'),(480,40,'dropout.rate','0.00','0.00'),(481,41,'replacements.count','0','0'),(482,41,'loan.account.dormant.count','0','0'),(483,41,'active.savers.count','2','1'),(484,41,'group.count','3',''),(485,41,'saving.account.dormant.count','0','0'),(486,41,'portfolio.at.risk','0.00',NULL),(487,41,'active.members.count','4','1'),(488,41,'dropouts.count','0','0'),(489,41,'center.count','2',''),(490,41,'dropout.rate','0.00','0.00'),(491,41,'active.borrowers.count','1','0'),(492,41,'onholds.count','3','2'),(493,42,'replacements.count','0','0'),(494,42,'loan.account.dormant.count','0','0'),(495,42,'active.members.count','1','0'),(496,42,'onholds.count','0','0'),(497,42,'saving.account.dormant.count','0','0'),(498,42,'portfolio.at.risk','0.00',NULL),(499,42,'group.count','2',''),(500,42,'active.savers.count','1','0'),(501,42,'active.borrowers.count','0','0'),(502,42,'dropouts.count','0','0'),(503,42,'dropout.rate','0.00','0.00'),(504,42,'center.count','3',''),(505,43,'replacements.count','0','0'),(506,43,'loan.account.dormant.count','0','0'),(507,43,'center.count','5',''),(508,43,'onholds.count','0','0'),(509,43,'saving.account.dormant.count','0','0'),(510,43,'active.savers.count','6','1'),(511,43,'portfolio.at.risk','0.00',NULL),(512,43,'active.members.count','20','9'),(513,43,'active.borrowers.count','0','0'),(514,43,'dropouts.count','0','0'),(515,43,'dropout.rate','0.00','0.00'),(516,43,'group.count','18',''),(517,44,'active.members.count','0','0'),(518,44,'active.savers.count','0','0'),(519,44,'replacements.count','0','0'),(520,44,'loan.account.dormant.count','0','0'),(521,44,'group.count','0',''),(522,44,'onholds.count','0','0'),(523,44,'saving.account.dormant.count','0','0'),(524,44,'portfolio.at.risk','0.00',NULL),(525,44,'center.count','0',''),(526,44,'active.borrowers.count','0','0'),(527,44,'dropouts.count','0','0'),(528,44,'dropout.rate','0.00','0.00'),(529,45,'replacements.count','0','0'),(530,45,'loan.account.dormant.count','0','0'),(531,45,'active.savers.count','2','1'),(532,45,'group.count','3',''),(533,45,'saving.account.dormant.count','0','0'),(534,45,'portfolio.at.risk','0.00',NULL),(535,45,'active.members.count','4','1'),(536,45,'dropouts.count','0','0'),(537,45,'center.count','2',''),(538,45,'dropout.rate','0.00','0.00'),(539,45,'active.borrowers.count','1','0'),(540,45,'onholds.count','3','2'),(541,46,'replacements.count','0','0'),(542,46,'loan.account.dormant.count','0','0'),(543,46,'active.members.count','1','0'),(544,46,'onholds.count','0','0'),(545,46,'saving.account.dormant.count','0','0'),(546,46,'portfolio.at.risk','0.00',NULL),(547,46,'group.count','2',''),(548,46,'active.savers.count','1','0'),(549,46,'active.borrowers.count','0','0'),(550,46,'dropouts.count','0','0'),(551,46,'dropout.rate','0.00','0.00'),(552,46,'center.count','3',''),(553,47,'replacements.count','0','0'),(554,47,'loan.account.dormant.count','0','0'),(555,47,'center.count','5',''),(556,47,'onholds.count','0','0'),(557,47,'saving.account.dormant.count','0','0'),(558,47,'active.savers.count','6','1'),(559,47,'portfolio.at.risk','0.00',NULL),(560,47,'active.members.count','20','9'),(561,47,'active.borrowers.count','0','0'),(562,47,'dropouts.count','0','0'),(563,47,'dropout.rate','0.00','0.00'),(564,47,'group.count','18',''),(565,48,'active.members.count','0','0'),(566,48,'active.savers.count','0','0'),(567,48,'replacements.count','0','0'),(568,48,'loan.account.dormant.count','0','0'),(569,48,'group.count','0',''),(570,48,'onholds.count','0','0'),(571,48,'saving.account.dormant.count','0','0'),(572,48,'portfolio.at.risk','0.00',NULL),(573,48,'center.count','0',''),(574,48,'active.borrowers.count','0','0'),(575,48,'dropouts.count','0','0'),(576,48,'dropout.rate','0.00','0.00'),(577,49,'replacements.count','0','0'),(578,49,'loan.account.dormant.count','0','0'),(579,49,'active.savers.count','2','1'),(580,49,'group.count','3',''),(581,49,'saving.account.dormant.count','0','0'),(582,49,'portfolio.at.risk','0.00',NULL),(583,49,'active.members.count','4','1'),(584,49,'dropouts.count','0','0'),(585,49,'center.count','2',''),(586,49,'dropout.rate','0.00','0.00'),(587,49,'active.borrowers.count','1','0'),(588,49,'onholds.count','3','2'),(589,50,'replacements.count','0','0'),(590,50,'loan.account.dormant.count','0','0'),(591,50,'active.members.count','1','0'),(592,50,'onholds.count','0','0'),(593,50,'saving.account.dormant.count','0','0'),(594,50,'portfolio.at.risk','0.00',NULL),(595,50,'group.count','2',''),(596,50,'active.savers.count','1','0'),(597,50,'active.borrowers.count','0','0'),(598,50,'dropouts.count','0','0'),(599,50,'dropout.rate','0.00','0.00'),(600,50,'center.count','3',''),(601,51,'replacements.count','0','0'),(602,51,'loan.account.dormant.count','0','0'),(603,51,'center.count','5',''),(604,51,'onholds.count','0','0'),(605,51,'saving.account.dormant.count','0','0'),(606,51,'active.savers.count','6','1'),(607,51,'portfolio.at.risk','0.00',NULL),(608,51,'active.members.count','20','9'),(609,51,'active.borrowers.count','0','0'),(610,51,'dropouts.count','0','0'),(611,51,'dropout.rate','0.00','0.00'),(612,51,'group.count','18',''),(613,52,'active.members.count','0','0'),(614,52,'active.savers.count','0','0'),(615,52,'replacements.count','0','0'),(616,52,'loan.account.dormant.count','0','0'),(617,52,'group.count','0',''),(618,52,'onholds.count','0','0'),(619,52,'saving.account.dormant.count','0','0'),(620,52,'portfolio.at.risk','0.00',NULL),(621,52,'center.count','0',''),(622,52,'active.borrowers.count','0','0'),(623,52,'dropouts.count','0','0'),(624,52,'dropout.rate','0.00','0.00'),(625,53,'replacements.count','0','0'),(626,53,'loan.account.dormant.count','0','0'),(627,53,'active.savers.count','2','1'),(628,53,'group.count','3',''),(629,53,'saving.account.dormant.count','0','0'),(630,53,'portfolio.at.risk','0.00',NULL),(631,53,'active.members.count','4','1'),(632,53,'dropouts.count','0','0'),(633,53,'center.count','2',''),(634,53,'dropout.rate','0.00','0.00'),(635,53,'active.borrowers.count','1','0'),(636,53,'onholds.count','3','2'),(637,54,'replacements.count','0','0'),(638,54,'loan.account.dormant.count','0','0'),(639,54,'active.members.count','1','0'),(640,54,'onholds.count','0','0'),(641,54,'saving.account.dormant.count','0','0'),(642,54,'portfolio.at.risk','0.00',NULL),(643,54,'group.count','2',''),(644,54,'active.savers.count','1','0'),(645,54,'active.borrowers.count','0','0'),(646,54,'dropouts.count','0','0'),(647,54,'dropout.rate','0.00','0.00'),(648,54,'center.count','3',''),(649,55,'replacements.count','0','0'),(650,55,'loan.account.dormant.count','0','0'),(651,55,'center.count','5',''),(652,55,'onholds.count','0','0'),(653,55,'saving.account.dormant.count','0','0'),(654,55,'active.savers.count','6','1'),(655,55,'portfolio.at.risk','0.00',NULL),(656,55,'active.members.count','20','9'),(657,55,'active.borrowers.count','0','0'),(658,55,'dropouts.count','0','0'),(659,55,'dropout.rate','0.00','0.00'),(660,55,'group.count','18',''),(661,56,'active.members.count','0','0'),(662,56,'active.savers.count','0','0'),(663,56,'replacements.count','0','0'),(664,56,'loan.account.dormant.count','0','0'),(665,56,'group.count','0',''),(666,56,'onholds.count','0','0'),(667,56,'saving.account.dormant.count','0','0'),(668,56,'portfolio.at.risk','0.00',NULL),(669,56,'center.count','0',''),(670,56,'active.borrowers.count','0','0'),(671,56,'dropouts.count','0','0'),(672,56,'dropout.rate','0.00','0.00'),(673,57,'replacements.count','0','0'),(674,57,'loan.account.dormant.count','0','0'),(675,57,'active.savers.count','2','1'),(676,57,'group.count','3',''),(677,57,'saving.account.dormant.count','0','0'),(678,57,'portfolio.at.risk','0.00',NULL),(679,57,'active.members.count','4','1'),(680,57,'dropouts.count','0','0'),(681,57,'center.count','2',''),(682,57,'dropout.rate','0.00','0.00'),(683,57,'active.borrowers.count','1','0'),(684,57,'onholds.count','3','2'),(685,58,'replacements.count','0','0'),(686,58,'loan.account.dormant.count','0','0'),(687,58,'active.members.count','1','0'),(688,58,'onholds.count','0','0'),(689,58,'saving.account.dormant.count','0','0'),(690,58,'portfolio.at.risk','0.00',NULL),(691,58,'group.count','2',''),(692,58,'active.savers.count','1','0'),(693,58,'active.borrowers.count','0','0'),(694,58,'dropouts.count','0','0'),(695,58,'dropout.rate','0.00','0.00'),(696,58,'center.count','3',''),(697,59,'replacements.count','0','0'),(698,59,'loan.account.dormant.count','0','0'),(699,59,'center.count','5',''),(700,59,'onholds.count','0','0'),(701,59,'saving.account.dormant.count','0','0'),(702,59,'active.savers.count','6','1'),(703,59,'portfolio.at.risk','0.00',NULL),(704,59,'active.members.count','20','9'),(705,59,'active.borrowers.count','0','0'),(706,59,'dropouts.count','0','0'),(707,59,'dropout.rate','0.00','0.00'),(708,59,'group.count','18',''),(709,60,'active.members.count','0','0'),(710,60,'active.savers.count','0','0'),(711,60,'replacements.count','0','0'),(712,60,'loan.account.dormant.count','0','0'),(713,60,'group.count','0',''),(714,60,'onholds.count','0','0'),(715,60,'saving.account.dormant.count','0','0'),(716,60,'portfolio.at.risk','0.00',NULL),(717,60,'center.count','0',''),(718,60,'active.borrowers.count','0','0'),(719,60,'dropouts.count','0','0'),(720,60,'dropout.rate','0.00','0.00'),(721,61,'replacements.count','0','0'),(722,61,'loan.account.dormant.count','0','0'),(723,61,'active.savers.count','2','1'),(724,61,'group.count','3',''),(725,61,'saving.account.dormant.count','0','0'),(726,61,'portfolio.at.risk','0.00',NULL),(727,61,'active.members.count','4','1'),(728,61,'dropouts.count','0','0'),(729,61,'center.count','2',''),(730,61,'dropout.rate','0.00','0.00'),(731,61,'active.borrowers.count','1','0'),(732,61,'onholds.count','3','2'),(733,62,'replacements.count','0','0'),(734,62,'loan.account.dormant.count','0','0'),(735,62,'active.members.count','1','0'),(736,62,'onholds.count','0','0'),(737,62,'saving.account.dormant.count','0','0'),(738,62,'portfolio.at.risk','0.00',NULL),(739,62,'group.count','2',''),(740,62,'active.savers.count','1','0'),(741,62,'active.borrowers.count','0','0'),(742,62,'dropouts.count','0','0'),(743,62,'dropout.rate','0.00','0.00'),(744,62,'center.count','3',''),(745,63,'replacements.count','0','0'),(746,63,'loan.account.dormant.count','0','0'),(747,63,'center.count','5',''),(748,63,'onholds.count','0','0'),(749,63,'saving.account.dormant.count','0','0'),(750,63,'active.savers.count','6','1'),(751,63,'portfolio.at.risk','0.00',NULL),(752,63,'active.members.count','20','9'),(753,63,'active.borrowers.count','0','0'),(754,63,'dropouts.count','0','0'),(755,63,'dropout.rate','0.00','0.00'),(756,63,'group.count','18',''),(757,64,'active.members.count','0','0'),(758,64,'active.savers.count','0','0'),(759,64,'replacements.count','0','0'),(760,64,'loan.account.dormant.count','0','0'),(761,64,'group.count','0',''),(762,64,'onholds.count','0','0'),(763,64,'saving.account.dormant.count','0','0'),(764,64,'portfolio.at.risk','0.00',NULL),(765,64,'center.count','0',''),(766,64,'active.borrowers.count','0','0'),(767,64,'dropouts.count','0','0'),(768,64,'dropout.rate','0.00','0.00'),(769,65,'replacements.count','0','0'),(770,65,'loan.account.dormant.count','0','0'),(771,65,'active.savers.count','2','1'),(772,65,'group.count','3',''),(773,65,'saving.account.dormant.count','0','0'),(774,65,'portfolio.at.risk','0.00',NULL),(775,65,'active.members.count','4','1'),(776,65,'dropouts.count','0','0'),(777,65,'center.count','2',''),(778,65,'dropout.rate','0.00','0.00'),(779,65,'active.borrowers.count','1','0'),(780,65,'onholds.count','3','2'),(781,66,'replacements.count','0','0'),(782,66,'loan.account.dormant.count','0','0'),(783,66,'active.members.count','1','0'),(784,66,'onholds.count','0','0'),(785,66,'saving.account.dormant.count','0','0'),(786,66,'portfolio.at.risk','0.00',NULL),(787,66,'group.count','2',''),(788,66,'active.savers.count','1','0'),(789,66,'active.borrowers.count','0','0'),(790,66,'dropouts.count','0','0'),(791,66,'dropout.rate','0.00','0.00'),(792,66,'center.count','3',''),(793,67,'replacements.count','0','0'),(794,67,'loan.account.dormant.count','0','0'),(795,67,'center.count','5',''),(796,67,'onholds.count','0','0'),(797,67,'saving.account.dormant.count','0','0'),(798,67,'active.savers.count','6','1'),(799,67,'portfolio.at.risk','0.00',NULL),(800,67,'active.members.count','20','9'),(801,67,'active.borrowers.count','0','0'),(802,67,'dropouts.count','0','0'),(803,67,'dropout.rate','0.00','0.00'),(804,67,'group.count','18',''),(805,68,'active.members.count','0','0'),(806,68,'active.savers.count','0','0'),(807,68,'replacements.count','0','0'),(808,68,'loan.account.dormant.count','0','0'),(809,68,'group.count','0',''),(810,68,'onholds.count','0','0'),(811,68,'saving.account.dormant.count','0','0'),(812,68,'portfolio.at.risk','0.00',NULL),(813,68,'center.count','0',''),(814,68,'active.borrowers.count','0','0'),(815,68,'dropouts.count','0','0'),(816,68,'dropout.rate','0.00','0.00'),(817,69,'replacements.count','0','0'),(818,69,'loan.account.dormant.count','0','0'),(819,69,'active.savers.count','2','1'),(820,69,'group.count','3',''),(821,69,'saving.account.dormant.count','0','0'),(822,69,'portfolio.at.risk','0.00',NULL),(823,69,'active.members.count','4','1'),(824,69,'dropouts.count','0','0'),(825,69,'center.count','2',''),(826,69,'dropout.rate','0.00','0.00'),(827,69,'active.borrowers.count','1','0'),(828,69,'onholds.count','3','2'),(829,70,'replacements.count','0','0'),(830,70,'loan.account.dormant.count','0','0'),(831,70,'active.members.count','1','0'),(832,70,'onholds.count','0','0'),(833,70,'saving.account.dormant.count','0','0'),(834,70,'portfolio.at.risk','0.00',NULL),(835,70,'group.count','2',''),(836,70,'active.savers.count','1','0'),(837,70,'active.borrowers.count','0','0'),(838,70,'dropouts.count','0','0'),(839,70,'dropout.rate','0.00','0.00'),(840,70,'center.count','3',''),(841,71,'replacements.count','0','0'),(842,71,'loan.account.dormant.count','0','0'),(843,71,'center.count','5',''),(844,71,'onholds.count','0','0'),(845,71,'saving.account.dormant.count','0','0'),(846,71,'active.savers.count','6','1'),(847,71,'portfolio.at.risk','0.00',NULL),(848,71,'active.members.count','20','9'),(849,71,'active.borrowers.count','0','0'),(850,71,'dropouts.count','0','0'),(851,71,'dropout.rate','0.00','0.00'),(852,71,'group.count','18',''),(853,72,'active.members.count','0','0'),(854,72,'active.savers.count','0','0'),(855,72,'replacements.count','0','0'),(856,72,'loan.account.dormant.count','0','0'),(857,72,'group.count','0',''),(858,72,'onholds.count','0','0'),(859,72,'saving.account.dormant.count','0','0'),(860,72,'portfolio.at.risk','0.00',NULL),(861,72,'center.count','0',''),(862,72,'active.borrowers.count','0','0'),(863,72,'dropouts.count','0','0'),(864,72,'dropout.rate','0.00','0.00'),(865,73,'replacements.count','0','0'),(866,73,'loan.account.dormant.count','0','0'),(867,73,'active.savers.count','2','1'),(868,73,'group.count','3',''),(869,73,'saving.account.dormant.count','0','0'),(870,73,'portfolio.at.risk','0.00',NULL),(871,73,'active.members.count','4','1'),(872,73,'dropouts.count','0','0'),(873,73,'center.count','2',''),(874,73,'dropout.rate','0.00','0.00'),(875,73,'active.borrowers.count','1','0'),(876,73,'onholds.count','3','2'),(877,74,'replacements.count','0','0'),(878,74,'loan.account.dormant.count','0','0'),(879,74,'active.members.count','1','0'),(880,74,'onholds.count','0','0'),(881,74,'saving.account.dormant.count','0','0'),(882,74,'portfolio.at.risk','0.00',NULL),(883,74,'group.count','2',''),(884,74,'active.savers.count','1','0'),(885,74,'active.borrowers.count','0','0'),(886,74,'dropouts.count','0','0'),(887,74,'dropout.rate','0.00','0.00'),(888,74,'center.count','3',''),(889,75,'replacements.count','0','0'),(890,75,'loan.account.dormant.count','0','0'),(891,75,'center.count','5',''),(892,75,'onholds.count','0','0'),(893,75,'saving.account.dormant.count','0','0'),(894,75,'active.savers.count','6','1'),(895,75,'portfolio.at.risk','0.00',NULL),(896,75,'active.members.count','20','9'),(897,75,'active.borrowers.count','0','0'),(898,75,'dropouts.count','0','0'),(899,75,'dropout.rate','0.00','0.00'),(900,75,'group.count','18',''),(901,76,'active.members.count','0','0'),(902,76,'active.savers.count','0','0'),(903,76,'replacements.count','0','0'),(904,76,'loan.account.dormant.count','0','0'),(905,76,'group.count','0',''),(906,76,'onholds.count','0','0'),(907,76,'saving.account.dormant.count','0','0'),(908,76,'portfolio.at.risk','0.00',NULL),(909,76,'center.count','0',''),(910,76,'active.borrowers.count','0','0'),(911,76,'dropouts.count','0','0'),(912,76,'dropout.rate','0.00','0.00'),(913,77,'replacements.count','0','0'),(914,77,'loan.account.dormant.count','0','0'),(915,77,'active.savers.count','2','1'),(916,77,'group.count','3',''),(917,77,'saving.account.dormant.count','0','0'),(918,77,'portfolio.at.risk','0.00',NULL),(919,77,'active.members.count','4','1'),(920,77,'dropouts.count','0','0'),(921,77,'center.count','2',''),(922,77,'dropout.rate','0.00','0.00'),(923,77,'active.borrowers.count','1','0'),(924,77,'onholds.count','3','2'),(925,78,'replacements.count','0','0'),(926,78,'loan.account.dormant.count','0','0'),(927,78,'active.members.count','1','0'),(928,78,'onholds.count','0','0'),(929,78,'saving.account.dormant.count','0','0'),(930,78,'portfolio.at.risk','0.00',NULL),(931,78,'group.count','2',''),(932,78,'active.savers.count','1','0'),(933,78,'active.borrowers.count','0','0'),(934,78,'dropouts.count','0','0'),(935,78,'dropout.rate','0.00','0.00'),(936,78,'center.count','3',''),(937,79,'replacements.count','0','0'),(938,79,'loan.account.dormant.count','0','0'),(939,79,'center.count','5',''),(940,79,'onholds.count','0','0'),(941,79,'saving.account.dormant.count','0','0'),(942,79,'active.savers.count','6','1'),(943,79,'portfolio.at.risk','0.00',NULL),(944,79,'active.members.count','20','9'),(945,79,'active.borrowers.count','0','0'),(946,79,'dropouts.count','0','0'),(947,79,'dropout.rate','0.00','0.00'),(948,79,'group.count','18',''),(949,80,'active.members.count','0','0'),(950,80,'active.savers.count','0','0'),(951,80,'replacements.count','0','0'),(952,80,'loan.account.dormant.count','0','0'),(953,80,'group.count','0',''),(954,80,'onholds.count','0','0'),(955,80,'saving.account.dormant.count','0','0'),(956,80,'portfolio.at.risk','0.00',NULL),(957,80,'center.count','0',''),(958,80,'active.borrowers.count','0','0'),(959,80,'dropouts.count','0','0'),(960,80,'dropout.rate','0.00','0.00'),(961,81,'replacements.count','0','0'),(962,81,'loan.account.dormant.count','0','0'),(963,81,'active.savers.count','2','1'),(964,81,'group.count','3',''),(965,81,'saving.account.dormant.count','0','0'),(966,81,'portfolio.at.risk','0.00',NULL),(967,81,'active.members.count','4','1'),(968,81,'dropouts.count','0','0'),(969,81,'center.count','2',''),(970,81,'dropout.rate','0.00','0.00'),(971,81,'active.borrowers.count','1','0'),(972,81,'onholds.count','3','2'),(973,82,'replacements.count','0','0'),(974,82,'loan.account.dormant.count','0','0'),(975,82,'active.members.count','1','0'),(976,82,'onholds.count','0','0'),(977,82,'saving.account.dormant.count','0','0'),(978,82,'portfolio.at.risk','0.00',NULL),(979,82,'group.count','2',''),(980,82,'active.savers.count','1','0'),(981,82,'active.borrowers.count','0','0'),(982,82,'dropouts.count','0','0'),(983,82,'dropout.rate','0.00','0.00'),(984,82,'center.count','3',''),(985,83,'replacements.count','0','0'),(986,83,'loan.account.dormant.count','0','0'),(987,83,'center.count','5',''),(988,83,'onholds.count','0','0'),(989,83,'saving.account.dormant.count','0','0'),(990,83,'active.savers.count','6','1'),(991,83,'portfolio.at.risk','0.00',NULL),(992,83,'active.members.count','20','9'),(993,83,'active.borrowers.count','0','0'),(994,83,'dropouts.count','0','0'),(995,83,'dropout.rate','0.00','0.00'),(996,83,'group.count','18',''),(997,84,'active.members.count','0','0'),(998,84,'active.savers.count','0','0'),(999,84,'replacements.count','0','0'),(1000,84,'loan.account.dormant.count','0','0'),(1001,84,'group.count','0',''),(1002,84,'onholds.count','0','0'),(1003,84,'saving.account.dormant.count','0','0'),(1004,84,'portfolio.at.risk','0.00',NULL),(1005,84,'center.count','0',''),(1006,84,'active.borrowers.count','0','0'),(1007,84,'dropouts.count','0','0'),(1008,84,'dropout.rate','0.00','0.00'),(1009,85,'replacements.count','0','0'),(1010,85,'loan.account.dormant.count','0','0'),(1011,85,'active.savers.count','2','1'),(1012,85,'group.count','3',''),(1013,85,'saving.account.dormant.count','0','0'),(1014,85,'portfolio.at.risk','0.00',NULL),(1015,85,'active.members.count','4','1'),(1016,85,'dropouts.count','0','0'),(1017,85,'center.count','2',''),(1018,85,'dropout.rate','0.00','0.00'),(1019,85,'active.borrowers.count','1','0'),(1020,85,'onholds.count','3','2'),(1021,86,'replacements.count','0','0'),(1022,86,'loan.account.dormant.count','0','0'),(1023,86,'active.members.count','1','0'),(1024,86,'onholds.count','0','0'),(1025,86,'saving.account.dormant.count','0','0'),(1026,86,'portfolio.at.risk','0.00',NULL),(1027,86,'group.count','2',''),(1028,86,'active.savers.count','1','0'),(1029,86,'active.borrowers.count','0','0'),(1030,86,'dropouts.count','0','0'),(1031,86,'dropout.rate','0.00','0.00'),(1032,86,'center.count','3',''),(1033,87,'replacements.count','0','0'),(1034,87,'loan.account.dormant.count','0','0'),(1035,87,'center.count','5',''),(1036,87,'onholds.count','0','0'),(1037,87,'saving.account.dormant.count','0','0'),(1038,87,'active.savers.count','6','1'),(1039,87,'portfolio.at.risk','0.00',NULL),(1040,87,'active.members.count','20','9'),(1041,87,'active.borrowers.count','0','0'),(1042,87,'dropouts.count','0','0'),(1043,87,'dropout.rate','0.00','0.00'),(1044,87,'group.count','18',''),(1045,88,'active.members.count','0','0'),(1046,88,'active.savers.count','0','0'),(1047,88,'replacements.count','0','0'),(1048,88,'loan.account.dormant.count','0','0'),(1049,88,'group.count','0',''),(1050,88,'onholds.count','0','0'),(1051,88,'saving.account.dormant.count','0','0'),(1052,88,'portfolio.at.risk','0.00',NULL),(1053,88,'center.count','0',''),(1054,88,'active.borrowers.count','0','0'),(1055,88,'dropouts.count','0','0'),(1056,88,'dropout.rate','0.00','0.00'),(1057,89,'replacements.count','0','0'),(1058,89,'loan.account.dormant.count','0','0'),(1059,89,'active.savers.count','2','1'),(1060,89,'group.count','3',''),(1061,89,'saving.account.dormant.count','0','0'),(1062,89,'portfolio.at.risk','0.00',NULL),(1063,89,'active.members.count','4','1'),(1064,89,'dropouts.count','0','0'),(1065,89,'center.count','2',''),(1066,89,'dropout.rate','0.00','0.00'),(1067,89,'active.borrowers.count','1','0'),(1068,89,'onholds.count','3','2'),(1069,90,'replacements.count','0','0'),(1070,90,'loan.account.dormant.count','0','0'),(1071,90,'active.members.count','1','0'),(1072,90,'onholds.count','0','0'),(1073,90,'saving.account.dormant.count','0','0'),(1074,90,'portfolio.at.risk','0.00',NULL),(1075,90,'group.count','2',''),(1076,90,'active.savers.count','1','0'),(1077,90,'active.borrowers.count','0','0'),(1078,90,'dropouts.count','0','0'),(1079,90,'dropout.rate','0.00','0.00'),(1080,90,'center.count','3',''),(1081,91,'replacements.count','0','0'),(1082,91,'loan.account.dormant.count','0','0'),(1083,91,'center.count','5',''),(1084,91,'onholds.count','0','0'),(1085,91,'saving.account.dormant.count','0','0'),(1086,91,'active.savers.count','6','1'),(1087,91,'portfolio.at.risk','0.00',NULL),(1088,91,'active.members.count','20','9'),(1089,91,'active.borrowers.count','0','0'),(1090,91,'dropouts.count','0','0'),(1091,91,'dropout.rate','0.00','0.00'),(1092,91,'group.count','18',''),(1093,92,'active.members.count','0','0'),(1094,92,'active.savers.count','0','0'),(1095,92,'replacements.count','0','0'),(1096,92,'loan.account.dormant.count','0','0'),(1097,92,'group.count','0',''),(1098,92,'onholds.count','0','0'),(1099,92,'saving.account.dormant.count','0','0'),(1100,92,'portfolio.at.risk','0.00',NULL),(1101,92,'center.count','0',''),(1102,92,'active.borrowers.count','0','0'),(1103,92,'dropouts.count','0','0'),(1104,92,'dropout.rate','0.00','0.00'),(1105,93,'replacements.count','0','0'),(1106,93,'loan.account.dormant.count','0','0'),(1107,93,'active.savers.count','2','1'),(1108,93,'group.count','3',''),(1109,93,'saving.account.dormant.count','0','0'),(1110,93,'portfolio.at.risk','0.00',NULL),(1111,93,'active.members.count','4','1'),(1112,93,'dropouts.count','0','0'),(1113,93,'center.count','2',''),(1114,93,'dropout.rate','0.00','0.00'),(1115,93,'active.borrowers.count','1','0'),(1116,93,'onholds.count','3','2'),(1117,94,'replacements.count','0','0'),(1118,94,'loan.account.dormant.count','0','0'),(1119,94,'active.members.count','1','0'),(1120,94,'onholds.count','0','0'),(1121,94,'saving.account.dormant.count','0','0'),(1122,94,'portfolio.at.risk','0.00',NULL),(1123,94,'group.count','2',''),(1124,94,'active.savers.count','1','0'),(1125,94,'active.borrowers.count','0','0'),(1126,94,'dropouts.count','0','0'),(1127,94,'dropout.rate','0.00','0.00'),(1128,94,'center.count','3',''),(1129,95,'replacements.count','0','0'),(1130,95,'loan.account.dormant.count','0','0'),(1131,95,'center.count','5',''),(1132,95,'onholds.count','0','0'),(1133,95,'saving.account.dormant.count','0','0'),(1134,95,'active.savers.count','6','1'),(1135,95,'portfolio.at.risk','0.00',NULL),(1136,95,'active.members.count','20','9'),(1137,95,'active.borrowers.count','0','0'),(1138,95,'dropouts.count','0','0'),(1139,95,'dropout.rate','0.00','0.00'),(1140,95,'group.count','18',''),(1141,96,'active.members.count','0','0'),(1142,96,'active.savers.count','0','0'),(1143,96,'replacements.count','0','0'),(1144,96,'loan.account.dormant.count','0','0'),(1145,96,'group.count','0',''),(1146,96,'onholds.count','0','0'),(1147,96,'saving.account.dormant.count','0','0'),(1148,96,'portfolio.at.risk','0.00',NULL),(1149,96,'center.count','0',''),(1150,96,'active.borrowers.count','0','0'),(1151,96,'dropouts.count','0','0'),(1152,96,'dropout.rate','0.00','0.00'),(1153,97,'replacements.count','0','0'),(1154,97,'loan.account.dormant.count','0','0'),(1155,97,'active.savers.count','2','1'),(1156,97,'group.count','3',''),(1157,97,'saving.account.dormant.count','0','0'),(1158,97,'portfolio.at.risk','0.00',NULL),(1159,97,'active.members.count','4','1'),(1160,97,'dropouts.count','0','0'),(1161,97,'center.count','2',''),(1162,97,'dropout.rate','0.00','0.00'),(1163,97,'active.borrowers.count','1','0'),(1164,97,'onholds.count','3','2'),(1165,98,'replacements.count','0','0'),(1166,98,'loan.account.dormant.count','0','0'),(1167,98,'active.members.count','1','0'),(1168,98,'onholds.count','0','0'),(1169,98,'saving.account.dormant.count','0','0'),(1170,98,'portfolio.at.risk','0.00',NULL),(1171,98,'group.count','2',''),(1172,98,'active.savers.count','1','0'),(1173,98,'active.borrowers.count','0','0'),(1174,98,'dropouts.count','0','0'),(1175,98,'dropout.rate','0.00','0.00'),(1176,98,'center.count','3',''),(1177,99,'replacements.count','0','0'),(1178,99,'loan.account.dormant.count','0','0'),(1179,99,'center.count','5',''),(1180,99,'onholds.count','0','0'),(1181,99,'saving.account.dormant.count','0','0'),(1182,99,'active.savers.count','6','1'),(1183,99,'portfolio.at.risk','0.00',NULL),(1184,99,'active.members.count','20','9'),(1185,99,'active.borrowers.count','0','0'),(1186,99,'dropouts.count','0','0'),(1187,99,'dropout.rate','0.00','0.00'),(1188,99,'group.count','18',''),(1189,100,'active.members.count','0','0'),(1190,100,'active.savers.count','0','0'),(1191,100,'replacements.count','0','0'),(1192,100,'loan.account.dormant.count','0','0'),(1193,100,'group.count','0',''),(1194,100,'onholds.count','0','0'),(1195,100,'saving.account.dormant.count','0','0'),(1196,100,'portfolio.at.risk','0.00',NULL),(1197,100,'center.count','0',''),(1198,100,'active.borrowers.count','0','0'),(1199,100,'dropouts.count','0','0'),(1200,100,'dropout.rate','0.00','0.00'),(1201,101,'replacements.count','0','0'),(1202,101,'loan.account.dormant.count','0','0'),(1203,101,'active.savers.count','2','1'),(1204,101,'group.count','3',''),(1205,101,'saving.account.dormant.count','0','0'),(1206,101,'portfolio.at.risk','0.00',NULL),(1207,101,'active.members.count','4','1'),(1208,101,'dropouts.count','0','0'),(1209,101,'center.count','2',''),(1210,101,'dropout.rate','0.00','0.00'),(1211,101,'active.borrowers.count','1','0'),(1212,101,'onholds.count','3','2'),(1213,102,'replacements.count','0','0'),(1214,102,'loan.account.dormant.count','0','0'),(1215,102,'active.members.count','1','0'),(1216,102,'onholds.count','0','0'),(1217,102,'saving.account.dormant.count','0','0'),(1218,102,'portfolio.at.risk','0.00',NULL),(1219,102,'group.count','2',''),(1220,102,'active.savers.count','1','0'),(1221,102,'active.borrowers.count','0','0'),(1222,102,'dropouts.count','0','0'),(1223,102,'dropout.rate','0.00','0.00'),(1224,102,'center.count','3',''),(1225,103,'replacements.count','0','0'),(1226,103,'loan.account.dormant.count','0','0'),(1227,103,'center.count','5',''),(1228,103,'onholds.count','0','0'),(1229,103,'saving.account.dormant.count','0','0'),(1230,103,'active.savers.count','6','1'),(1231,103,'portfolio.at.risk','0.00',NULL),(1232,103,'active.members.count','20','9'),(1233,103,'active.borrowers.count','0','0'),(1234,103,'dropouts.count','0','0'),(1235,103,'dropout.rate','0.00','0.00'),(1236,103,'group.count','18',''),(1237,104,'active.members.count','0','0'),(1238,104,'active.savers.count','0','0'),(1239,104,'replacements.count','0','0'),(1240,104,'loan.account.dormant.count','0','0'),(1241,104,'group.count','0',''),(1242,104,'onholds.count','0','0'),(1243,104,'saving.account.dormant.count','0','0'),(1244,104,'portfolio.at.risk','0.00',NULL),(1245,104,'center.count','0',''),(1246,104,'active.borrowers.count','0','0'),(1247,104,'dropouts.count','0','0'),(1248,104,'dropout.rate','0.00','0.00'),(1249,105,'replacements.count','0','0'),(1250,105,'loan.account.dormant.count','0','0'),(1251,105,'active.savers.count','2','1'),(1252,105,'group.count','3',''),(1253,105,'saving.account.dormant.count','0','0'),(1254,105,'portfolio.at.risk','0.00',NULL),(1255,105,'active.members.count','4','1'),(1256,105,'dropouts.count','0','0'),(1257,105,'center.count','2',''),(1258,105,'dropout.rate','0.00','0.00'),(1259,105,'active.borrowers.count','1','0'),(1260,105,'onholds.count','3','2'),(1261,106,'replacements.count','0','0'),(1262,106,'loan.account.dormant.count','0','0'),(1263,106,'active.members.count','1','0'),(1264,106,'onholds.count','0','0'),(1265,106,'saving.account.dormant.count','0','0'),(1266,106,'portfolio.at.risk','0.00',NULL),(1267,106,'group.count','2',''),(1268,106,'active.savers.count','1','0'),(1269,106,'active.borrowers.count','0','0'),(1270,106,'dropouts.count','0','0'),(1271,106,'dropout.rate','0.00','0.00'),(1272,106,'center.count','3',''),(1273,107,'replacements.count','0','0'),(1274,107,'loan.account.dormant.count','0','0'),(1275,107,'center.count','5',''),(1276,107,'onholds.count','0','0'),(1277,107,'saving.account.dormant.count','0','0'),(1278,107,'active.savers.count','6','1'),(1279,107,'portfolio.at.risk','0.00',NULL),(1280,107,'active.members.count','20','9'),(1281,107,'active.borrowers.count','0','0'),(1282,107,'dropouts.count','0','0'),(1283,107,'dropout.rate','0.00','0.00'),(1284,107,'group.count','18',''),(1285,108,'active.members.count','0','0'),(1286,108,'active.savers.count','0','0'),(1287,108,'replacements.count','0','0'),(1288,108,'loan.account.dormant.count','0','0'),(1289,108,'group.count','0',''),(1290,108,'onholds.count','0','0'),(1291,108,'saving.account.dormant.count','0','0'),(1292,108,'portfolio.at.risk','0.00',NULL),(1293,108,'center.count','0',''),(1294,108,'active.borrowers.count','0','0'),(1295,108,'dropouts.count','0','0'),(1296,108,'dropout.rate','0.00','0.00'),(1297,109,'replacements.count','0','0'),(1298,109,'loan.account.dormant.count','0','0'),(1299,109,'active.savers.count','2','1'),(1300,109,'group.count','3',''),(1301,109,'saving.account.dormant.count','0','0'),(1302,109,'portfolio.at.risk','0.00',NULL),(1303,109,'active.members.count','4','1'),(1304,109,'dropouts.count','0','0'),(1305,109,'center.count','2',''),(1306,109,'dropout.rate','0.00','0.00'),(1307,109,'active.borrowers.count','1','0'),(1308,109,'onholds.count','3','2'),(1309,110,'replacements.count','0','0'),(1310,110,'loan.account.dormant.count','0','0'),(1311,110,'active.members.count','1','0'),(1312,110,'onholds.count','0','0'),(1313,110,'saving.account.dormant.count','0','0'),(1314,110,'portfolio.at.risk','0.00',NULL),(1315,110,'group.count','2',''),(1316,110,'active.savers.count','1','0'),(1317,110,'active.borrowers.count','0','0'),(1318,110,'dropouts.count','0','0'),(1319,110,'dropout.rate','0.00','0.00'),(1320,110,'center.count','3',''),(1321,111,'replacements.count','0','0'),(1322,111,'loan.account.dormant.count','0','0'),(1323,111,'center.count','5',''),(1324,111,'onholds.count','0','0'),(1325,111,'saving.account.dormant.count','0','0'),(1326,111,'active.savers.count','6','1'),(1327,111,'portfolio.at.risk','0.00',NULL),(1328,111,'active.members.count','20','9'),(1329,111,'active.borrowers.count','0','0'),(1330,111,'dropouts.count','0','0'),(1331,111,'dropout.rate','0.00','0.00'),(1332,111,'group.count','18',''),(1333,112,'active.members.count','0','0'),(1334,112,'active.savers.count','0','0'),(1335,112,'replacements.count','0','0'),(1336,112,'loan.account.dormant.count','0','0'),(1337,112,'group.count','0',''),(1338,112,'onholds.count','0','0'),(1339,112,'saving.account.dormant.count','0','0'),(1340,112,'portfolio.at.risk','0.00',NULL),(1341,112,'center.count','0',''),(1342,112,'active.borrowers.count','0','0'),(1343,112,'dropouts.count','0','0'),(1344,112,'dropout.rate','0.00','0.00'),(1345,113,'replacements.count','0','0'),(1346,113,'loan.account.dormant.count','0','0'),(1347,113,'active.savers.count','2','1'),(1348,113,'group.count','3',''),(1349,113,'saving.account.dormant.count','0','0'),(1350,113,'portfolio.at.risk','0.00',NULL),(1351,113,'active.members.count','4','1'),(1352,113,'dropouts.count','0','0'),(1353,113,'center.count','2',''),(1354,113,'dropout.rate','0.00','0.00'),(1355,113,'active.borrowers.count','1','0'),(1356,113,'onholds.count','3','2'),(1357,114,'replacements.count','0','0'),(1358,114,'loan.account.dormant.count','0','0'),(1359,114,'active.members.count','1','0'),(1360,114,'onholds.count','0','0'),(1361,114,'saving.account.dormant.count','0','0'),(1362,114,'portfolio.at.risk','0.00',NULL),(1363,114,'group.count','2',''),(1364,114,'active.savers.count','1','0'),(1365,114,'active.borrowers.count','0','0'),(1366,114,'dropouts.count','0','0'),(1367,114,'dropout.rate','0.00','0.00'),(1368,114,'center.count','3',''),(1369,115,'replacements.count','0','0'),(1370,115,'loan.account.dormant.count','0','0'),(1371,115,'center.count','5',''),(1372,115,'onholds.count','0','0'),(1373,115,'saving.account.dormant.count','0','0'),(1374,115,'active.savers.count','6','1'),(1375,115,'portfolio.at.risk','0.00',NULL),(1376,115,'active.members.count','20','9'),(1377,115,'active.borrowers.count','0','0'),(1378,115,'dropouts.count','0','0'),(1379,115,'dropout.rate','0.00','0.00'),(1380,115,'group.count','18',''),(1381,116,'active.members.count','0','0'),(1382,116,'active.savers.count','0','0'),(1383,116,'replacements.count','0','0'),(1384,116,'loan.account.dormant.count','0','0'),(1385,116,'group.count','0',''),(1386,116,'onholds.count','0','0'),(1387,116,'saving.account.dormant.count','0','0'),(1388,116,'portfolio.at.risk','0.00',NULL),(1389,116,'center.count','0',''),(1390,116,'active.borrowers.count','0','0'),(1391,116,'dropouts.count','0','0'),(1392,116,'dropout.rate','0.00','0.00'),(1393,117,'replacements.count','0','0'),(1394,117,'loan.account.dormant.count','0','0'),(1395,117,'active.savers.count','2','1'),(1396,117,'group.count','3',''),(1397,117,'saving.account.dormant.count','0','0'),(1398,117,'portfolio.at.risk','0.00',NULL),(1399,117,'active.members.count','4','1'),(1400,117,'dropouts.count','0','0'),(1401,117,'center.count','2',''),(1402,117,'dropout.rate','0.00','0.00'),(1403,117,'active.borrowers.count','1','0'),(1404,117,'onholds.count','3','2'),(1405,118,'replacements.count','0','0'),(1406,118,'loan.account.dormant.count','0','0'),(1407,118,'active.members.count','1','0'),(1408,118,'onholds.count','0','0'),(1409,118,'saving.account.dormant.count','0','0'),(1410,118,'portfolio.at.risk','0.00',NULL),(1411,118,'group.count','2',''),(1412,118,'active.savers.count','1','0'),(1413,118,'active.borrowers.count','0','0'),(1414,118,'dropouts.count','0','0'),(1415,118,'dropout.rate','0.00','0.00'),(1416,118,'center.count','3',''),(1417,119,'replacements.count','0','0'),(1418,119,'loan.account.dormant.count','0','0'),(1419,119,'center.count','5',''),(1420,119,'onholds.count','0','0'),(1421,119,'saving.account.dormant.count','0','0'),(1422,119,'active.savers.count','6','1'),(1423,119,'portfolio.at.risk','0.00',NULL),(1424,119,'active.members.count','20','9'),(1425,119,'active.borrowers.count','0','0'),(1426,119,'dropouts.count','0','0'),(1427,119,'dropout.rate','0.00','0.00'),(1428,119,'group.count','18',''),(1429,120,'active.members.count','0','0'),(1430,120,'active.savers.count','0','0'),(1431,120,'replacements.count','0','0'),(1432,120,'loan.account.dormant.count','0','0'),(1433,120,'group.count','0',''),(1434,120,'onholds.count','0','0'),(1435,120,'saving.account.dormant.count','0','0'),(1436,120,'portfolio.at.risk','0.00',NULL),(1437,120,'center.count','0',''),(1438,120,'active.borrowers.count','0','0'),(1439,120,'dropouts.count','0','0'),(1440,120,'dropout.rate','0.00','0.00'),(1441,121,'replacements.count','0','0'),(1442,121,'loan.account.dormant.count','0','0'),(1443,121,'active.savers.count','2','1'),(1444,121,'group.count','3',''),(1445,121,'saving.account.dormant.count','0','0'),(1446,121,'portfolio.at.risk','0.00',NULL),(1447,121,'active.members.count','4','1'),(1448,121,'dropouts.count','0','0'),(1449,121,'center.count','2',''),(1450,121,'dropout.rate','0.00','0.00'),(1451,121,'active.borrowers.count','1','0'),(1452,121,'onholds.count','3','2'),(1453,122,'replacements.count','0','0'),(1454,122,'loan.account.dormant.count','0','0'),(1455,122,'active.members.count','1','0'),(1456,122,'onholds.count','0','0'),(1457,122,'saving.account.dormant.count','0','0'),(1458,122,'portfolio.at.risk','0.00',NULL),(1459,122,'group.count','2',''),(1460,122,'active.savers.count','1','0'),(1461,122,'active.borrowers.count','0','0'),(1462,122,'dropouts.count','0','0'),(1463,122,'dropout.rate','0.00','0.00'),(1464,122,'center.count','3',''),(1465,123,'replacements.count','0','0'),(1466,123,'loan.account.dormant.count','0','0'),(1467,123,'center.count','5',''),(1468,123,'onholds.count','0','0'),(1469,123,'saving.account.dormant.count','0','0'),(1470,123,'active.savers.count','6','1'),(1471,123,'portfolio.at.risk','0.00',NULL),(1472,123,'active.members.count','20','9'),(1473,123,'active.borrowers.count','0','0'),(1474,123,'dropouts.count','0','0'),(1475,123,'dropout.rate','0.00','0.00'),(1476,123,'group.count','18',''),(1477,124,'active.members.count','0','0'),(1478,124,'active.savers.count','0','0'),(1479,124,'replacements.count','0','0'),(1480,124,'loan.account.dormant.count','0','0'),(1481,124,'group.count','0',''),(1482,124,'onholds.count','0','0'),(1483,124,'saving.account.dormant.count','0','0'),(1484,124,'portfolio.at.risk','0.00',NULL),(1485,124,'center.count','0',''),(1486,124,'active.borrowers.count','0','0'),(1487,124,'dropouts.count','0','0'),(1488,124,'dropout.rate','0.00','0.00'),(1489,125,'replacements.count','0','0'),(1490,125,'loan.account.dormant.count','0','0'),(1491,125,'active.savers.count','2','1'),(1492,125,'group.count','3',''),(1493,125,'saving.account.dormant.count','0','0'),(1494,125,'portfolio.at.risk','0.00',NULL),(1495,125,'active.members.count','4','1'),(1496,125,'dropouts.count','0','0'),(1497,125,'center.count','2',''),(1498,125,'dropout.rate','0.00','0.00'),(1499,125,'active.borrowers.count','1','0'),(1500,125,'onholds.count','3','2'),(1501,126,'replacements.count','0','0'),(1502,126,'loan.account.dormant.count','0','0'),(1503,126,'active.members.count','1','0'),(1504,126,'onholds.count','0','0'),(1505,126,'saving.account.dormant.count','0','0'),(1506,126,'portfolio.at.risk','0.00',NULL),(1507,126,'group.count','2',''),(1508,126,'active.savers.count','1','0'),(1509,126,'active.borrowers.count','0','0'),(1510,126,'dropouts.count','0','0'),(1511,126,'dropout.rate','0.00','0.00'),(1512,126,'center.count','3',''),(1513,127,'replacements.count','0','0'),(1514,127,'loan.account.dormant.count','0','0'),(1515,127,'center.count','5',''),(1516,127,'onholds.count','0','0'),(1517,127,'saving.account.dormant.count','0','0'),(1518,127,'active.savers.count','6','1'),(1519,127,'portfolio.at.risk','0.00',NULL),(1520,127,'active.members.count','20','9'),(1521,127,'active.borrowers.count','0','0'),(1522,127,'dropouts.count','0','0'),(1523,127,'dropout.rate','0.00','0.00'),(1524,127,'group.count','18',''),(1525,128,'active.members.count','0','0'),(1526,128,'active.savers.count','0','0'),(1527,128,'replacements.count','0','0'),(1528,128,'loan.account.dormant.count','0','0'),(1529,128,'group.count','0',''),(1530,128,'onholds.count','0','0'),(1531,128,'saving.account.dormant.count','0','0'),(1532,128,'portfolio.at.risk','0.00',NULL),(1533,128,'center.count','0',''),(1534,128,'active.borrowers.count','0','0'),(1535,128,'dropouts.count','0','0'),(1536,128,'dropout.rate','0.00','0.00'),(1537,129,'replacements.count','0','0'),(1538,129,'loan.account.dormant.count','0','0'),(1539,129,'active.savers.count','2','1'),(1540,129,'group.count','3',''),(1541,129,'saving.account.dormant.count','0','0'),(1542,129,'portfolio.at.risk','0.00',NULL),(1543,129,'active.members.count','4','1'),(1544,129,'dropouts.count','0','0'),(1545,129,'center.count','2',''),(1546,129,'dropout.rate','0.00','0.00'),(1547,129,'active.borrowers.count','1','0'),(1548,129,'onholds.count','3','2'),(1549,130,'replacements.count','0','0'),(1550,130,'loan.account.dormant.count','0','0'),(1551,130,'active.members.count','1','0'),(1552,130,'onholds.count','0','0'),(1553,130,'saving.account.dormant.count','0','0'),(1554,130,'portfolio.at.risk','0.00',NULL),(1555,130,'group.count','2',''),(1556,130,'active.savers.count','1','0'),(1557,130,'active.borrowers.count','0','0'),(1558,130,'dropouts.count','0','0'),(1559,130,'dropout.rate','0.00','0.00'),(1560,130,'center.count','3',''),(1561,131,'replacements.count','0','0'),(1562,131,'loan.account.dormant.count','0','0'),(1563,131,'center.count','5',''),(1564,131,'onholds.count','0','0'),(1565,131,'saving.account.dormant.count','0','0'),(1566,131,'active.savers.count','6','1'),(1567,131,'portfolio.at.risk','0.00',NULL),(1568,131,'active.members.count','20','9'),(1569,131,'active.borrowers.count','0','0'),(1570,131,'dropouts.count','0','0'),(1571,131,'dropout.rate','0.00','0.00'),(1572,131,'group.count','18',''),(1573,132,'active.members.count','0','0'),(1574,132,'active.savers.count','0','0'),(1575,132,'replacements.count','0','0'),(1576,132,'loan.account.dormant.count','0','0'),(1577,132,'group.count','0',''),(1578,132,'onholds.count','0','0'),(1579,132,'saving.account.dormant.count','0','0'),(1580,132,'portfolio.at.risk','0.00',NULL),(1581,132,'center.count','0',''),(1582,132,'active.borrowers.count','0','0'),(1583,132,'dropouts.count','0','0'),(1584,132,'dropout.rate','0.00','0.00'),(1585,133,'replacements.count','0','0'),(1586,133,'loan.account.dormant.count','0','0'),(1587,133,'active.savers.count','2','1'),(1588,133,'group.count','3',''),(1589,133,'saving.account.dormant.count','0','0'),(1590,133,'portfolio.at.risk','0.00',NULL),(1591,133,'active.members.count','4','1'),(1592,133,'dropouts.count','0','0'),(1593,133,'center.count','2',''),(1594,133,'dropout.rate','0.00','0.00'),(1595,133,'active.borrowers.count','1','0'),(1596,133,'onholds.count','3','2'),(1597,134,'replacements.count','0','0'),(1598,134,'loan.account.dormant.count','0','0'),(1599,134,'active.members.count','1','0'),(1600,134,'onholds.count','0','0'),(1601,134,'saving.account.dormant.count','0','0'),(1602,134,'portfolio.at.risk','0.00',NULL),(1603,134,'group.count','2',''),(1604,134,'active.savers.count','1','0'),(1605,134,'active.borrowers.count','0','0'),(1606,134,'dropouts.count','0','0'),(1607,134,'dropout.rate','0.00','0.00'),(1608,134,'center.count','3',''),(1609,135,'replacements.count','0','0'),(1610,135,'loan.account.dormant.count','0','0'),(1611,135,'center.count','5',''),(1612,135,'onholds.count','0','0'),(1613,135,'saving.account.dormant.count','0','0'),(1614,135,'active.savers.count','6','1'),(1615,135,'portfolio.at.risk','0.00',NULL),(1616,135,'active.members.count','20','9'),(1617,135,'active.borrowers.count','0','0'),(1618,135,'dropouts.count','0','0'),(1619,135,'dropout.rate','0.00','0.00'),(1620,135,'group.count','18',''),(1621,136,'active.members.count','0','0'),(1622,136,'active.savers.count','0','0'),(1623,136,'replacements.count','0','0'),(1624,136,'loan.account.dormant.count','0','0'),(1625,136,'group.count','0',''),(1626,136,'onholds.count','0','0'),(1627,136,'saving.account.dormant.count','0','0'),(1628,136,'portfolio.at.risk','0.00',NULL),(1629,136,'center.count','0',''),(1630,136,'active.borrowers.count','0','0'),(1631,136,'dropouts.count','0','0'),(1632,136,'dropout.rate','0.00','0.00'),(1633,137,'replacements.count','0','0'),(1634,137,'loan.account.dormant.count','0','0'),(1635,137,'active.savers.count','2','1'),(1636,137,'group.count','3',''),(1637,137,'saving.account.dormant.count','0','0'),(1638,137,'portfolio.at.risk','0.00',NULL),(1639,137,'active.members.count','4','1'),(1640,137,'dropouts.count','0','0'),(1641,137,'center.count','2',''),(1642,137,'dropout.rate','0.00','0.00'),(1643,137,'active.borrowers.count','1','0'),(1644,137,'onholds.count','3','2'),(1645,138,'replacements.count','0','0'),(1646,138,'loan.account.dormant.count','0','0'),(1647,138,'active.members.count','1','0'),(1648,138,'onholds.count','0','0'),(1649,138,'saving.account.dormant.count','0','0'),(1650,138,'portfolio.at.risk','0.00',NULL),(1651,138,'group.count','2',''),(1652,138,'active.savers.count','1','0'),(1653,138,'active.borrowers.count','0','0'),(1654,138,'dropouts.count','0','0'),(1655,138,'dropout.rate','0.00','0.00'),(1656,138,'center.count','3',''),(1657,139,'replacements.count','0','0'),(1658,139,'loan.account.dormant.count','0','0'),(1659,139,'center.count','5',''),(1660,139,'onholds.count','0','0'),(1661,139,'saving.account.dormant.count','0','0'),(1662,139,'active.savers.count','6','1'),(1663,139,'portfolio.at.risk','0.00',NULL),(1664,139,'active.members.count','20','9'),(1665,139,'active.borrowers.count','0','0'),(1666,139,'dropouts.count','0','0'),(1667,139,'dropout.rate','0.00','0.00'),(1668,139,'group.count','18',''),(1669,140,'active.members.count','0','0'),(1670,140,'active.savers.count','0','0'),(1671,140,'replacements.count','0','0'),(1672,140,'loan.account.dormant.count','0','0'),(1673,140,'group.count','0',''),(1674,140,'onholds.count','0','0'),(1675,140,'saving.account.dormant.count','0','0'),(1676,140,'portfolio.at.risk','0.00',NULL),(1677,140,'center.count','0',''),(1678,140,'active.borrowers.count','0','0'),(1679,140,'dropouts.count','0','0'),(1680,140,'dropout.rate','0.00','0.00'),(1681,141,'replacements.count','0','0'),(1682,141,'loan.account.dormant.count','0','0'),(1683,141,'active.savers.count','2','1'),(1684,141,'group.count','3',''),(1685,141,'saving.account.dormant.count','0','0'),(1686,141,'portfolio.at.risk','0.00',NULL),(1687,141,'active.members.count','4','1'),(1688,141,'dropouts.count','0','0'),(1689,141,'center.count','2',''),(1690,141,'dropout.rate','0.00','0.00'),(1691,141,'active.borrowers.count','1','0'),(1692,141,'onholds.count','3','2'),(1693,142,'replacements.count','0','0'),(1694,142,'loan.account.dormant.count','0','0'),(1695,142,'active.members.count','1','0'),(1696,142,'onholds.count','0','0'),(1697,142,'saving.account.dormant.count','0','0'),(1698,142,'portfolio.at.risk','0.00',NULL),(1699,142,'group.count','2',''),(1700,142,'active.savers.count','1','0'),(1701,142,'active.borrowers.count','0','0'),(1702,142,'dropouts.count','0','0'),(1703,142,'dropout.rate','0.00','0.00'),(1704,142,'center.count','3',''),(1705,143,'replacements.count','0','0'),(1706,143,'loan.account.dormant.count','0','0'),(1707,143,'center.count','5',''),(1708,143,'onholds.count','0','0'),(1709,143,'saving.account.dormant.count','0','0'),(1710,143,'active.savers.count','6','1'),(1711,143,'portfolio.at.risk','0.00',NULL),(1712,143,'active.members.count','20','9'),(1713,143,'active.borrowers.count','0','0'),(1714,143,'dropouts.count','0','0'),(1715,143,'dropout.rate','0.00','0.00'),(1716,143,'group.count','18',''),(1717,144,'active.members.count','0','0'),(1718,144,'active.savers.count','0','0'),(1719,144,'replacements.count','0','0'),(1720,144,'loan.account.dormant.count','0','0'),(1721,144,'group.count','0',''),(1722,144,'onholds.count','0','0'),(1723,144,'saving.account.dormant.count','0','0'),(1724,144,'portfolio.at.risk','0.00',NULL),(1725,144,'center.count','0',''),(1726,144,'active.borrowers.count','0','0'),(1727,144,'dropouts.count','0','0'),(1728,144,'dropout.rate','0.00','0.00'),(1729,145,'replacements.count','0','0'),(1730,145,'loan.account.dormant.count','0','0'),(1731,145,'active.savers.count','2','1'),(1732,145,'group.count','3',''),(1733,145,'saving.account.dormant.count','0','0'),(1734,145,'portfolio.at.risk','0.00',NULL),(1735,145,'active.members.count','4','1'),(1736,145,'dropouts.count','0','0'),(1737,145,'center.count','2',''),(1738,145,'dropout.rate','0.00','0.00'),(1739,145,'active.borrowers.count','1','0'),(1740,145,'onholds.count','3','2'),(1741,146,'replacements.count','0','0'),(1742,146,'loan.account.dormant.count','0','0'),(1743,146,'active.members.count','1','0'),(1744,146,'onholds.count','0','0'),(1745,146,'saving.account.dormant.count','0','0'),(1746,146,'portfolio.at.risk','0.00',NULL),(1747,146,'group.count','2',''),(1748,146,'active.savers.count','1','0'),(1749,146,'active.borrowers.count','0','0'),(1750,146,'dropouts.count','0','0'),(1751,146,'dropout.rate','0.00','0.00'),(1752,146,'center.count','3',''),(1753,147,'replacements.count','0','0'),(1754,147,'loan.account.dormant.count','0','0'),(1755,147,'center.count','5',''),(1756,147,'onholds.count','0','0'),(1757,147,'saving.account.dormant.count','0','0'),(1758,147,'active.savers.count','6','1'),(1759,147,'portfolio.at.risk','0.00',NULL),(1760,147,'active.members.count','20','9'),(1761,147,'active.borrowers.count','0','0'),(1762,147,'dropouts.count','0','0'),(1763,147,'dropout.rate','0.00','0.00'),(1764,147,'group.count','18',''),(1765,148,'active.members.count','0','0'),(1766,148,'active.savers.count','0','0'),(1767,148,'replacements.count','0','0'),(1768,148,'loan.account.dormant.count','0','0'),(1769,148,'group.count','0',''),(1770,148,'onholds.count','0','0'),(1771,148,'saving.account.dormant.count','0','0'),(1772,148,'portfolio.at.risk','0.00',NULL),(1773,148,'center.count','0',''),(1774,148,'active.borrowers.count','0','0'),(1775,148,'dropouts.count','0','0'),(1776,148,'dropout.rate','0.00','0.00'),(1777,149,'replacements.count','0','0'),(1778,149,'loan.account.dormant.count','0','0'),(1779,149,'active.savers.count','2','1'),(1780,149,'group.count','3',''),(1781,149,'saving.account.dormant.count','0','0'),(1782,149,'portfolio.at.risk','0.00',NULL),(1783,149,'active.members.count','4','1'),(1784,149,'dropouts.count','0','0'),(1785,149,'center.count','2',''),(1786,149,'dropout.rate','0.00','0.00'),(1787,149,'active.borrowers.count','1','0'),(1788,149,'onholds.count','3','2'),(1789,150,'replacements.count','0','0'),(1790,150,'loan.account.dormant.count','0','0'),(1791,150,'active.members.count','1','0'),(1792,150,'onholds.count','0','0'),(1793,150,'saving.account.dormant.count','0','0'),(1794,150,'portfolio.at.risk','0.00',NULL),(1795,150,'group.count','2',''),(1796,150,'active.savers.count','1','0'),(1797,150,'active.borrowers.count','0','0'),(1798,150,'dropouts.count','0','0'),(1799,150,'dropout.rate','0.00','0.00'),(1800,150,'center.count','3',''),(1801,151,'replacements.count','0','0'),(1802,151,'loan.account.dormant.count','0','0'),(1803,151,'center.count','5',''),(1804,151,'onholds.count','0','0'),(1805,151,'saving.account.dormant.count','0','0'),(1806,151,'active.savers.count','6','1'),(1807,151,'portfolio.at.risk','0.00',NULL),(1808,151,'active.members.count','20','9'),(1809,151,'active.borrowers.count','0','0'),(1810,151,'dropouts.count','0','0'),(1811,151,'dropout.rate','0.00','0.00'),(1812,151,'group.count','18',''),(1813,152,'active.members.count','0','0'),(1814,152,'active.savers.count','0','0'),(1815,152,'replacements.count','0','0'),(1816,152,'loan.account.dormant.count','0','0'),(1817,152,'group.count','0',''),(1818,152,'onholds.count','0','0'),(1819,152,'saving.account.dormant.count','0','0'),(1820,152,'portfolio.at.risk','0.00',NULL),(1821,152,'center.count','0',''),(1822,152,'active.borrowers.count','0','0'),(1823,152,'dropouts.count','0','0'),(1824,152,'dropout.rate','0.00','0.00'),(1825,153,'replacements.count','0','0'),(1826,153,'loan.account.dormant.count','0','0'),(1827,153,'active.savers.count','2','1'),(1828,153,'group.count','3',''),(1829,153,'saving.account.dormant.count','0','0'),(1830,153,'portfolio.at.risk','0.00',NULL),(1831,153,'active.members.count','4','1'),(1832,153,'dropouts.count','0','0'),(1833,153,'center.count','2',''),(1834,153,'dropout.rate','0.00','0.00'),(1835,153,'active.borrowers.count','1','0'),(1836,153,'onholds.count','3','2'),(1837,154,'replacements.count','0','0'),(1838,154,'loan.account.dormant.count','0','0'),(1839,154,'active.members.count','1','0'),(1840,154,'onholds.count','0','0'),(1841,154,'saving.account.dormant.count','0','0'),(1842,154,'portfolio.at.risk','0.00',NULL),(1843,154,'group.count','2',''),(1844,154,'active.savers.count','1','0'),(1845,154,'active.borrowers.count','0','0'),(1846,154,'dropouts.count','0','0'),(1847,154,'dropout.rate','0.00','0.00'),(1848,154,'center.count','3',''),(1849,155,'replacements.count','0','0'),(1850,155,'loan.account.dormant.count','0','0'),(1851,155,'center.count','5',''),(1852,155,'onholds.count','0','0'),(1853,155,'saving.account.dormant.count','0','0'),(1854,155,'active.savers.count','6','1'),(1855,155,'portfolio.at.risk','0.00',NULL),(1856,155,'active.members.count','20','9'),(1857,155,'active.borrowers.count','0','0'),(1858,155,'dropouts.count','0','0'),(1859,155,'dropout.rate','0.00','0.00'),(1860,155,'group.count','18',''),(1861,156,'active.members.count','0','0'),(1862,156,'active.savers.count','0','0'),(1863,156,'replacements.count','0','0'),(1864,156,'loan.account.dormant.count','0','0'),(1865,156,'group.count','0',''),(1866,156,'onholds.count','0','0'),(1867,156,'saving.account.dormant.count','0','0'),(1868,156,'portfolio.at.risk','0.00',NULL),(1869,156,'center.count','0',''),(1870,156,'active.borrowers.count','0','0'),(1871,156,'dropouts.count','0','0'),(1872,156,'dropout.rate','0.00','0.00'),(1873,157,'replacements.count','0','0'),(1874,157,'loan.account.dormant.count','0','0'),(1875,157,'active.savers.count','2','1'),(1876,157,'group.count','3',''),(1877,157,'saving.account.dormant.count','0','0'),(1878,157,'portfolio.at.risk','0.00',NULL),(1879,157,'active.members.count','4','1'),(1880,157,'dropouts.count','0','0'),(1881,157,'center.count','2',''),(1882,157,'dropout.rate','0.00','0.00'),(1883,157,'active.borrowers.count','1','0'),(1884,157,'onholds.count','3','2'),(1885,158,'replacements.count','0','0'),(1886,158,'loan.account.dormant.count','0','0'),(1887,158,'active.members.count','1','0'),(1888,158,'onholds.count','0','0'),(1889,158,'saving.account.dormant.count','0','0'),(1890,158,'portfolio.at.risk','0.00',NULL),(1891,158,'group.count','2',''),(1892,158,'active.savers.count','1','0'),(1893,158,'active.borrowers.count','0','0'),(1894,158,'dropouts.count','0','0'),(1895,158,'dropout.rate','0.00','0.00'),(1896,158,'center.count','3',''),(1897,159,'replacements.count','0','0'),(1898,159,'loan.account.dormant.count','0','0'),(1899,159,'center.count','5',''),(1900,159,'onholds.count','0','0'),(1901,159,'saving.account.dormant.count','0','0'),(1902,159,'active.savers.count','6','1'),(1903,159,'portfolio.at.risk','0.00',NULL),(1904,159,'active.members.count','20','9'),(1905,159,'active.borrowers.count','0','0'),(1906,159,'dropouts.count','0','0'),(1907,159,'dropout.rate','0.00','0.00'),(1908,159,'group.count','18',''),(1909,160,'active.members.count','0','0'),(1910,160,'active.savers.count','0','0'),(1911,160,'replacements.count','0','0'),(1912,160,'loan.account.dormant.count','0','0'),(1913,160,'group.count','0',''),(1914,160,'onholds.count','0','0'),(1915,160,'saving.account.dormant.count','0','0'),(1916,160,'portfolio.at.risk','0.00',NULL),(1917,160,'center.count','0',''),(1918,160,'active.borrowers.count','0','0'),(1919,160,'dropouts.count','0','0'),(1920,160,'dropout.rate','0.00','0.00'),(1921,161,'replacements.count','0','0'),(1922,161,'loan.account.dormant.count','0','0'),(1923,161,'active.savers.count','2','1'),(1924,161,'group.count','3',''),(1925,161,'saving.account.dormant.count','0','0'),(1926,161,'portfolio.at.risk','0.00',NULL),(1927,161,'active.members.count','4','1'),(1928,161,'dropouts.count','0','0'),(1929,161,'center.count','2',''),(1930,161,'dropout.rate','0.00','0.00'),(1931,161,'active.borrowers.count','1','0'),(1932,161,'onholds.count','3','2'),(1933,162,'replacements.count','0','0'),(1934,162,'loan.account.dormant.count','0','0'),(1935,162,'active.members.count','1','0'),(1936,162,'onholds.count','0','0'),(1937,162,'saving.account.dormant.count','0','0'),(1938,162,'portfolio.at.risk','0.00',NULL),(1939,162,'group.count','2',''),(1940,162,'active.savers.count','1','0'),(1941,162,'active.borrowers.count','0','0'),(1942,162,'dropouts.count','0','0'),(1943,162,'dropout.rate','0.00','0.00'),(1944,162,'center.count','3',''),(1945,163,'replacements.count','0','0'),(1946,163,'loan.account.dormant.count','0','0'),(1947,163,'center.count','5',''),(1948,163,'onholds.count','0','0'),(1949,163,'saving.account.dormant.count','0','0'),(1950,163,'active.savers.count','6','1'),(1951,163,'portfolio.at.risk','0.00',NULL),(1952,163,'active.members.count','20','9'),(1953,163,'active.borrowers.count','0','0'),(1954,163,'dropouts.count','0','0'),(1955,163,'dropout.rate','0.00','0.00'),(1956,163,'group.count','18',''),(1957,164,'active.members.count','0','0'),(1958,164,'active.savers.count','0','0'),(1959,164,'replacements.count','0','0'),(1960,164,'loan.account.dormant.count','0','0'),(1961,164,'group.count','0',''),(1962,164,'onholds.count','0','0'),(1963,164,'saving.account.dormant.count','0','0'),(1964,164,'portfolio.at.risk','0.00',NULL),(1965,164,'center.count','0',''),(1966,164,'active.borrowers.count','0','0'),(1967,164,'dropouts.count','0','0'),(1968,164,'dropout.rate','0.00','0.00'),(1969,165,'replacements.count','0','0'),(1970,165,'loan.account.dormant.count','0','0'),(1971,165,'active.savers.count','2','1'),(1972,165,'group.count','3',''),(1973,165,'saving.account.dormant.count','0','0'),(1974,165,'portfolio.at.risk','0.00',NULL),(1975,165,'active.members.count','4','1'),(1976,165,'dropouts.count','0','0'),(1977,165,'center.count','2',''),(1978,165,'dropout.rate','0.00','0.00'),(1979,165,'active.borrowers.count','1','0'),(1980,165,'onholds.count','3','2'),(1981,166,'replacements.count','0','0'),(1982,166,'loan.account.dormant.count','0','0'),(1983,166,'active.members.count','1','0'),(1984,166,'onholds.count','0','0'),(1985,166,'saving.account.dormant.count','0','0'),(1986,166,'portfolio.at.risk','0.00',NULL),(1987,166,'group.count','2',''),(1988,166,'active.savers.count','1','0'),(1989,166,'active.borrowers.count','0','0'),(1990,166,'dropouts.count','0','0'),(1991,166,'dropout.rate','0.00','0.00'),(1992,166,'center.count','3',''),(1993,167,'replacements.count','0','0'),(1994,167,'loan.account.dormant.count','0','0'),(1995,167,'center.count','5',''),(1996,167,'onholds.count','0','0'),(1997,167,'saving.account.dormant.count','0','0'),(1998,167,'active.savers.count','6','1'),(1999,167,'portfolio.at.risk','0.00',NULL),(2000,167,'active.members.count','20','9'),(2001,167,'active.borrowers.count','0','0'),(2002,167,'dropouts.count','0','0'),(2003,167,'dropout.rate','0.00','0.00'),(2004,167,'group.count','18',''),(2005,168,'active.members.count','0','0'),(2006,168,'active.savers.count','0','0'),(2007,168,'replacements.count','0','0'),(2008,168,'loan.account.dormant.count','0','0'),(2009,168,'group.count','0',''),(2010,168,'onholds.count','0','0'),(2011,168,'saving.account.dormant.count','0','0'),(2012,168,'portfolio.at.risk','0.00',NULL),(2013,168,'center.count','0',''),(2014,168,'active.borrowers.count','0','0'),(2015,168,'dropouts.count','0','0'),(2016,168,'dropout.rate','0.00','0.00'),(2017,169,'replacements.count','0','0'),(2018,169,'loan.account.dormant.count','0','0'),(2019,169,'active.savers.count','2','1'),(2020,169,'group.count','3',''),(2021,169,'saving.account.dormant.count','0','0'),(2022,169,'portfolio.at.risk','0.00',NULL),(2023,169,'active.members.count','4','1'),(2024,169,'dropouts.count','0','0'),(2025,169,'center.count','2',''),(2026,169,'dropout.rate','0.00','0.00'),(2027,169,'active.borrowers.count','1','0'),(2028,169,'onholds.count','3','2'),(2029,170,'replacements.count','0','0'),(2030,170,'loan.account.dormant.count','0','0'),(2031,170,'active.members.count','1','0'),(2032,170,'onholds.count','0','0'),(2033,170,'saving.account.dormant.count','0','0'),(2034,170,'portfolio.at.risk','0.00',NULL),(2035,170,'group.count','2',''),(2036,170,'active.savers.count','1','0'),(2037,170,'active.borrowers.count','0','0'),(2038,170,'dropouts.count','0','0'),(2039,170,'dropout.rate','0.00','0.00'),(2040,170,'center.count','3',''),(2041,171,'replacements.count','0','0'),(2042,171,'loan.account.dormant.count','0','0'),(2043,171,'center.count','5',''),(2044,171,'onholds.count','0','0'),(2045,171,'saving.account.dormant.count','0','0'),(2046,171,'active.savers.count','6','1'),(2047,171,'portfolio.at.risk','0.00',NULL),(2048,171,'active.members.count','20','9'),(2049,171,'active.borrowers.count','0','0'),(2050,171,'dropouts.count','0','0'),(2051,171,'dropout.rate','0.00','0.00'),(2052,171,'group.count','18',''),(2053,172,'active.members.count','0','0'),(2054,172,'active.savers.count','0','0'),(2055,172,'replacements.count','0','0'),(2056,172,'loan.account.dormant.count','0','0'),(2057,172,'group.count','0',''),(2058,172,'onholds.count','0','0'),(2059,172,'saving.account.dormant.count','0','0'),(2060,172,'portfolio.at.risk','0.00',NULL),(2061,172,'center.count','0',''),(2062,172,'active.borrowers.count','0','0'),(2063,172,'dropouts.count','0','0'),(2064,172,'dropout.rate','0.00','0.00'),(2065,173,'replacements.count','0','0'),(2066,173,'loan.account.dormant.count','0','0'),(2067,173,'active.savers.count','2','1'),(2068,173,'group.count','3',''),(2069,173,'saving.account.dormant.count','0','0'),(2070,173,'portfolio.at.risk','0.00',NULL),(2071,173,'active.members.count','4','1'),(2072,173,'dropouts.count','0','0'),(2073,173,'center.count','2',''),(2074,173,'dropout.rate','0.00','0.00'),(2075,173,'active.borrowers.count','1','0'),(2076,173,'onholds.count','3','2'),(2077,174,'replacements.count','0','0'),(2078,174,'loan.account.dormant.count','0','0'),(2079,174,'active.members.count','1','0'),(2080,174,'onholds.count','0','0'),(2081,174,'saving.account.dormant.count','0','0'),(2082,174,'portfolio.at.risk','0.00',NULL),(2083,174,'group.count','2',''),(2084,174,'active.savers.count','1','0'),(2085,174,'active.borrowers.count','0','0'),(2086,174,'dropouts.count','0','0'),(2087,174,'dropout.rate','0.00','0.00'),(2088,174,'center.count','3',''),(2089,175,'replacements.count','0','0'),(2090,175,'loan.account.dormant.count','0','0'),(2091,175,'center.count','5',''),(2092,175,'onholds.count','0','0'),(2093,175,'saving.account.dormant.count','0','0'),(2094,175,'active.savers.count','6','1'),(2095,175,'portfolio.at.risk','0.00',NULL),(2096,175,'active.members.count','20','9'),(2097,175,'active.borrowers.count','0','0'),(2098,175,'dropouts.count','0','0'),(2099,175,'dropout.rate','0.00','0.00'),(2100,175,'group.count','18',''),(2101,176,'active.members.count','0','0'),(2102,176,'active.savers.count','0','0'),(2103,176,'replacements.count','0','0'),(2104,176,'loan.account.dormant.count','0','0'),(2105,176,'group.count','0',''),(2106,176,'onholds.count','0','0'),(2107,176,'saving.account.dormant.count','0','0'),(2108,176,'portfolio.at.risk','0.00',NULL),(2109,176,'center.count','0',''),(2110,176,'active.borrowers.count','0','0'),(2111,176,'dropouts.count','0','0'),(2112,176,'dropout.rate','0.00','0.00'),(2113,177,'replacements.count','0','0'),(2114,177,'loan.account.dormant.count','0','0'),(2115,177,'active.savers.count','2','1'),(2116,177,'group.count','3',''),(2117,177,'saving.account.dormant.count','0','0'),(2118,177,'portfolio.at.risk','0.00',NULL),(2119,177,'active.members.count','4','1'),(2120,177,'dropouts.count','0','0'),(2121,177,'center.count','2',''),(2122,177,'dropout.rate','0.00','0.00'),(2123,177,'active.borrowers.count','1','0'),(2124,177,'onholds.count','3','2'),(2125,178,'replacements.count','0','0'),(2126,178,'loan.account.dormant.count','0','0'),(2127,178,'active.members.count','1','0'),(2128,178,'onholds.count','0','0'),(2129,178,'saving.account.dormant.count','0','0'),(2130,178,'portfolio.at.risk','0.00',NULL),(2131,178,'group.count','2',''),(2132,178,'active.savers.count','1','0'),(2133,178,'active.borrowers.count','0','0'),(2134,178,'dropouts.count','0','0'),(2135,178,'dropout.rate','0.00','0.00'),(2136,178,'center.count','3',''),(2137,179,'replacements.count','0','0'),(2138,179,'loan.account.dormant.count','0','0'),(2139,179,'center.count','5',''),(2140,179,'onholds.count','0','0'),(2141,179,'saving.account.dormant.count','0','0'),(2142,179,'active.savers.count','6','1'),(2143,179,'portfolio.at.risk','0.00',NULL),(2144,179,'active.members.count','20','9'),(2145,179,'active.borrowers.count','0','0'),(2146,179,'dropouts.count','0','0'),(2147,179,'dropout.rate','0.00','0.00'),(2148,179,'group.count','18',''),(2149,180,'active.members.count','0','0'),(2150,180,'active.savers.count','0','0'),(2151,180,'replacements.count','0','0'),(2152,180,'loan.account.dormant.count','0','0'),(2153,180,'group.count','0',''),(2154,180,'onholds.count','0','0'),(2155,180,'saving.account.dormant.count','0','0'),(2156,180,'portfolio.at.risk','0.00',NULL),(2157,180,'center.count','0',''),(2158,180,'active.borrowers.count','0','0'),(2159,180,'dropouts.count','0','0'),(2160,180,'dropout.rate','0.00','0.00'),(2161,181,'replacements.count','0','0'),(2162,181,'loan.account.dormant.count','0','0'),(2163,181,'active.savers.count','2','1'),(2164,181,'group.count','3',''),(2165,181,'saving.account.dormant.count','0','0'),(2166,181,'portfolio.at.risk','0.00',NULL),(2167,181,'active.members.count','4','1'),(2168,181,'dropouts.count','0','0'),(2169,181,'center.count','2',''),(2170,181,'dropout.rate','0.00','0.00'),(2171,181,'active.borrowers.count','1','0'),(2172,181,'onholds.count','3','2'),(2173,182,'replacements.count','0','0'),(2174,182,'loan.account.dormant.count','0','0'),(2175,182,'active.members.count','1','0'),(2176,182,'onholds.count','0','0'),(2177,182,'saving.account.dormant.count','0','0'),(2178,182,'portfolio.at.risk','0.00',NULL),(2179,182,'group.count','2',''),(2180,182,'active.savers.count','1','0'),(2181,182,'active.borrowers.count','0','0'),(2182,182,'dropouts.count','0','0'),(2183,182,'dropout.rate','0.00','0.00'),(2184,182,'center.count','3',''),(2185,183,'replacements.count','0','0'),(2186,183,'loan.account.dormant.count','0','0'),(2187,183,'center.count','5',''),(2188,183,'onholds.count','0','0'),(2189,183,'saving.account.dormant.count','0','0'),(2190,183,'active.savers.count','6','1'),(2191,183,'portfolio.at.risk','0.00',NULL),(2192,183,'active.members.count','20','9'),(2193,183,'active.borrowers.count','0','0'),(2194,183,'dropouts.count','0','0'),(2195,183,'dropout.rate','0.00','0.00'),(2196,183,'group.count','18',''),(2197,184,'active.members.count','0','0'),(2198,184,'active.savers.count','0','0'),(2199,184,'replacements.count','0','0'),(2200,184,'loan.account.dormant.count','0','0'),(2201,184,'group.count','0',''),(2202,184,'onholds.count','0','0'),(2203,184,'saving.account.dormant.count','0','0'),(2204,184,'portfolio.at.risk','0.00',NULL),(2205,184,'center.count','0',''),(2206,184,'active.borrowers.count','0','0'),(2207,184,'dropouts.count','0','0'),(2208,184,'dropout.rate','0.00','0.00'),(2209,185,'replacements.count','0','0'),(2210,185,'loan.account.dormant.count','0','0'),(2211,185,'active.savers.count','2','1'),(2212,185,'group.count','3',''),(2213,185,'saving.account.dormant.count','0','0'),(2214,185,'portfolio.at.risk','0.00',NULL),(2215,185,'active.members.count','4','1'),(2216,185,'dropouts.count','0','0'),(2217,185,'center.count','2',''),(2218,185,'dropout.rate','0.00','0.00'),(2219,185,'active.borrowers.count','1','0'),(2220,185,'onholds.count','3','2'),(2221,186,'replacements.count','0','0'),(2222,186,'loan.account.dormant.count','0','0'),(2223,186,'active.members.count','1','0'),(2224,186,'onholds.count','0','0'),(2225,186,'saving.account.dormant.count','0','0'),(2226,186,'portfolio.at.risk','0.00',NULL),(2227,186,'group.count','2',''),(2228,186,'active.savers.count','1','0'),(2229,186,'active.borrowers.count','0','0'),(2230,186,'dropouts.count','0','0'),(2231,186,'dropout.rate','0.00','0.00'),(2232,186,'center.count','3',''),(2233,187,'replacements.count','0','0'),(2234,187,'loan.account.dormant.count','0','0'),(2235,187,'center.count','5',''),(2236,187,'onholds.count','0','0'),(2237,187,'saving.account.dormant.count','0','0'),(2238,187,'active.savers.count','6','1'),(2239,187,'portfolio.at.risk','0.00',NULL),(2240,187,'active.members.count','20','9'),(2241,187,'active.borrowers.count','0','0'),(2242,187,'dropouts.count','0','0'),(2243,187,'dropout.rate','0.00','0.00'),(2244,187,'group.count','18',''),(2245,188,'active.members.count','0','0'),(2246,188,'active.savers.count','0','0'),(2247,188,'replacements.count','0','0'),(2248,188,'loan.account.dormant.count','0','0'),(2249,188,'group.count','0',''),(2250,188,'onholds.count','0','0'),(2251,188,'saving.account.dormant.count','0','0'),(2252,188,'portfolio.at.risk','0.00',NULL),(2253,188,'center.count','0',''),(2254,188,'active.borrowers.count','0','0'),(2255,188,'dropouts.count','0','0'),(2256,188,'dropout.rate','0.00','0.00'),(2257,189,'replacements.count','0','0'),(2258,189,'loan.account.dormant.count','0','0'),(2259,189,'active.savers.count','2','1'),(2260,189,'group.count','3',''),(2261,189,'saving.account.dormant.count','0','0'),(2262,189,'portfolio.at.risk','0.00',NULL),(2263,189,'active.members.count','4','1'),(2264,189,'dropouts.count','0','0'),(2265,189,'center.count','2',''),(2266,189,'dropout.rate','0.00','0.00'),(2267,189,'active.borrowers.count','1','0'),(2268,189,'onholds.count','3','2'),(2269,190,'replacements.count','0','0'),(2270,190,'loan.account.dormant.count','0','0'),(2271,190,'active.members.count','1','0'),(2272,190,'onholds.count','0','0'),(2273,190,'saving.account.dormant.count','0','0'),(2274,190,'portfolio.at.risk','0.00',NULL),(2275,190,'group.count','2',''),(2276,190,'active.savers.count','1','0'),(2277,190,'active.borrowers.count','0','0'),(2278,190,'dropouts.count','0','0'),(2279,190,'dropout.rate','0.00','0.00'),(2280,190,'center.count','3',''),(2281,191,'replacements.count','0','0'),(2282,191,'loan.account.dormant.count','0','0'),(2283,191,'center.count','5',''),(2284,191,'onholds.count','0','0'),(2285,191,'saving.account.dormant.count','0','0'),(2286,191,'active.savers.count','6','1'),(2287,191,'portfolio.at.risk','0.00',NULL),(2288,191,'active.members.count','20','9'),(2289,191,'active.borrowers.count','0','0'),(2290,191,'dropouts.count','0','0'),(2291,191,'dropout.rate','0.00','0.00'),(2292,191,'group.count','18',''),(2293,192,'active.members.count','0','0'),(2294,192,'active.savers.count','0','0'),(2295,192,'replacements.count','0','0'),(2296,192,'loan.account.dormant.count','0','0'),(2297,192,'group.count','0',''),(2298,192,'onholds.count','0','0'),(2299,192,'saving.account.dormant.count','0','0'),(2300,192,'portfolio.at.risk','0.00',NULL),(2301,192,'center.count','0',''),(2302,192,'active.borrowers.count','0','0'),(2303,192,'dropouts.count','0','0'),(2304,192,'dropout.rate','0.00','0.00'),(2305,193,'replacements.count','0','0'),(2306,193,'loan.account.dormant.count','0','0'),(2307,193,'active.savers.count','2','1'),(2308,193,'group.count','3',''),(2309,193,'saving.account.dormant.count','0','0'),(2310,193,'portfolio.at.risk','0.00',NULL),(2311,193,'active.members.count','4','1'),(2312,193,'dropouts.count','0','0'),(2313,193,'center.count','2',''),(2314,193,'dropout.rate','0.00','0.00'),(2315,193,'active.borrowers.count','1','0'),(2316,193,'onholds.count','3','2'),(2317,194,'replacements.count','0','0'),(2318,194,'loan.account.dormant.count','0','0'),(2319,194,'active.members.count','1','0'),(2320,194,'onholds.count','0','0'),(2321,194,'saving.account.dormant.count','0','0'),(2322,194,'portfolio.at.risk','0.00',NULL),(2323,194,'group.count','2',''),(2324,194,'active.savers.count','1','0'),(2325,194,'active.borrowers.count','0','0'),(2326,194,'dropouts.count','0','0'),(2327,194,'dropout.rate','0.00','0.00'),(2328,194,'center.count','3',''),(2329,195,'replacements.count','0','0'),(2330,195,'loan.account.dormant.count','0','0'),(2331,195,'center.count','5',''),(2332,195,'onholds.count','0','0'),(2333,195,'saving.account.dormant.count','0','0'),(2334,195,'active.savers.count','6','1'),(2335,195,'portfolio.at.risk','0.00',NULL),(2336,195,'active.members.count','20','9'),(2337,195,'active.borrowers.count','0','0'),(2338,195,'dropouts.count','0','0'),(2339,195,'dropout.rate','0.00','0.00'),(2340,195,'group.count','18',''),(2341,196,'active.members.count','0','0'),(2342,196,'active.savers.count','0','0'),(2343,196,'replacements.count','0','0'),(2344,196,'loan.account.dormant.count','0','0'),(2345,196,'group.count','0',''),(2346,196,'onholds.count','0','0'),(2347,196,'saving.account.dormant.count','0','0'),(2348,196,'portfolio.at.risk','0.00',NULL),(2349,196,'center.count','0',''),(2350,196,'active.borrowers.count','0','0'),(2351,196,'dropouts.count','0','0'),(2352,196,'dropout.rate','0.00','0.00'),(2353,197,'replacements.count','0','0'),(2354,197,'loan.account.dormant.count','0','0'),(2355,197,'active.savers.count','2','1'),(2356,197,'group.count','3',''),(2357,197,'saving.account.dormant.count','0','0'),(2358,197,'portfolio.at.risk','0.00',NULL),(2359,197,'active.members.count','4','1'),(2360,197,'dropouts.count','0','0'),(2361,197,'center.count','2',''),(2362,197,'dropout.rate','0.00','0.00'),(2363,197,'active.borrowers.count','1','0'),(2364,197,'onholds.count','3','2'),(2365,198,'replacements.count','0','0'),(2366,198,'loan.account.dormant.count','0','0'),(2367,198,'active.members.count','1','0'),(2368,198,'onholds.count','0','0'),(2369,198,'saving.account.dormant.count','0','0'),(2370,198,'portfolio.at.risk','0.00',NULL),(2371,198,'group.count','2',''),(2372,198,'active.savers.count','1','0'),(2373,198,'active.borrowers.count','0','0'),(2374,198,'dropouts.count','0','0'),(2375,198,'dropout.rate','0.00','0.00'),(2376,198,'center.count','3',''),(2377,199,'replacements.count','0','0'),(2378,199,'loan.account.dormant.count','0','0'),(2379,199,'center.count','5',''),(2380,199,'onholds.count','0','0'),(2381,199,'saving.account.dormant.count','0','0'),(2382,199,'active.savers.count','6','1'),(2383,199,'portfolio.at.risk','0.00',NULL),(2384,199,'active.members.count','20','9'),(2385,199,'active.borrowers.count','0','0'),(2386,199,'dropouts.count','0','0'),(2387,199,'dropout.rate','0.00','0.00'),(2388,199,'group.count','18',''),(2389,200,'active.members.count','0','0'),(2390,200,'active.savers.count','0','0'),(2391,200,'replacements.count','0','0'),(2392,200,'loan.account.dormant.count','0','0'),(2393,200,'group.count','0',''),(2394,200,'onholds.count','0','0'),(2395,200,'saving.account.dormant.count','0','0'),(2396,200,'portfolio.at.risk','0.00',NULL),(2397,200,'center.count','0',''),(2398,200,'active.borrowers.count','0','0'),(2399,200,'dropouts.count','0','0'),(2400,200,'dropout.rate','0.00','0.00'),(2401,201,'replacements.count','0','0'),(2402,201,'loan.account.dormant.count','0','0'),(2403,201,'active.savers.count','2','1'),(2404,201,'group.count','3',''),(2405,201,'saving.account.dormant.count','0','0'),(2406,201,'portfolio.at.risk','0.00',NULL),(2407,201,'active.members.count','4','1'),(2408,201,'dropouts.count','0','0'),(2409,201,'center.count','2',''),(2410,201,'dropout.rate','0.00','0.00'),(2411,201,'active.borrowers.count','1','0'),(2412,201,'onholds.count','3','2'),(2413,202,'replacements.count','0','0'),(2414,202,'loan.account.dormant.count','0','0'),(2415,202,'active.members.count','1','0'),(2416,202,'onholds.count','0','0'),(2417,202,'saving.account.dormant.count','0','0'),(2418,202,'portfolio.at.risk','0.00',NULL),(2419,202,'group.count','2',''),(2420,202,'active.savers.count','1','0'),(2421,202,'active.borrowers.count','0','0'),(2422,202,'dropouts.count','0','0'),(2423,202,'dropout.rate','0.00','0.00'),(2424,202,'center.count','3',''),(2425,203,'replacements.count','0','0'),(2426,203,'loan.account.dormant.count','0','0'),(2427,203,'center.count','5',''),(2428,203,'onholds.count','0','0'),(2429,203,'saving.account.dormant.count','0','0'),(2430,203,'active.savers.count','6','1'),(2431,203,'portfolio.at.risk','0.00',NULL),(2432,203,'active.members.count','20','9'),(2433,203,'active.borrowers.count','0','0'),(2434,203,'dropouts.count','0','0'),(2435,203,'dropout.rate','0.00','0.00'),(2436,203,'group.count','18',''),(2437,204,'active.members.count','0','0'),(2438,204,'active.savers.count','0','0'),(2439,204,'replacements.count','0','0'),(2440,204,'loan.account.dormant.count','0','0'),(2441,204,'group.count','0',''),(2442,204,'onholds.count','0','0'),(2443,204,'saving.account.dormant.count','0','0'),(2444,204,'portfolio.at.risk','0.00',NULL),(2445,204,'center.count','0',''),(2446,204,'active.borrowers.count','0','0'),(2447,204,'dropouts.count','0','0'),(2448,204,'dropout.rate','0.00','0.00'),(2449,205,'replacements.count','0','0'),(2450,205,'loan.account.dormant.count','0','0'),(2451,205,'active.savers.count','2','1'),(2452,205,'group.count','3',''),(2453,205,'saving.account.dormant.count','0','0'),(2454,205,'portfolio.at.risk','0.00',NULL),(2455,205,'active.members.count','4','1'),(2456,205,'dropouts.count','0','0'),(2457,205,'center.count','2',''),(2458,205,'dropout.rate','0.00','0.00'),(2459,205,'active.borrowers.count','1','0'),(2460,205,'onholds.count','3','2'),(2461,206,'replacements.count','0','0'),(2462,206,'loan.account.dormant.count','0','0'),(2463,206,'active.members.count','1','0'),(2464,206,'onholds.count','0','0'),(2465,206,'saving.account.dormant.count','0','0'),(2466,206,'portfolio.at.risk','0.00',NULL),(2467,206,'group.count','2',''),(2468,206,'active.savers.count','1','0'),(2469,206,'active.borrowers.count','0','0'),(2470,206,'dropouts.count','0','0'),(2471,206,'dropout.rate','0.00','0.00'),(2472,206,'center.count','3',''),(2473,207,'replacements.count','0','0'),(2474,207,'loan.account.dormant.count','0','0'),(2475,207,'center.count','5',''),(2476,207,'onholds.count','0','0'),(2477,207,'saving.account.dormant.count','0','0'),(2478,207,'active.savers.count','6','1'),(2479,207,'portfolio.at.risk','0.00',NULL),(2480,207,'active.members.count','20','9'),(2481,207,'active.borrowers.count','0','0'),(2482,207,'dropouts.count','0','0'),(2483,207,'dropout.rate','0.00','0.00'),(2484,207,'group.count','18',''),(2485,208,'active.members.count','0','0'),(2486,208,'active.savers.count','0','0'),(2487,208,'replacements.count','0','0'),(2488,208,'loan.account.dormant.count','0','0'),(2489,208,'group.count','0',''),(2490,208,'onholds.count','0','0'),(2491,208,'saving.account.dormant.count','0','0'),(2492,208,'portfolio.at.risk','0.00',NULL),(2493,208,'center.count','0',''),(2494,208,'active.borrowers.count','0','0'),(2495,208,'dropouts.count','0','0'),(2496,208,'dropout.rate','0.00','0.00'),(2497,209,'replacements.count','0','0'),(2498,209,'loan.account.dormant.count','0','0'),(2499,209,'active.savers.count','2','1'),(2500,209,'group.count','3',''),(2501,209,'saving.account.dormant.count','0','0'),(2502,209,'portfolio.at.risk','0.00',NULL),(2503,209,'active.members.count','4','1'),(2504,209,'dropouts.count','0','0'),(2505,209,'center.count','2',''),(2506,209,'dropout.rate','0.00','0.00'),(2507,209,'active.borrowers.count','1','0'),(2508,209,'onholds.count','3','2'),(2509,210,'replacements.count','0','0'),(2510,210,'loan.account.dormant.count','0','0'),(2511,210,'active.members.count','1','0'),(2512,210,'onholds.count','0','0'),(2513,210,'saving.account.dormant.count','0','0'),(2514,210,'portfolio.at.risk','0.00',NULL),(2515,210,'group.count','2',''),(2516,210,'active.savers.count','1','0'),(2517,210,'active.borrowers.count','0','0'),(2518,210,'dropouts.count','0','0'),(2519,210,'dropout.rate','0.00','0.00'),(2520,210,'center.count','3',''),(2521,211,'replacements.count','0','0'),(2522,211,'loan.account.dormant.count','0','0'),(2523,211,'center.count','5',''),(2524,211,'onholds.count','0','0'),(2525,211,'saving.account.dormant.count','0','0'),(2526,211,'active.savers.count','6','1'),(2527,211,'portfolio.at.risk','0.00',NULL),(2528,211,'active.members.count','20','9'),(2529,211,'active.borrowers.count','0','0'),(2530,211,'dropouts.count','0','0'),(2531,211,'dropout.rate','0.00','0.00'),(2532,211,'group.count','18',''),(2533,212,'active.members.count','0','0'),(2534,212,'active.savers.count','0','0'),(2535,212,'replacements.count','0','0'),(2536,212,'loan.account.dormant.count','0','0'),(2537,212,'group.count','0',''),(2538,212,'onholds.count','0','0'),(2539,212,'saving.account.dormant.count','0','0'),(2540,212,'portfolio.at.risk','0.00',NULL),(2541,212,'center.count','0',''),(2542,212,'active.borrowers.count','0','0'),(2543,212,'dropouts.count','0','0'),(2544,212,'dropout.rate','0.00','0.00'),(2545,213,'replacements.count','0','0'),(2546,213,'loan.account.dormant.count','0','0'),(2547,213,'active.savers.count','2','1'),(2548,213,'group.count','3',''),(2549,213,'saving.account.dormant.count','0','0'),(2550,213,'portfolio.at.risk','0.00',NULL),(2551,213,'active.members.count','4','1'),(2552,213,'dropouts.count','0','0'),(2553,213,'center.count','2',''),(2554,213,'dropout.rate','0.00','0.00'),(2555,213,'active.borrowers.count','1','0'),(2556,213,'onholds.count','3','2'),(2557,214,'replacements.count','0','0'),(2558,214,'loan.account.dormant.count','0','0'),(2559,214,'active.members.count','1','0'),(2560,214,'onholds.count','0','0'),(2561,214,'saving.account.dormant.count','0','0'),(2562,214,'portfolio.at.risk','0.00',NULL),(2563,214,'group.count','2',''),(2564,214,'active.savers.count','1','0'),(2565,214,'active.borrowers.count','0','0'),(2566,214,'dropouts.count','0','0'),(2567,214,'dropout.rate','0.00','0.00'),(2568,214,'center.count','3',''),(2569,215,'replacements.count','0','0'),(2570,215,'loan.account.dormant.count','0','0'),(2571,215,'center.count','5',''),(2572,215,'onholds.count','0','0'),(2573,215,'saving.account.dormant.count','0','0'),(2574,215,'active.savers.count','6','1'),(2575,215,'portfolio.at.risk','0.00',NULL),(2576,215,'active.members.count','20','9'),(2577,215,'active.borrowers.count','0','0'),(2578,215,'dropouts.count','0','0'),(2579,215,'dropout.rate','0.00','0.00'),(2580,215,'group.count','18',''),(2581,216,'active.members.count','0','0'),(2582,216,'active.savers.count','0','0'),(2583,216,'replacements.count','0','0'),(2584,216,'loan.account.dormant.count','0','0'),(2585,216,'group.count','0',''),(2586,216,'onholds.count','0','0'),(2587,216,'saving.account.dormant.count','0','0'),(2588,216,'portfolio.at.risk','0.00',NULL),(2589,216,'center.count','0',''),(2590,216,'active.borrowers.count','0','0'),(2591,216,'dropouts.count','0','0'),(2592,216,'dropout.rate','0.00','0.00'),(2593,217,'replacements.count','0','0'),(2594,217,'loan.account.dormant.count','0','0'),(2595,217,'active.savers.count','2','1'),(2596,217,'group.count','3',''),(2597,217,'saving.account.dormant.count','0','0'),(2598,217,'portfolio.at.risk','0.00',NULL),(2599,217,'active.members.count','4','1'),(2600,217,'dropouts.count','0','0'),(2601,217,'center.count','2',''),(2602,217,'dropout.rate','0.00','0.00'),(2603,217,'active.borrowers.count','1','0'),(2604,217,'onholds.count','3','2'),(2605,218,'replacements.count','0','0'),(2606,218,'loan.account.dormant.count','0','0'),(2607,218,'active.members.count','1','0'),(2608,218,'onholds.count','0','0'),(2609,218,'saving.account.dormant.count','0','0'),(2610,218,'portfolio.at.risk','0.00',NULL),(2611,218,'group.count','2',''),(2612,218,'active.savers.count','1','0'),(2613,218,'active.borrowers.count','0','0'),(2614,218,'dropouts.count','0','0'),(2615,218,'dropout.rate','0.00','0.00'),(2616,218,'center.count','3',''),(2617,219,'replacements.count','0','0'),(2618,219,'loan.account.dormant.count','0','0'),(2619,219,'center.count','5',''),(2620,219,'onholds.count','0','0'),(2621,219,'saving.account.dormant.count','0','0'),(2622,219,'active.savers.count','6','1'),(2623,219,'portfolio.at.risk','0.00',NULL),(2624,219,'active.members.count','20','9'),(2625,219,'active.borrowers.count','0','0'),(2626,219,'dropouts.count','0','0'),(2627,219,'dropout.rate','0.00','0.00'),(2628,219,'group.count','18',''),(2629,220,'active.members.count','0','0'),(2630,220,'active.savers.count','0','0'),(2631,220,'replacements.count','0','0'),(2632,220,'loan.account.dormant.count','0','0'),(2633,220,'group.count','0',''),(2634,220,'onholds.count','0','0'),(2635,220,'saving.account.dormant.count','0','0'),(2636,220,'portfolio.at.risk','0.00',NULL),(2637,220,'center.count','0',''),(2638,220,'active.borrowers.count','0','0'),(2639,220,'dropouts.count','0','0'),(2640,220,'dropout.rate','0.00','0.00'),(2641,221,'replacements.count','0','0'),(2642,221,'loan.account.dormant.count','0','0'),(2643,221,'active.savers.count','2','1'),(2644,221,'group.count','3',''),(2645,221,'saving.account.dormant.count','0','0'),(2646,221,'portfolio.at.risk','0.00',NULL),(2647,221,'active.members.count','4','1'),(2648,221,'dropouts.count','0','0'),(2649,221,'center.count','2',''),(2650,221,'dropout.rate','0.00','0.00'),(2651,221,'active.borrowers.count','1','0'),(2652,221,'onholds.count','3','2'),(2653,222,'replacements.count','0','0'),(2654,222,'loan.account.dormant.count','0','0'),(2655,222,'active.members.count','1','0'),(2656,222,'onholds.count','0','0'),(2657,222,'saving.account.dormant.count','0','0'),(2658,222,'portfolio.at.risk','0.00',NULL),(2659,222,'group.count','2',''),(2660,222,'active.savers.count','1','0'),(2661,222,'active.borrowers.count','0','0'),(2662,222,'dropouts.count','0','0'),(2663,222,'dropout.rate','0.00','0.00'),(2664,222,'center.count','3',''),(2665,223,'replacements.count','0','0'),(2666,223,'loan.account.dormant.count','0','0'),(2667,223,'center.count','5',''),(2668,223,'onholds.count','0','0'),(2669,223,'saving.account.dormant.count','0','0'),(2670,223,'active.savers.count','6','1'),(2671,223,'portfolio.at.risk','0.00',NULL),(2672,223,'active.members.count','20','9'),(2673,223,'active.borrowers.count','0','0'),(2674,223,'dropouts.count','0','0'),(2675,223,'dropout.rate','0.00','0.00'),(2676,223,'group.count','18',''),(2677,224,'active.members.count','0','0'),(2678,224,'active.savers.count','0','0'),(2679,224,'replacements.count','0','0'),(2680,224,'loan.account.dormant.count','0','0'),(2681,224,'group.count','0',''),(2682,224,'onholds.count','0','0'),(2683,224,'saving.account.dormant.count','0','0'),(2684,224,'portfolio.at.risk','0.00',NULL),(2685,224,'center.count','0',''),(2686,224,'active.borrowers.count','0','0'),(2687,224,'dropouts.count','0','0'),(2688,224,'dropout.rate','0.00','0.00'),(2689,225,'replacements.count','0','0'),(2690,225,'loan.account.dormant.count','0','0'),(2691,225,'active.savers.count','2','1'),(2692,225,'group.count','3',''),(2693,225,'saving.account.dormant.count','0','0'),(2694,225,'portfolio.at.risk','0.00',NULL),(2695,225,'active.members.count','4','1'),(2696,225,'dropouts.count','0','0'),(2697,225,'center.count','2',''),(2698,225,'dropout.rate','0.00','0.00'),(2699,225,'active.borrowers.count','1','0'),(2700,225,'onholds.count','3','2'),(2701,226,'replacements.count','0','0'),(2702,226,'loan.account.dormant.count','0','0'),(2703,226,'active.members.count','1','0'),(2704,226,'onholds.count','0','0'),(2705,226,'saving.account.dormant.count','0','0'),(2706,226,'portfolio.at.risk','0.00',NULL),(2707,226,'group.count','2',''),(2708,226,'active.savers.count','1','0'),(2709,226,'active.borrowers.count','0','0'),(2710,226,'dropouts.count','0','0'),(2711,226,'dropout.rate','0.00','0.00'),(2712,226,'center.count','3',''),(2713,227,'replacements.count','0','0'),(2714,227,'loan.account.dormant.count','0','0'),(2715,227,'center.count','5',''),(2716,227,'onholds.count','0','0'),(2717,227,'saving.account.dormant.count','0','0'),(2718,227,'active.savers.count','6','1'),(2719,227,'portfolio.at.risk','0.00',NULL),(2720,227,'active.members.count','20','9'),(2721,227,'active.borrowers.count','0','0'),(2722,227,'dropouts.count','0','0'),(2723,227,'dropout.rate','0.00','0.00'),(2724,227,'group.count','18',''),(2725,228,'active.members.count','0','0'),(2726,228,'active.savers.count','0','0'),(2727,228,'replacements.count','0','0'),(2728,228,'loan.account.dormant.count','0','0'),(2729,228,'group.count','0',''),(2730,228,'onholds.count','0','0'),(2731,228,'saving.account.dormant.count','0','0'),(2732,228,'portfolio.at.risk','0.00',NULL),(2733,228,'center.count','0',''),(2734,228,'active.borrowers.count','0','0'),(2735,228,'dropouts.count','0','0'),(2736,228,'dropout.rate','0.00','0.00'),(2737,229,'replacements.count','0','0'),(2738,229,'loan.account.dormant.count','0','0'),(2739,229,'active.savers.count','2','1'),(2740,229,'group.count','3',''),(2741,229,'saving.account.dormant.count','0','0'),(2742,229,'portfolio.at.risk','0.00',NULL),(2743,229,'active.members.count','4','1'),(2744,229,'dropouts.count','0','0'),(2745,229,'center.count','2',''),(2746,229,'dropout.rate','0.00','0.00'),(2747,229,'active.borrowers.count','1','0'),(2748,229,'onholds.count','3','2'),(2749,230,'replacements.count','0','0'),(2750,230,'loan.account.dormant.count','0','0'),(2751,230,'active.members.count','1','0'),(2752,230,'onholds.count','0','0'),(2753,230,'saving.account.dormant.count','0','0'),(2754,230,'portfolio.at.risk','0.00',NULL),(2755,230,'group.count','2',''),(2756,230,'active.savers.count','1','0'),(2757,230,'active.borrowers.count','0','0'),(2758,230,'dropouts.count','0','0'),(2759,230,'dropout.rate','0.00','0.00'),(2760,230,'center.count','3',''),(2761,231,'replacements.count','0','0'),(2762,231,'loan.account.dormant.count','0','0'),(2763,231,'center.count','5',''),(2764,231,'onholds.count','0','0'),(2765,231,'saving.account.dormant.count','0','0'),(2766,231,'active.savers.count','6','1'),(2767,231,'portfolio.at.risk','0.00',NULL),(2768,231,'active.members.count','20','9'),(2769,231,'active.borrowers.count','0','0'),(2770,231,'dropouts.count','0','0'),(2771,231,'dropout.rate','0.00','0.00'),(2772,231,'group.count','18',''),(2773,232,'active.members.count','0','0'),(2774,232,'active.savers.count','0','0'),(2775,232,'replacements.count','0','0'),(2776,232,'loan.account.dormant.count','0','0'),(2777,232,'group.count','0',''),(2778,232,'onholds.count','0','0'),(2779,232,'saving.account.dormant.count','0','0'),(2780,232,'portfolio.at.risk','0.00',NULL),(2781,232,'center.count','0',''),(2782,232,'active.borrowers.count','0','0'),(2783,232,'dropouts.count','0','0'),(2784,232,'dropout.rate','0.00','0.00'),(2785,233,'replacements.count','0','0'),(2786,233,'loan.account.dormant.count','0','0'),(2787,233,'active.savers.count','2','1'),(2788,233,'group.count','3',''),(2789,233,'saving.account.dormant.count','0','0'),(2790,233,'portfolio.at.risk','0.00',NULL),(2791,233,'active.members.count','4','1'),(2792,233,'dropouts.count','0','0'),(2793,233,'center.count','2',''),(2794,233,'dropout.rate','0.00','0.00'),(2795,233,'active.borrowers.count','1','0'),(2796,233,'onholds.count','3','2'),(2797,234,'replacements.count','0','0'),(2798,234,'loan.account.dormant.count','0','0'),(2799,234,'active.members.count','1','0'),(2800,234,'onholds.count','0','0'),(2801,234,'saving.account.dormant.count','0','0'),(2802,234,'portfolio.at.risk','0.00',NULL),(2803,234,'group.count','2',''),(2804,234,'active.savers.count','1','0'),(2805,234,'active.borrowers.count','0','0'),(2806,234,'dropouts.count','0','0'),(2807,234,'dropout.rate','0.00','0.00'),(2808,234,'center.count','3',''),(2809,235,'replacements.count','0','0'),(2810,235,'loan.account.dormant.count','0','0'),(2811,235,'center.count','5',''),(2812,235,'onholds.count','0','0'),(2813,235,'saving.account.dormant.count','0','0'),(2814,235,'active.savers.count','6','1'),(2815,235,'portfolio.at.risk','0.00',NULL),(2816,235,'active.members.count','20','9'),(2817,235,'active.borrowers.count','0','0'),(2818,235,'dropouts.count','0','0'),(2819,235,'dropout.rate','0.00','0.00'),(2820,235,'group.count','18',''),(2821,236,'active.members.count','0','0'),(2822,236,'active.savers.count','0','0'),(2823,236,'replacements.count','0','0'),(2824,236,'loan.account.dormant.count','0','0'),(2825,236,'group.count','0',''),(2826,236,'onholds.count','0','0'),(2827,236,'saving.account.dormant.count','0','0'),(2828,236,'portfolio.at.risk','0.00',NULL),(2829,236,'center.count','0',''),(2830,236,'active.borrowers.count','0','0'),(2831,236,'dropouts.count','0','0'),(2832,236,'dropout.rate','0.00','0.00'),(2833,237,'replacements.count','0','0'),(2834,237,'loan.account.dormant.count','0','0'),(2835,237,'active.savers.count','2','1'),(2836,237,'group.count','3',''),(2837,237,'saving.account.dormant.count','0','0'),(2838,237,'portfolio.at.risk','0.00',NULL),(2839,237,'active.members.count','4','1'),(2840,237,'dropouts.count','0','0'),(2841,237,'center.count','2',''),(2842,237,'dropout.rate','0.00','0.00'),(2843,237,'active.borrowers.count','1','0'),(2844,237,'onholds.count','3','2'),(2845,238,'replacements.count','0','0'),(2846,238,'loan.account.dormant.count','0','0'),(2847,238,'active.members.count','1','0'),(2848,238,'onholds.count','0','0'),(2849,238,'saving.account.dormant.count','0','0'),(2850,238,'portfolio.at.risk','0.00',NULL),(2851,238,'group.count','2',''),(2852,238,'active.savers.count','1','0'),(2853,238,'active.borrowers.count','0','0'),(2854,238,'dropouts.count','0','0'),(2855,238,'dropout.rate','0.00','0.00'),(2856,238,'center.count','3',''),(2857,239,'replacements.count','0','0'),(2858,239,'loan.account.dormant.count','0','0'),(2859,239,'center.count','5',''),(2860,239,'onholds.count','0','0'),(2861,239,'saving.account.dormant.count','0','0'),(2862,239,'active.savers.count','6','1'),(2863,239,'portfolio.at.risk','0.00',NULL),(2864,239,'active.members.count','20','9'),(2865,239,'active.borrowers.count','0','0'),(2866,239,'dropouts.count','0','0'),(2867,239,'dropout.rate','0.00','0.00'),(2868,239,'group.count','18',''),(2869,240,'active.members.count','0','0'),(2870,240,'active.savers.count','0','0'),(2871,240,'replacements.count','0','0'),(2872,240,'loan.account.dormant.count','0','0'),(2873,240,'group.count','0',''),(2874,240,'onholds.count','0','0'),(2875,240,'saving.account.dormant.count','0','0'),(2876,240,'portfolio.at.risk','0.00',NULL),(2877,240,'center.count','0',''),(2878,240,'active.borrowers.count','0','0'),(2879,240,'dropouts.count','0','0'),(2880,240,'dropout.rate','0.00','0.00'),(2881,241,'replacements.count','0','0'),(2882,241,'loan.account.dormant.count','0','0'),(2883,241,'active.savers.count','2','1'),(2884,241,'group.count','3',''),(2885,241,'saving.account.dormant.count','0','0'),(2886,241,'portfolio.at.risk','0.00',NULL),(2887,241,'active.members.count','4','1'),(2888,241,'dropouts.count','0','0'),(2889,241,'center.count','2',''),(2890,241,'dropout.rate','0.00','0.00'),(2891,241,'active.borrowers.count','1','0'),(2892,241,'onholds.count','3','2'),(2893,242,'replacements.count','0','0'),(2894,242,'loan.account.dormant.count','0','0'),(2895,242,'active.members.count','1','0'),(2896,242,'onholds.count','0','0'),(2897,242,'saving.account.dormant.count','0','0'),(2898,242,'portfolio.at.risk','0.00',NULL),(2899,242,'group.count','2',''),(2900,242,'active.savers.count','1','0'),(2901,242,'active.borrowers.count','0','0'),(2902,242,'dropouts.count','0','0'),(2903,242,'dropout.rate','0.00','0.00'),(2904,242,'center.count','3',''),(2905,243,'replacements.count','0','0'),(2906,243,'loan.account.dormant.count','0','0'),(2907,243,'center.count','5',''),(2908,243,'onholds.count','0','0'),(2909,243,'saving.account.dormant.count','0','0'),(2910,243,'active.savers.count','6','1'),(2911,243,'portfolio.at.risk','0.00',NULL),(2912,243,'active.members.count','20','9'),(2913,243,'active.borrowers.count','0','0'),(2914,243,'dropouts.count','0','0'),(2915,243,'dropout.rate','0.00','0.00'),(2916,243,'group.count','18',''),(2917,244,'active.members.count','0','0'),(2918,244,'active.savers.count','0','0'),(2919,244,'replacements.count','0','0'),(2920,244,'loan.account.dormant.count','0','0'),(2921,244,'group.count','0',''),(2922,244,'onholds.count','0','0'),(2923,244,'saving.account.dormant.count','0','0'),(2924,244,'portfolio.at.risk','0.00',NULL),(2925,244,'center.count','0',''),(2926,244,'active.borrowers.count','0','0'),(2927,244,'dropouts.count','0','0'),(2928,244,'dropout.rate','0.00','0.00'),(2929,245,'replacements.count','0','0'),(2930,245,'loan.account.dormant.count','0','0'),(2931,245,'active.savers.count','2','1'),(2932,245,'group.count','3',''),(2933,245,'saving.account.dormant.count','0','0'),(2934,245,'portfolio.at.risk','0.00',NULL),(2935,245,'active.members.count','4','1'),(2936,245,'dropouts.count','0','0'),(2937,245,'center.count','2',''),(2938,245,'dropout.rate','0.00','0.00'),(2939,245,'active.borrowers.count','1','0'),(2940,245,'onholds.count','3','2'),(2941,246,'replacements.count','0','0'),(2942,246,'loan.account.dormant.count','0','0'),(2943,246,'active.members.count','1','0'),(2944,246,'onholds.count','0','0'),(2945,246,'saving.account.dormant.count','0','0'),(2946,246,'portfolio.at.risk','0.00',NULL),(2947,246,'group.count','2',''),(2948,246,'active.savers.count','1','0'),(2949,246,'active.borrowers.count','0','0'),(2950,246,'dropouts.count','0','0'),(2951,246,'dropout.rate','0.00','0.00'),(2952,246,'center.count','3',''),(2953,247,'replacements.count','0','0'),(2954,247,'loan.account.dormant.count','0','0'),(2955,247,'center.count','5',''),(2956,247,'onholds.count','0','0'),(2957,247,'saving.account.dormant.count','0','0'),(2958,247,'active.savers.count','6','1'),(2959,247,'portfolio.at.risk','0.00',NULL),(2960,247,'active.members.count','20','9'),(2961,247,'active.borrowers.count','0','0'),(2962,247,'dropouts.count','0','0'),(2963,247,'dropout.rate','0.00','0.00'),(2964,247,'group.count','18',''),(2965,248,'active.members.count','0','0'),(2966,248,'active.savers.count','0','0'),(2967,248,'replacements.count','0','0'),(2968,248,'loan.account.dormant.count','0','0'),(2969,248,'group.count','0',''),(2970,248,'onholds.count','0','0'),(2971,248,'saving.account.dormant.count','0','0'),(2972,248,'portfolio.at.risk','0.00',NULL),(2973,248,'center.count','0',''),(2974,248,'active.borrowers.count','0','0'),(2975,248,'dropouts.count','0','0'),(2976,248,'dropout.rate','0.00','0.00'),(2977,249,'replacements.count','0','0'),(2978,249,'loan.account.dormant.count','0','0'),(2979,249,'active.savers.count','2','1'),(2980,249,'group.count','3',''),(2981,249,'saving.account.dormant.count','0','0'),(2982,249,'portfolio.at.risk','0.00',NULL),(2983,249,'active.members.count','4','1'),(2984,249,'dropouts.count','0','0'),(2985,249,'center.count','2',''),(2986,249,'dropout.rate','0.00','0.00'),(2987,249,'active.borrowers.count','1','0'),(2988,249,'onholds.count','3','2'),(2989,250,'replacements.count','0','0'),(2990,250,'loan.account.dormant.count','0','0'),(2991,250,'active.members.count','1','0'),(2992,250,'onholds.count','0','0'),(2993,250,'saving.account.dormant.count','0','0'),(2994,250,'portfolio.at.risk','0.00',NULL),(2995,250,'group.count','2',''),(2996,250,'active.savers.count','1','0'),(2997,250,'active.borrowers.count','0','0'),(2998,250,'dropouts.count','0','0'),(2999,250,'dropout.rate','0.00','0.00'),(3000,250,'center.count','3',''),(3001,251,'replacements.count','0','0'),(3002,251,'loan.account.dormant.count','0','0'),(3003,251,'center.count','5',''),(3004,251,'onholds.count','0','0'),(3005,251,'saving.account.dormant.count','0','0'),(3006,251,'active.savers.count','6','1'),(3007,251,'portfolio.at.risk','0.00',NULL),(3008,251,'active.members.count','20','9'),(3009,251,'active.borrowers.count','0','0'),(3010,251,'dropouts.count','0','0'),(3011,251,'dropout.rate','0.00','0.00'),(3012,251,'group.count','18',''),(3013,252,'active.members.count','0','0'),(3014,252,'active.savers.count','0','0'),(3015,252,'replacements.count','0','0'),(3016,252,'loan.account.dormant.count','0','0'),(3017,252,'group.count','0',''),(3018,252,'onholds.count','0','0'),(3019,252,'saving.account.dormant.count','0','0'),(3020,252,'portfolio.at.risk','0.00',NULL),(3021,252,'center.count','0',''),(3022,252,'active.borrowers.count','0','0'),(3023,252,'dropouts.count','0','0'),(3024,252,'dropout.rate','0.00','0.00'),(3025,253,'replacements.count','0','0'),(3026,253,'loan.account.dormant.count','0','0'),(3027,253,'active.savers.count','2','1'),(3028,253,'group.count','3',''),(3029,253,'saving.account.dormant.count','0','0'),(3030,253,'portfolio.at.risk','0.00',NULL),(3031,253,'active.members.count','4','1'),(3032,253,'dropouts.count','0','0'),(3033,253,'center.count','2',''),(3034,253,'dropout.rate','0.00','0.00'),(3035,253,'active.borrowers.count','1','0'),(3036,253,'onholds.count','3','2'),(3037,254,'replacements.count','0','0'),(3038,254,'loan.account.dormant.count','0','0'),(3039,254,'active.members.count','1','0'),(3040,254,'onholds.count','0','0'),(3041,254,'saving.account.dormant.count','0','0'),(3042,254,'portfolio.at.risk','0.00',NULL),(3043,254,'group.count','2',''),(3044,254,'active.savers.count','1','0'),(3045,254,'active.borrowers.count','0','0'),(3046,254,'dropouts.count','0','0'),(3047,254,'dropout.rate','0.00','0.00'),(3048,254,'center.count','3',''),(3049,255,'replacements.count','0','0'),(3050,255,'loan.account.dormant.count','0','0'),(3051,255,'center.count','5',''),(3052,255,'onholds.count','0','0'),(3053,255,'saving.account.dormant.count','0','0'),(3054,255,'active.savers.count','6','1'),(3055,255,'portfolio.at.risk','0.00',NULL),(3056,255,'active.members.count','20','9'),(3057,255,'active.borrowers.count','0','0'),(3058,255,'dropouts.count','0','0'),(3059,255,'dropout.rate','0.00','0.00'),(3060,255,'group.count','18',''),(3061,256,'active.members.count','0','0'),(3062,256,'active.savers.count','0','0'),(3063,256,'replacements.count','0','0'),(3064,256,'loan.account.dormant.count','0','0'),(3065,256,'group.count','0',''),(3066,256,'onholds.count','0','0'),(3067,256,'saving.account.dormant.count','0','0'),(3068,256,'portfolio.at.risk','0.00',NULL),(3069,256,'center.count','0',''),(3070,256,'active.borrowers.count','0','0'),(3071,256,'dropouts.count','0','0'),(3072,256,'dropout.rate','0.00','0.00'),(3073,257,'replacements.count','0','0'),(3074,257,'loan.account.dormant.count','0','0'),(3075,257,'active.savers.count','2','1'),(3076,257,'group.count','3',''),(3077,257,'saving.account.dormant.count','0','0'),(3078,257,'portfolio.at.risk','0.00',NULL),(3079,257,'active.members.count','4','1'),(3080,257,'dropouts.count','0','0'),(3081,257,'center.count','2',''),(3082,257,'dropout.rate','0.00','0.00'),(3083,257,'active.borrowers.count','1','0'),(3084,257,'onholds.count','3','2'),(3085,258,'replacements.count','0','0'),(3086,258,'loan.account.dormant.count','0','0'),(3087,258,'active.members.count','1','0'),(3088,258,'onholds.count','0','0'),(3089,258,'saving.account.dormant.count','0','0'),(3090,258,'portfolio.at.risk','0.00',NULL),(3091,258,'group.count','2',''),(3092,258,'active.savers.count','1','0'),(3093,258,'active.borrowers.count','0','0'),(3094,258,'dropouts.count','0','0'),(3095,258,'dropout.rate','0.00','0.00'),(3096,258,'center.count','3',''),(3097,259,'replacements.count','0','0'),(3098,259,'loan.account.dormant.count','0','0'),(3099,259,'center.count','5',''),(3100,259,'onholds.count','0','0'),(3101,259,'saving.account.dormant.count','0','0'),(3102,259,'active.savers.count','6','1'),(3103,259,'portfolio.at.risk','0.00',NULL),(3104,259,'active.members.count','20','9'),(3105,259,'active.borrowers.count','0','0'),(3106,259,'dropouts.count','0','0'),(3107,259,'dropout.rate','0.00','0.00'),(3108,259,'group.count','18',''),(3109,260,'active.members.count','0','0'),(3110,260,'active.savers.count','0','0'),(3111,260,'replacements.count','0','0'),(3112,260,'loan.account.dormant.count','0','0'),(3113,260,'group.count','0',''),(3114,260,'onholds.count','0','0'),(3115,260,'saving.account.dormant.count','0','0'),(3116,260,'portfolio.at.risk','0.00',NULL),(3117,260,'center.count','0',''),(3118,260,'active.borrowers.count','0','0'),(3119,260,'dropouts.count','0','0'),(3120,260,'dropout.rate','0.00','0.00'),(3121,261,'replacements.count','0','0'),(3122,261,'loan.account.dormant.count','0','0'),(3123,261,'active.savers.count','2','1'),(3124,261,'group.count','3',''),(3125,261,'saving.account.dormant.count','0','0'),(3126,261,'portfolio.at.risk','0.00',NULL),(3127,261,'active.members.count','4','1'),(3128,261,'dropouts.count','0','0'),(3129,261,'center.count','2',''),(3130,261,'dropout.rate','0.00','0.00'),(3131,261,'active.borrowers.count','1','0'),(3132,261,'onholds.count','3','2'),(3133,262,'replacements.count','0','0'),(3134,262,'loan.account.dormant.count','0','0'),(3135,262,'active.members.count','1','0'),(3136,262,'onholds.count','0','0'),(3137,262,'saving.account.dormant.count','0','0'),(3138,262,'portfolio.at.risk','0.00',NULL),(3139,262,'group.count','2',''),(3140,262,'active.savers.count','1','0'),(3141,262,'active.borrowers.count','0','0'),(3142,262,'dropouts.count','0','0'),(3143,262,'dropout.rate','0.00','0.00'),(3144,262,'center.count','3',''),(3145,263,'replacements.count','0','0'),(3146,263,'loan.account.dormant.count','0','0'),(3147,263,'center.count','5',''),(3148,263,'onholds.count','0','0'),(3149,263,'saving.account.dormant.count','0','0'),(3150,263,'active.savers.count','6','1'),(3151,263,'portfolio.at.risk','0.00',NULL),(3152,263,'active.members.count','20','9'),(3153,263,'active.borrowers.count','0','0'),(3154,263,'dropouts.count','0','0'),(3155,263,'dropout.rate','0.00','0.00'),(3156,263,'group.count','18',''),(3157,264,'active.members.count','0','0'),(3158,264,'active.savers.count','0','0'),(3159,264,'replacements.count','0','0'),(3160,264,'loan.account.dormant.count','0','0'),(3161,264,'group.count','0',''),(3162,264,'onholds.count','0','0'),(3163,264,'saving.account.dormant.count','0','0'),(3164,264,'portfolio.at.risk','0.00',NULL),(3165,264,'center.count','0',''),(3166,264,'active.borrowers.count','0','0'),(3167,264,'dropouts.count','0','0'),(3168,264,'dropout.rate','0.00','0.00'),(3169,265,'replacements.count','0','0'),(3170,265,'loan.account.dormant.count','0','0'),(3171,265,'active.savers.count','2','1'),(3172,265,'group.count','3',''),(3173,265,'saving.account.dormant.count','0','0'),(3174,265,'portfolio.at.risk','0.00',NULL),(3175,265,'active.members.count','4','1'),(3176,265,'dropouts.count','0','0'),(3177,265,'center.count','2',''),(3178,265,'dropout.rate','0.00','0.00'),(3179,265,'active.borrowers.count','1','0'),(3180,265,'onholds.count','3','2'),(3181,266,'replacements.count','0','0'),(3182,266,'loan.account.dormant.count','0','0'),(3183,266,'active.members.count','1','0'),(3184,266,'onholds.count','0','0'),(3185,266,'saving.account.dormant.count','0','0'),(3186,266,'portfolio.at.risk','0.00',NULL),(3187,266,'group.count','2',''),(3188,266,'active.savers.count','1','0'),(3189,266,'active.borrowers.count','0','0'),(3190,266,'dropouts.count','0','0'),(3191,266,'dropout.rate','0.00','0.00'),(3192,266,'center.count','3',''),(3193,267,'replacements.count','0','0'),(3194,267,'loan.account.dormant.count','0','0'),(3195,267,'center.count','5',''),(3196,267,'onholds.count','0','0'),(3197,267,'saving.account.dormant.count','0','0'),(3198,267,'active.savers.count','6','1'),(3199,267,'portfolio.at.risk','0.00',NULL),(3200,267,'active.members.count','20','9'),(3201,267,'active.borrowers.count','0','0'),(3202,267,'dropouts.count','0','0'),(3203,267,'dropout.rate','0.00','0.00'),(3204,267,'group.count','18',''),(3205,268,'active.members.count','0','0'),(3206,268,'active.savers.count','0','0'),(3207,268,'replacements.count','0','0'),(3208,268,'loan.account.dormant.count','0','0'),(3209,268,'group.count','0',''),(3210,268,'onholds.count','0','0'),(3211,268,'saving.account.dormant.count','0','0'),(3212,268,'portfolio.at.risk','0.00',NULL),(3213,268,'center.count','0',''),(3214,268,'active.borrowers.count','0','0'),(3215,268,'dropouts.count','0','0'),(3216,268,'dropout.rate','0.00','0.00'),(3217,269,'replacements.count','0','0'),(3218,269,'loan.account.dormant.count','0','0'),(3219,269,'active.savers.count','2','1'),(3220,269,'group.count','3',''),(3221,269,'saving.account.dormant.count','0','0'),(3222,269,'portfolio.at.risk','0.00',NULL),(3223,269,'active.members.count','4','1'),(3224,269,'dropouts.count','0','0'),(3225,269,'center.count','2',''),(3226,269,'dropout.rate','0.00','0.00'),(3227,269,'active.borrowers.count','1','0'),(3228,269,'onholds.count','3','2'),(3229,270,'replacements.count','0','0'),(3230,270,'loan.account.dormant.count','0','0'),(3231,270,'active.members.count','1','0'),(3232,270,'onholds.count','0','0'),(3233,270,'saving.account.dormant.count','0','0'),(3234,270,'portfolio.at.risk','0.00',NULL),(3235,270,'group.count','2',''),(3236,270,'active.savers.count','1','0'),(3237,270,'active.borrowers.count','0','0'),(3238,270,'dropouts.count','0','0'),(3239,270,'dropout.rate','0.00','0.00'),(3240,270,'center.count','3',''),(3241,271,'replacements.count','0','0'),(3242,271,'loan.account.dormant.count','0','0'),(3243,271,'center.count','5',''),(3244,271,'onholds.count','0','0'),(3245,271,'saving.account.dormant.count','0','0'),(3246,271,'active.savers.count','6','1'),(3247,271,'portfolio.at.risk','0.00',NULL),(3248,271,'active.members.count','20','9'),(3249,271,'active.borrowers.count','0','0'),(3250,271,'dropouts.count','0','0'),(3251,271,'dropout.rate','0.00','0.00'),(3252,271,'group.count','18',''),(3253,272,'active.members.count','0','0'),(3254,272,'active.savers.count','0','0'),(3255,272,'replacements.count','0','0'),(3256,272,'loan.account.dormant.count','0','0'),(3257,272,'group.count','0',''),(3258,272,'onholds.count','0','0'),(3259,272,'saving.account.dormant.count','0','0'),(3260,272,'portfolio.at.risk','0.00',NULL),(3261,272,'center.count','0',''),(3262,272,'active.borrowers.count','0','0'),(3263,272,'dropouts.count','0','0'),(3264,272,'dropout.rate','0.00','0.00'),(3265,273,'replacements.count','0','0'),(3266,273,'loan.account.dormant.count','0','0'),(3267,273,'active.savers.count','2','1'),(3268,273,'group.count','3',''),(3269,273,'saving.account.dormant.count','0','0'),(3270,273,'portfolio.at.risk','0.00',NULL),(3271,273,'active.members.count','4','1'),(3272,273,'dropouts.count','0','0'),(3273,273,'center.count','2',''),(3274,273,'dropout.rate','0.00','0.00'),(3275,273,'active.borrowers.count','1','0'),(3276,273,'onholds.count','3','2'),(3277,274,'replacements.count','0','0'),(3278,274,'loan.account.dormant.count','0','0'),(3279,274,'active.members.count','1','0'),(3280,274,'onholds.count','0','0'),(3281,274,'saving.account.dormant.count','0','0'),(3282,274,'portfolio.at.risk','0.00',NULL),(3283,274,'group.count','2',''),(3284,274,'active.savers.count','1','0'),(3285,274,'active.borrowers.count','0','0'),(3286,274,'dropouts.count','0','0'),(3287,274,'dropout.rate','0.00','0.00'),(3288,274,'center.count','3',''),(3289,275,'replacements.count','0','0'),(3290,275,'loan.account.dormant.count','0','0'),(3291,275,'center.count','5',''),(3292,275,'onholds.count','0','0'),(3293,275,'saving.account.dormant.count','0','0'),(3294,275,'active.savers.count','6','1'),(3295,275,'portfolio.at.risk','0.00',NULL),(3296,275,'active.members.count','20','9'),(3297,275,'active.borrowers.count','0','0'),(3298,275,'dropouts.count','0','0'),(3299,275,'dropout.rate','0.00','0.00'),(3300,275,'group.count','18',''),(3301,276,'active.members.count','0','0'),(3302,276,'active.savers.count','0','0'),(3303,276,'replacements.count','0','0'),(3304,276,'loan.account.dormant.count','0','0'),(3305,276,'group.count','0',''),(3306,276,'onholds.count','0','0'),(3307,276,'saving.account.dormant.count','0','0'),(3308,276,'portfolio.at.risk','0.00',NULL),(3309,276,'center.count','0',''),(3310,276,'active.borrowers.count','0','0'),(3311,276,'dropouts.count','0','0'),(3312,276,'dropout.rate','0.00','0.00'),(3313,277,'replacements.count','0','0'),(3314,277,'loan.account.dormant.count','0','0'),(3315,277,'active.savers.count','2','1'),(3316,277,'group.count','3',''),(3317,277,'saving.account.dormant.count','0','0'),(3318,277,'portfolio.at.risk','0.00',NULL),(3319,277,'active.members.count','4','1'),(3320,277,'dropouts.count','0','0'),(3321,277,'center.count','2',''),(3322,277,'dropout.rate','0.00','0.00'),(3323,277,'active.borrowers.count','1','0'),(3324,277,'onholds.count','3','2'),(3325,278,'replacements.count','0','0'),(3326,278,'loan.account.dormant.count','0','0'),(3327,278,'active.members.count','1','0'),(3328,278,'onholds.count','0','0'),(3329,278,'saving.account.dormant.count','0','0'),(3330,278,'portfolio.at.risk','0.00',NULL),(3331,278,'group.count','2',''),(3332,278,'active.savers.count','1','0'),(3333,278,'active.borrowers.count','0','0'),(3334,278,'dropouts.count','0','0'),(3335,278,'dropout.rate','0.00','0.00'),(3336,278,'center.count','3',''),(3337,279,'replacements.count','0','0'),(3338,279,'loan.account.dormant.count','0','0'),(3339,279,'center.count','5',''),(3340,279,'onholds.count','0','0'),(3341,279,'saving.account.dormant.count','0','0'),(3342,279,'active.savers.count','6','1'),(3343,279,'portfolio.at.risk','0.00',NULL),(3344,279,'active.members.count','20','9'),(3345,279,'active.borrowers.count','0','0'),(3346,279,'dropouts.count','0','0'),(3347,279,'dropout.rate','0.00','0.00'),(3348,279,'group.count','18',''),(3349,280,'active.members.count','0','0'),(3350,280,'active.savers.count','0','0'),(3351,280,'replacements.count','0','0'),(3352,280,'loan.account.dormant.count','0','0'),(3353,280,'group.count','0',''),(3354,280,'onholds.count','0','0'),(3355,280,'saving.account.dormant.count','0','0'),(3356,280,'portfolio.at.risk','0.00',NULL),(3357,280,'center.count','0',''),(3358,280,'active.borrowers.count','0','0'),(3359,280,'dropouts.count','0','0'),(3360,280,'dropout.rate','0.00','0.00'),(3361,281,'replacements.count','0','0'),(3362,281,'loan.account.dormant.count','0','0'),(3363,281,'active.savers.count','2','1'),(3364,281,'group.count','3',''),(3365,281,'saving.account.dormant.count','0','0'),(3366,281,'portfolio.at.risk','0.00',NULL),(3367,281,'active.members.count','4','1'),(3368,281,'dropouts.count','0','0'),(3369,281,'center.count','2',''),(3370,281,'dropout.rate','0.00','0.00'),(3371,281,'active.borrowers.count','1','0'),(3372,281,'onholds.count','3','2'),(3373,282,'replacements.count','0','0'),(3374,282,'loan.account.dormant.count','0','0'),(3375,282,'active.members.count','1','0'),(3376,282,'onholds.count','0','0'),(3377,282,'saving.account.dormant.count','0','0'),(3378,282,'portfolio.at.risk','0.00',NULL),(3379,282,'group.count','2',''),(3380,282,'active.savers.count','1','0'),(3381,282,'active.borrowers.count','0','0'),(3382,282,'dropouts.count','0','0'),(3383,282,'dropout.rate','0.00','0.00'),(3384,282,'center.count','3',''),(3385,283,'replacements.count','0','0'),(3386,283,'loan.account.dormant.count','0','0'),(3387,283,'center.count','5',''),(3388,283,'onholds.count','0','0'),(3389,283,'saving.account.dormant.count','0','0'),(3390,283,'active.savers.count','6','1'),(3391,283,'portfolio.at.risk','0.00',NULL),(3392,283,'active.members.count','20','9'),(3393,283,'active.borrowers.count','0','0'),(3394,283,'dropouts.count','0','0'),(3395,283,'dropout.rate','0.00','0.00'),(3396,283,'group.count','18',''),(3397,284,'active.members.count','0','0'),(3398,284,'active.savers.count','0','0'),(3399,284,'replacements.count','0','0'),(3400,284,'loan.account.dormant.count','0','0'),(3401,284,'group.count','0',''),(3402,284,'onholds.count','0','0'),(3403,284,'saving.account.dormant.count','0','0'),(3404,284,'portfolio.at.risk','0.00',NULL),(3405,284,'center.count','0',''),(3406,284,'active.borrowers.count','0','0'),(3407,284,'dropouts.count','0','0'),(3408,284,'dropout.rate','0.00','0.00'),(3409,285,'replacements.count','0','0'),(3410,285,'loan.account.dormant.count','0','0'),(3411,285,'active.savers.count','2','1'),(3412,285,'group.count','3',''),(3413,285,'saving.account.dormant.count','0','0'),(3414,285,'portfolio.at.risk','0.00',NULL),(3415,285,'active.members.count','4','1'),(3416,285,'dropouts.count','0','0'),(3417,285,'center.count','2',''),(3418,285,'dropout.rate','0.00','0.00'),(3419,285,'active.borrowers.count','1','0'),(3420,285,'onholds.count','3','2'),(3421,286,'replacements.count','0','0'),(3422,286,'loan.account.dormant.count','0','0'),(3423,286,'active.members.count','1','0'),(3424,286,'onholds.count','0','0'),(3425,286,'saving.account.dormant.count','0','0'),(3426,286,'portfolio.at.risk','0.00',NULL),(3427,286,'group.count','2',''),(3428,286,'active.savers.count','1','0'),(3429,286,'active.borrowers.count','0','0'),(3430,286,'dropouts.count','0','0'),(3431,286,'dropout.rate','0.00','0.00'),(3432,286,'center.count','3',''),(3433,287,'replacements.count','0','0'),(3434,287,'loan.account.dormant.count','0','0'),(3435,287,'center.count','5',''),(3436,287,'onholds.count','0','0'),(3437,287,'saving.account.dormant.count','0','0'),(3438,287,'active.savers.count','6','1'),(3439,287,'portfolio.at.risk','0.00',NULL),(3440,287,'active.members.count','20','9'),(3441,287,'active.borrowers.count','0','0'),(3442,287,'dropouts.count','0','0'),(3443,287,'dropout.rate','0.00','0.00'),(3444,287,'group.count','18',''),(3445,288,'active.members.count','0','0'),(3446,288,'active.savers.count','0','0'),(3447,288,'replacements.count','0','0'),(3448,288,'loan.account.dormant.count','0','0'),(3449,288,'group.count','0',''),(3450,288,'onholds.count','0','0'),(3451,288,'saving.account.dormant.count','0','0'),(3452,288,'portfolio.at.risk','0.00',NULL),(3453,288,'center.count','0',''),(3454,288,'active.borrowers.count','0','0'),(3455,288,'dropouts.count','0','0'),(3456,288,'dropout.rate','0.00','0.00'),(3457,289,'replacements.count','0','0'),(3458,289,'loan.account.dormant.count','0','0'),(3459,289,'active.savers.count','2','1'),(3460,289,'group.count','3',''),(3461,289,'saving.account.dormant.count','0','0'),(3462,289,'portfolio.at.risk','0.00',NULL),(3463,289,'active.members.count','4','1'),(3464,289,'dropouts.count','0','0'),(3465,289,'center.count','2',''),(3466,289,'dropout.rate','0.00','0.00'),(3467,289,'active.borrowers.count','1','0'),(3468,289,'onholds.count','3','2'),(3469,290,'replacements.count','0','0'),(3470,290,'loan.account.dormant.count','0','0'),(3471,290,'active.members.count','1','0'),(3472,290,'onholds.count','0','0'),(3473,290,'saving.account.dormant.count','0','0'),(3474,290,'portfolio.at.risk','0.00',NULL),(3475,290,'group.count','2',''),(3476,290,'active.savers.count','1','0'),(3477,290,'active.borrowers.count','0','0'),(3478,290,'dropouts.count','0','0'),(3479,290,'dropout.rate','0.00','0.00'),(3480,290,'center.count','3',''),(3481,291,'replacements.count','0','0'),(3482,291,'loan.account.dormant.count','0','0'),(3483,291,'center.count','5',''),(3484,291,'onholds.count','0','0'),(3485,291,'saving.account.dormant.count','0','0'),(3486,291,'active.savers.count','6','1'),(3487,291,'portfolio.at.risk','0.00',NULL),(3488,291,'active.members.count','20','9'),(3489,291,'active.borrowers.count','0','0'),(3490,291,'dropouts.count','0','0'),(3491,291,'dropout.rate','0.00','0.00'),(3492,291,'group.count','18',''),(3493,292,'active.members.count','0','0'),(3494,292,'active.savers.count','0','0'),(3495,292,'replacements.count','0','0'),(3496,292,'loan.account.dormant.count','0','0'),(3497,292,'group.count','0',''),(3498,292,'onholds.count','0','0'),(3499,292,'saving.account.dormant.count','0','0'),(3500,292,'portfolio.at.risk','0.00',NULL),(3501,292,'center.count','0',''),(3502,292,'active.borrowers.count','0','0'),(3503,292,'dropouts.count','0','0'),(3504,292,'dropout.rate','0.00','0.00'),(3505,293,'replacements.count','0','0'),(3506,293,'loan.account.dormant.count','0','0'),(3507,293,'active.savers.count','2','1'),(3508,293,'group.count','3',''),(3509,293,'saving.account.dormant.count','0','0'),(3510,293,'portfolio.at.risk','0.00',NULL),(3511,293,'active.members.count','4','1'),(3512,293,'dropouts.count','0','0'),(3513,293,'center.count','2',''),(3514,293,'dropout.rate','0.00','0.00'),(3515,293,'active.borrowers.count','1','0'),(3516,293,'onholds.count','3','2'),(3517,294,'replacements.count','0','0'),(3518,294,'loan.account.dormant.count','0','0'),(3519,294,'active.members.count','1','0'),(3520,294,'onholds.count','0','0'),(3521,294,'saving.account.dormant.count','0','0'),(3522,294,'portfolio.at.risk','0.00',NULL),(3523,294,'group.count','2',''),(3524,294,'active.savers.count','1','0'),(3525,294,'active.borrowers.count','0','0'),(3526,294,'dropouts.count','0','0'),(3527,294,'dropout.rate','0.00','0.00'),(3528,294,'center.count','3',''),(3529,295,'replacements.count','0','0'),(3530,295,'loan.account.dormant.count','0','0'),(3531,295,'center.count','5',''),(3532,295,'onholds.count','0','0'),(3533,295,'saving.account.dormant.count','0','0'),(3534,295,'active.savers.count','6','1'),(3535,295,'portfolio.at.risk','0.00',NULL),(3536,295,'active.members.count','20','9'),(3537,295,'active.borrowers.count','0','0'),(3538,295,'dropouts.count','0','0'),(3539,295,'dropout.rate','0.00','0.00'),(3540,295,'group.count','18',''),(3541,296,'active.members.count','0','0'),(3542,296,'active.savers.count','0','0'),(3543,296,'replacements.count','0','0'),(3544,296,'loan.account.dormant.count','0','0'),(3545,296,'group.count','0',''),(3546,296,'onholds.count','0','0'),(3547,296,'saving.account.dormant.count','0','0'),(3548,296,'portfolio.at.risk','0.00',NULL),(3549,296,'center.count','0',''),(3550,296,'active.borrowers.count','0','0'),(3551,296,'dropouts.count','0','0'),(3552,296,'dropout.rate','0.00','0.00'),(3553,297,'replacements.count','0','0'),(3554,297,'loan.account.dormant.count','0','0'),(3555,297,'active.savers.count','2','1'),(3556,297,'group.count','3',''),(3557,297,'saving.account.dormant.count','0','0'),(3558,297,'portfolio.at.risk','0.00',NULL),(3559,297,'active.members.count','4','1'),(3560,297,'dropouts.count','0','0'),(3561,297,'center.count','2',''),(3562,297,'dropout.rate','0.00','0.00'),(3563,297,'active.borrowers.count','1','0'),(3564,297,'onholds.count','3','2'),(3565,298,'replacements.count','0','0'),(3566,298,'loan.account.dormant.count','0','0'),(3567,298,'active.members.count','1','0'),(3568,298,'onholds.count','0','0'),(3569,298,'saving.account.dormant.count','0','0'),(3570,298,'portfolio.at.risk','0.00',NULL),(3571,298,'group.count','2',''),(3572,298,'active.savers.count','1','0'),(3573,298,'active.borrowers.count','0','0'),(3574,298,'dropouts.count','0','0'),(3575,298,'dropout.rate','0.00','0.00'),(3576,298,'center.count','3',''),(3577,299,'replacements.count','0','0'),(3578,299,'loan.account.dormant.count','0','0'),(3579,299,'center.count','5',''),(3580,299,'onholds.count','0','0'),(3581,299,'saving.account.dormant.count','0','0'),(3582,299,'active.savers.count','6','1'),(3583,299,'portfolio.at.risk','0.00',NULL),(3584,299,'active.members.count','20','9'),(3585,299,'active.borrowers.count','0','0'),(3586,299,'dropouts.count','0','0'),(3587,299,'dropout.rate','0.00','0.00'),(3588,299,'group.count','18',''),(3589,300,'active.members.count','0','0'),(3590,300,'active.savers.count','0','0'),(3591,300,'replacements.count','0','0'),(3592,300,'loan.account.dormant.count','0','0'),(3593,300,'group.count','0',''),(3594,300,'onholds.count','0','0'),(3595,300,'saving.account.dormant.count','0','0'),(3596,300,'portfolio.at.risk','0.00',NULL),(3597,300,'center.count','0',''),(3598,300,'active.borrowers.count','0','0'),(3599,300,'dropouts.count','0','0'),(3600,300,'dropout.rate','0.00','0.00'),(3601,301,'replacements.count','0','0'),(3602,301,'loan.account.dormant.count','0','0'),(3603,301,'active.savers.count','2','1'),(3604,301,'group.count','3',''),(3605,301,'saving.account.dormant.count','0','0'),(3606,301,'portfolio.at.risk','0.00',NULL),(3607,301,'active.members.count','4','1'),(3608,301,'dropouts.count','0','0'),(3609,301,'center.count','2',''),(3610,301,'dropout.rate','0.00','0.00'),(3611,301,'active.borrowers.count','1','0'),(3612,301,'onholds.count','3','2'),(3613,302,'replacements.count','0','0'),(3614,302,'loan.account.dormant.count','0','0'),(3615,302,'active.members.count','1','0'),(3616,302,'onholds.count','0','0'),(3617,302,'saving.account.dormant.count','0','0'),(3618,302,'portfolio.at.risk','0.00',NULL),(3619,302,'group.count','2',''),(3620,302,'active.savers.count','1','0'),(3621,302,'active.borrowers.count','0','0'),(3622,302,'dropouts.count','0','0'),(3623,302,'dropout.rate','0.00','0.00'),(3624,302,'center.count','3',''),(3625,303,'replacements.count','0','0'),(3626,303,'loan.account.dormant.count','0','0'),(3627,303,'center.count','5',''),(3628,303,'onholds.count','0','0'),(3629,303,'saving.account.dormant.count','0','0'),(3630,303,'active.savers.count','6','1'),(3631,303,'portfolio.at.risk','0.00',NULL),(3632,303,'active.members.count','20','9'),(3633,303,'active.borrowers.count','0','0'),(3634,303,'dropouts.count','0','0'),(3635,303,'dropout.rate','0.00','0.00'),(3636,303,'group.count','18',''),(3637,304,'active.members.count','0','0'),(3638,304,'active.savers.count','0','0'),(3639,304,'replacements.count','0','0'),(3640,304,'loan.account.dormant.count','0','0'),(3641,304,'group.count','0',''),(3642,304,'onholds.count','0','0'),(3643,304,'saving.account.dormant.count','0','0'),(3644,304,'portfolio.at.risk','0.00',NULL),(3645,304,'center.count','0',''),(3646,304,'active.borrowers.count','0','0'),(3647,304,'dropouts.count','0','0'),(3648,304,'dropout.rate','0.00','0.00'),(3649,305,'replacements.count','0','0'),(3650,305,'loan.account.dormant.count','0','0'),(3651,305,'active.savers.count','2','1'),(3652,305,'group.count','3',''),(3653,305,'saving.account.dormant.count','0','0'),(3654,305,'portfolio.at.risk','0.00',NULL),(3655,305,'active.members.count','4','1'),(3656,305,'dropouts.count','0','0'),(3657,305,'center.count','2',''),(3658,305,'dropout.rate','0.00','0.00'),(3659,305,'active.borrowers.count','1','0'),(3660,305,'onholds.count','3','2'),(3661,306,'replacements.count','0','0'),(3662,306,'loan.account.dormant.count','0','0'),(3663,306,'active.members.count','1','0'),(3664,306,'onholds.count','0','0'),(3665,306,'saving.account.dormant.count','0','0'),(3666,306,'portfolio.at.risk','0.00',NULL),(3667,306,'group.count','2',''),(3668,306,'active.savers.count','1','0'),(3669,306,'active.borrowers.count','0','0'),(3670,306,'dropouts.count','0','0'),(3671,306,'dropout.rate','0.00','0.00'),(3672,306,'center.count','3',''),(3673,307,'replacements.count','0','0'),(3674,307,'loan.account.dormant.count','0','0'),(3675,307,'center.count','5',''),(3676,307,'onholds.count','0','0'),(3677,307,'saving.account.dormant.count','0','0'),(3678,307,'active.savers.count','6','1'),(3679,307,'portfolio.at.risk','0.00',NULL),(3680,307,'active.members.count','20','9'),(3681,307,'active.borrowers.count','0','0'),(3682,307,'dropouts.count','0','0'),(3683,307,'dropout.rate','0.00','0.00'),(3684,307,'group.count','18',''),(3685,308,'active.members.count','0','0'),(3686,308,'active.savers.count','0','0'),(3687,308,'replacements.count','0','0'),(3688,308,'loan.account.dormant.count','0','0'),(3689,308,'group.count','0',''),(3690,308,'onholds.count','0','0'),(3691,308,'saving.account.dormant.count','0','0'),(3692,308,'portfolio.at.risk','0.00',NULL),(3693,308,'center.count','0',''),(3694,308,'active.borrowers.count','0','0'),(3695,308,'dropouts.count','0','0'),(3696,308,'dropout.rate','0.00','0.00'),(3697,309,'replacements.count','0','0'),(3698,309,'loan.account.dormant.count','0','0'),(3699,309,'active.savers.count','2','1'),(3700,309,'group.count','3',''),(3701,309,'saving.account.dormant.count','0','0'),(3702,309,'portfolio.at.risk','0.00',NULL),(3703,309,'active.members.count','4','1'),(3704,309,'dropouts.count','0','0'),(3705,309,'center.count','2',''),(3706,309,'dropout.rate','0.00','0.00'),(3707,309,'active.borrowers.count','1','0'),(3708,309,'onholds.count','3','2'),(3709,310,'replacements.count','0','0'),(3710,310,'loan.account.dormant.count','0','0'),(3711,310,'active.members.count','1','0'),(3712,310,'onholds.count','0','0'),(3713,310,'saving.account.dormant.count','0','0'),(3714,310,'portfolio.at.risk','0.00',NULL),(3715,310,'group.count','2',''),(3716,310,'active.savers.count','1','0'),(3717,310,'active.borrowers.count','0','0'),(3718,310,'dropouts.count','0','0'),(3719,310,'dropout.rate','0.00','0.00'),(3720,310,'center.count','3',''),(3721,311,'replacements.count','0','0'),(3722,311,'loan.account.dormant.count','0','0'),(3723,311,'center.count','5',''),(3724,311,'onholds.count','0','0'),(3725,311,'saving.account.dormant.count','0','0'),(3726,311,'active.savers.count','6','1'),(3727,311,'portfolio.at.risk','0.00',NULL),(3728,311,'active.members.count','20','9'),(3729,311,'active.borrowers.count','0','0'),(3730,311,'dropouts.count','0','0'),(3731,311,'dropout.rate','0.00','0.00'),(3732,311,'group.count','18',''),(3733,312,'active.members.count','0','0'),(3734,312,'active.savers.count','0','0'),(3735,312,'replacements.count','0','0'),(3736,312,'loan.account.dormant.count','0','0'),(3737,312,'group.count','0',''),(3738,312,'onholds.count','0','0'),(3739,312,'saving.account.dormant.count','0','0'),(3740,312,'portfolio.at.risk','0.00',NULL),(3741,312,'center.count','0',''),(3742,312,'active.borrowers.count','0','0'),(3743,312,'dropouts.count','0','0'),(3744,312,'dropout.rate','0.00','0.00'),(3745,313,'replacements.count','0','0'),(3746,313,'loan.account.dormant.count','0','0'),(3747,313,'active.savers.count','2','1'),(3748,313,'group.count','3',''),(3749,313,'saving.account.dormant.count','0','0'),(3750,313,'portfolio.at.risk','0.00',NULL),(3751,313,'active.members.count','4','1'),(3752,313,'dropouts.count','0','0'),(3753,313,'center.count','2',''),(3754,313,'dropout.rate','0.00','0.00'),(3755,313,'active.borrowers.count','1','0'),(3756,313,'onholds.count','3','2'),(3757,314,'replacements.count','0','0'),(3758,314,'loan.account.dormant.count','0','0'),(3759,314,'active.members.count','1','0'),(3760,314,'onholds.count','0','0'),(3761,314,'saving.account.dormant.count','0','0'),(3762,314,'portfolio.at.risk','0.00',NULL),(3763,314,'group.count','2',''),(3764,314,'active.savers.count','1','0'),(3765,314,'active.borrowers.count','0','0'),(3766,314,'dropouts.count','0','0'),(3767,314,'dropout.rate','0.00','0.00'),(3768,314,'center.count','3',''),(3769,315,'replacements.count','0','0'),(3770,315,'loan.account.dormant.count','0','0'),(3771,315,'center.count','5',''),(3772,315,'onholds.count','0','0'),(3773,315,'saving.account.dormant.count','0','0'),(3774,315,'active.savers.count','6','1'),(3775,315,'portfolio.at.risk','0.00',NULL),(3776,315,'active.members.count','20','9'),(3777,315,'active.borrowers.count','0','0'),(3778,315,'dropouts.count','0','0'),(3779,315,'dropout.rate','0.00','0.00'),(3780,315,'group.count','18',''),(3781,316,'active.members.count','0','0'),(3782,316,'active.savers.count','0','0'),(3783,316,'replacements.count','0','0'),(3784,316,'loan.account.dormant.count','0','0'),(3785,316,'group.count','0',''),(3786,316,'onholds.count','0','0'),(3787,316,'saving.account.dormant.count','0','0'),(3788,316,'portfolio.at.risk','0.00',NULL),(3789,316,'center.count','0',''),(3790,316,'active.borrowers.count','0','0'),(3791,316,'dropouts.count','0','0'),(3792,316,'dropout.rate','0.00','0.00'),(3793,317,'replacements.count','0','0'),(3794,317,'loan.account.dormant.count','0','0'),(3795,317,'active.savers.count','2','1'),(3796,317,'group.count','3',''),(3797,317,'saving.account.dormant.count','0','0'),(3798,317,'portfolio.at.risk','0.00',NULL),(3799,317,'active.members.count','4','1'),(3800,317,'dropouts.count','0','0'),(3801,317,'center.count','2',''),(3802,317,'dropout.rate','0.00','0.00'),(3803,317,'active.borrowers.count','1','0'),(3804,317,'onholds.count','3','2'),(3805,318,'replacements.count','0','0'),(3806,318,'loan.account.dormant.count','0','0'),(3807,318,'active.members.count','1','0'),(3808,318,'onholds.count','0','0'),(3809,318,'saving.account.dormant.count','0','0'),(3810,318,'portfolio.at.risk','0.00',NULL),(3811,318,'group.count','2',''),(3812,318,'active.savers.count','1','0'),(3813,318,'active.borrowers.count','0','0'),(3814,318,'dropouts.count','0','0'),(3815,318,'dropout.rate','0.00','0.00'),(3816,318,'center.count','3',''),(3817,319,'replacements.count','0','0'),(3818,319,'loan.account.dormant.count','0','0'),(3819,319,'center.count','5',''),(3820,319,'onholds.count','0','0'),(3821,319,'saving.account.dormant.count','0','0'),(3822,319,'active.savers.count','6','1'),(3823,319,'portfolio.at.risk','0.00',NULL),(3824,319,'active.members.count','20','9'),(3825,319,'active.borrowers.count','0','0'),(3826,319,'dropouts.count','0','0'),(3827,319,'dropout.rate','0.00','0.00'),(3828,319,'group.count','18',''),(3829,320,'active.members.count','0','0'),(3830,320,'active.savers.count','0','0'),(3831,320,'replacements.count','0','0'),(3832,320,'loan.account.dormant.count','0','0'),(3833,320,'group.count','0',''),(3834,320,'onholds.count','0','0'),(3835,320,'saving.account.dormant.count','0','0'),(3836,320,'portfolio.at.risk','0.00',NULL),(3837,320,'center.count','0',''),(3838,320,'active.borrowers.count','0','0'),(3839,320,'dropouts.count','0','0'),(3840,320,'dropout.rate','0.00','0.00'),(3841,321,'replacements.count','0','0'),(3842,321,'loan.account.dormant.count','0','0'),(3843,321,'active.savers.count','2','1'),(3844,321,'group.count','3',''),(3845,321,'saving.account.dormant.count','0','0'),(3846,321,'portfolio.at.risk','0.00',NULL),(3847,321,'active.members.count','4','1'),(3848,321,'dropouts.count','0','0'),(3849,321,'center.count','2',''),(3850,321,'dropout.rate','0.00','0.00'),(3851,321,'active.borrowers.count','1','0'),(3852,321,'onholds.count','3','2'),(3853,322,'replacements.count','0','0'),(3854,322,'loan.account.dormant.count','0','0'),(3855,322,'active.members.count','1','0'),(3856,322,'onholds.count','0','0'),(3857,322,'saving.account.dormant.count','0','0'),(3858,322,'portfolio.at.risk','0.00',NULL),(3859,322,'group.count','2',''),(3860,322,'active.savers.count','1','0'),(3861,322,'active.borrowers.count','0','0'),(3862,322,'dropouts.count','0','0'),(3863,322,'dropout.rate','0.00','0.00'),(3864,322,'center.count','3',''),(3865,323,'replacements.count','0','0'),(3866,323,'loan.account.dormant.count','0','0'),(3867,323,'center.count','5',''),(3868,323,'onholds.count','0','0'),(3869,323,'saving.account.dormant.count','0','0'),(3870,323,'active.savers.count','6','1'),(3871,323,'portfolio.at.risk','0.00',NULL),(3872,323,'active.members.count','20','9'),(3873,323,'active.borrowers.count','0','0'),(3874,323,'dropouts.count','0','0'),(3875,323,'dropout.rate','0.00','0.00'),(3876,323,'group.count','18',''),(3877,324,'active.members.count','0','0'),(3878,324,'active.savers.count','0','0'),(3879,324,'replacements.count','0','0'),(3880,324,'loan.account.dormant.count','0','0'),(3881,324,'group.count','0',''),(3882,324,'onholds.count','0','0'),(3883,324,'saving.account.dormant.count','0','0'),(3884,324,'portfolio.at.risk','0.00',NULL),(3885,324,'center.count','0',''),(3886,324,'active.borrowers.count','0','0'),(3887,324,'dropouts.count','0','0'),(3888,324,'dropout.rate','0.00','0.00'),(3889,325,'replacements.count','0','0'),(3890,325,'loan.account.dormant.count','0','0'),(3891,325,'active.savers.count','2','1'),(3892,325,'group.count','3',''),(3893,325,'saving.account.dormant.count','0','0'),(3894,325,'portfolio.at.risk','0.00',NULL),(3895,325,'active.members.count','4','1'),(3896,325,'dropouts.count','0','0'),(3897,325,'center.count','2',''),(3898,325,'dropout.rate','0.00','0.00'),(3899,325,'active.borrowers.count','1','0'),(3900,325,'onholds.count','3','2'),(3901,326,'replacements.count','0','0'),(3902,326,'loan.account.dormant.count','0','0'),(3903,326,'active.members.count','1','0'),(3904,326,'onholds.count','0','0'),(3905,326,'saving.account.dormant.count','0','0'),(3906,326,'portfolio.at.risk','0.00',NULL),(3907,326,'group.count','2',''),(3908,326,'active.savers.count','1','0'),(3909,326,'active.borrowers.count','0','0'),(3910,326,'dropouts.count','0','0'),(3911,326,'dropout.rate','0.00','0.00'),(3912,326,'center.count','3',''),(3913,327,'replacements.count','0','0'),(3914,327,'loan.account.dormant.count','0','0'),(3915,327,'center.count','5',''),(3916,327,'onholds.count','0','0'),(3917,327,'saving.account.dormant.count','0','0'),(3918,327,'active.savers.count','6','1'),(3919,327,'portfolio.at.risk','0.00',NULL),(3920,327,'active.members.count','20','9'),(3921,327,'active.borrowers.count','0','0'),(3922,327,'dropouts.count','0','0'),(3923,327,'dropout.rate','0.00','0.00'),(3924,327,'group.count','18',''),(3925,328,'active.members.count','0','0'),(3926,328,'active.savers.count','0','0'),(3927,328,'replacements.count','0','0'),(3928,328,'loan.account.dormant.count','0','0'),(3929,328,'group.count','0',''),(3930,328,'onholds.count','0','0'),(3931,328,'saving.account.dormant.count','0','0'),(3932,328,'portfolio.at.risk','0.00',NULL),(3933,328,'center.count','0',''),(3934,328,'active.borrowers.count','0','0'),(3935,328,'dropouts.count','0','0'),(3936,328,'dropout.rate','0.00','0.00'),(3937,329,'replacements.count','0','0'),(3938,329,'loan.account.dormant.count','0','0'),(3939,329,'active.savers.count','2','1'),(3940,329,'group.count','3',''),(3941,329,'saving.account.dormant.count','0','0'),(3942,329,'portfolio.at.risk','0.00',NULL),(3943,329,'active.members.count','4','1'),(3944,329,'dropouts.count','0','0'),(3945,329,'center.count','2',''),(3946,329,'dropout.rate','0.00','0.00'),(3947,329,'active.borrowers.count','1','0'),(3948,329,'onholds.count','3','2'),(3949,330,'replacements.count','0','0'),(3950,330,'loan.account.dormant.count','0','0'),(3951,330,'active.members.count','1','0'),(3952,330,'onholds.count','0','0'),(3953,330,'saving.account.dormant.count','0','0'),(3954,330,'portfolio.at.risk','0.00',NULL),(3955,330,'group.count','2',''),(3956,330,'active.savers.count','1','0'),(3957,330,'active.borrowers.count','0','0'),(3958,330,'dropouts.count','0','0'),(3959,330,'dropout.rate','0.00','0.00'),(3960,330,'center.count','3',''),(3961,331,'replacements.count','0','0'),(3962,331,'loan.account.dormant.count','0','0'),(3963,331,'center.count','5',''),(3964,331,'onholds.count','0','0'),(3965,331,'saving.account.dormant.count','0','0'),(3966,331,'active.savers.count','6','1'),(3967,331,'portfolio.at.risk','0.00',NULL),(3968,331,'active.members.count','20','9'),(3969,331,'active.borrowers.count','0','0'),(3970,331,'dropouts.count','0','0'),(3971,331,'dropout.rate','0.00','0.00'),(3972,331,'group.count','18',''),(3973,332,'active.members.count','0','0'),(3974,332,'active.savers.count','0','0'),(3975,332,'replacements.count','0','0'),(3976,332,'loan.account.dormant.count','0','0'),(3977,332,'group.count','0',''),(3978,332,'onholds.count','0','0'),(3979,332,'saving.account.dormant.count','0','0'),(3980,332,'portfolio.at.risk','0.00',NULL),(3981,332,'center.count','0',''),(3982,332,'active.borrowers.count','0','0'),(3983,332,'dropouts.count','0','0'),(3984,332,'dropout.rate','0.00','0.00'),(3985,333,'replacements.count','0','0'),(3986,333,'loan.account.dormant.count','0','0'),(3987,333,'active.savers.count','2','1'),(3988,333,'group.count','3',''),(3989,333,'saving.account.dormant.count','0','0'),(3990,333,'portfolio.at.risk','0.00',NULL),(3991,333,'active.members.count','4','1'),(3992,333,'dropouts.count','0','0'),(3993,333,'center.count','2',''),(3994,333,'dropout.rate','0.00','0.00'),(3995,333,'active.borrowers.count','1','0'),(3996,333,'onholds.count','3','2'),(3997,334,'replacements.count','0','0'),(3998,334,'loan.account.dormant.count','0','0'),(3999,334,'active.members.count','1','0'),(4000,334,'onholds.count','0','0'),(4001,334,'saving.account.dormant.count','0','0'),(4002,334,'portfolio.at.risk','0.00',NULL),(4003,334,'group.count','2',''),(4004,334,'active.savers.count','1','0'),(4005,334,'active.borrowers.count','0','0'),(4006,334,'dropouts.count','0','0'),(4007,334,'dropout.rate','0.00','0.00'),(4008,334,'center.count','3',''),(4009,335,'replacements.count','0','0'),(4010,335,'loan.account.dormant.count','0','0'),(4011,335,'center.count','5',''),(4012,335,'onholds.count','0','0'),(4013,335,'saving.account.dormant.count','0','0'),(4014,335,'active.savers.count','6','1'),(4015,335,'portfolio.at.risk','0.00',NULL),(4016,335,'active.members.count','20','9'),(4017,335,'active.borrowers.count','0','0'),(4018,335,'dropouts.count','0','0'),(4019,335,'dropout.rate','0.00','0.00'),(4020,335,'group.count','18',''),(4021,336,'active.members.count','0','0'),(4022,336,'active.savers.count','0','0'),(4023,336,'replacements.count','0','0'),(4024,336,'loan.account.dormant.count','0','0'),(4025,336,'group.count','0',''),(4026,336,'onholds.count','0','0'),(4027,336,'saving.account.dormant.count','0','0'),(4028,336,'portfolio.at.risk','0.00',NULL),(4029,336,'center.count','0',''),(4030,336,'active.borrowers.count','0','0'),(4031,336,'dropouts.count','0','0'),(4032,336,'dropout.rate','0.00','0.00'),(4033,337,'replacements.count','0','0'),(4034,337,'loan.account.dormant.count','0','0'),(4035,337,'active.savers.count','2','1'),(4036,337,'group.count','3',''),(4037,337,'saving.account.dormant.count','0','0'),(4038,337,'portfolio.at.risk','0.00',NULL),(4039,337,'active.members.count','4','1'),(4040,337,'dropouts.count','0','0'),(4041,337,'center.count','2',''),(4042,337,'dropout.rate','0.00','0.00'),(4043,337,'active.borrowers.count','1','0'),(4044,337,'onholds.count','3','2'),(4045,338,'replacements.count','0','0'),(4046,338,'loan.account.dormant.count','0','0'),(4047,338,'active.members.count','1','0'),(4048,338,'onholds.count','0','0'),(4049,338,'saving.account.dormant.count','0','0'),(4050,338,'portfolio.at.risk','0.00',NULL),(4051,338,'group.count','2',''),(4052,338,'active.savers.count','1','0'),(4053,338,'active.borrowers.count','0','0'),(4054,338,'dropouts.count','0','0'),(4055,338,'dropout.rate','0.00','0.00'),(4056,338,'center.count','3',''),(4057,339,'replacements.count','0','0'),(4058,339,'loan.account.dormant.count','0','0'),(4059,339,'center.count','5',''),(4060,339,'onholds.count','0','0'),(4061,339,'saving.account.dormant.count','0','0'),(4062,339,'active.savers.count','6','1'),(4063,339,'portfolio.at.risk','0.00',NULL),(4064,339,'active.members.count','20','9'),(4065,339,'active.borrowers.count','0','0'),(4066,339,'dropouts.count','0','0'),(4067,339,'dropout.rate','0.00','0.00'),(4068,339,'group.count','18',''),(4069,340,'active.members.count','0','0'),(4070,340,'active.savers.count','0','0'),(4071,340,'replacements.count','0','0'),(4072,340,'loan.account.dormant.count','0','0'),(4073,340,'group.count','0',''),(4074,340,'onholds.count','0','0'),(4075,340,'saving.account.dormant.count','0','0'),(4076,340,'portfolio.at.risk','0.00',NULL),(4077,340,'center.count','0',''),(4078,340,'active.borrowers.count','0','0'),(4079,340,'dropouts.count','0','0'),(4080,340,'dropout.rate','0.00','0.00'),(4081,341,'replacements.count','0','0'),(4082,341,'loan.account.dormant.count','0','0'),(4083,341,'active.savers.count','2','1'),(4084,341,'group.count','3',''),(4085,341,'saving.account.dormant.count','0','0'),(4086,341,'portfolio.at.risk','0.00',NULL),(4087,341,'active.members.count','4','1'),(4088,341,'dropouts.count','0','0'),(4089,341,'center.count','2',''),(4090,341,'dropout.rate','0.00','0.00'),(4091,341,'active.borrowers.count','1','0'),(4092,341,'onholds.count','3','2'),(4093,342,'replacements.count','0','0'),(4094,342,'loan.account.dormant.count','0','0'),(4095,342,'active.members.count','1','0'),(4096,342,'onholds.count','0','0'),(4097,342,'saving.account.dormant.count','0','0'),(4098,342,'portfolio.at.risk','0.00',NULL),(4099,342,'group.count','2',''),(4100,342,'active.savers.count','1','0'),(4101,342,'active.borrowers.count','0','0'),(4102,342,'dropouts.count','0','0'),(4103,342,'dropout.rate','0.00','0.00'),(4104,342,'center.count','3',''),(4105,343,'replacements.count','0','0'),(4106,343,'loan.account.dormant.count','0','0'),(4107,343,'center.count','5',''),(4108,343,'onholds.count','0','0'),(4109,343,'saving.account.dormant.count','0','0'),(4110,343,'active.savers.count','6','1'),(4111,343,'portfolio.at.risk','0.00',NULL),(4112,343,'active.members.count','20','9'),(4113,343,'active.borrowers.count','0','0'),(4114,343,'dropouts.count','0','0'),(4115,343,'dropout.rate','0.00','0.00'),(4116,343,'group.count','18',''),(4117,344,'active.members.count','0','0'),(4118,344,'active.savers.count','0','0'),(4119,344,'replacements.count','0','0'),(4120,344,'loan.account.dormant.count','0','0'),(4121,344,'group.count','0',''),(4122,344,'onholds.count','0','0'),(4123,344,'saving.account.dormant.count','0','0'),(4124,344,'portfolio.at.risk','0.00',NULL),(4125,344,'center.count','0',''),(4126,344,'active.borrowers.count','0','0'),(4127,344,'dropouts.count','0','0'),(4128,344,'dropout.rate','0.00','0.00'),(4129,345,'replacements.count','0','0'),(4130,345,'loan.account.dormant.count','0','0'),(4131,345,'active.savers.count','2','1'),(4132,345,'group.count','3',''),(4133,345,'saving.account.dormant.count','0','0'),(4134,345,'portfolio.at.risk','0.00',NULL),(4135,345,'active.members.count','4','1'),(4136,345,'dropouts.count','0','0'),(4137,345,'center.count','2',''),(4138,345,'dropout.rate','0.00','0.00'),(4139,345,'active.borrowers.count','1','0'),(4140,345,'onholds.count','3','2'),(4141,346,'replacements.count','0','0'),(4142,346,'loan.account.dormant.count','0','0'),(4143,346,'active.members.count','1','0'),(4144,346,'onholds.count','0','0'),(4145,346,'saving.account.dormant.count','0','0'),(4146,346,'portfolio.at.risk','0.00',NULL),(4147,346,'group.count','2',''),(4148,346,'active.savers.count','1','0'),(4149,346,'active.borrowers.count','0','0'),(4150,346,'dropouts.count','0','0'),(4151,346,'dropout.rate','0.00','0.00'),(4152,346,'center.count','3',''),(4153,347,'replacements.count','0','0'),(4154,347,'loan.account.dormant.count','0','0'),(4155,347,'center.count','5',''),(4156,347,'onholds.count','0','0'),(4157,347,'saving.account.dormant.count','0','0'),(4158,347,'active.savers.count','6','1'),(4159,347,'portfolio.at.risk','0.00',NULL),(4160,347,'active.members.count','20','9'),(4161,347,'active.borrowers.count','0','0'),(4162,347,'dropouts.count','0','0'),(4163,347,'dropout.rate','0.00','0.00'),(4164,347,'group.count','18',''),(4165,348,'active.members.count','0','0'),(4166,348,'active.savers.count','0','0'),(4167,348,'replacements.count','0','0'),(4168,348,'loan.account.dormant.count','0','0'),(4169,348,'group.count','0',''),(4170,348,'onholds.count','0','0'),(4171,348,'saving.account.dormant.count','0','0'),(4172,348,'portfolio.at.risk','0.00',NULL),(4173,348,'center.count','0',''),(4174,348,'active.borrowers.count','0','0'),(4175,348,'dropouts.count','0','0'),(4176,348,'dropout.rate','0.00','0.00'),(4177,349,'replacements.count','0','0'),(4178,349,'loan.account.dormant.count','0','0'),(4179,349,'active.savers.count','2','1'),(4180,349,'group.count','3',''),(4181,349,'saving.account.dormant.count','0','0'),(4182,349,'portfolio.at.risk','0.00',NULL),(4183,349,'active.members.count','4','1'),(4184,349,'dropouts.count','0','0'),(4185,349,'center.count','2',''),(4186,349,'dropout.rate','0.00','0.00'),(4187,349,'active.borrowers.count','1','0'),(4188,349,'onholds.count','3','2'),(4189,350,'replacements.count','0','0'),(4190,350,'loan.account.dormant.count','0','0'),(4191,350,'active.members.count','1','0'),(4192,350,'onholds.count','0','0'),(4193,350,'saving.account.dormant.count','0','0'),(4194,350,'portfolio.at.risk','0.00',NULL),(4195,350,'group.count','2',''),(4196,350,'active.savers.count','1','0'),(4197,350,'active.borrowers.count','0','0'),(4198,350,'dropouts.count','0','0'),(4199,350,'dropout.rate','0.00','0.00'),(4200,350,'center.count','3',''),(4201,351,'replacements.count','0','0'),(4202,351,'loan.account.dormant.count','0','0'),(4203,351,'center.count','5',''),(4204,351,'onholds.count','0','0'),(4205,351,'saving.account.dormant.count','0','0'),(4206,351,'active.savers.count','6','1'),(4207,351,'portfolio.at.risk','0.00',NULL),(4208,351,'active.members.count','20','9'),(4209,351,'active.borrowers.count','0','0'),(4210,351,'dropouts.count','0','0'),(4211,351,'dropout.rate','0.00','0.00'),(4212,351,'group.count','18',''),(4213,352,'active.members.count','0','0'),(4214,352,'active.savers.count','0','0'),(4215,352,'replacements.count','0','0'),(4216,352,'loan.account.dormant.count','0','0'),(4217,352,'group.count','0',''),(4218,352,'onholds.count','0','0'),(4219,352,'saving.account.dormant.count','0','0'),(4220,352,'portfolio.at.risk','0.00',NULL),(4221,352,'center.count','0',''),(4222,352,'active.borrowers.count','0','0'),(4223,352,'dropouts.count','0','0'),(4224,352,'dropout.rate','0.00','0.00'),(4225,353,'replacements.count','0','0'),(4226,353,'loan.account.dormant.count','0','0'),(4227,353,'active.savers.count','2','1'),(4228,353,'group.count','3',''),(4229,353,'saving.account.dormant.count','0','0'),(4230,353,'portfolio.at.risk','0.00',NULL),(4231,353,'active.members.count','4','1'),(4232,353,'dropouts.count','0','0'),(4233,353,'center.count','2',''),(4234,353,'dropout.rate','0.00','0.00'),(4235,353,'active.borrowers.count','1','0'),(4236,353,'onholds.count','3','2'),(4237,354,'replacements.count','0','0'),(4238,354,'loan.account.dormant.count','0','0'),(4239,354,'active.members.count','1','0'),(4240,354,'onholds.count','0','0'),(4241,354,'saving.account.dormant.count','0','0'),(4242,354,'portfolio.at.risk','0.00',NULL),(4243,354,'group.count','2',''),(4244,354,'active.savers.count','1','0'),(4245,354,'active.borrowers.count','0','0'),(4246,354,'dropouts.count','0','0'),(4247,354,'dropout.rate','0.00','0.00'),(4248,354,'center.count','3',''),(4249,355,'replacements.count','0','0'),(4250,355,'loan.account.dormant.count','0','0'),(4251,355,'center.count','5',''),(4252,355,'onholds.count','0','0'),(4253,355,'saving.account.dormant.count','0','0'),(4254,355,'active.savers.count','6','1'),(4255,355,'portfolio.at.risk','0.00',NULL),(4256,355,'active.members.count','20','9'),(4257,355,'active.borrowers.count','0','0'),(4258,355,'dropouts.count','0','0'),(4259,355,'dropout.rate','0.00','0.00'),(4260,355,'group.count','18',''),(4261,356,'active.members.count','0','0'),(4262,356,'active.savers.count','0','0'),(4263,356,'replacements.count','0','0'),(4264,356,'loan.account.dormant.count','0','0'),(4265,356,'group.count','0',''),(4266,356,'onholds.count','0','0'),(4267,356,'saving.account.dormant.count','0','0'),(4268,356,'portfolio.at.risk','0.00',NULL),(4269,356,'center.count','0',''),(4270,356,'active.borrowers.count','0','0'),(4271,356,'dropouts.count','0','0'),(4272,356,'dropout.rate','0.00','0.00'),(4273,357,'replacements.count','0','0'),(4274,357,'loan.account.dormant.count','0','0'),(4275,357,'active.savers.count','2','1'),(4276,357,'group.count','3',''),(4277,357,'saving.account.dormant.count','0','0'),(4278,357,'portfolio.at.risk','0.00',NULL),(4279,357,'active.members.count','4','1'),(4280,357,'dropouts.count','0','0'),(4281,357,'center.count','2',''),(4282,357,'dropout.rate','0.00','0.00'),(4283,357,'active.borrowers.count','1','0'),(4284,357,'onholds.count','3','2'),(4285,358,'replacements.count','0','0'),(4286,358,'loan.account.dormant.count','0','0'),(4287,358,'active.members.count','1','0'),(4288,358,'onholds.count','0','0'),(4289,358,'saving.account.dormant.count','0','0'),(4290,358,'portfolio.at.risk','0.00',NULL),(4291,358,'group.count','2',''),(4292,358,'active.savers.count','1','0'),(4293,358,'active.borrowers.count','0','0'),(4294,358,'dropouts.count','0','0'),(4295,358,'dropout.rate','0.00','0.00'),(4296,358,'center.count','3',''),(4297,359,'replacements.count','0','0'),(4298,359,'loan.account.dormant.count','0','0'),(4299,359,'center.count','5',''),(4300,359,'onholds.count','0','0'),(4301,359,'saving.account.dormant.count','0','0'),(4302,359,'active.savers.count','6','1'),(4303,359,'portfolio.at.risk','0.00',NULL),(4304,359,'active.members.count','20','9'),(4305,359,'active.borrowers.count','0','0'),(4306,359,'dropouts.count','0','0'),(4307,359,'dropout.rate','0.00','0.00'),(4308,359,'group.count','18',''),(4309,360,'active.members.count','0','0'),(4310,360,'active.savers.count','0','0'),(4311,360,'replacements.count','0','0'),(4312,360,'loan.account.dormant.count','0','0'),(4313,360,'group.count','0',''),(4314,360,'onholds.count','0','0'),(4315,360,'saving.account.dormant.count','0','0'),(4316,360,'portfolio.at.risk','0.00',NULL),(4317,360,'center.count','0',''),(4318,360,'active.borrowers.count','0','0'),(4319,360,'dropouts.count','0','0'),(4320,360,'dropout.rate','0.00','0.00'),(4321,361,'replacements.count','0','0'),(4322,361,'loan.account.dormant.count','0','0'),(4323,361,'active.savers.count','2','1'),(4324,361,'group.count','3',''),(4325,361,'saving.account.dormant.count','0','0'),(4326,361,'portfolio.at.risk','0.00',NULL),(4327,361,'active.members.count','4','1'),(4328,361,'dropouts.count','0','0'),(4329,361,'center.count','2',''),(4330,361,'dropout.rate','0.00','0.00'),(4331,361,'active.borrowers.count','1','0'),(4332,361,'onholds.count','3','2'),(4333,362,'replacements.count','0','0'),(4334,362,'loan.account.dormant.count','0','0'),(4335,362,'active.members.count','1','0'),(4336,362,'onholds.count','0','0'),(4337,362,'saving.account.dormant.count','0','0'),(4338,362,'portfolio.at.risk','0.00',NULL),(4339,362,'group.count','2',''),(4340,362,'active.savers.count','1','0'),(4341,362,'active.borrowers.count','0','0'),(4342,362,'dropouts.count','0','0'),(4343,362,'dropout.rate','0.00','0.00'),(4344,362,'center.count','3',''),(4345,363,'replacements.count','0','0'),(4346,363,'loan.account.dormant.count','0','0'),(4347,363,'center.count','5',''),(4348,363,'onholds.count','0','0'),(4349,363,'saving.account.dormant.count','0','0'),(4350,363,'active.savers.count','6','1'),(4351,363,'portfolio.at.risk','0.00',NULL),(4352,363,'active.members.count','20','9'),(4353,363,'active.borrowers.count','0','0'),(4354,363,'dropouts.count','0','0'),(4355,363,'dropout.rate','0.00','0.00'),(4356,363,'group.count','18',''),(4357,364,'active.members.count','0','0'),(4358,364,'active.savers.count','0','0'),(4359,364,'replacements.count','0','0'),(4360,364,'loan.account.dormant.count','0','0'),(4361,364,'group.count','0',''),(4362,364,'onholds.count','0','0'),(4363,364,'saving.account.dormant.count','0','0'),(4364,364,'portfolio.at.risk','0.00',NULL),(4365,364,'center.count','0',''),(4366,364,'active.borrowers.count','0','0'),(4367,364,'dropouts.count','0','0'),(4368,364,'dropout.rate','0.00','0.00'),(4369,365,'replacements.count','0','0'),(4370,365,'loan.account.dormant.count','0','0'),(4371,365,'active.savers.count','2','1'),(4372,365,'group.count','3',''),(4373,365,'saving.account.dormant.count','0','0'),(4374,365,'portfolio.at.risk','0.00',NULL),(4375,365,'active.members.count','4','1'),(4376,365,'dropouts.count','0','0'),(4377,365,'center.count','2',''),(4378,365,'dropout.rate','0.00','0.00'),(4379,365,'active.borrowers.count','1','0'),(4380,365,'onholds.count','3','2'),(4381,366,'replacements.count','0','0'),(4382,366,'loan.account.dormant.count','0','0'),(4383,366,'active.members.count','1','0'),(4384,366,'onholds.count','0','0'),(4385,366,'saving.account.dormant.count','0','0'),(4386,366,'portfolio.at.risk','0.00',NULL),(4387,366,'group.count','2',''),(4388,366,'active.savers.count','1','0'),(4389,366,'active.borrowers.count','0','0'),(4390,366,'dropouts.count','0','0'),(4391,366,'dropout.rate','0.00','0.00'),(4392,366,'center.count','3',''),(4393,367,'replacements.count','0','0'),(4394,367,'loan.account.dormant.count','0','0'),(4395,367,'center.count','5',''),(4396,367,'onholds.count','0','0'),(4397,367,'saving.account.dormant.count','0','0'),(4398,367,'active.savers.count','6','1'),(4399,367,'portfolio.at.risk','0.00',NULL),(4400,367,'active.members.count','20','9'),(4401,367,'active.borrowers.count','0','0'),(4402,367,'dropouts.count','0','0'),(4403,367,'dropout.rate','0.00','0.00'),(4404,367,'group.count','18',''),(4405,368,'active.members.count','0','0'),(4406,368,'active.savers.count','0','0'),(4407,368,'replacements.count','0','0'),(4408,368,'loan.account.dormant.count','0','0'),(4409,368,'group.count','0',''),(4410,368,'onholds.count','0','0'),(4411,368,'saving.account.dormant.count','0','0'),(4412,368,'portfolio.at.risk','0.00',NULL),(4413,368,'center.count','0',''),(4414,368,'active.borrowers.count','0','0'),(4415,368,'dropouts.count','0','0'),(4416,368,'dropout.rate','0.00','0.00'),(4417,369,'replacements.count','0','0'),(4418,369,'loan.account.dormant.count','0','0'),(4419,369,'active.savers.count','2','1'),(4420,369,'group.count','3',''),(4421,369,'saving.account.dormant.count','0','0'),(4422,369,'portfolio.at.risk','0.00',NULL),(4423,369,'active.members.count','4','1'),(4424,369,'dropouts.count','0','0'),(4425,369,'center.count','2',''),(4426,369,'dropout.rate','0.00','0.00'),(4427,369,'active.borrowers.count','1','0'),(4428,369,'onholds.count','3','2'),(4429,370,'replacements.count','0','0'),(4430,370,'loan.account.dormant.count','0','0'),(4431,370,'active.members.count','1','0'),(4432,370,'onholds.count','0','0'),(4433,370,'saving.account.dormant.count','0','0'),(4434,370,'portfolio.at.risk','0.00',NULL),(4435,370,'group.count','2',''),(4436,370,'active.savers.count','1','0'),(4437,370,'active.borrowers.count','0','0'),(4438,370,'dropouts.count','0','0'),(4439,370,'dropout.rate','0.00','0.00'),(4440,370,'center.count','3',''),(4441,371,'replacements.count','0','0'),(4442,371,'loan.account.dormant.count','0','0'),(4443,371,'center.count','5',''),(4444,371,'onholds.count','0','0'),(4445,371,'saving.account.dormant.count','0','0'),(4446,371,'active.savers.count','6','1'),(4447,371,'portfolio.at.risk','0.00',NULL),(4448,371,'active.members.count','20','9'),(4449,371,'active.borrowers.count','0','0'),(4450,371,'dropouts.count','0','0'),(4451,371,'dropout.rate','0.00','0.00'),(4452,371,'group.count','18',''),(4453,372,'active.members.count','0','0'),(4454,372,'active.savers.count','0','0'),(4455,372,'replacements.count','0','0'),(4456,372,'loan.account.dormant.count','0','0'),(4457,372,'group.count','0',''),(4458,372,'onholds.count','0','0'),(4459,372,'saving.account.dormant.count','0','0'),(4460,372,'portfolio.at.risk','0.00',NULL),(4461,372,'center.count','0',''),(4462,372,'active.borrowers.count','0','0'),(4463,372,'dropouts.count','0','0'),(4464,372,'dropout.rate','0.00','0.00'),(4465,373,'replacements.count','0','0'),(4466,373,'loan.account.dormant.count','0','0'),(4467,373,'active.savers.count','2','1'),(4468,373,'group.count','3',''),(4469,373,'saving.account.dormant.count','0','0'),(4470,373,'portfolio.at.risk','0.00',NULL),(4471,373,'active.members.count','4','1'),(4472,373,'dropouts.count','0','0'),(4473,373,'center.count','2',''),(4474,373,'dropout.rate','0.00','0.00'),(4475,373,'active.borrowers.count','1','0'),(4476,373,'onholds.count','3','2'),(4477,374,'replacements.count','0','0'),(4478,374,'loan.account.dormant.count','0','0'),(4479,374,'active.members.count','1','0'),(4480,374,'onholds.count','0','0'),(4481,374,'saving.account.dormant.count','0','0'),(4482,374,'portfolio.at.risk','0.00',NULL),(4483,374,'group.count','2',''),(4484,374,'active.savers.count','1','0'),(4485,374,'active.borrowers.count','0','0'),(4486,374,'dropouts.count','0','0'),(4487,374,'dropout.rate','0.00','0.00'),(4488,374,'center.count','3',''),(4489,375,'replacements.count','0','0'),(4490,375,'loan.account.dormant.count','0','0'),(4491,375,'center.count','5',''),(4492,375,'onholds.count','0','0'),(4493,375,'saving.account.dormant.count','0','0'),(4494,375,'active.savers.count','6','1'),(4495,375,'portfolio.at.risk','0.00',NULL),(4496,375,'active.members.count','20','9'),(4497,375,'active.borrowers.count','0','0'),(4498,375,'dropouts.count','0','0'),(4499,375,'dropout.rate','0.00','0.00'),(4500,375,'group.count','18',''),(4501,376,'active.members.count','0','0'),(4502,376,'active.savers.count','0','0'),(4503,376,'replacements.count','0','0'),(4504,376,'loan.account.dormant.count','0','0'),(4505,376,'group.count','0',''),(4506,376,'onholds.count','0','0'),(4507,376,'saving.account.dormant.count','0','0'),(4508,376,'portfolio.at.risk','0.00',NULL),(4509,376,'center.count','0',''),(4510,376,'active.borrowers.count','0','0'),(4511,376,'dropouts.count','0','0'),(4512,376,'dropout.rate','0.00','0.00'),(4513,377,'replacements.count','0','0'),(4514,377,'loan.account.dormant.count','0','0'),(4515,377,'active.savers.count','2','1'),(4516,377,'group.count','3',''),(4517,377,'saving.account.dormant.count','0','0'),(4518,377,'portfolio.at.risk','0.00',NULL),(4519,377,'active.members.count','4','1'),(4520,377,'dropouts.count','0','0'),(4521,377,'center.count','2',''),(4522,377,'dropout.rate','0.00','0.00'),(4523,377,'active.borrowers.count','1','0'),(4524,377,'onholds.count','3','2'),(4525,378,'replacements.count','0','0'),(4526,378,'loan.account.dormant.count','0','0'),(4527,378,'active.members.count','1','0'),(4528,378,'onholds.count','0','0'),(4529,378,'saving.account.dormant.count','0','0'),(4530,378,'portfolio.at.risk','0.00',NULL),(4531,378,'group.count','2',''),(4532,378,'active.savers.count','1','0'),(4533,378,'active.borrowers.count','0','0'),(4534,378,'dropouts.count','0','0'),(4535,378,'dropout.rate','0.00','0.00'),(4536,378,'center.count','3',''),(4537,379,'replacements.count','0','0'),(4538,379,'loan.account.dormant.count','0','0'),(4539,379,'center.count','5',''),(4540,379,'onholds.count','0','0'),(4541,379,'saving.account.dormant.count','0','0'),(4542,379,'active.savers.count','6','1'),(4543,379,'portfolio.at.risk','0.00',NULL),(4544,379,'active.members.count','20','9'),(4545,379,'active.borrowers.count','0','0'),(4546,379,'dropouts.count','0','0'),(4547,379,'dropout.rate','0.00','0.00'),(4548,379,'group.count','18',''),(4549,380,'active.members.count','0','0'),(4550,380,'active.savers.count','0','0'),(4551,380,'replacements.count','0','0'),(4552,380,'loan.account.dormant.count','0','0'),(4553,380,'group.count','0',''),(4554,380,'onholds.count','0','0'),(4555,380,'saving.account.dormant.count','0','0'),(4556,380,'portfolio.at.risk','0.00',NULL),(4557,380,'center.count','0',''),(4558,380,'active.borrowers.count','0','0'),(4559,380,'dropouts.count','0','0'),(4560,380,'dropout.rate','0.00','0.00'),(4561,381,'replacements.count','0','0'),(4562,381,'loan.account.dormant.count','0','0'),(4563,381,'active.savers.count','2','1'),(4564,381,'group.count','3',''),(4565,381,'saving.account.dormant.count','0','0'),(4566,381,'portfolio.at.risk','0.00',NULL),(4567,381,'active.members.count','4','1'),(4568,381,'dropouts.count','0','0'),(4569,381,'center.count','2',''),(4570,381,'dropout.rate','0.00','0.00'),(4571,381,'active.borrowers.count','1','0'),(4572,381,'onholds.count','3','2'),(4573,382,'replacements.count','0','0'),(4574,382,'loan.account.dormant.count','0','0'),(4575,382,'active.members.count','1','0'),(4576,382,'onholds.count','0','0'),(4577,382,'saving.account.dormant.count','0','0'),(4578,382,'portfolio.at.risk','0.00',NULL),(4579,382,'group.count','2',''),(4580,382,'active.savers.count','1','0'),(4581,382,'active.borrowers.count','0','0'),(4582,382,'dropouts.count','0','0'),(4583,382,'dropout.rate','0.00','0.00'),(4584,382,'center.count','3',''),(4585,383,'replacements.count','0','0'),(4586,383,'loan.account.dormant.count','0','0'),(4587,383,'center.count','5',''),(4588,383,'onholds.count','0','0'),(4589,383,'saving.account.dormant.count','0','0'),(4590,383,'active.savers.count','6','1'),(4591,383,'portfolio.at.risk','0.00',NULL),(4592,383,'active.members.count','20','9'),(4593,383,'active.borrowers.count','0','0'),(4594,383,'dropouts.count','0','0'),(4595,383,'dropout.rate','0.00','0.00'),(4596,383,'group.count','18',''),(4597,384,'active.members.count','0','0'),(4598,384,'active.savers.count','0','0'),(4599,384,'replacements.count','0','0'),(4600,384,'loan.account.dormant.count','0','0'),(4601,384,'group.count','0',''),(4602,384,'onholds.count','0','0'),(4603,384,'saving.account.dormant.count','0','0'),(4604,384,'portfolio.at.risk','0.00',NULL),(4605,384,'center.count','0',''),(4606,384,'active.borrowers.count','0','0'),(4607,384,'dropouts.count','0','0'),(4608,384,'dropout.rate','0.00','0.00'),(4609,385,'replacements.count','0','0'),(4610,385,'loan.account.dormant.count','0','0'),(4611,385,'active.savers.count','2','1'),(4612,385,'group.count','3',''),(4613,385,'saving.account.dormant.count','0','0'),(4614,385,'portfolio.at.risk','0.00',NULL),(4615,385,'active.members.count','4','1'),(4616,385,'dropouts.count','0','0'),(4617,385,'center.count','2',''),(4618,385,'dropout.rate','0.00','0.00'),(4619,385,'active.borrowers.count','1','0'),(4620,385,'onholds.count','3','2'),(4621,386,'replacements.count','0','0'),(4622,386,'loan.account.dormant.count','0','0'),(4623,386,'active.members.count','1','0'),(4624,386,'onholds.count','0','0'),(4625,386,'saving.account.dormant.count','0','0'),(4626,386,'portfolio.at.risk','0.00',NULL),(4627,386,'group.count','2',''),(4628,386,'active.savers.count','1','0'),(4629,386,'active.borrowers.count','0','0'),(4630,386,'dropouts.count','0','0'),(4631,386,'dropout.rate','0.00','0.00'),(4632,386,'center.count','3',''),(4633,387,'replacements.count','0','0'),(4634,387,'loan.account.dormant.count','0','0'),(4635,387,'center.count','5',''),(4636,387,'onholds.count','0','0'),(4637,387,'saving.account.dormant.count','0','0'),(4638,387,'active.savers.count','6','1'),(4639,387,'portfolio.at.risk','0.00',NULL),(4640,387,'active.members.count','20','9'),(4641,387,'active.borrowers.count','0','0'),(4642,387,'dropouts.count','0','0'),(4643,387,'dropout.rate','0.00','0.00'),(4644,387,'group.count','18',''),(4645,388,'active.members.count','0','0'),(4646,388,'active.savers.count','0','0'),(4647,388,'replacements.count','0','0'),(4648,388,'loan.account.dormant.count','0','0'),(4649,388,'group.count','0',''),(4650,388,'onholds.count','0','0'),(4651,388,'saving.account.dormant.count','0','0'),(4652,388,'portfolio.at.risk','0.00',NULL),(4653,388,'center.count','0',''),(4654,388,'active.borrowers.count','0','0'),(4655,388,'dropouts.count','0','0'),(4656,388,'dropout.rate','0.00','0.00'),(4657,389,'replacements.count','0','0'),(4658,389,'loan.account.dormant.count','0','0'),(4659,389,'active.savers.count','2','1'),(4660,389,'group.count','3',''),(4661,389,'saving.account.dormant.count','0','0'),(4662,389,'portfolio.at.risk','0.00',NULL),(4663,389,'active.members.count','4','1'),(4664,389,'dropouts.count','0','0'),(4665,389,'center.count','2',''),(4666,389,'dropout.rate','0.00','0.00'),(4667,389,'active.borrowers.count','1','0'),(4668,389,'onholds.count','3','2'),(4669,390,'replacements.count','0','0'),(4670,390,'loan.account.dormant.count','0','0'),(4671,390,'active.members.count','1','0'),(4672,390,'onholds.count','0','0'),(4673,390,'saving.account.dormant.count','0','0'),(4674,390,'portfolio.at.risk','0.00',NULL),(4675,390,'group.count','2',''),(4676,390,'active.savers.count','1','0'),(4677,390,'active.borrowers.count','0','0'),(4678,390,'dropouts.count','0','0'),(4679,390,'dropout.rate','0.00','0.00'),(4680,390,'center.count','3',''),(4681,391,'replacements.count','0','0'),(4682,391,'loan.account.dormant.count','0','0'),(4683,391,'center.count','5',''),(4684,391,'onholds.count','0','0'),(4685,391,'saving.account.dormant.count','0','0'),(4686,391,'active.savers.count','6','1'),(4687,391,'portfolio.at.risk','0.00',NULL),(4688,391,'active.members.count','20','9'),(4689,391,'active.borrowers.count','0','0'),(4690,391,'dropouts.count','0','0'),(4691,391,'dropout.rate','0.00','0.00'),(4692,391,'group.count','18',''),(4693,392,'active.members.count','0','0'),(4694,392,'active.savers.count','0','0'),(4695,392,'replacements.count','0','0'),(4696,392,'loan.account.dormant.count','0','0'),(4697,392,'group.count','0',''),(4698,392,'onholds.count','0','0'),(4699,392,'saving.account.dormant.count','0','0'),(4700,392,'portfolio.at.risk','0.00',NULL),(4701,392,'center.count','0',''),(4702,392,'active.borrowers.count','0','0'),(4703,392,'dropouts.count','0','0'),(4704,392,'dropout.rate','0.00','0.00'),(4705,393,'replacements.count','0','0'),(4706,393,'loan.account.dormant.count','0','0'),(4707,393,'active.savers.count','2','1'),(4708,393,'group.count','3',''),(4709,393,'saving.account.dormant.count','0','0'),(4710,393,'portfolio.at.risk','0.00',NULL),(4711,393,'active.members.count','4','1'),(4712,393,'dropouts.count','0','0'),(4713,393,'center.count','2',''),(4714,393,'dropout.rate','0.00','0.00'),(4715,393,'active.borrowers.count','1','0'),(4716,393,'onholds.count','3','2'),(4717,394,'replacements.count','0','0'),(4718,394,'loan.account.dormant.count','0','0'),(4719,394,'active.members.count','1','0'),(4720,394,'onholds.count','0','0'),(4721,394,'saving.account.dormant.count','0','0'),(4722,394,'portfolio.at.risk','0.00',NULL),(4723,394,'group.count','2',''),(4724,394,'active.savers.count','1','0'),(4725,394,'active.borrowers.count','0','0'),(4726,394,'dropouts.count','0','0'),(4727,394,'dropout.rate','0.00','0.00'),(4728,394,'center.count','3',''),(4729,395,'replacements.count','0','0'),(4730,395,'loan.account.dormant.count','0','0'),(4731,395,'center.count','5',''),(4732,395,'onholds.count','0','0'),(4733,395,'saving.account.dormant.count','0','0'),(4734,395,'active.savers.count','6','1'),(4735,395,'portfolio.at.risk','0.00',NULL),(4736,395,'active.members.count','20','9'),(4737,395,'active.borrowers.count','0','0'),(4738,395,'dropouts.count','0','0'),(4739,395,'dropout.rate','0.00','0.00'),(4740,395,'group.count','18',''),(4741,396,'active.members.count','0','0'),(4742,396,'active.savers.count','0','0'),(4743,396,'replacements.count','0','0'),(4744,396,'loan.account.dormant.count','0','0'),(4745,396,'group.count','0',''),(4746,396,'onholds.count','0','0'),(4747,396,'saving.account.dormant.count','0','0'),(4748,396,'portfolio.at.risk','0.00',NULL),(4749,396,'center.count','0',''),(4750,396,'active.borrowers.count','0','0'),(4751,396,'dropouts.count','0','0'),(4752,396,'dropout.rate','0.00','0.00'),(4753,397,'replacements.count','0','0'),(4754,397,'loan.account.dormant.count','0','0'),(4755,397,'active.savers.count','2','1'),(4756,397,'group.count','3',''),(4757,397,'saving.account.dormant.count','0','0'),(4758,397,'portfolio.at.risk','0.00',NULL),(4759,397,'active.members.count','4','1'),(4760,397,'dropouts.count','0','0'),(4761,397,'center.count','2',''),(4762,397,'dropout.rate','0.00','0.00'),(4763,397,'active.borrowers.count','1','0'),(4764,397,'onholds.count','3','2'),(4765,398,'replacements.count','0','0'),(4766,398,'loan.account.dormant.count','0','0'),(4767,398,'active.members.count','1','0'),(4768,398,'onholds.count','0','0'),(4769,398,'saving.account.dormant.count','0','0'),(4770,398,'portfolio.at.risk','0.00',NULL),(4771,398,'group.count','2',''),(4772,398,'active.savers.count','1','0'),(4773,398,'active.borrowers.count','0','0'),(4774,398,'dropouts.count','0','0'),(4775,398,'dropout.rate','0.00','0.00'),(4776,398,'center.count','3',''),(4777,399,'replacements.count','0','0'),(4778,399,'loan.account.dormant.count','0','0'),(4779,399,'center.count','5',''),(4780,399,'onholds.count','0','0'),(4781,399,'saving.account.dormant.count','0','0'),(4782,399,'active.savers.count','6','1'),(4783,399,'portfolio.at.risk','0.00',NULL),(4784,399,'active.members.count','20','9'),(4785,399,'active.borrowers.count','0','0'),(4786,399,'dropouts.count','0','0'),(4787,399,'dropout.rate','0.00','0.00'),(4788,399,'group.count','18',''),(4789,400,'active.members.count','0','0'),(4790,400,'active.savers.count','0','0'),(4791,400,'replacements.count','0','0'),(4792,400,'loan.account.dormant.count','0','0'),(4793,400,'group.count','0',''),(4794,400,'onholds.count','0','0'),(4795,400,'saving.account.dormant.count','0','0'),(4796,400,'portfolio.at.risk','0.00',NULL),(4797,400,'center.count','0',''),(4798,400,'active.borrowers.count','0','0'),(4799,400,'dropouts.count','0','0'),(4800,400,'dropout.rate','0.00','0.00'),(4801,401,'replacements.count','0','0'),(4802,401,'loan.account.dormant.count','0','0'),(4803,401,'active.savers.count','2','1'),(4804,401,'group.count','3',''),(4805,401,'saving.account.dormant.count','0','0'),(4806,401,'portfolio.at.risk','0.00',NULL),(4807,401,'active.members.count','4','1'),(4808,401,'dropouts.count','0','0'),(4809,401,'center.count','2',''),(4810,401,'dropout.rate','0.00','0.00'),(4811,401,'active.borrowers.count','1','0'),(4812,401,'onholds.count','3','2'),(4813,402,'replacements.count','0','0'),(4814,402,'loan.account.dormant.count','0','0'),(4815,402,'active.members.count','1','0'),(4816,402,'onholds.count','0','0'),(4817,402,'saving.account.dormant.count','0','0'),(4818,402,'portfolio.at.risk','0.00',NULL),(4819,402,'group.count','2',''),(4820,402,'active.savers.count','1','0'),(4821,402,'active.borrowers.count','0','0'),(4822,402,'dropouts.count','0','0'),(4823,402,'dropout.rate','0.00','0.00'),(4824,402,'center.count','3',''),(4825,403,'replacements.count','0','0'),(4826,403,'loan.account.dormant.count','0','0'),(4827,403,'center.count','5',''),(4828,403,'onholds.count','0','0'),(4829,403,'saving.account.dormant.count','0','0'),(4830,403,'active.savers.count','6','1'),(4831,403,'portfolio.at.risk','0.00',NULL),(4832,403,'active.members.count','20','9'),(4833,403,'active.borrowers.count','0','0'),(4834,403,'dropouts.count','0','0'),(4835,403,'dropout.rate','0.00','0.00'),(4836,403,'group.count','18',''),(4837,404,'active.members.count','0','0'),(4838,404,'active.savers.count','0','0'),(4839,404,'replacements.count','0','0'),(4840,404,'loan.account.dormant.count','0','0'),(4841,404,'group.count','0',''),(4842,404,'onholds.count','0','0'),(4843,404,'saving.account.dormant.count','0','0'),(4844,404,'portfolio.at.risk','0.00',NULL),(4845,404,'center.count','0',''),(4846,404,'active.borrowers.count','0','0'),(4847,404,'dropouts.count','0','0'),(4848,404,'dropout.rate','0.00','0.00'),(4849,405,'replacements.count','0','0'),(4850,405,'loan.account.dormant.count','0','0'),(4851,405,'active.savers.count','2','1'),(4852,405,'group.count','3',''),(4853,405,'saving.account.dormant.count','0','0'),(4854,405,'portfolio.at.risk','0.00',NULL),(4855,405,'active.members.count','4','1'),(4856,405,'dropouts.count','0','0'),(4857,405,'center.count','2',''),(4858,405,'dropout.rate','0.00','0.00'),(4859,405,'active.borrowers.count','1','0'),(4860,405,'onholds.count','3','2'),(4861,406,'replacements.count','0','0'),(4862,406,'loan.account.dormant.count','0','0'),(4863,406,'active.members.count','1','0'),(4864,406,'onholds.count','0','0'),(4865,406,'saving.account.dormant.count','0','0'),(4866,406,'portfolio.at.risk','0.00',NULL),(4867,406,'group.count','2',''),(4868,406,'active.savers.count','1','0'),(4869,406,'active.borrowers.count','0','0'),(4870,406,'dropouts.count','0','0'),(4871,406,'dropout.rate','0.00','0.00'),(4872,406,'center.count','3',''),(4873,407,'replacements.count','0','0'),(4874,407,'loan.account.dormant.count','0','0'),(4875,407,'center.count','5',''),(4876,407,'onholds.count','0','0'),(4877,407,'saving.account.dormant.count','0','0'),(4878,407,'active.savers.count','6','1'),(4879,407,'portfolio.at.risk','0.00',NULL),(4880,407,'active.members.count','20','9'),(4881,407,'active.borrowers.count','0','0'),(4882,407,'dropouts.count','0','0'),(4883,407,'dropout.rate','0.00','0.00'),(4884,407,'group.count','18',''),(4885,408,'active.members.count','0','0'),(4886,408,'active.savers.count','0','0'),(4887,408,'replacements.count','0','0'),(4888,408,'loan.account.dormant.count','0','0'),(4889,408,'group.count','0',''),(4890,408,'onholds.count','0','0'),(4891,408,'saving.account.dormant.count','0','0'),(4892,408,'portfolio.at.risk','0.00',NULL),(4893,408,'center.count','0',''),(4894,408,'active.borrowers.count','0','0'),(4895,408,'dropouts.count','0','0'),(4896,408,'dropout.rate','0.00','0.00'),(4897,409,'replacements.count','0','0'),(4898,409,'loan.account.dormant.count','0','0'),(4899,409,'active.savers.count','2','1'),(4900,409,'group.count','3',''),(4901,409,'saving.account.dormant.count','0','0'),(4902,409,'portfolio.at.risk','0.00',NULL),(4903,409,'active.members.count','4','1'),(4904,409,'dropouts.count','0','0'),(4905,409,'center.count','2',''),(4906,409,'dropout.rate','0.00','0.00'),(4907,409,'active.borrowers.count','1','0'),(4908,409,'onholds.count','3','2'),(4909,410,'replacements.count','0','0'),(4910,410,'loan.account.dormant.count','0','0'),(4911,410,'active.members.count','1','0'),(4912,410,'onholds.count','0','0'),(4913,410,'saving.account.dormant.count','0','0'),(4914,410,'portfolio.at.risk','0.00',NULL),(4915,410,'group.count','2',''),(4916,410,'active.savers.count','1','0'),(4917,410,'active.borrowers.count','0','0'),(4918,410,'dropouts.count','0','0'),(4919,410,'dropout.rate','0.00','0.00'),(4920,410,'center.count','3',''),(4921,411,'replacements.count','0','0'),(4922,411,'loan.account.dormant.count','0','0'),(4923,411,'center.count','5',''),(4924,411,'onholds.count','0','0'),(4925,411,'saving.account.dormant.count','0','0'),(4926,411,'active.savers.count','6','1'),(4927,411,'portfolio.at.risk','0.00',NULL),(4928,411,'active.members.count','20','9'),(4929,411,'active.borrowers.count','0','0'),(4930,411,'dropouts.count','0','0'),(4931,411,'dropout.rate','0.00','0.00'),(4932,411,'group.count','18',''),(4933,412,'active.members.count','0','0'),(4934,412,'active.savers.count','0','0'),(4935,412,'replacements.count','0','0'),(4936,412,'loan.account.dormant.count','0','0'),(4937,412,'group.count','0',''),(4938,412,'onholds.count','0','0'),(4939,412,'saving.account.dormant.count','0','0'),(4940,412,'portfolio.at.risk','0.00',NULL),(4941,412,'center.count','0',''),(4942,412,'active.borrowers.count','0','0'),(4943,412,'dropouts.count','0','0'),(4944,412,'dropout.rate','0.00','0.00'),(4945,413,'replacements.count','0','0'),(4946,413,'loan.account.dormant.count','0','0'),(4947,413,'active.savers.count','2','1'),(4948,413,'group.count','3',''),(4949,413,'saving.account.dormant.count','0','0'),(4950,413,'portfolio.at.risk','0.00',NULL),(4951,413,'active.members.count','4','1'),(4952,413,'dropouts.count','0','0'),(4953,413,'center.count','2',''),(4954,413,'dropout.rate','0.00','0.00'),(4955,413,'active.borrowers.count','1','0'),(4956,413,'onholds.count','3','2'),(4957,414,'replacements.count','0','0'),(4958,414,'loan.account.dormant.count','0','0'),(4959,414,'active.members.count','1','0'),(4960,414,'onholds.count','0','0'),(4961,414,'saving.account.dormant.count','0','0'),(4962,414,'portfolio.at.risk','0.00',NULL),(4963,414,'group.count','2',''),(4964,414,'active.savers.count','1','0'),(4965,414,'active.borrowers.count','0','0'),(4966,414,'dropouts.count','0','0'),(4967,414,'dropout.rate','0.00','0.00'),(4968,414,'center.count','3',''),(4969,415,'replacements.count','0','0'),(4970,415,'loan.account.dormant.count','0','0'),(4971,415,'center.count','5',''),(4972,415,'onholds.count','0','0'),(4973,415,'saving.account.dormant.count','0','0'),(4974,415,'active.savers.count','6','1'),(4975,415,'portfolio.at.risk','0.00',NULL),(4976,415,'active.members.count','20','9'),(4977,415,'active.borrowers.count','0','0'),(4978,415,'dropouts.count','0','0'),(4979,415,'dropout.rate','0.00','0.00'),(4980,415,'group.count','18',''),(4981,416,'active.members.count','0','0'),(4982,416,'active.savers.count','0','0'),(4983,416,'replacements.count','0','0'),(4984,416,'loan.account.dormant.count','0','0'),(4985,416,'group.count','0',''),(4986,416,'onholds.count','0','0'),(4987,416,'saving.account.dormant.count','0','0'),(4988,416,'portfolio.at.risk','0.00',NULL),(4989,416,'center.count','0',''),(4990,416,'active.borrowers.count','0','0'),(4991,416,'dropouts.count','0','0'),(4992,416,'dropout.rate','0.00','0.00'),(4993,417,'replacements.count','0','0'),(4994,417,'loan.account.dormant.count','0','0'),(4995,417,'active.savers.count','2','1'),(4996,417,'group.count','3',''),(4997,417,'saving.account.dormant.count','0','0'),(4998,417,'portfolio.at.risk','0.00',NULL),(4999,417,'active.members.count','4','1'),(5000,417,'dropouts.count','0','0'),(5001,417,'center.count','2',''),(5002,417,'dropout.rate','0.00','0.00'),(5003,417,'active.borrowers.count','1','0'),(5004,417,'onholds.count','3','2'),(5005,418,'replacements.count','0','0'),(5006,418,'loan.account.dormant.count','0','0'),(5007,418,'active.members.count','1','0'),(5008,418,'onholds.count','0','0'),(5009,418,'saving.account.dormant.count','0','0'),(5010,418,'portfolio.at.risk','0.00',NULL),(5011,418,'group.count','2',''),(5012,418,'active.savers.count','1','0'),(5013,418,'active.borrowers.count','0','0'),(5014,418,'dropouts.count','0','0'),(5015,418,'dropout.rate','0.00','0.00'),(5016,418,'center.count','3',''),(5017,419,'replacements.count','0','0'),(5018,419,'loan.account.dormant.count','0','0'),(5019,419,'center.count','5',''),(5020,419,'onholds.count','0','0'),(5021,419,'saving.account.dormant.count','0','0'),(5022,419,'active.savers.count','6','1'),(5023,419,'portfolio.at.risk','0.00',NULL),(5024,419,'active.members.count','20','9'),(5025,419,'active.borrowers.count','0','0'),(5026,419,'dropouts.count','0','0'),(5027,419,'dropout.rate','0.00','0.00'),(5028,419,'group.count','18',''),(5029,420,'active.members.count','0','0'),(5030,420,'active.savers.count','0','0'),(5031,420,'replacements.count','0','0'),(5032,420,'loan.account.dormant.count','0','0'),(5033,420,'group.count','0',''),(5034,420,'onholds.count','0','0'),(5035,420,'saving.account.dormant.count','0','0'),(5036,420,'portfolio.at.risk','0.00',NULL),(5037,420,'center.count','0',''),(5038,420,'active.borrowers.count','0','0'),(5039,420,'dropouts.count','0','0'),(5040,420,'dropout.rate','0.00','0.00'),(5041,421,'replacements.count','0','0'),(5042,421,'loan.account.dormant.count','0','0'),(5043,421,'active.savers.count','2','1'),(5044,421,'group.count','3',''),(5045,421,'saving.account.dormant.count','0','0'),(5046,421,'portfolio.at.risk','0.00',NULL),(5047,421,'active.members.count','4','1'),(5048,421,'dropouts.count','0','0'),(5049,421,'center.count','2',''),(5050,421,'dropout.rate','0.00','0.00'),(5051,421,'active.borrowers.count','1','0'),(5052,421,'onholds.count','3','2'),(5053,422,'replacements.count','0','0'),(5054,422,'loan.account.dormant.count','0','0'),(5055,422,'active.members.count','1','0'),(5056,422,'onholds.count','0','0'),(5057,422,'saving.account.dormant.count','0','0'),(5058,422,'portfolio.at.risk','0.00',NULL),(5059,422,'group.count','2',''),(5060,422,'active.savers.count','1','0'),(5061,422,'active.borrowers.count','0','0'),(5062,422,'dropouts.count','0','0'),(5063,422,'dropout.rate','0.00','0.00'),(5064,422,'center.count','3',''),(5065,423,'replacements.count','0','0'),(5066,423,'loan.account.dormant.count','0','0'),(5067,423,'center.count','5',''),(5068,423,'onholds.count','0','0'),(5069,423,'saving.account.dormant.count','0','0'),(5070,423,'active.savers.count','6','1'),(5071,423,'portfolio.at.risk','0.00',NULL),(5072,423,'active.members.count','20','9'),(5073,423,'active.borrowers.count','0','0'),(5074,423,'dropouts.count','0','0'),(5075,423,'dropout.rate','0.00','0.00'),(5076,423,'group.count','18',''),(5077,424,'active.members.count','0','0'),(5078,424,'active.savers.count','0','0'),(5079,424,'replacements.count','0','0'),(5080,424,'loan.account.dormant.count','0','0'),(5081,424,'group.count','0',''),(5082,424,'onholds.count','0','0'),(5083,424,'saving.account.dormant.count','0','0'),(5084,424,'portfolio.at.risk','0.00',NULL),(5085,424,'center.count','0',''),(5086,424,'active.borrowers.count','0','0'),(5087,424,'dropouts.count','0','0'),(5088,424,'dropout.rate','0.00','0.00'),(5089,425,'replacements.count','0','0'),(5090,425,'loan.account.dormant.count','0','0'),(5091,425,'active.savers.count','2','1'),(5092,425,'group.count','3',''),(5093,425,'saving.account.dormant.count','0','0'),(5094,425,'portfolio.at.risk','0.00',NULL),(5095,425,'active.members.count','4','1'),(5096,425,'dropouts.count','0','0'),(5097,425,'center.count','2',''),(5098,425,'dropout.rate','0.00','0.00'),(5099,425,'active.borrowers.count','1','0'),(5100,425,'onholds.count','3','2'),(5101,426,'replacements.count','0','0'),(5102,426,'loan.account.dormant.count','0','0'),(5103,426,'active.members.count','1','0'),(5104,426,'onholds.count','0','0'),(5105,426,'saving.account.dormant.count','0','0'),(5106,426,'portfolio.at.risk','0.00',NULL),(5107,426,'group.count','2',''),(5108,426,'active.savers.count','1','0'),(5109,426,'active.borrowers.count','0','0'),(5110,426,'dropouts.count','0','0'),(5111,426,'dropout.rate','0.00','0.00'),(5112,426,'center.count','3',''),(5113,427,'replacements.count','0','0'),(5114,427,'loan.account.dormant.count','0','0'),(5115,427,'center.count','5',''),(5116,427,'onholds.count','0','0'),(5117,427,'saving.account.dormant.count','0','0'),(5118,427,'active.savers.count','6','1'),(5119,427,'portfolio.at.risk','0.00',NULL),(5120,427,'active.members.count','20','9'),(5121,427,'active.borrowers.count','0','0'),(5122,427,'dropouts.count','0','0'),(5123,427,'dropout.rate','0.00','0.00'),(5124,427,'group.count','18',''),(5125,428,'active.members.count','0','0'),(5126,428,'active.savers.count','0','0'),(5127,428,'replacements.count','0','0'),(5128,428,'loan.account.dormant.count','0','0'),(5129,428,'group.count','0',''),(5130,428,'onholds.count','0','0'),(5131,428,'saving.account.dormant.count','0','0'),(5132,428,'portfolio.at.risk','0.00',NULL),(5133,428,'center.count','0',''),(5134,428,'active.borrowers.count','0','0'),(5135,428,'dropouts.count','0','0'),(5136,428,'dropout.rate','0.00','0.00'),(5137,429,'replacements.count','0','0'),(5138,429,'loan.account.dormant.count','0','0'),(5139,429,'active.savers.count','2','1'),(5140,429,'group.count','3',''),(5141,429,'saving.account.dormant.count','0','0'),(5142,429,'portfolio.at.risk','0.00',NULL),(5143,429,'active.members.count','4','1'),(5144,429,'dropouts.count','0','0'),(5145,429,'center.count','2',''),(5146,429,'dropout.rate','0.00','0.00'),(5147,429,'active.borrowers.count','1','0'),(5148,429,'onholds.count','3','2'),(5149,430,'replacements.count','0','0'),(5150,430,'loan.account.dormant.count','0','0'),(5151,430,'active.members.count','1','0'),(5152,430,'onholds.count','0','0'),(5153,430,'saving.account.dormant.count','0','0'),(5154,430,'portfolio.at.risk','0.00',NULL),(5155,430,'group.count','2',''),(5156,430,'active.savers.count','1','0'),(5157,430,'active.borrowers.count','0','0'),(5158,430,'dropouts.count','0','0'),(5159,430,'dropout.rate','0.00','0.00'),(5160,430,'center.count','3',''),(5161,431,'replacements.count','0','0'),(5162,431,'loan.account.dormant.count','0','0'),(5163,431,'center.count','5',''),(5164,431,'onholds.count','0','0'),(5165,431,'saving.account.dormant.count','0','0'),(5166,431,'active.savers.count','6','1'),(5167,431,'portfolio.at.risk','0.00',NULL),(5168,431,'active.members.count','20','9'),(5169,431,'active.borrowers.count','0','0'),(5170,431,'dropouts.count','0','0'),(5171,431,'dropout.rate','0.00','0.00'),(5172,431,'group.count','18',''),(5173,432,'active.members.count','0','0'),(5174,432,'active.savers.count','0','0'),(5175,432,'replacements.count','0','0'),(5176,432,'loan.account.dormant.count','0','0'),(5177,432,'group.count','0',''),(5178,432,'onholds.count','0','0'),(5179,432,'saving.account.dormant.count','0','0'),(5180,432,'portfolio.at.risk','0.00',NULL),(5181,432,'center.count','0',''),(5182,432,'active.borrowers.count','0','0'),(5183,432,'dropouts.count','0','0'),(5184,432,'dropout.rate','0.00','0.00'),(5185,433,'replacements.count','0','0'),(5186,433,'loan.account.dormant.count','0','0'),(5187,433,'active.savers.count','2','1'),(5188,433,'group.count','3',''),(5189,433,'saving.account.dormant.count','0','0'),(5190,433,'portfolio.at.risk','0.00',NULL),(5191,433,'active.members.count','4','1'),(5192,433,'dropouts.count','0','0'),(5193,433,'center.count','2',''),(5194,433,'dropout.rate','0.00','0.00'),(5195,433,'active.borrowers.count','1','0'),(5196,433,'onholds.count','3','2'),(5197,434,'replacements.count','0','0'),(5198,434,'loan.account.dormant.count','0','0'),(5199,434,'active.members.count','1','0'),(5200,434,'onholds.count','0','0'),(5201,434,'saving.account.dormant.count','0','0'),(5202,434,'portfolio.at.risk','0.00',NULL),(5203,434,'group.count','2',''),(5204,434,'active.savers.count','1','0'),(5205,434,'active.borrowers.count','0','0'),(5206,434,'dropouts.count','0','0'),(5207,434,'dropout.rate','0.00','0.00'),(5208,434,'center.count','3',''),(5209,435,'replacements.count','0','0'),(5210,435,'loan.account.dormant.count','0','0'),(5211,435,'center.count','5',''),(5212,435,'onholds.count','0','0'),(5213,435,'saving.account.dormant.count','0','0'),(5214,435,'active.savers.count','6','1'),(5215,435,'portfolio.at.risk','0.00',NULL),(5216,435,'active.members.count','20','9'),(5217,435,'active.borrowers.count','0','0'),(5218,435,'dropouts.count','0','0'),(5219,435,'dropout.rate','0.00','0.00'),(5220,435,'group.count','18',''),(5221,436,'active.members.count','0','0'),(5222,436,'active.savers.count','0','0'),(5223,436,'replacements.count','0','0'),(5224,436,'loan.account.dormant.count','0','0'),(5225,436,'group.count','0',''),(5226,436,'onholds.count','0','0'),(5227,436,'saving.account.dormant.count','0','0'),(5228,436,'portfolio.at.risk','0.00',NULL),(5229,436,'center.count','0',''),(5230,436,'active.borrowers.count','0','0'),(5231,436,'dropouts.count','0','0'),(5232,436,'dropout.rate','0.00','0.00'),(5233,437,'replacements.count','0','0'),(5234,437,'loan.account.dormant.count','0','0'),(5235,437,'active.savers.count','2','1'),(5236,437,'group.count','3',''),(5237,437,'saving.account.dormant.count','0','0'),(5238,437,'portfolio.at.risk','0.00',NULL),(5239,437,'active.members.count','4','1'),(5240,437,'dropouts.count','0','0'),(5241,437,'center.count','2',''),(5242,437,'dropout.rate','0.00','0.00'),(5243,437,'active.borrowers.count','1','0'),(5244,437,'onholds.count','3','2'),(5245,438,'replacements.count','0','0'),(5246,438,'loan.account.dormant.count','0','0'),(5247,438,'active.members.count','1','0'),(5248,438,'onholds.count','0','0'),(5249,438,'saving.account.dormant.count','0','0'),(5250,438,'portfolio.at.risk','0.00',NULL),(5251,438,'group.count','2',''),(5252,438,'active.savers.count','1','0'),(5253,438,'active.borrowers.count','0','0'),(5254,438,'dropouts.count','0','0'),(5255,438,'dropout.rate','0.00','0.00'),(5256,438,'center.count','3',''),(5257,439,'replacements.count','0','0'),(5258,439,'loan.account.dormant.count','0','0'),(5259,439,'center.count','5',''),(5260,439,'onholds.count','0','0'),(5261,439,'saving.account.dormant.count','0','0'),(5262,439,'active.savers.count','6','1'),(5263,439,'portfolio.at.risk','0.00',NULL),(5264,439,'active.members.count','20','9'),(5265,439,'active.borrowers.count','0','0'),(5266,439,'dropouts.count','0','0'),(5267,439,'dropout.rate','0.00','0.00'),(5268,439,'group.count','18',''),(5269,440,'active.members.count','0','0'),(5270,440,'active.savers.count','0','0'),(5271,440,'replacements.count','0','0'),(5272,440,'loan.account.dormant.count','0','0'),(5273,440,'group.count','0',''),(5274,440,'onholds.count','0','0'),(5275,440,'saving.account.dormant.count','0','0'),(5276,440,'portfolio.at.risk','0.00',NULL),(5277,440,'center.count','0',''),(5278,440,'active.borrowers.count','0','0'),(5279,440,'dropouts.count','0','0'),(5280,440,'dropout.rate','0.00','0.00'),(5281,441,'replacements.count','0','0'),(5282,441,'loan.account.dormant.count','0','0'),(5283,441,'active.savers.count','2','1'),(5284,441,'group.count','3',''),(5285,441,'saving.account.dormant.count','0','0'),(5286,441,'portfolio.at.risk','0.00',NULL),(5287,441,'active.members.count','4','1'),(5288,441,'dropouts.count','0','0'),(5289,441,'center.count','2',''),(5290,441,'dropout.rate','0.00','0.00'),(5291,441,'active.borrowers.count','1','0'),(5292,441,'onholds.count','3','2'),(5293,442,'replacements.count','0','0'),(5294,442,'loan.account.dormant.count','0','0'),(5295,442,'active.members.count','1','0'),(5296,442,'onholds.count','0','0'),(5297,442,'saving.account.dormant.count','0','0'),(5298,442,'portfolio.at.risk','0.00',NULL),(5299,442,'group.count','2',''),(5300,442,'active.savers.count','1','0'),(5301,442,'active.borrowers.count','0','0'),(5302,442,'dropouts.count','0','0'),(5303,442,'dropout.rate','0.00','0.00'),(5304,442,'center.count','3',''),(5305,443,'replacements.count','0','0'),(5306,443,'loan.account.dormant.count','0','0'),(5307,443,'center.count','5',''),(5308,443,'onholds.count','0','0'),(5309,443,'saving.account.dormant.count','0','0'),(5310,443,'active.savers.count','6','1'),(5311,443,'portfolio.at.risk','0.00',NULL),(5312,443,'active.members.count','20','9'),(5313,443,'active.borrowers.count','0','0'),(5314,443,'dropouts.count','0','0'),(5315,443,'dropout.rate','0.00','0.00'),(5316,443,'group.count','18',''),(5317,444,'active.members.count','0','0'),(5318,444,'active.savers.count','0','0'),(5319,444,'replacements.count','0','0'),(5320,444,'loan.account.dormant.count','0','0'),(5321,444,'group.count','0',''),(5322,444,'onholds.count','0','0'),(5323,444,'saving.account.dormant.count','0','0'),(5324,444,'portfolio.at.risk','0.00',NULL),(5325,444,'center.count','0',''),(5326,444,'active.borrowers.count','0','0'),(5327,444,'dropouts.count','0','0'),(5328,444,'dropout.rate','0.00','0.00'),(5329,445,'replacements.count','0','0'),(5330,445,'loan.account.dormant.count','0','0'),(5331,445,'active.savers.count','2','1'),(5332,445,'group.count','3',''),(5333,445,'saving.account.dormant.count','0','0'),(5334,445,'portfolio.at.risk','0.00',NULL),(5335,445,'active.members.count','4','1'),(5336,445,'dropouts.count','0','0'),(5337,445,'center.count','2',''),(5338,445,'dropout.rate','0.00','0.00'),(5339,445,'active.borrowers.count','1','0'),(5340,445,'onholds.count','3','2'),(5341,446,'replacements.count','0','0'),(5342,446,'loan.account.dormant.count','0','0'),(5343,446,'active.members.count','1','0'),(5344,446,'onholds.count','0','0'),(5345,446,'saving.account.dormant.count','0','0'),(5346,446,'portfolio.at.risk','0.00',NULL),(5347,446,'group.count','2',''),(5348,446,'active.savers.count','1','0'),(5349,446,'active.borrowers.count','0','0'),(5350,446,'dropouts.count','0','0'),(5351,446,'dropout.rate','0.00','0.00'),(5352,446,'center.count','3',''),(5353,447,'replacements.count','0','0'),(5354,447,'loan.account.dormant.count','0','0'),(5355,447,'center.count','5',''),(5356,447,'onholds.count','0','0'),(5357,447,'saving.account.dormant.count','0','0'),(5358,447,'active.savers.count','6','1'),(5359,447,'portfolio.at.risk','0.00',NULL),(5360,447,'active.members.count','20','9'),(5361,447,'active.borrowers.count','0','0'),(5362,447,'dropouts.count','0','0'),(5363,447,'dropout.rate','0.00','0.00'),(5364,447,'group.count','18',''),(5365,448,'active.members.count','0','0'),(5366,448,'active.savers.count','0','0'),(5367,448,'replacements.count','0','0'),(5368,448,'loan.account.dormant.count','0','0'),(5369,448,'group.count','0',''),(5370,448,'onholds.count','0','0'),(5371,448,'saving.account.dormant.count','0','0'),(5372,448,'portfolio.at.risk','0.00',NULL),(5373,448,'center.count','0',''),(5374,448,'active.borrowers.count','0','0'),(5375,448,'dropouts.count','0','0'),(5376,448,'dropout.rate','0.00','0.00');
/*!40000 ALTER TABLE `batch_client_summary` ENABLE KEYS */;
UNLOCK TABLES;

--
-- Table structure for table `batch_loan_arrears_aging`
--

DROP TABLE IF EXISTS `batch_loan_arrears_aging`;
/*!40101 SET @saved_cs_client     = @@character_set_client */;
/*!40101 SET character_set_client = utf8 */;
CREATE TABLE `batch_loan_arrears_aging` (
  `loan_arrears_aging_id` int(11) NOT NULL AUTO_INCREMENT,
  `aging_period_id` int(11) NOT NULL,
  `branch_report_id` int(11) NOT NULL,
  `clients_aging` int(11) NOT NULL,
  `loans_aging` int(11) NOT NULL,
  `amount_aging` decimal(21,4) NOT NULL,
  `amount_aging_currency_id` smallint(6) NOT NULL,
  `amount_outstanding_aging` decimal(21,4) NOT NULL,
  `amount_outstanding_aging_currency_id` smallint(6) NOT NULL,
  `interest_aging` decimal(21,4) NOT NULL,
  `interest_aging_currency_id` smallint(6) NOT NULL,
  PRIMARY KEY (`loan_arrears_aging_id`),
  KEY `branch_report_id` (`branch_report_id`),
  CONSTRAINT `batch_loan_arrears_aging_ibfk_1` FOREIGN KEY (`branch_report_id`) REFERENCES `batch_branch_report` (`branch_report_id`)
) ENGINE=InnoDB AUTO_INCREMENT=3137 DEFAULT CHARSET=utf8;
/*!40101 SET character_set_client = @saved_cs_client */;

--
-- Dumping data for table `batch_loan_arrears_aging`
--

LOCK TABLES `batch_loan_arrears_aging` WRITE;
/*!40000 ALTER TABLE `batch_loan_arrears_aging` DISABLE KEYS */;
INSERT INTO `batch_loan_arrears_aging` VALUES (1,2,1,0,0,'0.0000',2,'0.0000',2,'0.0000',2),(2,1,1,0,0,'0.0000',2,'0.0000',2,'0.0000',2),(3,6,1,0,0,'0.0000',2,'0.0000',2,'0.0000',2),(4,5,1,0,0,'0.0000',2,'0.0000',2,'0.0000',2),(5,3,1,0,0,'0.0000',2,'0.0000',2,'0.0000',2),(6,0,1,0,0,'0.0000',2,'0.0000',2,'0.0000',2),(7,4,1,0,0,'0.0000',2,'0.0000',2,'0.0000',2),(8,3,2,0,0,'0.0000',2,'0.0000',2,'0.0000',2),(9,2,2,0,0,'0.0000',2,'0.0000',2,'0.0000',2),(10,0,2,0,0,'0.0000',2,'0.0000',2,'0.0000',2),(11,4,2,0,0,'0.0000',2,'0.0000',2,'0.0000',2),(12,5,2,0,0,'0.0000',2,'0.0000',2,'0.0000',2),(13,6,2,0,0,'0.0000',2,'0.0000',2,'0.0000',2),(14,1,2,0,0,'0.0000',2,'0.0000',2,'0.0000',2),(15,2,3,0,0,'0.0000',2,'0.0000',2,'0.0000',2),(16,6,3,0,0,'0.0000',2,'0.0000',2,'0.0000',2),(17,4,3,0,0,'0.0000',2,'0.0000',2,'0.0000',2),(18,1,3,0,0,'0.0000',2,'0.0000',2,'0.0000',2),(19,0,3,0,0,'0.0000',2,'0.0000',2,'0.0000',2),(20,5,3,0,0,'0.0000',2,'0.0000',2,'0.0000',2),(21,3,3,0,0,'0.0000',2,'0.0000',2,'0.0000',2),(22,4,4,0,0,'0.0000',2,'0.0000',2,'0.0000',2),(23,3,4,0,0,'0.0000',2,'0.0000',2,'0.0000',2),(24,6,4,0,0,'0.0000',2,'0.0000',2,'0.0000',2),(25,1,4,0,0,'0.0000',2,'0.0000',2,'0.0000',2),(26,2,4,0,0,'0.0000',2,'0.0000',2,'0.0000',2),(27,0,4,0,0,'0.0000',2,'0.0000',2,'0.0000',2),(28,5,4,0,0,'0.0000',2,'0.0000',2,'0.0000',2),(29,5,5,0,0,'0.0000',2,'0.0000',2,'0.0000',2),(30,2,5,0,0,'0.0000',2,'0.0000',2,'0.0000',2),(31,0,5,0,0,'0.0000',2,'0.0000',2,'0.0000',2),(32,1,5,0,0,'0.0000',2,'0.0000',2,'0.0000',2),(33,6,5,0,0,'0.0000',2,'0.0000',2,'0.0000',2),(34,3,5,0,0,'0.0000',2,'0.0000',2,'0.0000',2),(35,4,5,0,0,'0.0000',2,'0.0000',2,'0.0000',2),(36,2,6,0,0,'0.0000',2,'0.0000',2,'0.0000',2),(37,4,6,0,0,'0.0000',2,'0.0000',2,'0.0000',2),(38,5,6,0,0,'0.0000',2,'0.0000',2,'0.0000',2),(39,3,6,0,0,'0.0000',2,'0.0000',2,'0.0000',2),(40,0,6,0,0,'0.0000',2,'0.0000',2,'0.0000',2),(41,6,6,0,0,'0.0000',2,'0.0000',2,'0.0000',2),(42,1,6,0,0,'0.0000',2,'0.0000',2,'0.0000',2),(43,0,7,0,0,'0.0000',2,'0.0000',2,'0.0000',2),(44,3,7,0,0,'0.0000',2,'0.0000',2,'0.0000',2),(45,1,7,0,0,'0.0000',2,'0.0000',2,'0.0000',2),(46,4,7,0,0,'0.0000',2,'0.0000',2,'0.0000',2),(47,6,7,0,0,'0.0000',2,'0.0000',2,'0.0000',2),(48,2,7,0,0,'0.0000',2,'0.0000',2,'0.0000',2),(49,5,7,0,0,'0.0000',2,'0.0000',2,'0.0000',2),(50,0,8,0,0,'0.0000',2,'0.0000',2,'0.0000',2),(51,5,8,0,0,'0.0000',2,'0.0000',2,'0.0000',2),(52,3,8,0,0,'0.0000',2,'0.0000',2,'0.0000',2),(53,4,8,0,0,'0.0000',2,'0.0000',2,'0.0000',2),(54,1,8,0,0,'0.0000',2,'0.0000',2,'0.0000',2),(55,6,8,0,0,'0.0000',2,'0.0000',2,'0.0000',2),(56,2,8,0,0,'0.0000',2,'0.0000',2,'0.0000',2),(57,1,9,0,0,'0.0000',2,'0.0000',2,'0.0000',2),(58,6,9,0,0,'0.0000',2,'0.0000',2,'0.0000',2),(59,5,9,0,0,'0.0000',2,'0.0000',2,'0.0000',2),(60,3,9,0,0,'0.0000',2,'0.0000',2,'0.0000',2),(61,4,9,0,0,'0.0000',2,'0.0000',2,'0.0000',2),(62,0,9,0,0,'0.0000',2,'0.0000',2,'0.0000',2),(63,2,9,0,0,'0.0000',2,'0.0000',2,'0.0000',2),(64,6,10,0,0,'0.0000',2,'0.0000',2,'0.0000',2),(65,4,10,0,0,'0.0000',2,'0.0000',2,'0.0000',2),(66,2,10,0,0,'0.0000',2,'0.0000',2,'0.0000',2),(67,1,10,0,0,'0.0000',2,'0.0000',2,'0.0000',2),(68,0,10,0,0,'0.0000',2,'0.0000',2,'0.0000',2),(69,5,10,0,0,'0.0000',2,'0.0000',2,'0.0000',2),(70,3,10,0,0,'0.0000',2,'0.0000',2,'0.0000',2),(71,6,11,0,0,'0.0000',2,'0.0000',2,'0.0000',2),(72,3,11,0,0,'0.0000',2,'0.0000',2,'0.0000',2),(73,5,11,0,0,'0.0000',2,'0.0000',2,'0.0000',2),(74,4,11,0,0,'0.0000',2,'0.0000',2,'0.0000',2),(75,2,11,0,0,'0.0000',2,'0.0000',2,'0.0000',2),(76,1,11,0,0,'0.0000',2,'0.0000',2,'0.0000',2),(77,0,11,0,0,'0.0000',2,'0.0000',2,'0.0000',2),(78,4,12,0,0,'0.0000',2,'0.0000',2,'0.0000',2),(79,0,12,0,0,'0.0000',2,'0.0000',2,'0.0000',2),(80,1,12,0,0,'0.0000',2,'0.0000',2,'0.0000',2),(81,6,12,0,0,'0.0000',2,'0.0000',2,'0.0000',2),(82,3,12,0,0,'0.0000',2,'0.0000',2,'0.0000',2),(83,5,12,0,0,'0.0000',2,'0.0000',2,'0.0000',2),(84,2,12,0,0,'0.0000',2,'0.0000',2,'0.0000',2),(85,3,13,0,0,'0.0000',2,'0.0000',2,'0.0000',2),(86,5,13,0,0,'0.0000',2,'0.0000',2,'0.0000',2),(87,4,13,0,0,'0.0000',2,'0.0000',2,'0.0000',2),(88,2,13,0,0,'0.0000',2,'0.0000',2,'0.0000',2),(89,1,13,0,0,'0.0000',2,'0.0000',2,'0.0000',2),(90,6,13,0,0,'0.0000',2,'0.0000',2,'0.0000',2),(91,0,13,0,0,'0.0000',2,'0.0000',2,'0.0000',2),(92,4,14,0,0,'0.0000',2,'0.0000',2,'0.0000',2),(93,2,14,0,0,'0.0000',2,'0.0000',2,'0.0000',2),(94,3,14,0,0,'0.0000',2,'0.0000',2,'0.0000',2),(95,0,14,0,0,'0.0000',2,'0.0000',2,'0.0000',2),(96,6,14,0,0,'0.0000',2,'0.0000',2,'0.0000',2),(97,1,14,0,0,'0.0000',2,'0.0000',2,'0.0000',2),(98,5,14,0,0,'0.0000',2,'0.0000',2,'0.0000',2),(99,1,15,0,0,'0.0000',2,'0.0000',2,'0.0000',2),(100,0,15,0,0,'0.0000',2,'0.0000',2,'0.0000',2),(101,5,15,0,0,'0.0000',2,'0.0000',2,'0.0000',2),(102,3,15,0,0,'0.0000',2,'0.0000',2,'0.0000',2),(103,2,15,0,0,'0.0000',2,'0.0000',2,'0.0000',2),(104,6,15,0,0,'0.0000',2,'0.0000',2,'0.0000',2),(105,4,15,0,0,'0.0000',2,'0.0000',2,'0.0000',2),(106,3,16,0,0,'0.0000',2,'0.0000',2,'0.0000',2),(107,6,16,0,0,'0.0000',2,'0.0000',2,'0.0000',2),(108,2,16,0,0,'0.0000',2,'0.0000',2,'0.0000',2),(109,0,16,0,0,'0.0000',2,'0.0000',2,'0.0000',2),(110,4,16,0,0,'0.0000',2,'0.0000',2,'0.0000',2),(111,5,16,0,0,'0.0000',2,'0.0000',2,'0.0000',2),(112,1,16,0,0,'0.0000',2,'0.0000',2,'0.0000',2),(113,1,17,0,0,'0.0000',2,'0.0000',2,'0.0000',2),(114,2,17,0,0,'0.0000',2,'0.0000',2,'0.0000',2),(115,3,17,0,0,'0.0000',2,'0.0000',2,'0.0000',2),(116,6,17,0,0,'0.0000',2,'0.0000',2,'0.0000',2),(117,4,17,0,0,'0.0000',2,'0.0000',2,'0.0000',2),(118,5,17,0,0,'0.0000',2,'0.0000',2,'0.0000',2),(119,0,17,0,0,'0.0000',2,'0.0000',2,'0.0000',2),(120,5,18,0,0,'0.0000',2,'0.0000',2,'0.0000',2),(121,4,18,0,0,'0.0000',2,'0.0000',2,'0.0000',2),(122,3,18,0,0,'0.0000',2,'0.0000',2,'0.0000',2),(123,1,18,0,0,'0.0000',2,'0.0000',2,'0.0000',2),(124,2,18,0,0,'0.0000',2,'0.0000',2,'0.0000',2),(125,6,18,0,0,'0.0000',2,'0.0000',2,'0.0000',2),(126,0,18,0,0,'0.0000',2,'0.0000',2,'0.0000',2),(127,0,19,0,0,'0.0000',2,'0.0000',2,'0.0000',2),(128,6,19,0,0,'0.0000',2,'0.0000',2,'0.0000',2),(129,5,19,0,0,'0.0000',2,'0.0000',2,'0.0000',2),(130,3,19,0,0,'0.0000',2,'0.0000',2,'0.0000',2),(131,2,19,0,0,'0.0000',2,'0.0000',2,'0.0000',2),(132,1,19,0,0,'0.0000',2,'0.0000',2,'0.0000',2),(133,4,19,0,0,'0.0000',2,'0.0000',2,'0.0000',2),(134,4,20,0,0,'0.0000',2,'0.0000',2,'0.0000',2),(135,3,20,0,0,'0.0000',2,'0.0000',2,'0.0000',2),(136,5,20,0,0,'0.0000',2,'0.0000',2,'0.0000',2),(137,0,20,0,0,'0.0000',2,'0.0000',2,'0.0000',2),(138,2,20,0,0,'0.0000',2,'0.0000',2,'0.0000',2),(139,6,20,0,0,'0.0000',2,'0.0000',2,'0.0000',2),(140,1,20,0,0,'0.0000',2,'0.0000',2,'0.0000',2),(141,5,21,0,0,'0.0000',2,'0.0000',2,'0.0000',2),(142,2,21,0,0,'0.0000',2,'0.0000',2,'0.0000',2),(143,6,21,0,0,'0.0000',2,'0.0000',2,'0.0000',2),(144,1,21,0,0,'0.0000',2,'0.0000',2,'0.0000',2),(145,0,21,0,0,'0.0000',2,'0.0000',2,'0.0000',2),(146,3,21,0,0,'0.0000',2,'0.0000',2,'0.0000',2),(147,4,21,0,0,'0.0000',2,'0.0000',2,'0.0000',2),(148,1,22,0,0,'0.0000',2,'0.0000',2,'0.0000',2),(149,0,22,0,0,'0.0000',2,'0.0000',2,'0.0000',2),(150,2,22,0,0,'0.0000',2,'0.0000',2,'0.0000',2),(151,4,22,0,0,'0.0000',2,'0.0000',2,'0.0000',2),(152,5,22,0,0,'0.0000',2,'0.0000',2,'0.0000',2),(153,3,22,0,0,'0.0000',2,'0.0000',2,'0.0000',2),(154,6,22,0,0,'0.0000',2,'0.0000',2,'0.0000',2),(155,2,23,0,0,'0.0000',2,'0.0000',2,'0.0000',2),(156,0,23,0,0,'0.0000',2,'0.0000',2,'0.0000',2),(157,6,23,0,0,'0.0000',2,'0.0000',2,'0.0000',2),(158,4,23,0,0,'0.0000',2,'0.0000',2,'0.0000',2),(159,5,23,0,0,'0.0000',2,'0.0000',2,'0.0000',2),(160,1,23,0,0,'0.0000',2,'0.0000',2,'0.0000',2),(161,3,23,0,0,'0.0000',2,'0.0000',2,'0.0000',2),(162,4,24,0,0,'0.0000',2,'0.0000',2,'0.0000',2),(163,0,24,0,0,'0.0000',2,'0.0000',2,'0.0000',2),(164,6,24,0,0,'0.0000',2,'0.0000',2,'0.0000',2),(165,3,24,0,0,'0.0000',2,'0.0000',2,'0.0000',2),(166,2,24,0,0,'0.0000',2,'0.0000',2,'0.0000',2),(167,5,24,0,0,'0.0000',2,'0.0000',2,'0.0000',2),(168,1,24,0,0,'0.0000',2,'0.0000',2,'0.0000',2),(197,6,29,0,0,'0.0000',2,'0.0000',2,'0.0000',2),(198,5,29,0,0,'0.0000',2,'0.0000',2,'0.0000',2),(199,1,29,0,0,'0.0000',2,'0.0000',2,'0.0000',2),(200,4,29,0,0,'0.0000',2,'0.0000',2,'0.0000',2),(201,0,29,0,0,'0.0000',2,'0.0000',2,'0.0000',2),(202,3,29,0,0,'0.0000',2,'0.0000',2,'0.0000',2),(203,2,29,0,0,'0.0000',2,'0.0000',2,'0.0000',2),(204,3,30,0,0,'0.0000',2,'0.0000',2,'0.0000',2),(205,1,30,0,0,'0.0000',2,'0.0000',2,'0.0000',2),(206,4,30,0,0,'0.0000',2,'0.0000',2,'0.0000',2),(207,2,30,0,0,'0.0000',2,'0.0000',2,'0.0000',2),(208,6,30,0,0,'0.0000',2,'0.0000',2,'0.0000',2),(209,0,30,0,0,'0.0000',2,'0.0000',2,'0.0000',2),(210,5,30,0,0,'0.0000',2,'0.0000',2,'0.0000',2),(211,6,31,0,0,'0.0000',2,'0.0000',2,'0.0000',2),(212,5,31,0,0,'0.0000',2,'0.0000',2,'0.0000',2),(213,4,31,0,0,'0.0000',2,'0.0000',2,'0.0000',2),(214,1,31,0,0,'0.0000',2,'0.0000',2,'0.0000',2),(215,3,31,0,0,'0.0000',2,'0.0000',2,'0.0000',2),(216,2,31,0,0,'0.0000',2,'0.0000',2,'0.0000',2),(217,0,31,0,0,'0.0000',2,'0.0000',2,'0.0000',2),(218,6,32,0,0,'0.0000',2,'0.0000',2,'0.0000',2),(219,0,32,0,0,'0.0000',2,'0.0000',2,'0.0000',2),(220,4,32,0,0,'0.0000',2,'0.0000',2,'0.0000',2),(221,2,32,0,0,'0.0000',2,'0.0000',2,'0.0000',2),(222,5,32,0,0,'0.0000',2,'0.0000',2,'0.0000',2),(223,3,32,0,0,'0.0000',2,'0.0000',2,'0.0000',2),(224,1,32,0,0,'0.0000',2,'0.0000',2,'0.0000',2),(225,6,33,0,0,'0.0000',2,'0.0000',2,'0.0000',2),(226,3,33,0,0,'0.0000',2,'0.0000',2,'0.0000',2),(227,0,33,0,0,'0.0000',2,'0.0000',2,'0.0000',2),(228,4,33,0,0,'0.0000',2,'0.0000',2,'0.0000',2),(229,2,33,0,0,'0.0000',2,'0.0000',2,'0.0000',2),(230,1,33,0,0,'0.0000',2,'0.0000',2,'0.0000',2),(231,5,33,0,0,'0.0000',2,'0.0000',2,'0.0000',2),(232,5,34,0,0,'0.0000',2,'0.0000',2,'0.0000',2),(233,1,34,0,0,'0.0000',2,'0.0000',2,'0.0000',2),(234,0,34,0,0,'0.0000',2,'0.0000',2,'0.0000',2),(235,6,34,0,0,'0.0000',2,'0.0000',2,'0.0000',2),(236,4,34,0,0,'0.0000',2,'0.0000',2,'0.0000',2),(237,3,34,0,0,'0.0000',2,'0.0000',2,'0.0000',2),(238,2,34,0,0,'0.0000',2,'0.0000',2,'0.0000',2),(239,2,35,0,0,'0.0000',2,'0.0000',2,'0.0000',2),(240,6,35,0,0,'0.0000',2,'0.0000',2,'0.0000',2),(241,4,35,0,0,'0.0000',2,'0.0000',2,'0.0000',2),(242,1,35,0,0,'0.0000',2,'0.0000',2,'0.0000',2),(243,5,35,0,0,'0.0000',2,'0.0000',2,'0.0000',2),(244,3,35,0,0,'0.0000',2,'0.0000',2,'0.0000',2),(245,0,35,0,0,'0.0000',2,'0.0000',2,'0.0000',2),(246,0,36,0,0,'0.0000',2,'0.0000',2,'0.0000',2),(247,2,36,0,0,'0.0000',2,'0.0000',2,'0.0000',2),(248,1,36,0,0,'0.0000',2,'0.0000',2,'0.0000',2),(249,3,36,0,0,'0.0000',2,'0.0000',2,'0.0000',2),(250,5,36,0,0,'0.0000',2,'0.0000',2,'0.0000',2),(251,6,36,0,0,'0.0000',2,'0.0000',2,'0.0000',2),(252,4,36,0,0,'0.0000',2,'0.0000',2,'0.0000',2),(253,0,37,0,0,'0.0000',2,'0.0000',2,'0.0000',2),(254,6,37,0,0,'0.0000',2,'0.0000',2,'0.0000',2),(255,2,37,0,0,'0.0000',2,'0.0000',2,'0.0000',2),(256,1,37,0,0,'0.0000',2,'0.0000',2,'0.0000',2),(257,4,37,0,0,'0.0000',2,'0.0000',2,'0.0000',2),(258,5,37,0,0,'0.0000',2,'0.0000',2,'0.0000',2),(259,3,37,0,0,'0.0000',2,'0.0000',2,'0.0000',2),(260,4,38,0,0,'0.0000',2,'0.0000',2,'0.0000',2),(261,3,38,0,0,'0.0000',2,'0.0000',2,'0.0000',2),(262,2,38,0,0,'0.0000',2,'0.0000',2,'0.0000',2),(263,0,38,0,0,'0.0000',2,'0.0000',2,'0.0000',2),(264,6,38,0,0,'0.0000',2,'0.0000',2,'0.0000',2),(265,1,38,0,0,'0.0000',2,'0.0000',2,'0.0000',2),(266,5,38,0,0,'0.0000',2,'0.0000',2,'0.0000',2),(267,6,39,0,0,'0.0000',2,'0.0000',2,'0.0000',2),(268,5,39,0,0,'0.0000',2,'0.0000',2,'0.0000',2),(269,3,39,0,0,'0.0000',2,'0.0000',2,'0.0000',2),(270,0,39,0,0,'0.0000',2,'0.0000',2,'0.0000',2),(271,4,39,0,0,'0.0000',2,'0.0000',2,'0.0000',2),(272,2,39,0,0,'0.0000',2,'0.0000',2,'0.0000',2),(273,1,39,0,0,'0.0000',2,'0.0000',2,'0.0000',2),(274,6,40,0,0,'0.0000',2,'0.0000',2,'0.0000',2),(275,5,40,0,0,'0.0000',2,'0.0000',2,'0.0000',2),(276,4,40,0,0,'0.0000',2,'0.0000',2,'0.0000',2),(277,1,40,0,0,'0.0000',2,'0.0000',2,'0.0000',2),(278,3,40,0,0,'0.0000',2,'0.0000',2,'0.0000',2),(279,0,40,0,0,'0.0000',2,'0.0000',2,'0.0000',2),(280,2,40,0,0,'0.0000',2,'0.0000',2,'0.0000',2),(281,2,41,0,0,'0.0000',2,'0.0000',2,'0.0000',2),(282,6,41,0,0,'0.0000',2,'0.0000',2,'0.0000',2),(283,3,41,0,0,'0.0000',2,'0.0000',2,'0.0000',2),(284,0,41,0,0,'0.0000',2,'0.0000',2,'0.0000',2),(285,5,41,0,0,'0.0000',2,'0.0000',2,'0.0000',2),(286,1,41,0,0,'0.0000',2,'0.0000',2,'0.0000',2),(287,4,41,0,0,'0.0000',2,'0.0000',2,'0.0000',2),(288,1,42,0,0,'0.0000',2,'0.0000',2,'0.0000',2),(289,6,42,0,0,'0.0000',2,'0.0000',2,'0.0000',2),(290,3,42,0,0,'0.0000',2,'0.0000',2,'0.0000',2),(291,5,42,0,0,'0.0000',2,'0.0000',2,'0.0000',2),(292,4,42,0,0,'0.0000',2,'0.0000',2,'0.0000',2),(293,0,42,0,0,'0.0000',2,'0.0000',2,'0.0000',2),(294,2,42,0,0,'0.0000',2,'0.0000',2,'0.0000',2),(295,5,43,0,0,'0.0000',2,'0.0000',2,'0.0000',2),(296,3,43,0,0,'0.0000',2,'0.0000',2,'0.0000',2),(297,4,43,0,0,'0.0000',2,'0.0000',2,'0.0000',2),(298,2,43,0,0,'0.0000',2,'0.0000',2,'0.0000',2),(299,1,43,0,0,'0.0000',2,'0.0000',2,'0.0000',2),(300,6,43,0,0,'0.0000',2,'0.0000',2,'0.0000',2),(301,0,43,0,0,'0.0000',2,'0.0000',2,'0.0000',2),(302,0,44,0,0,'0.0000',2,'0.0000',2,'0.0000',2),(303,4,44,0,0,'0.0000',2,'0.0000',2,'0.0000',2),(304,2,44,0,0,'0.0000',2,'0.0000',2,'0.0000',2),(305,5,44,0,0,'0.0000',2,'0.0000',2,'0.0000',2),(306,6,44,0,0,'0.0000',2,'0.0000',2,'0.0000',2),(307,1,44,0,0,'0.0000',2,'0.0000',2,'0.0000',2),(308,3,44,0,0,'0.0000',2,'0.0000',2,'0.0000',2),(309,1,45,0,0,'0.0000',2,'0.0000',2,'0.0000',2),(310,6,45,0,0,'0.0000',2,'0.0000',2,'0.0000',2),(311,5,45,0,0,'0.0000',2,'0.0000',2,'0.0000',2),(312,4,45,0,0,'0.0000',2,'0.0000',2,'0.0000',2),(313,2,45,0,0,'0.0000',2,'0.0000',2,'0.0000',2),(314,0,45,0,0,'0.0000',2,'0.0000',2,'0.0000',2),(315,3,45,0,0,'0.0000',2,'0.0000',2,'0.0000',2),(316,2,46,0,0,'0.0000',2,'0.0000',2,'0.0000',2),(317,0,46,0,0,'0.0000',2,'0.0000',2,'0.0000',2),(318,5,46,0,0,'0.0000',2,'0.0000',2,'0.0000',2),(319,4,46,0,0,'0.0000',2,'0.0000',2,'0.0000',2),(320,3,46,0,0,'0.0000',2,'0.0000',2,'0.0000',2),(321,1,46,0,0,'0.0000',2,'0.0000',2,'0.0000',2),(322,6,46,0,0,'0.0000',2,'0.0000',2,'0.0000',2),(323,5,47,0,0,'0.0000',2,'0.0000',2,'0.0000',2),(324,4,47,0,0,'0.0000',2,'0.0000',2,'0.0000',2),(325,6,47,0,0,'0.0000',2,'0.0000',2,'0.0000',2),(326,0,47,0,0,'0.0000',2,'0.0000',2,'0.0000',2),(327,3,47,0,0,'0.0000',2,'0.0000',2,'0.0000',2),(328,1,47,0,0,'0.0000',2,'0.0000',2,'0.0000',2),(329,2,47,0,0,'0.0000',2,'0.0000',2,'0.0000',2),(330,6,48,0,0,'0.0000',2,'0.0000',2,'0.0000',2),(331,5,48,0,0,'0.0000',2,'0.0000',2,'0.0000',2),(332,4,48,0,0,'0.0000',2,'0.0000',2,'0.0000',2),(333,1,48,0,0,'0.0000',2,'0.0000',2,'0.0000',2),(334,2,48,0,0,'0.0000',2,'0.0000',2,'0.0000',2),(335,0,48,0,0,'0.0000',2,'0.0000',2,'0.0000',2),(336,3,48,0,0,'0.0000',2,'0.0000',2,'0.0000',2),(337,6,49,0,0,'0.0000',2,'0.0000',2,'0.0000',2),(338,2,49,0,0,'0.0000',2,'0.0000',2,'0.0000',2),(339,0,49,0,0,'0.0000',2,'0.0000',2,'0.0000',2),(340,4,49,0,0,'0.0000',2,'0.0000',2,'0.0000',2),(341,5,49,0,0,'0.0000',2,'0.0000',2,'0.0000',2),(342,1,49,0,0,'0.0000',2,'0.0000',2,'0.0000',2),(343,3,49,0,0,'0.0000',2,'0.0000',2,'0.0000',2),(344,2,50,0,0,'0.0000',2,'0.0000',2,'0.0000',2),(345,6,50,0,0,'0.0000',2,'0.0000',2,'0.0000',2),(346,1,50,0,0,'0.0000',2,'0.0000',2,'0.0000',2),(347,4,50,0,0,'0.0000',2,'0.0000',2,'0.0000',2),(348,3,50,0,0,'0.0000',2,'0.0000',2,'0.0000',2),(349,5,50,0,0,'0.0000',2,'0.0000',2,'0.0000',2),(350,0,50,0,0,'0.0000',2,'0.0000',2,'0.0000',2),(351,2,51,0,0,'0.0000',2,'0.0000',2,'0.0000',2),(352,6,51,0,0,'0.0000',2,'0.0000',2,'0.0000',2),(353,5,51,0,0,'0.0000',2,'0.0000',2,'0.0000',2),(354,4,51,0,0,'0.0000',2,'0.0000',2,'0.0000',2),(355,3,51,0,0,'0.0000',2,'0.0000',2,'0.0000',2),(356,0,51,0,0,'0.0000',2,'0.0000',2,'0.0000',2),(357,1,51,0,0,'0.0000',2,'0.0000',2,'0.0000',2),(358,5,52,0,0,'0.0000',2,'0.0000',2,'0.0000',2),(359,4,52,0,0,'0.0000',2,'0.0000',2,'0.0000',2),(360,3,52,0,0,'0.0000',2,'0.0000',2,'0.0000',2),(361,2,52,0,0,'0.0000',2,'0.0000',2,'0.0000',2),(362,1,52,0,0,'0.0000',2,'0.0000',2,'0.0000',2),(363,0,52,0,0,'0.0000',2,'0.0000',2,'0.0000',2),(364,6,52,0,0,'0.0000',2,'0.0000',2,'0.0000',2),(365,6,53,0,0,'0.0000',2,'0.0000',2,'0.0000',2),(366,1,53,0,0,'0.0000',2,'0.0000',2,'0.0000',2),(367,0,53,0,0,'0.0000',2,'0.0000',2,'0.0000',2),(368,4,53,0,0,'0.0000',2,'0.0000',2,'0.0000',2),(369,3,53,0,0,'0.0000',2,'0.0000',2,'0.0000',2),(370,2,53,0,0,'0.0000',2,'0.0000',2,'0.0000',2),(371,5,53,0,0,'0.0000',2,'0.0000',2,'0.0000',2),(372,1,54,0,0,'0.0000',2,'0.0000',2,'0.0000',2),(373,5,54,0,0,'0.0000',2,'0.0000',2,'0.0000',2),(374,4,54,0,0,'0.0000',2,'0.0000',2,'0.0000',2),(375,3,54,0,0,'0.0000',2,'0.0000',2,'0.0000',2),(376,6,54,0,0,'0.0000',2,'0.0000',2,'0.0000',2),(377,2,54,0,0,'0.0000',2,'0.0000',2,'0.0000',2),(378,0,54,0,0,'0.0000',2,'0.0000',2,'0.0000',2),(379,0,55,0,0,'0.0000',2,'0.0000',2,'0.0000',2),(380,6,55,0,0,'0.0000',2,'0.0000',2,'0.0000',2),(381,2,55,0,0,'0.0000',2,'0.0000',2,'0.0000',2),(382,1,55,0,0,'0.0000',2,'0.0000',2,'0.0000',2),(383,4,55,0,0,'0.0000',2,'0.0000',2,'0.0000',2),(384,5,55,0,0,'0.0000',2,'0.0000',2,'0.0000',2),(385,3,55,0,0,'0.0000',2,'0.0000',2,'0.0000',2),(386,1,56,0,0,'0.0000',2,'0.0000',2,'0.0000',2),(387,5,56,0,0,'0.0000',2,'0.0000',2,'0.0000',2),(388,0,56,0,0,'0.0000',2,'0.0000',2,'0.0000',2),(389,3,56,0,0,'0.0000',2,'0.0000',2,'0.0000',2),(390,6,56,0,0,'0.0000',2,'0.0000',2,'0.0000',2),(391,2,56,0,0,'0.0000',2,'0.0000',2,'0.0000',2),(392,4,56,0,0,'0.0000',2,'0.0000',2,'0.0000',2),(393,1,57,0,0,'0.0000',2,'0.0000',2,'0.0000',2),(394,5,57,0,0,'0.0000',2,'0.0000',2,'0.0000',2),(395,3,57,0,0,'0.0000',2,'0.0000',2,'0.0000',2),(396,2,57,0,0,'0.0000',2,'0.0000',2,'0.0000',2),(397,4,57,0,0,'0.0000',2,'0.0000',2,'0.0000',2),(398,0,57,0,0,'0.0000',2,'0.0000',2,'0.0000',2),(399,6,57,0,0,'0.0000',2,'0.0000',2,'0.0000',2),(400,5,58,0,0,'0.0000',2,'0.0000',2,'0.0000',2),(401,2,58,0,0,'0.0000',2,'0.0000',2,'0.0000',2),(402,0,58,0,0,'0.0000',2,'0.0000',2,'0.0000',2),(403,6,58,0,0,'0.0000',2,'0.0000',2,'0.0000',2),(404,1,58,0,0,'0.0000',2,'0.0000',2,'0.0000',2),(405,3,58,0,0,'0.0000',2,'0.0000',2,'0.0000',2),(406,4,58,0,0,'0.0000',2,'0.0000',2,'0.0000',2),(407,6,59,0,0,'0.0000',2,'0.0000',2,'0.0000',2),(408,0,59,0,0,'0.0000',2,'0.0000',2,'0.0000',2),(409,1,59,0,0,'0.0000',2,'0.0000',2,'0.0000',2),(410,3,59,0,0,'0.0000',2,'0.0000',2,'0.0000',2),(411,2,59,0,0,'0.0000',2,'0.0000',2,'0.0000',2),(412,5,59,0,0,'0.0000',2,'0.0000',2,'0.0000',2),(413,4,59,0,0,'0.0000',2,'0.0000',2,'0.0000',2),(414,4,60,0,0,'0.0000',2,'0.0000',2,'0.0000',2),(415,2,60,0,0,'0.0000',2,'0.0000',2,'0.0000',2),(416,1,60,0,0,'0.0000',2,'0.0000',2,'0.0000',2),(417,3,60,0,0,'0.0000',2,'0.0000',2,'0.0000',2),(418,6,60,0,0,'0.0000',2,'0.0000',2,'0.0000',2),(419,0,60,0,0,'0.0000',2,'0.0000',2,'0.0000',2),(420,5,60,0,0,'0.0000',2,'0.0000',2,'0.0000',2),(421,2,61,0,0,'0.0000',2,'0.0000',2,'0.0000',2),(422,0,61,0,0,'0.0000',2,'0.0000',2,'0.0000',2),(423,5,61,0,0,'0.0000',2,'0.0000',2,'0.0000',2),(424,1,61,0,0,'0.0000',2,'0.0000',2,'0.0000',2),(425,4,61,0,0,'0.0000',2,'0.0000',2,'0.0000',2),(426,6,61,0,0,'0.0000',2,'0.0000',2,'0.0000',2),(427,3,61,0,0,'0.0000',2,'0.0000',2,'0.0000',2),(428,5,62,0,0,'0.0000',2,'0.0000',2,'0.0000',2),(429,2,62,0,0,'0.0000',2,'0.0000',2,'0.0000',2),(430,4,62,0,0,'0.0000',2,'0.0000',2,'0.0000',2),(431,6,62,0,0,'0.0000',2,'0.0000',2,'0.0000',2),(432,1,62,0,0,'0.0000',2,'0.0000',2,'0.0000',2),(433,3,62,0,0,'0.0000',2,'0.0000',2,'0.0000',2),(434,0,62,0,0,'0.0000',2,'0.0000',2,'0.0000',2),(435,1,63,0,0,'0.0000',2,'0.0000',2,'0.0000',2),(436,3,63,0,0,'0.0000',2,'0.0000',2,'0.0000',2),(437,2,63,0,0,'0.0000',2,'0.0000',2,'0.0000',2),(438,6,63,0,0,'0.0000',2,'0.0000',2,'0.0000',2),(439,5,63,0,0,'0.0000',2,'0.0000',2,'0.0000',2),(440,4,63,0,0,'0.0000',2,'0.0000',2,'0.0000',2),(441,0,63,0,0,'0.0000',2,'0.0000',2,'0.0000',2),(442,3,64,0,0,'0.0000',2,'0.0000',2,'0.0000',2),(443,2,64,0,0,'0.0000',2,'0.0000',2,'0.0000',2),(444,5,64,0,0,'0.0000',2,'0.0000',2,'0.0000',2),(445,4,64,0,0,'0.0000',2,'0.0000',2,'0.0000',2),(446,6,64,0,0,'0.0000',2,'0.0000',2,'0.0000',2),(447,0,64,0,0,'0.0000',2,'0.0000',2,'0.0000',2),(448,1,64,0,0,'0.0000',2,'0.0000',2,'0.0000',2),(449,6,65,0,0,'0.0000',2,'0.0000',2,'0.0000',2),(450,3,65,0,0,'0.0000',2,'0.0000',2,'0.0000',2),(451,5,65,0,0,'0.0000',2,'0.0000',2,'0.0000',2),(452,0,65,0,0,'0.0000',2,'0.0000',2,'0.0000',2),(453,4,65,0,0,'0.0000',2,'0.0000',2,'0.0000',2),(454,1,65,0,0,'0.0000',2,'0.0000',2,'0.0000',2),(455,2,65,0,0,'0.0000',2,'0.0000',2,'0.0000',2),(456,6,66,0,0,'0.0000',2,'0.0000',2,'0.0000',2),(457,2,66,0,0,'0.0000',2,'0.0000',2,'0.0000',2),(458,4,66,0,0,'0.0000',2,'0.0000',2,'0.0000',2),(459,5,66,0,0,'0.0000',2,'0.0000',2,'0.0000',2),(460,1,66,0,0,'0.0000',2,'0.0000',2,'0.0000',2),(461,3,66,0,0,'0.0000',2,'0.0000',2,'0.0000',2),(462,0,66,0,0,'0.0000',2,'0.0000',2,'0.0000',2),(463,5,67,0,0,'0.0000',2,'0.0000',2,'0.0000',2),(464,4,67,0,0,'0.0000',2,'0.0000',2,'0.0000',2),(465,2,67,0,0,'0.0000',2,'0.0000',2,'0.0000',2),(466,3,67,0,0,'0.0000',2,'0.0000',2,'0.0000',2),(467,0,67,0,0,'0.0000',2,'0.0000',2,'0.0000',2),(468,1,67,0,0,'0.0000',2,'0.0000',2,'0.0000',2),(469,6,67,0,0,'0.0000',2,'0.0000',2,'0.0000',2),(470,6,68,0,0,'0.0000',2,'0.0000',2,'0.0000',2),(471,0,68,0,0,'0.0000',2,'0.0000',2,'0.0000',2),(472,4,68,0,0,'0.0000',2,'0.0000',2,'0.0000',2),(473,3,68,0,0,'0.0000',2,'0.0000',2,'0.0000',2),(474,2,68,0,0,'0.0000',2,'0.0000',2,'0.0000',2),(475,5,68,0,0,'0.0000',2,'0.0000',2,'0.0000',2),(476,1,68,0,0,'0.0000',2,'0.0000',2,'0.0000',2),(477,4,69,0,0,'0.0000',2,'0.0000',2,'0.0000',2),(478,6,69,0,0,'0.0000',2,'0.0000',2,'0.0000',2),(479,1,69,0,0,'0.0000',2,'0.0000',2,'0.0000',2),(480,3,69,0,0,'0.0000',2,'0.0000',2,'0.0000',2),(481,2,69,0,0,'0.0000',2,'0.0000',2,'0.0000',2),(482,5,69,0,0,'0.0000',2,'0.0000',2,'0.0000',2),(483,0,69,0,0,'0.0000',2,'0.0000',2,'0.0000',2),(484,1,70,0,0,'0.0000',2,'0.0000',2,'0.0000',2),(485,3,70,0,0,'0.0000',2,'0.0000',2,'0.0000',2),(486,5,70,0,0,'0.0000',2,'0.0000',2,'0.0000',2),(487,0,70,0,0,'0.0000',2,'0.0000',2,'0.0000',2),(488,2,70,0,0,'0.0000',2,'0.0000',2,'0.0000',2),(489,4,70,0,0,'0.0000',2,'0.0000',2,'0.0000',2),(490,6,70,0,0,'0.0000',2,'0.0000',2,'0.0000',2),(491,1,71,0,0,'0.0000',2,'0.0000',2,'0.0000',2),(492,5,71,0,0,'0.0000',2,'0.0000',2,'0.0000',2),(493,4,71,0,0,'0.0000',2,'0.0000',2,'0.0000',2),(494,6,71,0,0,'0.0000',2,'0.0000',2,'0.0000',2),(495,3,71,0,0,'0.0000',2,'0.0000',2,'0.0000',2),(496,2,71,0,0,'0.0000',2,'0.0000',2,'0.0000',2),(497,0,71,0,0,'0.0000',2,'0.0000',2,'0.0000',2),(498,1,72,0,0,'0.0000',2,'0.0000',2,'0.0000',2),(499,0,72,0,0,'0.0000',2,'0.0000',2,'0.0000',2),(500,4,72,0,0,'0.0000',2,'0.0000',2,'0.0000',2),(501,6,72,0,0,'0.0000',2,'0.0000',2,'0.0000',2),(502,3,72,0,0,'0.0000',2,'0.0000',2,'0.0000',2),(503,2,72,0,0,'0.0000',2,'0.0000',2,'0.0000',2),(504,5,72,0,0,'0.0000',2,'0.0000',2,'0.0000',2),(505,0,73,0,0,'0.0000',2,'0.0000',2,'0.0000',2),(506,6,73,0,0,'0.0000',2,'0.0000',2,'0.0000',2),(507,4,73,0,0,'0.0000',2,'0.0000',2,'0.0000',2),(508,5,73,0,0,'0.0000',2,'0.0000',2,'0.0000',2),(509,3,73,0,0,'0.0000',2,'0.0000',2,'0.0000',2),(510,1,73,0,0,'0.0000',2,'0.0000',2,'0.0000',2),(511,2,73,0,0,'0.0000',2,'0.0000',2,'0.0000',2),(512,1,74,0,0,'0.0000',2,'0.0000',2,'0.0000',2),(513,0,74,0,0,'0.0000',2,'0.0000',2,'0.0000',2),(514,5,74,0,0,'0.0000',2,'0.0000',2,'0.0000',2),(515,3,74,0,0,'0.0000',2,'0.0000',2,'0.0000',2),(516,4,74,0,0,'0.0000',2,'0.0000',2,'0.0000',2),(517,6,74,0,0,'0.0000',2,'0.0000',2,'0.0000',2),(518,2,74,0,0,'0.0000',2,'0.0000',2,'0.0000',2),(519,2,75,0,0,'0.0000',2,'0.0000',2,'0.0000',2),(520,5,75,0,0,'0.0000',2,'0.0000',2,'0.0000',2),(521,3,75,0,0,'0.0000',2,'0.0000',2,'0.0000',2),(522,1,75,0,0,'0.0000',2,'0.0000',2,'0.0000',2),(523,0,75,0,0,'0.0000',2,'0.0000',2,'0.0000',2),(524,6,75,0,0,'0.0000',2,'0.0000',2,'0.0000',2),(525,4,75,0,0,'0.0000',2,'0.0000',2,'0.0000',2),(526,3,76,0,0,'0.0000',2,'0.0000',2,'0.0000',2),(527,1,76,0,0,'0.0000',2,'0.0000',2,'0.0000',2),(528,6,76,0,0,'0.0000',2,'0.0000',2,'0.0000',2),(529,5,76,0,0,'0.0000',2,'0.0000',2,'0.0000',2),(530,2,76,0,0,'0.0000',2,'0.0000',2,'0.0000',2),(531,4,76,0,0,'0.0000',2,'0.0000',2,'0.0000',2),(532,0,76,0,0,'0.0000',2,'0.0000',2,'0.0000',2),(533,6,77,0,0,'0.0000',2,'0.0000',2,'0.0000',2),(534,4,77,0,0,'0.0000',2,'0.0000',2,'0.0000',2),(535,0,77,0,0,'0.0000',2,'0.0000',2,'0.0000',2),(536,3,77,0,0,'0.0000',2,'0.0000',2,'0.0000',2),(537,5,77,0,0,'0.0000',2,'0.0000',2,'0.0000',2),(538,2,77,0,0,'0.0000',2,'0.0000',2,'0.0000',2),(539,1,77,0,0,'0.0000',2,'0.0000',2,'0.0000',2),(540,4,78,0,0,'0.0000',2,'0.0000',2,'0.0000',2),(541,3,78,0,0,'0.0000',2,'0.0000',2,'0.0000',2),(542,0,78,0,0,'0.0000',2,'0.0000',2,'0.0000',2),(543,1,78,0,0,'0.0000',2,'0.0000',2,'0.0000',2),(544,5,78,0,0,'0.0000',2,'0.0000',2,'0.0000',2),(545,2,78,0,0,'0.0000',2,'0.0000',2,'0.0000',2),(546,6,78,0,0,'0.0000',2,'0.0000',2,'0.0000',2),(547,3,79,0,0,'0.0000',2,'0.0000',2,'0.0000',2),(548,4,79,0,0,'0.0000',2,'0.0000',2,'0.0000',2),(549,2,79,0,0,'0.0000',2,'0.0000',2,'0.0000',2),(550,1,79,0,0,'0.0000',2,'0.0000',2,'0.0000',2),(551,5,79,0,0,'0.0000',2,'0.0000',2,'0.0000',2),(552,6,79,0,0,'0.0000',2,'0.0000',2,'0.0000',2),(553,0,79,0,0,'0.0000',2,'0.0000',2,'0.0000',2),(554,5,80,0,0,'0.0000',2,'0.0000',2,'0.0000',2),(555,3,80,0,0,'0.0000',2,'0.0000',2,'0.0000',2),(556,0,80,0,0,'0.0000',2,'0.0000',2,'0.0000',2),(557,1,80,0,0,'0.0000',2,'0.0000',2,'0.0000',2),(558,6,80,0,0,'0.0000',2,'0.0000',2,'0.0000',2),(559,4,80,0,0,'0.0000',2,'0.0000',2,'0.0000',2),(560,2,80,0,0,'0.0000',2,'0.0000',2,'0.0000',2),(561,2,81,0,0,'0.0000',2,'0.0000',2,'0.0000',2),(562,1,81,0,0,'0.0000',2,'0.0000',2,'0.0000',2),(563,3,81,0,0,'0.0000',2,'0.0000',2,'0.0000',2),(564,4,81,0,0,'0.0000',2,'0.0000',2,'0.0000',2),(565,0,81,0,0,'0.0000',2,'0.0000',2,'0.0000',2),(566,6,81,0,0,'0.0000',2,'0.0000',2,'0.0000',2),(567,5,81,0,0,'0.0000',2,'0.0000',2,'0.0000',2),(568,2,82,0,0,'0.0000',2,'0.0000',2,'0.0000',2),(569,3,82,0,0,'0.0000',2,'0.0000',2,'0.0000',2),(570,6,82,0,0,'0.0000',2,'0.0000',2,'0.0000',2),(571,0,82,0,0,'0.0000',2,'0.0000',2,'0.0000',2),(572,1,82,0,0,'0.0000',2,'0.0000',2,'0.0000',2),(573,5,82,0,0,'0.0000',2,'0.0000',2,'0.0000',2),(574,4,82,0,0,'0.0000',2,'0.0000',2,'0.0000',2),(575,2,83,0,0,'0.0000',2,'0.0000',2,'0.0000',2),(576,6,83,0,0,'0.0000',2,'0.0000',2,'0.0000',2),(577,4,83,0,0,'0.0000',2,'0.0000',2,'0.0000',2),(578,0,83,0,0,'0.0000',2,'0.0000',2,'0.0000',2),(579,1,83,0,0,'0.0000',2,'0.0000',2,'0.0000',2),(580,3,83,0,0,'0.0000',2,'0.0000',2,'0.0000',2),(581,5,83,0,0,'0.0000',2,'0.0000',2,'0.0000',2),(582,0,84,0,0,'0.0000',2,'0.0000',2,'0.0000',2),(583,6,84,0,0,'0.0000',2,'0.0000',2,'0.0000',2),(584,2,84,0,0,'0.0000',2,'0.0000',2,'0.0000',2),(585,4,84,0,0,'0.0000',2,'0.0000',2,'0.0000',2),(586,3,84,0,0,'0.0000',2,'0.0000',2,'0.0000',2),(587,5,84,0,0,'0.0000',2,'0.0000',2,'0.0000',2),(588,1,84,0,0,'0.0000',2,'0.0000',2,'0.0000',2),(589,2,85,0,0,'0.0000',2,'0.0000',2,'0.0000',2),(590,0,85,0,0,'0.0000',2,'0.0000',2,'0.0000',2),(591,3,85,0,0,'0.0000',2,'0.0000',2,'0.0000',2),(592,5,85,0,0,'0.0000',2,'0.0000',2,'0.0000',2),(593,1,85,0,0,'0.0000',2,'0.0000',2,'0.0000',2),(594,6,85,0,0,'0.0000',2,'0.0000',2,'0.0000',2),(595,4,85,0,0,'0.0000',2,'0.0000',2,'0.0000',2),(596,6,86,0,0,'0.0000',2,'0.0000',2,'0.0000',2),(597,2,86,0,0,'0.0000',2,'0.0000',2,'0.0000',2),(598,0,86,0,0,'0.0000',2,'0.0000',2,'0.0000',2),(599,1,86,0,0,'0.0000',2,'0.0000',2,'0.0000',2),(600,5,86,0,0,'0.0000',2,'0.0000',2,'0.0000',2),(601,4,86,0,0,'0.0000',2,'0.0000',2,'0.0000',2),(602,3,86,0,0,'0.0000',2,'0.0000',2,'0.0000',2),(603,5,87,0,0,'0.0000',2,'0.0000',2,'0.0000',2),(604,1,87,0,0,'0.0000',2,'0.0000',2,'0.0000',2),(605,4,87,0,0,'0.0000',2,'0.0000',2,'0.0000',2),(606,0,87,0,0,'0.0000',2,'0.0000',2,'0.0000',2),(607,2,87,0,0,'0.0000',2,'0.0000',2,'0.0000',2),(608,6,87,0,0,'0.0000',2,'0.0000',2,'0.0000',2),(609,3,87,0,0,'0.0000',2,'0.0000',2,'0.0000',2),(610,6,88,0,0,'0.0000',2,'0.0000',2,'0.0000',2),(611,1,88,0,0,'0.0000',2,'0.0000',2,'0.0000',2),(612,2,88,0,0,'0.0000',2,'0.0000',2,'0.0000',2),(613,3,88,0,0,'0.0000',2,'0.0000',2,'0.0000',2),(614,4,88,0,0,'0.0000',2,'0.0000',2,'0.0000',2),(615,0,88,0,0,'0.0000',2,'0.0000',2,'0.0000',2),(616,5,88,0,0,'0.0000',2,'0.0000',2,'0.0000',2),(617,0,89,0,0,'0.0000',2,'0.0000',2,'0.0000',2),(618,3,89,0,0,'0.0000',2,'0.0000',2,'0.0000',2),(619,6,89,0,0,'0.0000',2,'0.0000',2,'0.0000',2),(620,4,89,0,0,'0.0000',2,'0.0000',2,'0.0000',2),(621,5,89,0,0,'0.0000',2,'0.0000',2,'0.0000',2),(622,2,89,0,0,'0.0000',2,'0.0000',2,'0.0000',2),(623,1,89,0,0,'0.0000',2,'0.0000',2,'0.0000',2),(624,4,90,0,0,'0.0000',2,'0.0000',2,'0.0000',2),(625,6,90,0,0,'0.0000',2,'0.0000',2,'0.0000',2),(626,3,90,0,0,'0.0000',2,'0.0000',2,'0.0000',2),(627,1,90,0,0,'0.0000',2,'0.0000',2,'0.0000',2),(628,5,90,0,0,'0.0000',2,'0.0000',2,'0.0000',2),(629,0,90,0,0,'0.0000',2,'0.0000',2,'0.0000',2),(630,2,90,0,0,'0.0000',2,'0.0000',2,'0.0000',2),(631,6,91,0,0,'0.0000',2,'0.0000',2,'0.0000',2),(632,4,91,0,0,'0.0000',2,'0.0000',2,'0.0000',2),(633,2,91,0,0,'0.0000',2,'0.0000',2,'0.0000',2),(634,5,91,0,0,'0.0000',2,'0.0000',2,'0.0000',2),(635,3,91,0,0,'0.0000',2,'0.0000',2,'0.0000',2),(636,0,91,0,0,'0.0000',2,'0.0000',2,'0.0000',2),(637,1,91,0,0,'0.0000',2,'0.0000',2,'0.0000',2),(638,6,92,0,0,'0.0000',2,'0.0000',2,'0.0000',2),(639,2,92,0,0,'0.0000',2,'0.0000',2,'0.0000',2),(640,3,92,0,0,'0.0000',2,'0.0000',2,'0.0000',2),(641,4,92,0,0,'0.0000',2,'0.0000',2,'0.0000',2),(642,5,92,0,0,'0.0000',2,'0.0000',2,'0.0000',2),(643,0,92,0,0,'0.0000',2,'0.0000',2,'0.0000',2),(644,1,92,0,0,'0.0000',2,'0.0000',2,'0.0000',2),(645,4,93,0,0,'0.0000',2,'0.0000',2,'0.0000',2),(646,6,93,0,0,'0.0000',2,'0.0000',2,'0.0000',2),(647,0,93,0,0,'0.0000',2,'0.0000',2,'0.0000',2),(648,1,93,0,0,'0.0000',2,'0.0000',2,'0.0000',2),(649,3,93,0,0,'0.0000',2,'0.0000',2,'0.0000',2),(650,2,93,0,0,'0.0000',2,'0.0000',2,'0.0000',2),(651,5,93,0,0,'0.0000',2,'0.0000',2,'0.0000',2),(652,6,94,0,0,'0.0000',2,'0.0000',2,'0.0000',2),(653,5,94,0,0,'0.0000',2,'0.0000',2,'0.0000',2),(654,0,94,0,0,'0.0000',2,'0.0000',2,'0.0000',2),(655,4,94,0,0,'0.0000',2,'0.0000',2,'0.0000',2),(656,1,94,0,0,'0.0000',2,'0.0000',2,'0.0000',2),(657,2,94,0,0,'0.0000',2,'0.0000',2,'0.0000',2),(658,3,94,0,0,'0.0000',2,'0.0000',2,'0.0000',2),(659,2,95,0,0,'0.0000',2,'0.0000',2,'0.0000',2),(660,0,95,0,0,'0.0000',2,'0.0000',2,'0.0000',2),(661,5,95,0,0,'0.0000',2,'0.0000',2,'0.0000',2),(662,6,95,0,0,'0.0000',2,'0.0000',2,'0.0000',2),(663,3,95,0,0,'0.0000',2,'0.0000',2,'0.0000',2),(664,4,95,0,0,'0.0000',2,'0.0000',2,'0.0000',2),(665,1,95,0,0,'0.0000',2,'0.0000',2,'0.0000',2),(666,6,96,0,0,'0.0000',2,'0.0000',2,'0.0000',2),(667,4,96,0,0,'0.0000',2,'0.0000',2,'0.0000',2),(668,5,96,0,0,'0.0000',2,'0.0000',2,'0.0000',2),(669,3,96,0,0,'0.0000',2,'0.0000',2,'0.0000',2),(670,2,96,0,0,'0.0000',2,'0.0000',2,'0.0000',2),(671,0,96,0,0,'0.0000',2,'0.0000',2,'0.0000',2),(672,1,96,0,0,'0.0000',2,'0.0000',2,'0.0000',2),(673,6,97,0,0,'0.0000',2,'0.0000',2,'0.0000',2),(674,4,97,0,0,'0.0000',2,'0.0000',2,'0.0000',2),(675,2,97,0,0,'0.0000',2,'0.0000',2,'0.0000',2),(676,0,97,0,0,'0.0000',2,'0.0000',2,'0.0000',2),(677,3,97,0,0,'0.0000',2,'0.0000',2,'0.0000',2),(678,5,97,0,0,'0.0000',2,'0.0000',2,'0.0000',2),(679,1,97,0,0,'0.0000',2,'0.0000',2,'0.0000',2),(680,3,98,0,0,'0.0000',2,'0.0000',2,'0.0000',2),(681,5,98,0,0,'0.0000',2,'0.0000',2,'0.0000',2),(682,4,98,0,0,'0.0000',2,'0.0000',2,'0.0000',2),(683,2,98,0,0,'0.0000',2,'0.0000',2,'0.0000',2),(684,6,98,0,0,'0.0000',2,'0.0000',2,'0.0000',2),(685,1,98,0,0,'0.0000',2,'0.0000',2,'0.0000',2),(686,0,98,0,0,'0.0000',2,'0.0000',2,'0.0000',2),(687,2,99,0,0,'0.0000',2,'0.0000',2,'0.0000',2),(688,5,99,0,0,'0.0000',2,'0.0000',2,'0.0000',2),(689,4,99,0,0,'0.0000',2,'0.0000',2,'0.0000',2),(690,1,99,0,0,'0.0000',2,'0.0000',2,'0.0000',2),(691,3,99,0,0,'0.0000',2,'0.0000',2,'0.0000',2),(692,6,99,0,0,'0.0000',2,'0.0000',2,'0.0000',2),(693,0,99,0,0,'0.0000',2,'0.0000',2,'0.0000',2),(694,5,100,0,0,'0.0000',2,'0.0000',2,'0.0000',2),(695,4,100,0,0,'0.0000',2,'0.0000',2,'0.0000',2),(696,3,100,0,0,'0.0000',2,'0.0000',2,'0.0000',2),(697,2,100,0,0,'0.0000',2,'0.0000',2,'0.0000',2),(698,1,100,0,0,'0.0000',2,'0.0000',2,'0.0000',2),(699,6,100,0,0,'0.0000',2,'0.0000',2,'0.0000',2),(700,0,100,0,0,'0.0000',2,'0.0000',2,'0.0000',2),(701,5,101,0,0,'0.0000',2,'0.0000',2,'0.0000',2),(702,0,101,0,0,'0.0000',2,'0.0000',2,'0.0000',2),(703,3,101,0,0,'0.0000',2,'0.0000',2,'0.0000',2),(704,2,101,0,0,'0.0000',2,'0.0000',2,'0.0000',2),(705,4,101,0,0,'0.0000',2,'0.0000',2,'0.0000',2),(706,1,101,0,0,'0.0000',2,'0.0000',2,'0.0000',2),(707,6,101,0,0,'0.0000',2,'0.0000',2,'0.0000',2),(708,5,102,0,0,'0.0000',2,'0.0000',2,'0.0000',2),(709,1,102,0,0,'0.0000',2,'0.0000',2,'0.0000',2),(710,4,102,0,0,'0.0000',2,'0.0000',2,'0.0000',2),(711,6,102,0,0,'0.0000',2,'0.0000',2,'0.0000',2),(712,2,102,0,0,'0.0000',2,'0.0000',2,'0.0000',2),(713,3,102,0,0,'0.0000',2,'0.0000',2,'0.0000',2),(714,0,102,0,0,'0.0000',2,'0.0000',2,'0.0000',2),(715,3,103,0,0,'0.0000',2,'0.0000',2,'0.0000',2),(716,0,103,0,0,'0.0000',2,'0.0000',2,'0.0000',2),(717,6,103,0,0,'0.0000',2,'0.0000',2,'0.0000',2),(718,5,103,0,0,'0.0000',2,'0.0000',2,'0.0000',2),(719,2,103,0,0,'0.0000',2,'0.0000',2,'0.0000',2),(720,4,103,0,0,'0.0000',2,'0.0000',2,'0.0000',2),(721,1,103,0,0,'0.0000',2,'0.0000',2,'0.0000',2),(722,4,104,0,0,'0.0000',2,'0.0000',2,'0.0000',2),(723,2,104,0,0,'0.0000',2,'0.0000',2,'0.0000',2),(724,5,104,0,0,'0.0000',2,'0.0000',2,'0.0000',2),(725,0,104,0,0,'0.0000',2,'0.0000',2,'0.0000',2),(726,6,104,0,0,'0.0000',2,'0.0000',2,'0.0000',2),(727,1,104,0,0,'0.0000',2,'0.0000',2,'0.0000',2),(728,3,104,0,0,'0.0000',2,'0.0000',2,'0.0000',2),(729,6,105,0,0,'0.0000',2,'0.0000',2,'0.0000',2),(730,2,105,0,0,'0.0000',2,'0.0000',2,'0.0000',2),(731,5,105,0,0,'0.0000',2,'0.0000',2,'0.0000',2),(732,1,105,0,0,'0.0000',2,'0.0000',2,'0.0000',2),(733,4,105,0,0,'0.0000',2,'0.0000',2,'0.0000',2),(734,3,105,0,0,'0.0000',2,'0.0000',2,'0.0000',2),(735,0,105,0,0,'0.0000',2,'0.0000',2,'0.0000',2),(736,0,106,0,0,'0.0000',2,'0.0000',2,'0.0000',2),(737,4,106,0,0,'0.0000',2,'0.0000',2,'0.0000',2),(738,3,106,0,0,'0.0000',2,'0.0000',2,'0.0000',2),(739,2,106,0,0,'0.0000',2,'0.0000',2,'0.0000',2),(740,1,106,0,0,'0.0000',2,'0.0000',2,'0.0000',2),(741,5,106,0,0,'0.0000',2,'0.0000',2,'0.0000',2),(742,6,106,0,0,'0.0000',2,'0.0000',2,'0.0000',2),(743,5,107,0,0,'0.0000',2,'0.0000',2,'0.0000',2),(744,0,107,0,0,'0.0000',2,'0.0000',2,'0.0000',2),(745,2,107,0,0,'0.0000',2,'0.0000',2,'0.0000',2),(746,1,107,0,0,'0.0000',2,'0.0000',2,'0.0000',2),(747,6,107,0,0,'0.0000',2,'0.0000',2,'0.0000',2),(748,3,107,0,0,'0.0000',2,'0.0000',2,'0.0000',2),(749,4,107,0,0,'0.0000',2,'0.0000',2,'0.0000',2),(750,3,108,0,0,'0.0000',2,'0.0000',2,'0.0000',2),(751,1,108,0,0,'0.0000',2,'0.0000',2,'0.0000',2),(752,0,108,0,0,'0.0000',2,'0.0000',2,'0.0000',2),(753,5,108,0,0,'0.0000',2,'0.0000',2,'0.0000',2),(754,2,108,0,0,'0.0000',2,'0.0000',2,'0.0000',2),(755,6,108,0,0,'0.0000',2,'0.0000',2,'0.0000',2),(756,4,108,0,0,'0.0000',2,'0.0000',2,'0.0000',2),(757,5,109,0,0,'0.0000',2,'0.0000',2,'0.0000',2),(758,2,109,0,0,'0.0000',2,'0.0000',2,'0.0000',2),(759,4,109,0,0,'0.0000',2,'0.0000',2,'0.0000',2),(760,3,109,0,0,'0.0000',2,'0.0000',2,'0.0000',2),(761,0,109,0,0,'0.0000',2,'0.0000',2,'0.0000',2),(762,1,109,0,0,'0.0000',2,'0.0000',2,'0.0000',2),(763,6,109,0,0,'0.0000',2,'0.0000',2,'0.0000',2),(764,0,110,0,0,'0.0000',2,'0.0000',2,'0.0000',2),(765,5,110,0,0,'0.0000',2,'0.0000',2,'0.0000',2),(766,2,110,0,0,'0.0000',2,'0.0000',2,'0.0000',2),(767,1,110,0,0,'0.0000',2,'0.0000',2,'0.0000',2),(768,4,110,0,0,'0.0000',2,'0.0000',2,'0.0000',2),(769,3,110,0,0,'0.0000',2,'0.0000',2,'0.0000',2),(770,6,110,0,0,'0.0000',2,'0.0000',2,'0.0000',2),(771,3,111,0,0,'0.0000',2,'0.0000',2,'0.0000',2),(772,5,111,0,0,'0.0000',2,'0.0000',2,'0.0000',2),(773,1,111,0,0,'0.0000',2,'0.0000',2,'0.0000',2),(774,0,111,0,0,'0.0000',2,'0.0000',2,'0.0000',2),(775,6,111,0,0,'0.0000',2,'0.0000',2,'0.0000',2),(776,2,111,0,0,'0.0000',2,'0.0000',2,'0.0000',2),(777,4,111,0,0,'0.0000',2,'0.0000',2,'0.0000',2),(778,6,112,0,0,'0.0000',2,'0.0000',2,'0.0000',2),(779,3,112,0,0,'0.0000',2,'0.0000',2,'0.0000',2),(780,4,112,0,0,'0.0000',2,'0.0000',2,'0.0000',2),(781,0,112,0,0,'0.0000',2,'0.0000',2,'0.0000',2),(782,5,112,0,0,'0.0000',2,'0.0000',2,'0.0000',2),(783,2,112,0,0,'0.0000',2,'0.0000',2,'0.0000',2),(784,1,112,0,0,'0.0000',2,'0.0000',2,'0.0000',2),(785,2,113,0,0,'0.0000',2,'0.0000',2,'0.0000',2),(786,3,113,0,0,'0.0000',2,'0.0000',2,'0.0000',2),(787,1,113,0,0,'0.0000',2,'0.0000',2,'0.0000',2),(788,0,113,0,0,'0.0000',2,'0.0000',2,'0.0000',2),(789,5,113,0,0,'0.0000',2,'0.0000',2,'0.0000',2),(790,4,113,0,0,'0.0000',2,'0.0000',2,'0.0000',2),(791,6,113,0,0,'0.0000',2,'0.0000',2,'0.0000',2),(792,1,114,0,0,'0.0000',2,'0.0000',2,'0.0000',2),(793,6,114,0,0,'0.0000',2,'0.0000',2,'0.0000',2),(794,5,114,0,0,'0.0000',2,'0.0000',2,'0.0000',2),(795,3,114,0,0,'0.0000',2,'0.0000',2,'0.0000',2),(796,2,114,0,0,'0.0000',2,'0.0000',2,'0.0000',2),(797,4,114,0,0,'0.0000',2,'0.0000',2,'0.0000',2),(798,0,114,0,0,'0.0000',2,'0.0000',2,'0.0000',2),(799,6,115,0,0,'0.0000',2,'0.0000',2,'0.0000',2),(800,1,115,0,0,'0.0000',2,'0.0000',2,'0.0000',2),(801,0,115,0,0,'0.0000',2,'0.0000',2,'0.0000',2),(802,4,115,0,0,'0.0000',2,'0.0000',2,'0.0000',2),(803,5,115,0,0,'0.0000',2,'0.0000',2,'0.0000',2),(804,3,115,0,0,'0.0000',2,'0.0000',2,'0.0000',2),(805,2,115,0,0,'0.0000',2,'0.0000',2,'0.0000',2),(806,3,116,0,0,'0.0000',2,'0.0000',2,'0.0000',2),(807,0,116,0,0,'0.0000',2,'0.0000',2,'0.0000',2),(808,5,116,0,0,'0.0000',2,'0.0000',2,'0.0000',2),(809,6,116,0,0,'0.0000',2,'0.0000',2,'0.0000',2),(810,1,116,0,0,'0.0000',2,'0.0000',2,'0.0000',2),(811,2,116,0,0,'0.0000',2,'0.0000',2,'0.0000',2),(812,4,116,0,0,'0.0000',2,'0.0000',2,'0.0000',2),(813,1,117,0,0,'0.0000',2,'0.0000',2,'0.0000',2),(814,5,117,0,0,'0.0000',2,'0.0000',2,'0.0000',2),(815,4,117,0,0,'0.0000',2,'0.0000',2,'0.0000',2),(816,0,117,0,0,'0.0000',2,'0.0000',2,'0.0000',2),(817,6,117,0,0,'0.0000',2,'0.0000',2,'0.0000',2),(818,2,117,0,0,'0.0000',2,'0.0000',2,'0.0000',2),(819,3,117,0,0,'0.0000',2,'0.0000',2,'0.0000',2),(820,1,118,0,0,'0.0000',2,'0.0000',2,'0.0000',2),(821,0,118,0,0,'0.0000',2,'0.0000',2,'0.0000',2),(822,2,118,0,0,'0.0000',2,'0.0000',2,'0.0000',2),(823,5,118,0,0,'0.0000',2,'0.0000',2,'0.0000',2),(824,3,118,0,0,'0.0000',2,'0.0000',2,'0.0000',2),(825,6,118,0,0,'0.0000',2,'0.0000',2,'0.0000',2),(826,4,118,0,0,'0.0000',2,'0.0000',2,'0.0000',2),(827,6,119,0,0,'0.0000',2,'0.0000',2,'0.0000',2),(828,5,119,0,0,'0.0000',2,'0.0000',2,'0.0000',2),(829,1,119,0,0,'0.0000',2,'0.0000',2,'0.0000',2),(830,0,119,0,0,'0.0000',2,'0.0000',2,'0.0000',2),(831,3,119,0,0,'0.0000',2,'0.0000',2,'0.0000',2),(832,4,119,0,0,'0.0000',2,'0.0000',2,'0.0000',2),(833,2,119,0,0,'0.0000',2,'0.0000',2,'0.0000',2),(834,3,120,0,0,'0.0000',2,'0.0000',2,'0.0000',2),(835,4,120,0,0,'0.0000',2,'0.0000',2,'0.0000',2),(836,2,120,0,0,'0.0000',2,'0.0000',2,'0.0000',2),(837,6,120,0,0,'0.0000',2,'0.0000',2,'0.0000',2),(838,5,120,0,0,'0.0000',2,'0.0000',2,'0.0000',2),(839,1,120,0,0,'0.0000',2,'0.0000',2,'0.0000',2),(840,0,120,0,0,'0.0000',2,'0.0000',2,'0.0000',2),(841,5,121,0,0,'0.0000',2,'0.0000',2,'0.0000',2),(842,1,121,0,0,'0.0000',2,'0.0000',2,'0.0000',2),(843,6,121,0,0,'0.0000',2,'0.0000',2,'0.0000',2),(844,0,121,0,0,'0.0000',2,'0.0000',2,'0.0000',2),(845,3,121,0,0,'0.0000',2,'0.0000',2,'0.0000',2),(846,2,121,0,0,'0.0000',2,'0.0000',2,'0.0000',2),(847,4,121,0,0,'0.0000',2,'0.0000',2,'0.0000',2),(848,0,122,0,0,'0.0000',2,'0.0000',2,'0.0000',2),(849,6,122,0,0,'0.0000',2,'0.0000',2,'0.0000',2),(850,3,122,0,0,'0.0000',2,'0.0000',2,'0.0000',2),(851,4,122,0,0,'0.0000',2,'0.0000',2,'0.0000',2),(852,2,122,0,0,'0.0000',2,'0.0000',2,'0.0000',2),(853,5,122,0,0,'0.0000',2,'0.0000',2,'0.0000',2),(854,1,122,0,0,'0.0000',2,'0.0000',2,'0.0000',2),(855,2,123,0,0,'0.0000',2,'0.0000',2,'0.0000',2),(856,5,123,0,0,'0.0000',2,'0.0000',2,'0.0000',2),(857,0,123,0,0,'0.0000',2,'0.0000',2,'0.0000',2),(858,6,123,0,0,'0.0000',2,'0.0000',2,'0.0000',2),(859,1,123,0,0,'0.0000',2,'0.0000',2,'0.0000',2),(860,3,123,0,0,'0.0000',2,'0.0000',2,'0.0000',2),(861,4,123,0,0,'0.0000',2,'0.0000',2,'0.0000',2),(862,2,124,0,0,'0.0000',2,'0.0000',2,'0.0000',2),(863,0,124,0,0,'0.0000',2,'0.0000',2,'0.0000',2),(864,4,124,0,0,'0.0000',2,'0.0000',2,'0.0000',2),(865,3,124,0,0,'0.0000',2,'0.0000',2,'0.0000',2),(866,6,124,0,0,'0.0000',2,'0.0000',2,'0.0000',2),(867,5,124,0,0,'0.0000',2,'0.0000',2,'0.0000',2),(868,1,124,0,0,'0.0000',2,'0.0000',2,'0.0000',2),(869,2,125,0,0,'0.0000',2,'0.0000',2,'0.0000',2),(870,4,125,0,0,'0.0000',2,'0.0000',2,'0.0000',2),(871,3,125,0,0,'0.0000',2,'0.0000',2,'0.0000',2),(872,0,125,0,0,'0.0000',2,'0.0000',2,'0.0000',2),(873,1,125,0,0,'0.0000',2,'0.0000',2,'0.0000',2),(874,6,125,0,0,'0.0000',2,'0.0000',2,'0.0000',2),(875,5,125,0,0,'0.0000',2,'0.0000',2,'0.0000',2),(876,5,126,0,0,'0.0000',2,'0.0000',2,'0.0000',2),(877,0,126,0,0,'0.0000',2,'0.0000',2,'0.0000',2),(878,6,126,0,0,'0.0000',2,'0.0000',2,'0.0000',2),(879,3,126,0,0,'0.0000',2,'0.0000',2,'0.0000',2),(880,2,126,0,0,'0.0000',2,'0.0000',2,'0.0000',2),(881,4,126,0,0,'0.0000',2,'0.0000',2,'0.0000',2),(882,1,126,0,0,'0.0000',2,'0.0000',2,'0.0000',2),(883,4,127,0,0,'0.0000',2,'0.0000',2,'0.0000',2),(884,6,127,0,0,'0.0000',2,'0.0000',2,'0.0000',2),(885,0,127,0,0,'0.0000',2,'0.0000',2,'0.0000',2),(886,1,127,0,0,'0.0000',2,'0.0000',2,'0.0000',2),(887,3,127,0,0,'0.0000',2,'0.0000',2,'0.0000',2),(888,5,127,0,0,'0.0000',2,'0.0000',2,'0.0000',2),(889,2,127,0,0,'0.0000',2,'0.0000',2,'0.0000',2),(890,3,128,0,0,'0.0000',2,'0.0000',2,'0.0000',2),(891,0,128,0,0,'0.0000',2,'0.0000',2,'0.0000',2),(892,6,128,0,0,'0.0000',2,'0.0000',2,'0.0000',2),(893,2,128,0,0,'0.0000',2,'0.0000',2,'0.0000',2),(894,4,128,0,0,'0.0000',2,'0.0000',2,'0.0000',2),(895,1,128,0,0,'0.0000',2,'0.0000',2,'0.0000',2),(896,5,128,0,0,'0.0000',2,'0.0000',2,'0.0000',2),(897,4,129,0,0,'0.0000',2,'0.0000',2,'0.0000',2),(898,3,129,0,0,'0.0000',2,'0.0000',2,'0.0000',2),(899,6,129,0,0,'0.0000',2,'0.0000',2,'0.0000',2),(900,0,129,0,0,'0.0000',2,'0.0000',2,'0.0000',2),(901,1,129,0,0,'0.0000',2,'0.0000',2,'0.0000',2),(902,2,129,0,0,'0.0000',2,'0.0000',2,'0.0000',2),(903,5,129,0,0,'0.0000',2,'0.0000',2,'0.0000',2),(904,3,130,0,0,'0.0000',2,'0.0000',2,'0.0000',2),(905,1,130,0,0,'0.0000',2,'0.0000',2,'0.0000',2),(906,6,130,0,0,'0.0000',2,'0.0000',2,'0.0000',2),(907,4,130,0,0,'0.0000',2,'0.0000',2,'0.0000',2),(908,5,130,0,0,'0.0000',2,'0.0000',2,'0.0000',2),(909,2,130,0,0,'0.0000',2,'0.0000',2,'0.0000',2),(910,0,130,0,0,'0.0000',2,'0.0000',2,'0.0000',2),(911,3,131,0,0,'0.0000',2,'0.0000',2,'0.0000',2),(912,2,131,0,0,'0.0000',2,'0.0000',2,'0.0000',2),(913,5,131,0,0,'0.0000',2,'0.0000',2,'0.0000',2),(914,6,131,0,0,'0.0000',2,'0.0000',2,'0.0000',2),(915,4,131,0,0,'0.0000',2,'0.0000',2,'0.0000',2),(916,1,131,0,0,'0.0000',2,'0.0000',2,'0.0000',2),(917,0,131,0,0,'0.0000',2,'0.0000',2,'0.0000',2),(918,2,132,0,0,'0.0000',2,'0.0000',2,'0.0000',2),(919,3,132,0,0,'0.0000',2,'0.0000',2,'0.0000',2),(920,4,132,0,0,'0.0000',2,'0.0000',2,'0.0000',2),(921,6,132,0,0,'0.0000',2,'0.0000',2,'0.0000',2),(922,5,132,0,0,'0.0000',2,'0.0000',2,'0.0000',2),(923,0,132,0,0,'0.0000',2,'0.0000',2,'0.0000',2),(924,1,132,0,0,'0.0000',2,'0.0000',2,'0.0000',2),(925,1,133,0,0,'0.0000',2,'0.0000',2,'0.0000',2),(926,2,133,0,0,'0.0000',2,'0.0000',2,'0.0000',2),(927,6,133,0,0,'0.0000',2,'0.0000',2,'0.0000',2),(928,5,133,0,0,'0.0000',2,'0.0000',2,'0.0000',2),(929,3,133,0,0,'0.0000',2,'0.0000',2,'0.0000',2),(930,0,133,0,0,'0.0000',2,'0.0000',2,'0.0000',2),(931,4,133,0,0,'0.0000',2,'0.0000',2,'0.0000',2),(932,1,134,0,0,'0.0000',2,'0.0000',2,'0.0000',2),(933,2,134,0,0,'0.0000',2,'0.0000',2,'0.0000',2),(934,6,134,0,0,'0.0000',2,'0.0000',2,'0.0000',2),(935,5,134,0,0,'0.0000',2,'0.0000',2,'0.0000',2),(936,3,134,0,0,'0.0000',2,'0.0000',2,'0.0000',2),(937,0,134,0,0,'0.0000',2,'0.0000',2,'0.0000',2),(938,4,134,0,0,'0.0000',2,'0.0000',2,'0.0000',2),(939,3,135,0,0,'0.0000',2,'0.0000',2,'0.0000',2),(940,4,135,0,0,'0.0000',2,'0.0000',2,'0.0000',2),(941,2,135,0,0,'0.0000',2,'0.0000',2,'0.0000',2),(942,0,135,0,0,'0.0000',2,'0.0000',2,'0.0000',2),(943,6,135,0,0,'0.0000',2,'0.0000',2,'0.0000',2),(944,5,135,0,0,'0.0000',2,'0.0000',2,'0.0000',2),(945,1,135,0,0,'0.0000',2,'0.0000',2,'0.0000',2),(946,6,136,0,0,'0.0000',2,'0.0000',2,'0.0000',2),(947,0,136,0,0,'0.0000',2,'0.0000',2,'0.0000',2),(948,4,136,0,0,'0.0000',2,'0.0000',2,'0.0000',2),(949,1,136,0,0,'0.0000',2,'0.0000',2,'0.0000',2),(950,5,136,0,0,'0.0000',2,'0.0000',2,'0.0000',2),(951,3,136,0,0,'0.0000',2,'0.0000',2,'0.0000',2),(952,2,136,0,0,'0.0000',2,'0.0000',2,'0.0000',2),(953,5,137,0,0,'0.0000',2,'0.0000',2,'0.0000',2),(954,4,137,0,0,'0.0000',2,'0.0000',2,'0.0000',2),(955,1,137,0,0,'0.0000',2,'0.0000',2,'0.0000',2),(956,0,137,0,0,'0.0000',2,'0.0000',2,'0.0000',2),(957,3,137,0,0,'0.0000',2,'0.0000',2,'0.0000',2),(958,2,137,0,0,'0.0000',2,'0.0000',2,'0.0000',2),(959,6,137,0,0,'0.0000',2,'0.0000',2,'0.0000',2),(960,6,138,0,0,'0.0000',2,'0.0000',2,'0.0000',2),(961,1,138,0,0,'0.0000',2,'0.0000',2,'0.0000',2),(962,4,138,0,0,'0.0000',2,'0.0000',2,'0.0000',2),(963,2,138,0,0,'0.0000',2,'0.0000',2,'0.0000',2),(964,3,138,0,0,'0.0000',2,'0.0000',2,'0.0000',2),(965,0,138,0,0,'0.0000',2,'0.0000',2,'0.0000',2),(966,5,138,0,0,'0.0000',2,'0.0000',2,'0.0000',2),(967,2,139,0,0,'0.0000',2,'0.0000',2,'0.0000',2),(968,4,139,0,0,'0.0000',2,'0.0000',2,'0.0000',2),(969,5,139,0,0,'0.0000',2,'0.0000',2,'0.0000',2),(970,3,139,0,0,'0.0000',2,'0.0000',2,'0.0000',2),(971,6,139,0,0,'0.0000',2,'0.0000',2,'0.0000',2),(972,1,139,0,0,'0.0000',2,'0.0000',2,'0.0000',2),(973,0,139,0,0,'0.0000',2,'0.0000',2,'0.0000',2),(974,2,140,0,0,'0.0000',2,'0.0000',2,'0.0000',2),(975,1,140,0,0,'0.0000',2,'0.0000',2,'0.0000',2),(976,5,140,0,0,'0.0000',2,'0.0000',2,'0.0000',2),(977,4,140,0,0,'0.0000',2,'0.0000',2,'0.0000',2),(978,3,140,0,0,'0.0000',2,'0.0000',2,'0.0000',2),(979,0,140,0,0,'0.0000',2,'0.0000',2,'0.0000',2),(980,6,140,0,0,'0.0000',2,'0.0000',2,'0.0000',2),(981,4,141,0,0,'0.0000',2,'0.0000',2,'0.0000',2),(982,5,141,0,0,'0.0000',2,'0.0000',2,'0.0000',2),(983,1,141,0,0,'0.0000',2,'0.0000',2,'0.0000',2),(984,2,141,0,0,'0.0000',2,'0.0000',2,'0.0000',2),(985,0,141,0,0,'0.0000',2,'0.0000',2,'0.0000',2),(986,6,141,0,0,'0.0000',2,'0.0000',2,'0.0000',2),(987,3,141,0,0,'0.0000',2,'0.0000',2,'0.0000',2),(988,5,142,0,0,'0.0000',2,'0.0000',2,'0.0000',2),(989,4,142,0,0,'0.0000',2,'0.0000',2,'0.0000',2),(990,3,142,0,0,'0.0000',2,'0.0000',2,'0.0000',2),(991,6,142,0,0,'0.0000',2,'0.0000',2,'0.0000',2),(992,2,142,0,0,'0.0000',2,'0.0000',2,'0.0000',2),(993,1,142,0,0,'0.0000',2,'0.0000',2,'0.0000',2),(994,0,142,0,0,'0.0000',2,'0.0000',2,'0.0000',2),(995,6,143,0,0,'0.0000',2,'0.0000',2,'0.0000',2),(996,0,143,0,0,'0.0000',2,'0.0000',2,'0.0000',2),(997,4,143,0,0,'0.0000',2,'0.0000',2,'0.0000',2),(998,3,143,0,0,'0.0000',2,'0.0000',2,'0.0000',2),(999,5,143,0,0,'0.0000',2,'0.0000',2,'0.0000',2),(1000,1,143,0,0,'0.0000',2,'0.0000',2,'0.0000',2),(1001,2,143,0,0,'0.0000',2,'0.0000',2,'0.0000',2),(1002,3,144,0,0,'0.0000',2,'0.0000',2,'0.0000',2),(1003,1,144,0,0,'0.0000',2,'0.0000',2,'0.0000',2),(1004,0,144,0,0,'0.0000',2,'0.0000',2,'0.0000',2),(1005,6,144,0,0,'0.0000',2,'0.0000',2,'0.0000',2),(1006,4,144,0,0,'0.0000',2,'0.0000',2,'0.0000',2),(1007,2,144,0,0,'0.0000',2,'0.0000',2,'0.0000',2),(1008,5,144,0,0,'0.0000',2,'0.0000',2,'0.0000',2),(1009,6,145,0,0,'0.0000',2,'0.0000',2,'0.0000',2),(1010,3,145,0,0,'0.0000',2,'0.0000',2,'0.0000',2),(1011,0,145,0,0,'0.0000',2,'0.0000',2,'0.0000',2),(1012,4,145,0,0,'0.0000',2,'0.0000',2,'0.0000',2),(1013,2,145,0,0,'0.0000',2,'0.0000',2,'0.0000',2),(1014,1,145,0,0,'0.0000',2,'0.0000',2,'0.0000',2),(1015,5,145,0,0,'0.0000',2,'0.0000',2,'0.0000',2),(1016,1,146,0,0,'0.0000',2,'0.0000',2,'0.0000',2),(1017,3,146,0,0,'0.0000',2,'0.0000',2,'0.0000',2),(1018,5,146,0,0,'0.0000',2,'0.0000',2,'0.0000',2),(1019,0,146,0,0,'0.0000',2,'0.0000',2,'0.0000',2),(1020,2,146,0,0,'0.0000',2,'0.0000',2,'0.0000',2),(1021,6,146,0,0,'0.0000',2,'0.0000',2,'0.0000',2),(1022,4,146,0,0,'0.0000',2,'0.0000',2,'0.0000',2),(1023,2,147,0,0,'0.0000',2,'0.0000',2,'0.0000',2),(1024,0,147,0,0,'0.0000',2,'0.0000',2,'0.0000',2),(1025,1,147,0,0,'0.0000',2,'0.0000',2,'0.0000',2),(1026,3,147,0,0,'0.0000',2,'0.0000',2,'0.0000',2),(1027,6,147,0,0,'0.0000',2,'0.0000',2,'0.0000',2),(1028,4,147,0,0,'0.0000',2,'0.0000',2,'0.0000',2),(1029,5,147,0,0,'0.0000',2,'0.0000',2,'0.0000',2),(1030,2,148,0,0,'0.0000',2,'0.0000',2,'0.0000',2),(1031,4,148,0,0,'0.0000',2,'0.0000',2,'0.0000',2),(1032,6,148,0,0,'0.0000',2,'0.0000',2,'0.0000',2),(1033,5,148,0,0,'0.0000',2,'0.0000',2,'0.0000',2),(1034,3,148,0,0,'0.0000',2,'0.0000',2,'0.0000',2),(1035,1,148,0,0,'0.0000',2,'0.0000',2,'0.0000',2),(1036,0,148,0,0,'0.0000',2,'0.0000',2,'0.0000',2),(1037,0,149,0,0,'0.0000',2,'0.0000',2,'0.0000',2),(1038,5,149,0,0,'0.0000',2,'0.0000',2,'0.0000',2),(1039,3,149,0,0,'0.0000',2,'0.0000',2,'0.0000',2),(1040,4,149,0,0,'0.0000',2,'0.0000',2,'0.0000',2),(1041,6,149,0,0,'0.0000',2,'0.0000',2,'0.0000',2),(1042,1,149,0,0,'0.0000',2,'0.0000',2,'0.0000',2),(1043,2,149,0,0,'0.0000',2,'0.0000',2,'0.0000',2),(1044,3,150,0,0,'0.0000',2,'0.0000',2,'0.0000',2),(1045,6,150,0,0,'0.0000',2,'0.0000',2,'0.0000',2),(1046,0,150,0,0,'0.0000',2,'0.0000',2,'0.0000',2),(1047,2,150,0,0,'0.0000',2,'0.0000',2,'0.0000',2),(1048,5,150,0,0,'0.0000',2,'0.0000',2,'0.0000',2),(1049,4,150,0,0,'0.0000',2,'0.0000',2,'0.0000',2),(1050,1,150,0,0,'0.0000',2,'0.0000',2,'0.0000',2),(1051,0,151,0,0,'0.0000',2,'0.0000',2,'0.0000',2),(1052,2,151,0,0,'0.0000',2,'0.0000',2,'0.0000',2),(1053,3,151,0,0,'0.0000',2,'0.0000',2,'0.0000',2),(1054,5,151,0,0,'0.0000',2,'0.0000',2,'0.0000',2),(1055,4,151,0,0,'0.0000',2,'0.0000',2,'0.0000',2),(1056,1,151,0,0,'0.0000',2,'0.0000',2,'0.0000',2),(1057,6,151,0,0,'0.0000',2,'0.0000',2,'0.0000',2),(1058,6,152,0,0,'0.0000',2,'0.0000',2,'0.0000',2),(1059,3,152,0,0,'0.0000',2,'0.0000',2,'0.0000',2),(1060,2,152,0,0,'0.0000',2,'0.0000',2,'0.0000',2),(1061,4,152,0,0,'0.0000',2,'0.0000',2,'0.0000',2),(1062,5,152,0,0,'0.0000',2,'0.0000',2,'0.0000',2),(1063,0,152,0,0,'0.0000',2,'0.0000',2,'0.0000',2),(1064,1,152,0,0,'0.0000',2,'0.0000',2,'0.0000',2),(1065,3,153,0,0,'0.0000',2,'0.0000',2,'0.0000',2),(1066,2,153,0,0,'0.0000',2,'0.0000',2,'0.0000',2),(1067,0,153,0,0,'0.0000',2,'0.0000',2,'0.0000',2),(1068,5,153,0,0,'0.0000',2,'0.0000',2,'0.0000',2),(1069,6,153,0,0,'0.0000',2,'0.0000',2,'0.0000',2),(1070,4,153,0,0,'0.0000',2,'0.0000',2,'0.0000',2),(1071,1,153,0,0,'0.0000',2,'0.0000',2,'0.0000',2),(1072,4,154,0,0,'0.0000',2,'0.0000',2,'0.0000',2),(1073,2,154,0,0,'0.0000',2,'0.0000',2,'0.0000',2),(1074,0,154,0,0,'0.0000',2,'0.0000',2,'0.0000',2),(1075,3,154,0,0,'0.0000',2,'0.0000',2,'0.0000',2),(1076,1,154,0,0,'0.0000',2,'0.0000',2,'0.0000',2),(1077,6,154,0,0,'0.0000',2,'0.0000',2,'0.0000',2),(1078,5,154,0,0,'0.0000',2,'0.0000',2,'0.0000',2),(1079,3,155,0,0,'0.0000',2,'0.0000',2,'0.0000',2),(1080,1,155,0,0,'0.0000',2,'0.0000',2,'0.0000',2),(1081,4,155,0,0,'0.0000',2,'0.0000',2,'0.0000',2),(1082,6,155,0,0,'0.0000',2,'0.0000',2,'0.0000',2),(1083,0,155,0,0,'0.0000',2,'0.0000',2,'0.0000',2),(1084,2,155,0,0,'0.0000',2,'0.0000',2,'0.0000',2),(1085,5,155,0,0,'0.0000',2,'0.0000',2,'0.0000',2),(1086,0,156,0,0,'0.0000',2,'0.0000',2,'0.0000',2),(1087,6,156,0,0,'0.0000',2,'0.0000',2,'0.0000',2),(1088,4,156,0,0,'0.0000',2,'0.0000',2,'0.0000',2),(1089,3,156,0,0,'0.0000',2,'0.0000',2,'0.0000',2),(1090,1,156,0,0,'0.0000',2,'0.0000',2,'0.0000',2),(1091,2,156,0,0,'0.0000',2,'0.0000',2,'0.0000',2),(1092,5,156,0,0,'0.0000',2,'0.0000',2,'0.0000',2),(1093,6,157,0,0,'0.0000',2,'0.0000',2,'0.0000',2),(1094,1,157,0,0,'0.0000',2,'0.0000',2,'0.0000',2),(1095,2,157,0,0,'0.0000',2,'0.0000',2,'0.0000',2),(1096,3,157,0,0,'0.0000',2,'0.0000',2,'0.0000',2),(1097,5,157,0,0,'0.0000',2,'0.0000',2,'0.0000',2),(1098,4,157,0,0,'0.0000',2,'0.0000',2,'0.0000',2),(1099,0,157,0,0,'0.0000',2,'0.0000',2,'0.0000',2),(1100,2,158,0,0,'0.0000',2,'0.0000',2,'0.0000',2),(1101,1,158,0,0,'0.0000',2,'0.0000',2,'0.0000',2),(1102,6,158,0,0,'0.0000',2,'0.0000',2,'0.0000',2),(1103,4,158,0,0,'0.0000',2,'0.0000',2,'0.0000',2),(1104,3,158,0,0,'0.0000',2,'0.0000',2,'0.0000',2),(1105,0,158,0,0,'0.0000',2,'0.0000',2,'0.0000',2),(1106,5,158,0,0,'0.0000',2,'0.0000',2,'0.0000',2),(1107,0,159,0,0,'0.0000',2,'0.0000',2,'0.0000',2),(1108,5,159,0,0,'0.0000',2,'0.0000',2,'0.0000',2),(1109,4,159,0,0,'0.0000',2,'0.0000',2,'0.0000',2),(1110,2,159,0,0,'0.0000',2,'0.0000',2,'0.0000',2),(1111,3,159,0,0,'0.0000',2,'0.0000',2,'0.0000',2),(1112,1,159,0,0,'0.0000',2,'0.0000',2,'0.0000',2),(1113,6,159,0,0,'0.0000',2,'0.0000',2,'0.0000',2),(1114,6,160,0,0,'0.0000',2,'0.0000',2,'0.0000',2),(1115,5,160,0,0,'0.0000',2,'0.0000',2,'0.0000',2),(1116,1,160,0,0,'0.0000',2,'0.0000',2,'0.0000',2),(1117,4,160,0,0,'0.0000',2,'0.0000',2,'0.0000',2),(1118,2,160,0,0,'0.0000',2,'0.0000',2,'0.0000',2),(1119,0,160,0,0,'0.0000',2,'0.0000',2,'0.0000',2),(1120,3,160,0,0,'0.0000',2,'0.0000',2,'0.0000',2),(1121,3,161,0,0,'0.0000',2,'0.0000',2,'0.0000',2),(1122,2,161,0,0,'0.0000',2,'0.0000',2,'0.0000',2),(1123,5,161,0,0,'0.0000',2,'0.0000',2,'0.0000',2),(1124,0,161,0,0,'0.0000',2,'0.0000',2,'0.0000',2),(1125,1,161,0,0,'0.0000',2,'0.0000',2,'0.0000',2),(1126,6,161,0,0,'0.0000',2,'0.0000',2,'0.0000',2),(1127,4,161,0,0,'0.0000',2,'0.0000',2,'0.0000',2),(1128,0,162,0,0,'0.0000',2,'0.0000',2,'0.0000',2),(1129,3,162,0,0,'0.0000',2,'0.0000',2,'0.0000',2),(1130,6,162,0,0,'0.0000',2,'0.0000',2,'0.0000',2),(1131,2,162,0,0,'0.0000',2,'0.0000',2,'0.0000',2),(1132,5,162,0,0,'0.0000',2,'0.0000',2,'0.0000',2),(1133,4,162,0,0,'0.0000',2,'0.0000',2,'0.0000',2),(1134,1,162,0,0,'0.0000',2,'0.0000',2,'0.0000',2),(1135,3,163,0,0,'0.0000',2,'0.0000',2,'0.0000',2),(1136,2,163,0,0,'0.0000',2,'0.0000',2,'0.0000',2),(1137,0,163,0,0,'0.0000',2,'0.0000',2,'0.0000',2),(1138,1,163,0,0,'0.0000',2,'0.0000',2,'0.0000',2),(1139,6,163,0,0,'0.0000',2,'0.0000',2,'0.0000',2),(1140,4,163,0,0,'0.0000',2,'0.0000',2,'0.0000',2),(1141,5,163,0,0,'0.0000',2,'0.0000',2,'0.0000',2),(1142,6,164,0,0,'0.0000',2,'0.0000',2,'0.0000',2),(1143,0,164,0,0,'0.0000',2,'0.0000',2,'0.0000',2),(1144,5,164,0,0,'0.0000',2,'0.0000',2,'0.0000',2),(1145,2,164,0,0,'0.0000',2,'0.0000',2,'0.0000',2),(1146,4,164,0,0,'0.0000',2,'0.0000',2,'0.0000',2),(1147,3,164,0,0,'0.0000',2,'0.0000',2,'0.0000',2),(1148,1,164,0,0,'0.0000',2,'0.0000',2,'0.0000',2),(1149,2,165,0,0,'0.0000',2,'0.0000',2,'0.0000',2),(1150,5,165,0,0,'0.0000',2,'0.0000',2,'0.0000',2),(1151,1,165,0,0,'0.0000',2,'0.0000',2,'0.0000',2),(1152,6,165,0,0,'0.0000',2,'0.0000',2,'0.0000',2),(1153,4,165,0,0,'0.0000',2,'0.0000',2,'0.0000',2),(1154,3,165,0,0,'0.0000',2,'0.0000',2,'0.0000',2),(1155,0,165,0,0,'0.0000',2,'0.0000',2,'0.0000',2),(1156,6,166,0,0,'0.0000',2,'0.0000',2,'0.0000',2),(1157,3,166,0,0,'0.0000',2,'0.0000',2,'0.0000',2),(1158,0,166,0,0,'0.0000',2,'0.0000',2,'0.0000',2),(1159,4,166,0,0,'0.0000',2,'0.0000',2,'0.0000',2),(1160,2,166,0,0,'0.0000',2,'0.0000',2,'0.0000',2),(1161,5,166,0,0,'0.0000',2,'0.0000',2,'0.0000',2),(1162,1,166,0,0,'0.0000',2,'0.0000',2,'0.0000',2),(1163,5,167,0,0,'0.0000',2,'0.0000',2,'0.0000',2),(1164,3,167,0,0,'0.0000',2,'0.0000',2,'0.0000',2),(1165,2,167,0,0,'0.0000',2,'0.0000',2,'0.0000',2),(1166,6,167,0,0,'0.0000',2,'0.0000',2,'0.0000',2),(1167,0,167,0,0,'0.0000',2,'0.0000',2,'0.0000',2),(1168,4,167,0,0,'0.0000',2,'0.0000',2,'0.0000',2),(1169,1,167,0,0,'0.0000',2,'0.0000',2,'0.0000',2),(1170,3,168,0,0,'0.0000',2,'0.0000',2,'0.0000',2),(1171,6,168,0,0,'0.0000',2,'0.0000',2,'0.0000',2),(1172,1,168,0,0,'0.0000',2,'0.0000',2,'0.0000',2),(1173,4,168,0,0,'0.0000',2,'0.0000',2,'0.0000',2),(1174,2,168,0,0,'0.0000',2,'0.0000',2,'0.0000',2),(1175,0,168,0,0,'0.0000',2,'0.0000',2,'0.0000',2),(1176,5,168,0,0,'0.0000',2,'0.0000',2,'0.0000',2),(1177,1,169,0,0,'0.0000',2,'0.0000',2,'0.0000',2),(1178,3,169,0,0,'0.0000',2,'0.0000',2,'0.0000',2),(1179,0,169,0,0,'0.0000',2,'0.0000',2,'0.0000',2),(1180,2,169,0,0,'0.0000',2,'0.0000',2,'0.0000',2),(1181,6,169,0,0,'0.0000',2,'0.0000',2,'0.0000',2),(1182,4,169,0,0,'0.0000',2,'0.0000',2,'0.0000',2),(1183,5,169,0,0,'0.0000',2,'0.0000',2,'0.0000',2),(1184,3,170,0,0,'0.0000',2,'0.0000',2,'0.0000',2),(1185,1,170,0,0,'0.0000',2,'0.0000',2,'0.0000',2),(1186,5,170,0,0,'0.0000',2,'0.0000',2,'0.0000',2),(1187,6,170,0,0,'0.0000',2,'0.0000',2,'0.0000',2),(1188,0,170,0,0,'0.0000',2,'0.0000',2,'0.0000',2),(1189,2,170,0,0,'0.0000',2,'0.0000',2,'0.0000',2),(1190,4,170,0,0,'0.0000',2,'0.0000',2,'0.0000',2),(1191,4,171,0,0,'0.0000',2,'0.0000',2,'0.0000',2),(1192,6,171,0,0,'0.0000',2,'0.0000',2,'0.0000',2),(1193,5,171,0,0,'0.0000',2,'0.0000',2,'0.0000',2),(1194,3,171,0,0,'0.0000',2,'0.0000',2,'0.0000',2),(1195,1,171,0,0,'0.0000',2,'0.0000',2,'0.0000',2),(1196,2,171,0,0,'0.0000',2,'0.0000',2,'0.0000',2),(1197,0,171,0,0,'0.0000',2,'0.0000',2,'0.0000',2),(1198,4,172,0,0,'0.0000',2,'0.0000',2,'0.0000',2),(1199,3,172,0,0,'0.0000',2,'0.0000',2,'0.0000',2),(1200,0,172,0,0,'0.0000',2,'0.0000',2,'0.0000',2),(1201,5,172,0,0,'0.0000',2,'0.0000',2,'0.0000',2),(1202,2,172,0,0,'0.0000',2,'0.0000',2,'0.0000',2),(1203,1,172,0,0,'0.0000',2,'0.0000',2,'0.0000',2),(1204,6,172,0,0,'0.0000',2,'0.0000',2,'0.0000',2),(1205,3,173,0,0,'0.0000',2,'0.0000',2,'0.0000',2),(1206,1,173,0,0,'0.0000',2,'0.0000',2,'0.0000',2),(1207,0,173,0,0,'0.0000',2,'0.0000',2,'0.0000',2),(1208,5,173,0,0,'0.0000',2,'0.0000',2,'0.0000',2),(1209,6,173,0,0,'0.0000',2,'0.0000',2,'0.0000',2),(1210,4,173,0,0,'0.0000',2,'0.0000',2,'0.0000',2),(1211,2,173,0,0,'0.0000',2,'0.0000',2,'0.0000',2),(1212,6,174,0,0,'0.0000',2,'0.0000',2,'0.0000',2),(1213,3,174,0,0,'0.0000',2,'0.0000',2,'0.0000',2),(1214,5,174,0,0,'0.0000',2,'0.0000',2,'0.0000',2),(1215,0,174,0,0,'0.0000',2,'0.0000',2,'0.0000',2),(1216,4,174,0,0,'0.0000',2,'0.0000',2,'0.0000',2),(1217,1,174,0,0,'0.0000',2,'0.0000',2,'0.0000',2),(1218,2,174,0,0,'0.0000',2,'0.0000',2,'0.0000',2),(1219,3,175,0,0,'0.0000',2,'0.0000',2,'0.0000',2),(1220,6,175,0,0,'0.0000',2,'0.0000',2,'0.0000',2),(1221,4,175,0,0,'0.0000',2,'0.0000',2,'0.0000',2),(1222,5,175,0,0,'0.0000',2,'0.0000',2,'0.0000',2),(1223,2,175,0,0,'0.0000',2,'0.0000',2,'0.0000',2),(1224,0,175,0,0,'0.0000',2,'0.0000',2,'0.0000',2),(1225,1,175,0,0,'0.0000',2,'0.0000',2,'0.0000',2),(1226,4,176,0,0,'0.0000',2,'0.0000',2,'0.0000',2),(1227,6,176,0,0,'0.0000',2,'0.0000',2,'0.0000',2),(1228,3,176,0,0,'0.0000',2,'0.0000',2,'0.0000',2),(1229,1,176,0,0,'0.0000',2,'0.0000',2,'0.0000',2),(1230,5,176,0,0,'0.0000',2,'0.0000',2,'0.0000',2),(1231,2,176,0,0,'0.0000',2,'0.0000',2,'0.0000',2),(1232,0,176,0,0,'0.0000',2,'0.0000',2,'0.0000',2),(1233,6,177,0,0,'0.0000',2,'0.0000',2,'0.0000',2),(1234,0,177,0,0,'0.0000',2,'0.0000',2,'0.0000',2),(1235,3,177,0,0,'0.0000',2,'0.0000',2,'0.0000',2),(1236,5,177,0,0,'0.0000',2,'0.0000',2,'0.0000',2),(1237,4,177,0,0,'0.0000',2,'0.0000',2,'0.0000',2),(1238,2,177,0,0,'0.0000',2,'0.0000',2,'0.0000',2),(1239,1,177,0,0,'0.0000',2,'0.0000',2,'0.0000',2),(1240,6,178,0,0,'0.0000',2,'0.0000',2,'0.0000',2),(1241,0,178,0,0,'0.0000',2,'0.0000',2,'0.0000',2),(1242,5,178,0,0,'0.0000',2,'0.0000',2,'0.0000',2),(1243,4,178,0,0,'0.0000',2,'0.0000',2,'0.0000',2),(1244,1,178,0,0,'0.0000',2,'0.0000',2,'0.0000',2),(1245,2,178,0,0,'0.0000',2,'0.0000',2,'0.0000',2),(1246,3,178,0,0,'0.0000',2,'0.0000',2,'0.0000',2),(1247,2,179,0,0,'0.0000',2,'0.0000',2,'0.0000',2),(1248,5,179,0,0,'0.0000',2,'0.0000',2,'0.0000',2),(1249,4,179,0,0,'0.0000',2,'0.0000',2,'0.0000',2),(1250,6,179,0,0,'0.0000',2,'0.0000',2,'0.0000',2),(1251,0,179,0,0,'0.0000',2,'0.0000',2,'0.0000',2),(1252,3,179,0,0,'0.0000',2,'0.0000',2,'0.0000',2),(1253,1,179,0,0,'0.0000',2,'0.0000',2,'0.0000',2),(1254,5,180,0,0,'0.0000',2,'0.0000',2,'0.0000',2),(1255,3,180,0,0,'0.0000',2,'0.0000',2,'0.0000',2),(1256,6,180,0,0,'0.0000',2,'0.0000',2,'0.0000',2),(1257,0,180,0,0,'0.0000',2,'0.0000',2,'0.0000',2),(1258,4,180,0,0,'0.0000',2,'0.0000',2,'0.0000',2),(1259,2,180,0,0,'0.0000',2,'0.0000',2,'0.0000',2),(1260,1,180,0,0,'0.0000',2,'0.0000',2,'0.0000',2),(1261,4,181,0,0,'0.0000',2,'0.0000',2,'0.0000',2),(1262,3,181,0,0,'0.0000',2,'0.0000',2,'0.0000',2),(1263,1,181,0,0,'0.0000',2,'0.0000',2,'0.0000',2),(1264,6,181,0,0,'0.0000',2,'0.0000',2,'0.0000',2),(1265,5,181,0,0,'0.0000',2,'0.0000',2,'0.0000',2),(1266,2,181,0,0,'0.0000',2,'0.0000',2,'0.0000',2),(1267,0,181,0,0,'0.0000',2,'0.0000',2,'0.0000',2),(1268,3,182,0,0,'0.0000',2,'0.0000',2,'0.0000',2),(1269,2,182,0,0,'0.0000',2,'0.0000',2,'0.0000',2),(1270,5,182,0,0,'0.0000',2,'0.0000',2,'0.0000',2),(1271,0,182,0,0,'0.0000',2,'0.0000',2,'0.0000',2),(1272,6,182,0,0,'0.0000',2,'0.0000',2,'0.0000',2),(1273,1,182,0,0,'0.0000',2,'0.0000',2,'0.0000',2),(1274,4,182,0,0,'0.0000',2,'0.0000',2,'0.0000',2),(1275,5,183,0,0,'0.0000',2,'0.0000',2,'0.0000',2),(1276,0,183,0,0,'0.0000',2,'0.0000',2,'0.0000',2),(1277,4,183,0,0,'0.0000',2,'0.0000',2,'0.0000',2),(1278,3,183,0,0,'0.0000',2,'0.0000',2,'0.0000',2),(1279,6,183,0,0,'0.0000',2,'0.0000',2,'0.0000',2),(1280,2,183,0,0,'0.0000',2,'0.0000',2,'0.0000',2),(1281,1,183,0,0,'0.0000',2,'0.0000',2,'0.0000',2),(1282,3,184,0,0,'0.0000',2,'0.0000',2,'0.0000',2),(1283,2,184,0,0,'0.0000',2,'0.0000',2,'0.0000',2),(1284,5,184,0,0,'0.0000',2,'0.0000',2,'0.0000',2),(1285,6,184,0,0,'0.0000',2,'0.0000',2,'0.0000',2),(1286,1,184,0,0,'0.0000',2,'0.0000',2,'0.0000',2),(1287,4,184,0,0,'0.0000',2,'0.0000',2,'0.0000',2),(1288,0,184,0,0,'0.0000',2,'0.0000',2,'0.0000',2),(1289,4,185,0,0,'0.0000',2,'0.0000',2,'0.0000',2),(1290,2,185,0,0,'0.0000',2,'0.0000',2,'0.0000',2),(1291,5,185,0,0,'0.0000',2,'0.0000',2,'0.0000',2),(1292,3,185,0,0,'0.0000',2,'0.0000',2,'0.0000',2),(1293,1,185,0,0,'0.0000',2,'0.0000',2,'0.0000',2),(1294,0,185,0,0,'0.0000',2,'0.0000',2,'0.0000',2),(1295,6,185,0,0,'0.0000',2,'0.0000',2,'0.0000',2),(1296,6,186,0,0,'0.0000',2,'0.0000',2,'0.0000',2),(1297,4,186,0,0,'0.0000',2,'0.0000',2,'0.0000',2),(1298,0,186,0,0,'0.0000',2,'0.0000',2,'0.0000',2),(1299,3,186,0,0,'0.0000',2,'0.0000',2,'0.0000',2),(1300,1,186,0,0,'0.0000',2,'0.0000',2,'0.0000',2),(1301,2,186,0,0,'0.0000',2,'0.0000',2,'0.0000',2),(1302,5,186,0,0,'0.0000',2,'0.0000',2,'0.0000',2),(1303,5,187,0,0,'0.0000',2,'0.0000',2,'0.0000',2),(1304,6,187,0,0,'0.0000',2,'0.0000',2,'0.0000',2),(1305,1,187,0,0,'0.0000',2,'0.0000',2,'0.0000',2),(1306,0,187,0,0,'0.0000',2,'0.0000',2,'0.0000',2),(1307,3,187,0,0,'0.0000',2,'0.0000',2,'0.0000',2),(1308,4,187,0,0,'0.0000',2,'0.0000',2,'0.0000',2),(1309,2,187,0,0,'0.0000',2,'0.0000',2,'0.0000',2),(1310,5,188,0,0,'0.0000',2,'0.0000',2,'0.0000',2),(1311,2,188,0,0,'0.0000',2,'0.0000',2,'0.0000',2),(1312,4,188,0,0,'0.0000',2,'0.0000',2,'0.0000',2),(1313,6,188,0,0,'0.0000',2,'0.0000',2,'0.0000',2),(1314,1,188,0,0,'0.0000',2,'0.0000',2,'0.0000',2),(1315,0,188,0,0,'0.0000',2,'0.0000',2,'0.0000',2),(1316,3,188,0,0,'0.0000',2,'0.0000',2,'0.0000',2),(1317,3,189,0,0,'0.0000',2,'0.0000',2,'0.0000',2),(1318,0,189,0,0,'0.0000',2,'0.0000',2,'0.0000',2),(1319,6,189,0,0,'0.0000',2,'0.0000',2,'0.0000',2),(1320,5,189,0,0,'0.0000',2,'0.0000',2,'0.0000',2),(1321,2,189,0,0,'0.0000',2,'0.0000',2,'0.0000',2),(1322,1,189,0,0,'0.0000',2,'0.0000',2,'0.0000',2),(1323,4,189,0,0,'0.0000',2,'0.0000',2,'0.0000',2),(1324,3,190,0,0,'0.0000',2,'0.0000',2,'0.0000',2),(1325,4,190,0,0,'0.0000',2,'0.0000',2,'0.0000',2),(1326,0,190,0,0,'0.0000',2,'0.0000',2,'0.0000',2),(1327,1,190,0,0,'0.0000',2,'0.0000',2,'0.0000',2),(1328,2,190,0,0,'0.0000',2,'0.0000',2,'0.0000',2),(1329,6,190,0,0,'0.0000',2,'0.0000',2,'0.0000',2),(1330,5,190,0,0,'0.0000',2,'0.0000',2,'0.0000',2),(1331,2,191,0,0,'0.0000',2,'0.0000',2,'0.0000',2),(1332,5,191,0,0,'0.0000',2,'0.0000',2,'0.0000',2),(1333,4,191,0,0,'0.0000',2,'0.0000',2,'0.0000',2),(1334,3,191,0,0,'0.0000',2,'0.0000',2,'0.0000',2),(1335,0,191,0,0,'0.0000',2,'0.0000',2,'0.0000',2),(1336,6,191,0,0,'0.0000',2,'0.0000',2,'0.0000',2),(1337,1,191,0,0,'0.0000',2,'0.0000',2,'0.0000',2),(1338,6,192,0,0,'0.0000',2,'0.0000',2,'0.0000',2),(1339,3,192,0,0,'0.0000',2,'0.0000',2,'0.0000',2),(1340,4,192,0,0,'0.0000',2,'0.0000',2,'0.0000',2),(1341,1,192,0,0,'0.0000',2,'0.0000',2,'0.0000',2),(1342,0,192,0,0,'0.0000',2,'0.0000',2,'0.0000',2),(1343,2,192,0,0,'0.0000',2,'0.0000',2,'0.0000',2),(1344,5,192,0,0,'0.0000',2,'0.0000',2,'0.0000',2),(1345,4,193,0,0,'0.0000',2,'0.0000',2,'0.0000',2),(1346,2,193,0,0,'0.0000',2,'0.0000',2,'0.0000',2),(1347,1,193,0,0,'0.0000',2,'0.0000',2,'0.0000',2),(1348,5,193,0,0,'0.0000',2,'0.0000',2,'0.0000',2),(1349,0,193,0,0,'0.0000',2,'0.0000',2,'0.0000',2),(1350,6,193,0,0,'0.0000',2,'0.0000',2,'0.0000',2),(1351,3,193,0,0,'0.0000',2,'0.0000',2,'0.0000',2),(1352,6,194,0,0,'0.0000',2,'0.0000',2,'0.0000',2),(1353,4,194,0,0,'0.0000',2,'0.0000',2,'0.0000',2),(1354,3,194,0,0,'0.0000',2,'0.0000',2,'0.0000',2),(1355,2,194,0,0,'0.0000',2,'0.0000',2,'0.0000',2),(1356,5,194,0,0,'0.0000',2,'0.0000',2,'0.0000',2),(1357,0,194,0,0,'0.0000',2,'0.0000',2,'0.0000',2),(1358,1,194,0,0,'0.0000',2,'0.0000',2,'0.0000',2),(1359,1,195,0,0,'0.0000',2,'0.0000',2,'0.0000',2),(1360,3,195,0,0,'0.0000',2,'0.0000',2,'0.0000',2),(1361,6,195,0,0,'0.0000',2,'0.0000',2,'0.0000',2),(1362,4,195,0,0,'0.0000',2,'0.0000',2,'0.0000',2),(1363,0,195,0,0,'0.0000',2,'0.0000',2,'0.0000',2),(1364,5,195,0,0,'0.0000',2,'0.0000',2,'0.0000',2),(1365,2,195,0,0,'0.0000',2,'0.0000',2,'0.0000',2),(1366,3,196,0,0,'0.0000',2,'0.0000',2,'0.0000',2),(1367,1,196,0,0,'0.0000',2,'0.0000',2,'0.0000',2),(1368,0,196,0,0,'0.0000',2,'0.0000',2,'0.0000',2),(1369,2,196,0,0,'0.0000',2,'0.0000',2,'0.0000',2),(1370,4,196,0,0,'0.0000',2,'0.0000',2,'0.0000',2),(1371,6,196,0,0,'0.0000',2,'0.0000',2,'0.0000',2),(1372,5,196,0,0,'0.0000',2,'0.0000',2,'0.0000',2),(1373,3,197,0,0,'0.0000',2,'0.0000',2,'0.0000',2),(1374,6,197,0,0,'0.0000',2,'0.0000',2,'0.0000',2),(1375,1,197,0,0,'0.0000',2,'0.0000',2,'0.0000',2),(1376,4,197,0,0,'0.0000',2,'0.0000',2,'0.0000',2),(1377,5,197,0,0,'0.0000',2,'0.0000',2,'0.0000',2),(1378,2,197,0,0,'0.0000',2,'0.0000',2,'0.0000',2),(1379,0,197,0,0,'0.0000',2,'0.0000',2,'0.0000',2),(1380,4,198,0,0,'0.0000',2,'0.0000',2,'0.0000',2),(1381,0,198,0,0,'0.0000',2,'0.0000',2,'0.0000',2),(1382,1,198,0,0,'0.0000',2,'0.0000',2,'0.0000',2),(1383,5,198,0,0,'0.0000',2,'0.0000',2,'0.0000',2),(1384,6,198,0,0,'0.0000',2,'0.0000',2,'0.0000',2),(1385,3,198,0,0,'0.0000',2,'0.0000',2,'0.0000',2),(1386,2,198,0,0,'0.0000',2,'0.0000',2,'0.0000',2),(1387,4,199,0,0,'0.0000',2,'0.0000',2,'0.0000',2),(1388,0,199,0,0,'0.0000',2,'0.0000',2,'0.0000',2),(1389,5,199,0,0,'0.0000',2,'0.0000',2,'0.0000',2),(1390,1,199,0,0,'0.0000',2,'0.0000',2,'0.0000',2),(1391,3,199,0,0,'0.0000',2,'0.0000',2,'0.0000',2),(1392,2,199,0,0,'0.0000',2,'0.0000',2,'0.0000',2),(1393,6,199,0,0,'0.0000',2,'0.0000',2,'0.0000',2),(1394,6,200,0,0,'0.0000',2,'0.0000',2,'0.0000',2),(1395,3,200,0,0,'0.0000',2,'0.0000',2,'0.0000',2),(1396,4,200,0,0,'0.0000',2,'0.0000',2,'0.0000',2),(1397,0,200,0,0,'0.0000',2,'0.0000',2,'0.0000',2),(1398,1,200,0,0,'0.0000',2,'0.0000',2,'0.0000',2),(1399,2,200,0,0,'0.0000',2,'0.0000',2,'0.0000',2),(1400,5,200,0,0,'0.0000',2,'0.0000',2,'0.0000',2),(1401,4,201,0,0,'0.0000',2,'0.0000',2,'0.0000',2),(1402,6,201,0,0,'0.0000',2,'0.0000',2,'0.0000',2),(1403,3,201,0,0,'0.0000',2,'0.0000',2,'0.0000',2),(1404,5,201,0,0,'0.0000',2,'0.0000',2,'0.0000',2),(1405,1,201,0,0,'0.0000',2,'0.0000',2,'0.0000',2),(1406,2,201,0,0,'0.0000',2,'0.0000',2,'0.0000',2),(1407,0,201,0,0,'0.0000',2,'0.0000',2,'0.0000',2),(1408,1,202,0,0,'0.0000',2,'0.0000',2,'0.0000',2),(1409,2,202,0,0,'0.0000',2,'0.0000',2,'0.0000',2),(1410,6,202,0,0,'0.0000',2,'0.0000',2,'0.0000',2),(1411,4,202,0,0,'0.0000',2,'0.0000',2,'0.0000',2),(1412,0,202,0,0,'0.0000',2,'0.0000',2,'0.0000',2),(1413,5,202,0,0,'0.0000',2,'0.0000',2,'0.0000',2),(1414,3,202,0,0,'0.0000',2,'0.0000',2,'0.0000',2),(1415,0,203,0,0,'0.0000',2,'0.0000',2,'0.0000',2),(1416,5,203,0,0,'0.0000',2,'0.0000',2,'0.0000',2),(1417,3,203,0,0,'0.0000',2,'0.0000',2,'0.0000',2),(1418,6,203,0,0,'0.0000',2,'0.0000',2,'0.0000',2),(1419,1,203,0,0,'0.0000',2,'0.0000',2,'0.0000',2),(1420,4,203,0,0,'0.0000',2,'0.0000',2,'0.0000',2),(1421,2,203,0,0,'0.0000',2,'0.0000',2,'0.0000',2),(1422,2,204,0,0,'0.0000',2,'0.0000',2,'0.0000',2),(1423,3,204,0,0,'0.0000',2,'0.0000',2,'0.0000',2),(1424,4,204,0,0,'0.0000',2,'0.0000',2,'0.0000',2),(1425,1,204,0,0,'0.0000',2,'0.0000',2,'0.0000',2),(1426,6,204,0,0,'0.0000',2,'0.0000',2,'0.0000',2),(1427,0,204,0,0,'0.0000',2,'0.0000',2,'0.0000',2),(1428,5,204,0,0,'0.0000',2,'0.0000',2,'0.0000',2),(1429,4,205,0,0,'0.0000',2,'0.0000',2,'0.0000',2),(1430,5,205,0,0,'0.0000',2,'0.0000',2,'0.0000',2),(1431,3,205,0,0,'0.0000',2,'0.0000',2,'0.0000',2),(1432,0,205,0,0,'0.0000',2,'0.0000',2,'0.0000',2),(1433,6,205,0,0,'0.0000',2,'0.0000',2,'0.0000',2),(1434,2,205,0,0,'0.0000',2,'0.0000',2,'0.0000',2),(1435,1,205,0,0,'0.0000',2,'0.0000',2,'0.0000',2),(1436,4,206,0,0,'0.0000',2,'0.0000',2,'0.0000',2),(1437,2,206,0,0,'0.0000',2,'0.0000',2,'0.0000',2),(1438,3,206,0,0,'0.0000',2,'0.0000',2,'0.0000',2),(1439,0,206,0,0,'0.0000',2,'0.0000',2,'0.0000',2),(1440,5,206,0,0,'0.0000',2,'0.0000',2,'0.0000',2),(1441,1,206,0,0,'0.0000',2,'0.0000',2,'0.0000',2),(1442,6,206,0,0,'0.0000',2,'0.0000',2,'0.0000',2),(1443,6,207,0,0,'0.0000',2,'0.0000',2,'0.0000',2),(1444,2,207,0,0,'0.0000',2,'0.0000',2,'0.0000',2),(1445,4,207,0,0,'0.0000',2,'0.0000',2,'0.0000',2),(1446,0,207,0,0,'0.0000',2,'0.0000',2,'0.0000',2),(1447,1,207,0,0,'0.0000',2,'0.0000',2,'0.0000',2),(1448,5,207,0,0,'0.0000',2,'0.0000',2,'0.0000',2),(1449,3,207,0,0,'0.0000',2,'0.0000',2,'0.0000',2),(1450,6,208,0,0,'0.0000',2,'0.0000',2,'0.0000',2),(1451,1,208,0,0,'0.0000',2,'0.0000',2,'0.0000',2),(1452,5,208,0,0,'0.0000',2,'0.0000',2,'0.0000',2),(1453,4,208,0,0,'0.0000',2,'0.0000',2,'0.0000',2),(1454,2,208,0,0,'0.0000',2,'0.0000',2,'0.0000',2),(1455,3,208,0,0,'0.0000',2,'0.0000',2,'0.0000',2),(1456,0,208,0,0,'0.0000',2,'0.0000',2,'0.0000',2),(1457,6,209,0,0,'0.0000',2,'0.0000',2,'0.0000',2),(1458,4,209,0,0,'0.0000',2,'0.0000',2,'0.0000',2),(1459,2,209,0,0,'0.0000',2,'0.0000',2,'0.0000',2),(1460,0,209,0,0,'0.0000',2,'0.0000',2,'0.0000',2),(1461,3,209,0,0,'0.0000',2,'0.0000',2,'0.0000',2),(1462,5,209,0,0,'0.0000',2,'0.0000',2,'0.0000',2),(1463,1,209,0,0,'0.0000',2,'0.0000',2,'0.0000',2),(1464,5,210,0,0,'0.0000',2,'0.0000',2,'0.0000',2),(1465,3,210,0,0,'0.0000',2,'0.0000',2,'0.0000',2),(1466,2,210,0,0,'0.0000',2,'0.0000',2,'0.0000',2),(1467,6,210,0,0,'0.0000',2,'0.0000',2,'0.0000',2),(1468,1,210,0,0,'0.0000',2,'0.0000',2,'0.0000',2),(1469,0,210,0,0,'0.0000',2,'0.0000',2,'0.0000',2),(1470,4,210,0,0,'0.0000',2,'0.0000',2,'0.0000',2),(1471,0,211,0,0,'0.0000',2,'0.0000',2,'0.0000',2),(1472,6,211,0,0,'0.0000',2,'0.0000',2,'0.0000',2),(1473,3,211,0,0,'0.0000',2,'0.0000',2,'0.0000',2),(1474,5,211,0,0,'0.0000',2,'0.0000',2,'0.0000',2),(1475,4,211,0,0,'0.0000',2,'0.0000',2,'0.0000',2),(1476,2,211,0,0,'0.0000',2,'0.0000',2,'0.0000',2),(1477,1,211,0,0,'0.0000',2,'0.0000',2,'0.0000',2),(1478,4,212,0,0,'0.0000',2,'0.0000',2,'0.0000',2),(1479,1,212,0,0,'0.0000',2,'0.0000',2,'0.0000',2),(1480,5,212,0,0,'0.0000',2,'0.0000',2,'0.0000',2),(1481,3,212,0,0,'0.0000',2,'0.0000',2,'0.0000',2),(1482,6,212,0,0,'0.0000',2,'0.0000',2,'0.0000',2),(1483,2,212,0,0,'0.0000',2,'0.0000',2,'0.0000',2),(1484,0,212,0,0,'0.0000',2,'0.0000',2,'0.0000',2),(1485,4,213,0,0,'0.0000',2,'0.0000',2,'0.0000',2),(1486,1,213,0,0,'0.0000',2,'0.0000',2,'0.0000',2),(1487,0,213,0,0,'0.0000',2,'0.0000',2,'0.0000',2),(1488,6,213,0,0,'0.0000',2,'0.0000',2,'0.0000',2),(1489,5,213,0,0,'0.0000',2,'0.0000',2,'0.0000',2),(1490,3,213,0,0,'0.0000',2,'0.0000',2,'0.0000',2),(1491,2,213,0,0,'0.0000',2,'0.0000',2,'0.0000',2),(1492,0,214,0,0,'0.0000',2,'0.0000',2,'0.0000',2),(1493,2,214,0,0,'0.0000',2,'0.0000',2,'0.0000',2),(1494,5,214,0,0,'0.0000',2,'0.0000',2,'0.0000',2),(1495,3,214,0,0,'0.0000',2,'0.0000',2,'0.0000',2),(1496,4,214,0,0,'0.0000',2,'0.0000',2,'0.0000',2),(1497,1,214,0,0,'0.0000',2,'0.0000',2,'0.0000',2),(1498,6,214,0,0,'0.0000',2,'0.0000',2,'0.0000',2),(1499,3,215,0,0,'0.0000',2,'0.0000',2,'0.0000',2),(1500,2,215,0,0,'0.0000',2,'0.0000',2,'0.0000',2),(1501,4,215,0,0,'0.0000',2,'0.0000',2,'0.0000',2),(1502,5,215,0,0,'0.0000',2,'0.0000',2,'0.0000',2),(1503,0,215,0,0,'0.0000',2,'0.0000',2,'0.0000',2),(1504,6,215,0,0,'0.0000',2,'0.0000',2,'0.0000',2),(1505,1,215,0,0,'0.0000',2,'0.0000',2,'0.0000',2),(1506,6,216,0,0,'0.0000',2,'0.0000',2,'0.0000',2),(1507,5,216,0,0,'0.0000',2,'0.0000',2,'0.0000',2),(1508,4,216,0,0,'0.0000',2,'0.0000',2,'0.0000',2),(1509,3,216,0,0,'0.0000',2,'0.0000',2,'0.0000',2),(1510,2,216,0,0,'0.0000',2,'0.0000',2,'0.0000',2),(1511,1,216,0,0,'0.0000',2,'0.0000',2,'0.0000',2),(1512,0,216,0,0,'0.0000',2,'0.0000',2,'0.0000',2),(1513,5,217,0,0,'0.0000',2,'0.0000',2,'0.0000',2),(1514,3,217,0,0,'0.0000',2,'0.0000',2,'0.0000',2),(1515,4,217,0,0,'0.0000',2,'0.0000',2,'0.0000',2),(1516,2,217,0,0,'0.0000',2,'0.0000',2,'0.0000',2),(1517,1,217,0,0,'0.0000',2,'0.0000',2,'0.0000',2),(1518,6,217,0,0,'0.0000',2,'0.0000',2,'0.0000',2),(1519,0,217,0,0,'0.0000',2,'0.0000',2,'0.0000',2),(1520,6,218,0,0,'0.0000',2,'0.0000',2,'0.0000',2),(1521,0,218,0,0,'0.0000',2,'0.0000',2,'0.0000',2),(1522,3,218,0,0,'0.0000',2,'0.0000',2,'0.0000',2),(1523,1,218,0,0,'0.0000',2,'0.0000',2,'0.0000',2),(1524,2,218,0,0,'0.0000',2,'0.0000',2,'0.0000',2),(1525,4,218,0,0,'0.0000',2,'0.0000',2,'0.0000',2),(1526,5,218,0,0,'0.0000',2,'0.0000',2,'0.0000',2),(1527,5,219,0,0,'0.0000',2,'0.0000',2,'0.0000',2),(1528,6,219,0,0,'0.0000',2,'0.0000',2,'0.0000',2),(1529,1,219,0,0,'0.0000',2,'0.0000',2,'0.0000',2),(1530,4,219,0,0,'0.0000',2,'0.0000',2,'0.0000',2),(1531,3,219,0,0,'0.0000',2,'0.0000',2,'0.0000',2),(1532,2,219,0,0,'0.0000',2,'0.0000',2,'0.0000',2),(1533,0,219,0,0,'0.0000',2,'0.0000',2,'0.0000',2),(1534,1,220,0,0,'0.0000',2,'0.0000',2,'0.0000',2),(1535,0,220,0,0,'0.0000',2,'0.0000',2,'0.0000',2),(1536,2,220,0,0,'0.0000',2,'0.0000',2,'0.0000',2),(1537,3,220,0,0,'0.0000',2,'0.0000',2,'0.0000',2),(1538,6,220,0,0,'0.0000',2,'0.0000',2,'0.0000',2),(1539,5,220,0,0,'0.0000',2,'0.0000',2,'0.0000',2),(1540,4,220,0,0,'0.0000',2,'0.0000',2,'0.0000',2),(1541,2,221,0,0,'0.0000',2,'0.0000',2,'0.0000',2),(1542,1,221,0,0,'0.0000',2,'0.0000',2,'0.0000',2),(1543,3,221,0,0,'0.0000',2,'0.0000',2,'0.0000',2),(1544,5,221,0,0,'0.0000',2,'0.0000',2,'0.0000',2),(1545,4,221,0,0,'0.0000',2,'0.0000',2,'0.0000',2),(1546,6,221,0,0,'0.0000',2,'0.0000',2,'0.0000',2),(1547,0,221,0,0,'0.0000',2,'0.0000',2,'0.0000',2),(1548,5,222,0,0,'0.0000',2,'0.0000',2,'0.0000',2),(1549,3,222,0,0,'0.0000',2,'0.0000',2,'0.0000',2),(1550,2,222,0,0,'0.0000',2,'0.0000',2,'0.0000',2),(1551,4,222,0,0,'0.0000',2,'0.0000',2,'0.0000',2),(1552,1,222,0,0,'0.0000',2,'0.0000',2,'0.0000',2),(1553,6,222,0,0,'0.0000',2,'0.0000',2,'0.0000',2),(1554,0,222,0,0,'0.0000',2,'0.0000',2,'0.0000',2),(1555,0,223,0,0,'0.0000',2,'0.0000',2,'0.0000',2),(1556,4,223,0,0,'0.0000',2,'0.0000',2,'0.0000',2),(1557,6,223,0,0,'0.0000',2,'0.0000',2,'0.0000',2),(1558,2,223,0,0,'0.0000',2,'0.0000',2,'0.0000',2),(1559,5,223,0,0,'0.0000',2,'0.0000',2,'0.0000',2),(1560,1,223,0,0,'0.0000',2,'0.0000',2,'0.0000',2),(1561,3,223,0,0,'0.0000',2,'0.0000',2,'0.0000',2),(1562,2,224,0,0,'0.0000',2,'0.0000',2,'0.0000',2),(1563,0,224,0,0,'0.0000',2,'0.0000',2,'0.0000',2),(1564,6,224,0,0,'0.0000',2,'0.0000',2,'0.0000',2),(1565,4,224,0,0,'0.0000',2,'0.0000',2,'0.0000',2),(1566,3,224,0,0,'0.0000',2,'0.0000',2,'0.0000',2),(1567,5,224,0,0,'0.0000',2,'0.0000',2,'0.0000',2),(1568,1,224,0,0,'0.0000',2,'0.0000',2,'0.0000',2),(1569,4,225,0,0,'0.0000',2,'0.0000',2,'0.0000',2),(1570,3,225,0,0,'0.0000',2,'0.0000',2,'0.0000',2),(1571,1,225,0,0,'0.0000',2,'0.0000',2,'0.0000',2),(1572,0,225,0,0,'0.0000',2,'0.0000',2,'0.0000',2),(1573,6,225,0,0,'0.0000',2,'0.0000',2,'0.0000',2),(1574,5,225,0,0,'0.0000',2,'0.0000',2,'0.0000',2),(1575,2,225,0,0,'0.0000',2,'0.0000',2,'0.0000',2),(1576,4,226,0,0,'0.0000',2,'0.0000',2,'0.0000',2),(1577,1,226,0,0,'0.0000',2,'0.0000',2,'0.0000',2),(1578,3,226,0,0,'0.0000',2,'0.0000',2,'0.0000',2),(1579,5,226,0,0,'0.0000',2,'0.0000',2,'0.0000',2),(1580,0,226,0,0,'0.0000',2,'0.0000',2,'0.0000',2),(1581,6,226,0,0,'0.0000',2,'0.0000',2,'0.0000',2),(1582,2,226,0,0,'0.0000',2,'0.0000',2,'0.0000',2),(1583,4,227,0,0,'0.0000',2,'0.0000',2,'0.0000',2),(1584,3,227,0,0,'0.0000',2,'0.0000',2,'0.0000',2),(1585,5,227,0,0,'0.0000',2,'0.0000',2,'0.0000',2),(1586,1,227,0,0,'0.0000',2,'0.0000',2,'0.0000',2),(1587,6,227,0,0,'0.0000',2,'0.0000',2,'0.0000',2),(1588,0,227,0,0,'0.0000',2,'0.0000',2,'0.0000',2),(1589,2,227,0,0,'0.0000',2,'0.0000',2,'0.0000',2),(1590,4,228,0,0,'0.0000',2,'0.0000',2,'0.0000',2),(1591,5,228,0,0,'0.0000',2,'0.0000',2,'0.0000',2),(1592,1,228,0,0,'0.0000',2,'0.0000',2,'0.0000',2),(1593,0,228,0,0,'0.0000',2,'0.0000',2,'0.0000',2),(1594,2,228,0,0,'0.0000',2,'0.0000',2,'0.0000',2),(1595,3,228,0,0,'0.0000',2,'0.0000',2,'0.0000',2),(1596,6,228,0,0,'0.0000',2,'0.0000',2,'0.0000',2),(1597,4,229,0,0,'0.0000',2,'0.0000',2,'0.0000',2),(1598,2,229,0,0,'0.0000',2,'0.0000',2,'0.0000',2),(1599,0,229,0,0,'0.0000',2,'0.0000',2,'0.0000',2),(1600,5,229,0,0,'0.0000',2,'0.0000',2,'0.0000',2),(1601,3,229,0,0,'0.0000',2,'0.0000',2,'0.0000',2),(1602,6,229,0,0,'0.0000',2,'0.0000',2,'0.0000',2),(1603,1,229,0,0,'0.0000',2,'0.0000',2,'0.0000',2),(1604,3,230,0,0,'0.0000',2,'0.0000',2,'0.0000',2),(1605,0,230,0,0,'0.0000',2,'0.0000',2,'0.0000',2),(1606,6,230,0,0,'0.0000',2,'0.0000',2,'0.0000',2),(1607,1,230,0,0,'0.0000',2,'0.0000',2,'0.0000',2),(1608,4,230,0,0,'0.0000',2,'0.0000',2,'0.0000',2),(1609,5,230,0,0,'0.0000',2,'0.0000',2,'0.0000',2),(1610,2,230,0,0,'0.0000',2,'0.0000',2,'0.0000',2),(1611,5,231,0,0,'0.0000',2,'0.0000',2,'0.0000',2),(1612,3,231,0,0,'0.0000',2,'0.0000',2,'0.0000',2),(1613,2,231,0,0,'0.0000',2,'0.0000',2,'0.0000',2),(1614,0,231,0,0,'0.0000',2,'0.0000',2,'0.0000',2),(1615,6,231,0,0,'0.0000',2,'0.0000',2,'0.0000',2),(1616,4,231,0,0,'0.0000',2,'0.0000',2,'0.0000',2),(1617,1,231,0,0,'0.0000',2,'0.0000',2,'0.0000',2),(1618,4,232,0,0,'0.0000',2,'0.0000',2,'0.0000',2),(1619,3,232,0,0,'0.0000',2,'0.0000',2,'0.0000',2),(1620,5,232,0,0,'0.0000',2,'0.0000',2,'0.0000',2),(1621,6,232,0,0,'0.0000',2,'0.0000',2,'0.0000',2),(1622,2,232,0,0,'0.0000',2,'0.0000',2,'0.0000',2),(1623,1,232,0,0,'0.0000',2,'0.0000',2,'0.0000',2),(1624,0,232,0,0,'0.0000',2,'0.0000',2,'0.0000',2),(1625,5,233,0,0,'0.0000',2,'0.0000',2,'0.0000',2),(1626,6,233,0,0,'0.0000',2,'0.0000',2,'0.0000',2),(1627,1,233,0,0,'0.0000',2,'0.0000',2,'0.0000',2),(1628,0,233,0,0,'0.0000',2,'0.0000',2,'0.0000',2),(1629,3,233,0,0,'0.0000',2,'0.0000',2,'0.0000',2),(1630,2,233,0,0,'0.0000',2,'0.0000',2,'0.0000',2),(1631,4,233,0,0,'0.0000',2,'0.0000',2,'0.0000',2),(1632,5,234,0,0,'0.0000',2,'0.0000',2,'0.0000',2),(1633,4,234,0,0,'0.0000',2,'0.0000',2,'0.0000',2),(1634,6,234,0,0,'0.0000',2,'0.0000',2,'0.0000',2),(1635,3,234,0,0,'0.0000',2,'0.0000',2,'0.0000',2),(1636,1,234,0,0,'0.0000',2,'0.0000',2,'0.0000',2),(1637,0,234,0,0,'0.0000',2,'0.0000',2,'0.0000',2),(1638,2,234,0,0,'0.0000',2,'0.0000',2,'0.0000',2),(1639,1,235,0,0,'0.0000',2,'0.0000',2,'0.0000',2),(1640,0,235,0,0,'0.0000',2,'0.0000',2,'0.0000',2),(1641,5,235,0,0,'0.0000',2,'0.0000',2,'0.0000',2),(1642,3,235,0,0,'0.0000',2,'0.0000',2,'0.0000',2),(1643,2,235,0,0,'0.0000',2,'0.0000',2,'0.0000',2),(1644,4,235,0,0,'0.0000',2,'0.0000',2,'0.0000',2),(1645,6,235,0,0,'0.0000',2,'0.0000',2,'0.0000',2),(1646,6,236,0,0,'0.0000',2,'0.0000',2,'0.0000',2),(1647,4,236,0,0,'0.0000',2,'0.0000',2,'0.0000',2),(1648,2,236,0,0,'0.0000',2,'0.0000',2,'0.0000',2),(1649,3,236,0,0,'0.0000',2,'0.0000',2,'0.0000',2),(1650,5,236,0,0,'0.0000',2,'0.0000',2,'0.0000',2),(1651,1,236,0,0,'0.0000',2,'0.0000',2,'0.0000',2),(1652,0,236,0,0,'0.0000',2,'0.0000',2,'0.0000',2),(1653,6,237,0,0,'0.0000',2,'0.0000',2,'0.0000',2),(1654,3,237,0,0,'0.0000',2,'0.0000',2,'0.0000',2),(1655,2,237,0,0,'0.0000',2,'0.0000',2,'0.0000',2),(1656,1,237,0,0,'0.0000',2,'0.0000',2,'0.0000',2),(1657,5,237,0,0,'0.0000',2,'0.0000',2,'0.0000',2),(1658,4,237,0,0,'0.0000',2,'0.0000',2,'0.0000',2),(1659,0,237,0,0,'0.0000',2,'0.0000',2,'0.0000',2),(1660,3,238,0,0,'0.0000',2,'0.0000',2,'0.0000',2),(1661,4,238,0,0,'0.0000',2,'0.0000',2,'0.0000',2),(1662,0,238,0,0,'0.0000',2,'0.0000',2,'0.0000',2),(1663,1,238,0,0,'0.0000',2,'0.0000',2,'0.0000',2),(1664,6,238,0,0,'0.0000',2,'0.0000',2,'0.0000',2),(1665,5,238,0,0,'0.0000',2,'0.0000',2,'0.0000',2),(1666,2,238,0,0,'0.0000',2,'0.0000',2,'0.0000',2),(1667,6,239,0,0,'0.0000',2,'0.0000',2,'0.0000',2),(1668,4,239,0,0,'0.0000',2,'0.0000',2,'0.0000',2),(1669,0,239,0,0,'0.0000',2,'0.0000',2,'0.0000',2),(1670,3,239,0,0,'0.0000',2,'0.0000',2,'0.0000',2),(1671,2,239,0,0,'0.0000',2,'0.0000',2,'0.0000',2),(1672,1,239,0,0,'0.0000',2,'0.0000',2,'0.0000',2),(1673,5,239,0,0,'0.0000',2,'0.0000',2,'0.0000',2),(1674,6,240,0,0,'0.0000',2,'0.0000',2,'0.0000',2),(1675,3,240,0,0,'0.0000',2,'0.0000',2,'0.0000',2),(1676,0,240,0,0,'0.0000',2,'0.0000',2,'0.0000',2),(1677,2,240,0,0,'0.0000',2,'0.0000',2,'0.0000',2),(1678,1,240,0,0,'0.0000',2,'0.0000',2,'0.0000',2),(1679,5,240,0,0,'0.0000',2,'0.0000',2,'0.0000',2),(1680,4,240,0,0,'0.0000',2,'0.0000',2,'0.0000',2),(1681,4,241,0,0,'0.0000',2,'0.0000',2,'0.0000',2),(1682,3,241,0,0,'0.0000',2,'0.0000',2,'0.0000',2),(1683,2,241,0,0,'0.0000',2,'0.0000',2,'0.0000',2),(1684,5,241,0,0,'0.0000',2,'0.0000',2,'0.0000',2),(1685,6,241,0,0,'0.0000',2,'0.0000',2,'0.0000',2),(1686,0,241,0,0,'0.0000',2,'0.0000',2,'0.0000',2),(1687,1,241,0,0,'0.0000',2,'0.0000',2,'0.0000',2),(1688,3,242,0,0,'0.0000',2,'0.0000',2,'0.0000',2),(1689,2,242,0,0,'0.0000',2,'0.0000',2,'0.0000',2),(1690,4,242,0,0,'0.0000',2,'0.0000',2,'0.0000',2),(1691,6,242,0,0,'0.0000',2,'0.0000',2,'0.0000',2),(1692,1,242,0,0,'0.0000',2,'0.0000',2,'0.0000',2),(1693,0,242,0,0,'0.0000',2,'0.0000',2,'0.0000',2),(1694,5,242,0,0,'0.0000',2,'0.0000',2,'0.0000',2),(1695,1,243,0,0,'0.0000',2,'0.0000',2,'0.0000',2),(1696,6,243,0,0,'0.0000',2,'0.0000',2,'0.0000',2),(1697,5,243,0,0,'0.0000',2,'0.0000',2,'0.0000',2),(1698,4,243,0,0,'0.0000',2,'0.0000',2,'0.0000',2),(1699,2,243,0,0,'0.0000',2,'0.0000',2,'0.0000',2),(1700,0,243,0,0,'0.0000',2,'0.0000',2,'0.0000',2),(1701,3,243,0,0,'0.0000',2,'0.0000',2,'0.0000',2),(1702,5,244,0,0,'0.0000',2,'0.0000',2,'0.0000',2),(1703,0,244,0,0,'0.0000',2,'0.0000',2,'0.0000',2),(1704,6,244,0,0,'0.0000',2,'0.0000',2,'0.0000',2),(1705,4,244,0,0,'0.0000',2,'0.0000',2,'0.0000',2),(1706,1,244,0,0,'0.0000',2,'0.0000',2,'0.0000',2),(1707,3,244,0,0,'0.0000',2,'0.0000',2,'0.0000',2),(1708,2,244,0,0,'0.0000',2,'0.0000',2,'0.0000',2),(1709,5,245,0,0,'0.0000',2,'0.0000',2,'0.0000',2),(1710,0,245,0,0,'0.0000',2,'0.0000',2,'0.0000',2),(1711,6,245,0,0,'0.0000',2,'0.0000',2,'0.0000',2),(1712,1,245,0,0,'0.0000',2,'0.0000',2,'0.0000',2),(1713,2,245,0,0,'0.0000',2,'0.0000',2,'0.0000',2),(1714,4,245,0,0,'0.0000',2,'0.0000',2,'0.0000',2),(1715,3,245,0,0,'0.0000',2,'0.0000',2,'0.0000',2),(1716,2,246,0,0,'0.0000',2,'0.0000',2,'0.0000',2),(1717,0,246,0,0,'0.0000',2,'0.0000',2,'0.0000',2),(1718,5,246,0,0,'0.0000',2,'0.0000',2,'0.0000',2),(1719,3,246,0,0,'0.0000',2,'0.0000',2,'0.0000',2),(1720,1,246,0,0,'0.0000',2,'0.0000',2,'0.0000',2),(1721,4,246,0,0,'0.0000',2,'0.0000',2,'0.0000',2),(1722,6,246,0,0,'0.0000',2,'0.0000',2,'0.0000',2),(1723,0,247,0,0,'0.0000',2,'0.0000',2,'0.0000',2),(1724,5,247,0,0,'0.0000',2,'0.0000',2,'0.0000',2),(1725,6,247,0,0,'0.0000',2,'0.0000',2,'0.0000',2),(1726,4,247,0,0,'0.0000',2,'0.0000',2,'0.0000',2),(1727,1,247,0,0,'0.0000',2,'0.0000',2,'0.0000',2),(1728,2,247,0,0,'0.0000',2,'0.0000',2,'0.0000',2),(1729,3,247,0,0,'0.0000',2,'0.0000',2,'0.0000',2),(1730,4,248,0,0,'0.0000',2,'0.0000',2,'0.0000',2),(1731,2,248,0,0,'0.0000',2,'0.0000',2,'0.0000',2),(1732,1,248,0,0,'0.0000',2,'0.0000',2,'0.0000',2),(1733,6,248,0,0,'0.0000',2,'0.0000',2,'0.0000',2),(1734,5,248,0,0,'0.0000',2,'0.0000',2,'0.0000',2),(1735,3,248,0,0,'0.0000',2,'0.0000',2,'0.0000',2),(1736,0,248,0,0,'0.0000',2,'0.0000',2,'0.0000',2),(1737,6,249,0,0,'0.0000',2,'0.0000',2,'0.0000',2),(1738,3,249,0,0,'0.0000',2,'0.0000',2,'0.0000',2),(1739,2,249,0,0,'0.0000',2,'0.0000',2,'0.0000',2),(1740,4,249,0,0,'0.0000',2,'0.0000',2,'0.0000',2),(1741,0,249,0,0,'0.0000',2,'0.0000',2,'0.0000',2),(1742,1,249,0,0,'0.0000',2,'0.0000',2,'0.0000',2),(1743,5,249,0,0,'0.0000',2,'0.0000',2,'0.0000',2),(1744,5,250,0,0,'0.0000',2,'0.0000',2,'0.0000',2),(1745,0,250,0,0,'0.0000',2,'0.0000',2,'0.0000',2),(1746,3,250,0,0,'0.0000',2,'0.0000',2,'0.0000',2),(1747,6,250,0,0,'0.0000',2,'0.0000',2,'0.0000',2),(1748,4,250,0,0,'0.0000',2,'0.0000',2,'0.0000',2),(1749,2,250,0,0,'0.0000',2,'0.0000',2,'0.0000',2),(1750,1,250,0,0,'0.0000',2,'0.0000',2,'0.0000',2),(1751,3,251,0,0,'0.0000',2,'0.0000',2,'0.0000',2),(1752,4,251,0,0,'0.0000',2,'0.0000',2,'0.0000',2),(1753,2,251,0,0,'0.0000',2,'0.0000',2,'0.0000',2),(1754,5,251,0,0,'0.0000',2,'0.0000',2,'0.0000',2),(1755,6,251,0,0,'0.0000',2,'0.0000',2,'0.0000',2),(1756,0,251,0,0,'0.0000',2,'0.0000',2,'0.0000',2),(1757,1,251,0,0,'0.0000',2,'0.0000',2,'0.0000',2),(1758,0,252,0,0,'0.0000',2,'0.0000',2,'0.0000',2),(1759,2,252,0,0,'0.0000',2,'0.0000',2,'0.0000',2),(1760,3,252,0,0,'0.0000',2,'0.0000',2,'0.0000',2),(1761,6,252,0,0,'0.0000',2,'0.0000',2,'0.0000',2),(1762,1,252,0,0,'0.0000',2,'0.0000',2,'0.0000',2),(1763,5,252,0,0,'0.0000',2,'0.0000',2,'0.0000',2),(1764,4,252,0,0,'0.0000',2,'0.0000',2,'0.0000',2),(1765,4,253,0,0,'0.0000',2,'0.0000',2,'0.0000',2),(1766,6,253,0,0,'0.0000',2,'0.0000',2,'0.0000',2),(1767,3,253,0,0,'0.0000',2,'0.0000',2,'0.0000',2),(1768,1,253,0,0,'0.0000',2,'0.0000',2,'0.0000',2),(1769,0,253,0,0,'0.0000',2,'0.0000',2,'0.0000',2),(1770,5,253,0,0,'0.0000',2,'0.0000',2,'0.0000',2),(1771,2,253,0,0,'0.0000',2,'0.0000',2,'0.0000',2),(1772,3,254,0,0,'0.0000',2,'0.0000',2,'0.0000',2),(1773,0,254,0,0,'0.0000',2,'0.0000',2,'0.0000',2),(1774,4,254,0,0,'0.0000',2,'0.0000',2,'0.0000',2),(1775,5,254,0,0,'0.0000',2,'0.0000',2,'0.0000',2),(1776,1,254,0,0,'0.0000',2,'0.0000',2,'0.0000',2),(1777,2,254,0,0,'0.0000',2,'0.0000',2,'0.0000',2),(1778,6,254,0,0,'0.0000',2,'0.0000',2,'0.0000',2),(1779,2,255,0,0,'0.0000',2,'0.0000',2,'0.0000',2),(1780,5,255,0,0,'0.0000',2,'0.0000',2,'0.0000',2),(1781,6,255,0,0,'0.0000',2,'0.0000',2,'0.0000',2),(1782,3,255,0,0,'0.0000',2,'0.0000',2,'0.0000',2),(1783,1,255,0,0,'0.0000',2,'0.0000',2,'0.0000',2),(1784,4,255,0,0,'0.0000',2,'0.0000',2,'0.0000',2),(1785,0,255,0,0,'0.0000',2,'0.0000',2,'0.0000',2),(1786,1,256,0,0,'0.0000',2,'0.0000',2,'0.0000',2),(1787,6,256,0,0,'0.0000',2,'0.0000',2,'0.0000',2),(1788,3,256,0,0,'0.0000',2,'0.0000',2,'0.0000',2),(1789,0,256,0,0,'0.0000',2,'0.0000',2,'0.0000',2),(1790,4,256,0,0,'0.0000',2,'0.0000',2,'0.0000',2),(1791,2,256,0,0,'0.0000',2,'0.0000',2,'0.0000',2),(1792,5,256,0,0,'0.0000',2,'0.0000',2,'0.0000',2),(1793,6,257,0,0,'0.0000',2,'0.0000',2,'0.0000',2),(1794,3,257,0,0,'0.0000',2,'0.0000',2,'0.0000',2),(1795,2,257,0,0,'0.0000',2,'0.0000',2,'0.0000',2),(1796,0,257,0,0,'0.0000',2,'0.0000',2,'0.0000',2),(1797,1,257,0,0,'0.0000',2,'0.0000',2,'0.0000',2),(1798,5,257,0,0,'0.0000',2,'0.0000',2,'0.0000',2),(1799,4,257,0,0,'0.0000',2,'0.0000',2,'0.0000',2),(1800,4,258,0,0,'0.0000',2,'0.0000',2,'0.0000',2),(1801,2,258,0,0,'0.0000',2,'0.0000',2,'0.0000',2),(1802,5,258,0,0,'0.0000',2,'0.0000',2,'0.0000',2),(1803,1,258,0,0,'0.0000',2,'0.0000',2,'0.0000',2),(1804,6,258,0,0,'0.0000',2,'0.0000',2,'0.0000',2),(1805,3,258,0,0,'0.0000',2,'0.0000',2,'0.0000',2),(1806,0,258,0,0,'0.0000',2,'0.0000',2,'0.0000',2),(1807,5,259,0,0,'0.0000',2,'0.0000',2,'0.0000',2),(1808,1,259,0,0,'0.0000',2,'0.0000',2,'0.0000',2),(1809,3,259,0,0,'0.0000',2,'0.0000',2,'0.0000',2),(1810,2,259,0,0,'0.0000',2,'0.0000',2,'0.0000',2),(1811,0,259,0,0,'0.0000',2,'0.0000',2,'0.0000',2),(1812,4,259,0,0,'0.0000',2,'0.0000',2,'0.0000',2),(1813,6,259,0,0,'0.0000',2,'0.0000',2,'0.0000',2),(1814,6,260,0,0,'0.0000',2,'0.0000',2,'0.0000',2),(1815,1,260,0,0,'0.0000',2,'0.0000',2,'0.0000',2),(1816,5,260,0,0,'0.0000',2,'0.0000',2,'0.0000',2),(1817,3,260,0,0,'0.0000',2,'0.0000',2,'0.0000',2),(1818,4,260,0,0,'0.0000',2,'0.0000',2,'0.0000',2),(1819,0,260,0,0,'0.0000',2,'0.0000',2,'0.0000',2),(1820,2,260,0,0,'0.0000',2,'0.0000',2,'0.0000',2),(1821,2,261,0,0,'0.0000',2,'0.0000',2,'0.0000',2),(1822,4,261,0,0,'0.0000',2,'0.0000',2,'0.0000',2),(1823,6,261,0,0,'0.0000',2,'0.0000',2,'0.0000',2),(1824,3,261,0,0,'0.0000',2,'0.0000',2,'0.0000',2),(1825,5,261,0,0,'0.0000',2,'0.0000',2,'0.0000',2),(1826,1,261,0,0,'0.0000',2,'0.0000',2,'0.0000',2),(1827,0,261,0,0,'0.0000',2,'0.0000',2,'0.0000',2),(1828,0,262,0,0,'0.0000',2,'0.0000',2,'0.0000',2),(1829,5,262,0,0,'0.0000',2,'0.0000',2,'0.0000',2),(1830,4,262,0,0,'0.0000',2,'0.0000',2,'0.0000',2),(1831,3,262,0,0,'0.0000',2,'0.0000',2,'0.0000',2),(1832,2,262,0,0,'0.0000',2,'0.0000',2,'0.0000',2),(1833,1,262,0,0,'0.0000',2,'0.0000',2,'0.0000',2),(1834,6,262,0,0,'0.0000',2,'0.0000',2,'0.0000',2),(1835,0,263,0,0,'0.0000',2,'0.0000',2,'0.0000',2),(1836,4,263,0,0,'0.0000',2,'0.0000',2,'0.0000',2),(1837,3,263,0,0,'0.0000',2,'0.0000',2,'0.0000',2),(1838,2,263,0,0,'0.0000',2,'0.0000',2,'0.0000',2),(1839,5,263,0,0,'0.0000',2,'0.0000',2,'0.0000',2),(1840,6,263,0,0,'0.0000',2,'0.0000',2,'0.0000',2),(1841,1,263,0,0,'0.0000',2,'0.0000',2,'0.0000',2),(1842,4,264,0,0,'0.0000',2,'0.0000',2,'0.0000',2),(1843,3,264,0,0,'0.0000',2,'0.0000',2,'0.0000',2),(1844,0,264,0,0,'0.0000',2,'0.0000',2,'0.0000',2),(1845,5,264,0,0,'0.0000',2,'0.0000',2,'0.0000',2),(1846,2,264,0,0,'0.0000',2,'0.0000',2,'0.0000',2),(1847,6,264,0,0,'0.0000',2,'0.0000',2,'0.0000',2),(1848,1,264,0,0,'0.0000',2,'0.0000',2,'0.0000',2),(1849,6,265,0,0,'0.0000',2,'0.0000',2,'0.0000',2),(1850,2,265,0,0,'0.0000',2,'0.0000',2,'0.0000',2),(1851,1,265,0,0,'0.0000',2,'0.0000',2,'0.0000',2),(1852,3,265,0,0,'0.0000',2,'0.0000',2,'0.0000',2),(1853,4,265,0,0,'0.0000',2,'0.0000',2,'0.0000',2),(1854,0,265,0,0,'0.0000',2,'0.0000',2,'0.0000',2),(1855,5,265,0,0,'0.0000',2,'0.0000',2,'0.0000',2),(1856,6,266,0,0,'0.0000',2,'0.0000',2,'0.0000',2),(1857,0,266,0,0,'0.0000',2,'0.0000',2,'0.0000',2),(1858,1,266,0,0,'0.0000',2,'0.0000',2,'0.0000',2),(1859,5,266,0,0,'0.0000',2,'0.0000',2,'0.0000',2),(1860,4,266,0,0,'0.0000',2,'0.0000',2,'0.0000',2),(1861,3,266,0,0,'0.0000',2,'0.0000',2,'0.0000',2),(1862,2,266,0,0,'0.0000',2,'0.0000',2,'0.0000',2),(1863,1,267,0,0,'0.0000',2,'0.0000',2,'0.0000',2),(1864,4,267,0,0,'0.0000',2,'0.0000',2,'0.0000',2),(1865,5,267,0,0,'0.0000',2,'0.0000',2,'0.0000',2),(1866,2,267,0,0,'0.0000',2,'0.0000',2,'0.0000',2),(1867,0,267,0,0,'0.0000',2,'0.0000',2,'0.0000',2),(1868,3,267,0,0,'0.0000',2,'0.0000',2,'0.0000',2),(1869,6,267,0,0,'0.0000',2,'0.0000',2,'0.0000',2),(1870,1,268,0,0,'0.0000',2,'0.0000',2,'0.0000',2),(1871,4,268,0,0,'0.0000',2,'0.0000',2,'0.0000',2),(1872,5,268,0,0,'0.0000',2,'0.0000',2,'0.0000',2),(1873,3,268,0,0,'0.0000',2,'0.0000',2,'0.0000',2),(1874,6,268,0,0,'0.0000',2,'0.0000',2,'0.0000',2),(1875,2,268,0,0,'0.0000',2,'0.0000',2,'0.0000',2),(1876,0,268,0,0,'0.0000',2,'0.0000',2,'0.0000',2),(1877,0,269,0,0,'0.0000',2,'0.0000',2,'0.0000',2),(1878,2,269,0,0,'0.0000',2,'0.0000',2,'0.0000',2),(1879,1,269,0,0,'0.0000',2,'0.0000',2,'0.0000',2),(1880,3,269,0,0,'0.0000',2,'0.0000',2,'0.0000',2),(1881,4,269,0,0,'0.0000',2,'0.0000',2,'0.0000',2),(1882,6,269,0,0,'0.0000',2,'0.0000',2,'0.0000',2),(1883,5,269,0,0,'0.0000',2,'0.0000',2,'0.0000',2),(1884,0,270,0,0,'0.0000',2,'0.0000',2,'0.0000',2),(1885,6,270,0,0,'0.0000',2,'0.0000',2,'0.0000',2),(1886,5,270,0,0,'0.0000',2,'0.0000',2,'0.0000',2),(1887,3,270,0,0,'0.0000',2,'0.0000',2,'0.0000',2),(1888,2,270,0,0,'0.0000',2,'0.0000',2,'0.0000',2),(1889,4,270,0,0,'0.0000',2,'0.0000',2,'0.0000',2),(1890,1,270,0,0,'0.0000',2,'0.0000',2,'0.0000',2),(1891,4,271,0,0,'0.0000',2,'0.0000',2,'0.0000',2),(1892,0,271,0,0,'0.0000',2,'0.0000',2,'0.0000',2),(1893,6,271,0,0,'0.0000',2,'0.0000',2,'0.0000',2),(1894,2,271,0,0,'0.0000',2,'0.0000',2,'0.0000',2),(1895,1,271,0,0,'0.0000',2,'0.0000',2,'0.0000',2),(1896,5,271,0,0,'0.0000',2,'0.0000',2,'0.0000',2),(1897,3,271,0,0,'0.0000',2,'0.0000',2,'0.0000',2),(1898,4,272,0,0,'0.0000',2,'0.0000',2,'0.0000',2),(1899,3,272,0,0,'0.0000',2,'0.0000',2,'0.0000',2),(1900,6,272,0,0,'0.0000',2,'0.0000',2,'0.0000',2),(1901,2,272,0,0,'0.0000',2,'0.0000',2,'0.0000',2),(1902,1,272,0,0,'0.0000',2,'0.0000',2,'0.0000',2),(1903,0,272,0,0,'0.0000',2,'0.0000',2,'0.0000',2),(1904,5,272,0,0,'0.0000',2,'0.0000',2,'0.0000',2),(1905,6,273,0,0,'0.0000',2,'0.0000',2,'0.0000',2),(1906,5,273,0,0,'0.0000',2,'0.0000',2,'0.0000',2),(1907,4,273,0,0,'0.0000',2,'0.0000',2,'0.0000',2),(1908,2,273,0,0,'0.0000',2,'0.0000',2,'0.0000',2),(1909,0,273,0,0,'0.0000',2,'0.0000',2,'0.0000',2),(1910,3,273,0,0,'0.0000',2,'0.0000',2,'0.0000',2),(1911,1,273,0,0,'0.0000',2,'0.0000',2,'0.0000',2),(1912,4,274,0,0,'0.0000',2,'0.0000',2,'0.0000',2),(1913,0,274,0,0,'0.0000',2,'0.0000',2,'0.0000',2),(1914,5,274,0,0,'0.0000',2,'0.0000',2,'0.0000',2),(1915,2,274,0,0,'0.0000',2,'0.0000',2,'0.0000',2),(1916,6,274,0,0,'0.0000',2,'0.0000',2,'0.0000',2),(1917,3,274,0,0,'0.0000',2,'0.0000',2,'0.0000',2),(1918,1,274,0,0,'0.0000',2,'0.0000',2,'0.0000',2),(1919,5,275,0,0,'0.0000',2,'0.0000',2,'0.0000',2),(1920,3,275,0,0,'0.0000',2,'0.0000',2,'0.0000',2),(1921,4,275,0,0,'0.0000',2,'0.0000',2,'0.0000',2),(1922,1,275,0,0,'0.0000',2,'0.0000',2,'0.0000',2),(1923,0,275,0,0,'0.0000',2,'0.0000',2,'0.0000',2),(1924,6,275,0,0,'0.0000',2,'0.0000',2,'0.0000',2),(1925,2,275,0,0,'0.0000',2,'0.0000',2,'0.0000',2),(1926,1,276,0,0,'0.0000',2,'0.0000',2,'0.0000',2),(1927,5,276,0,0,'0.0000',2,'0.0000',2,'0.0000',2),(1928,6,276,0,0,'0.0000',2,'0.0000',2,'0.0000',2),(1929,2,276,0,0,'0.0000',2,'0.0000',2,'0.0000',2),(1930,4,276,0,0,'0.0000',2,'0.0000',2,'0.0000',2),(1931,3,276,0,0,'0.0000',2,'0.0000',2,'0.0000',2),(1932,0,276,0,0,'0.0000',2,'0.0000',2,'0.0000',2),(1933,6,277,0,0,'0.0000',2,'0.0000',2,'0.0000',2),(1934,4,277,0,0,'0.0000',2,'0.0000',2,'0.0000',2),(1935,0,277,0,0,'0.0000',2,'0.0000',2,'0.0000',2),(1936,2,277,0,0,'0.0000',2,'0.0000',2,'0.0000',2),(1937,3,277,0,0,'0.0000',2,'0.0000',2,'0.0000',2),(1938,1,277,0,0,'0.0000',2,'0.0000',2,'0.0000',2),(1939,5,277,0,0,'0.0000',2,'0.0000',2,'0.0000',2),(1940,1,278,0,0,'0.0000',2,'0.0000',2,'0.0000',2),(1941,5,278,0,0,'0.0000',2,'0.0000',2,'0.0000',2),(1942,0,278,0,0,'0.0000',2,'0.0000',2,'0.0000',2),(1943,3,278,0,0,'0.0000',2,'0.0000',2,'0.0000',2),(1944,2,278,0,0,'0.0000',2,'0.0000',2,'0.0000',2),(1945,6,278,0,0,'0.0000',2,'0.0000',2,'0.0000',2),(1946,4,278,0,0,'0.0000',2,'0.0000',2,'0.0000',2),(1947,2,279,0,0,'0.0000',2,'0.0000',2,'0.0000',2),(1948,6,279,0,0,'0.0000',2,'0.0000',2,'0.0000',2),(1949,1,279,0,0,'0.0000',2,'0.0000',2,'0.0000',2),(1950,4,279,0,0,'0.0000',2,'0.0000',2,'0.0000',2),(1951,3,279,0,0,'0.0000',2,'0.0000',2,'0.0000',2),(1952,5,279,0,0,'0.0000',2,'0.0000',2,'0.0000',2),(1953,0,279,0,0,'0.0000',2,'0.0000',2,'0.0000',2),(1954,0,280,0,0,'0.0000',2,'0.0000',2,'0.0000',2),(1955,3,280,0,0,'0.0000',2,'0.0000',2,'0.0000',2),(1956,1,280,0,0,'0.0000',2,'0.0000',2,'0.0000',2),(1957,5,280,0,0,'0.0000',2,'0.0000',2,'0.0000',2),(1958,6,280,0,0,'0.0000',2,'0.0000',2,'0.0000',2),(1959,4,280,0,0,'0.0000',2,'0.0000',2,'0.0000',2),(1960,2,280,0,0,'0.0000',2,'0.0000',2,'0.0000',2),(1961,2,281,0,0,'0.0000',2,'0.0000',2,'0.0000',2),(1962,3,281,0,0,'0.0000',2,'0.0000',2,'0.0000',2),(1963,4,281,0,0,'0.0000',2,'0.0000',2,'0.0000',2),(1964,1,281,0,0,'0.0000',2,'0.0000',2,'0.0000',2),(1965,6,281,0,0,'0.0000',2,'0.0000',2,'0.0000',2),(1966,0,281,0,0,'0.0000',2,'0.0000',2,'0.0000',2),(1967,5,281,0,0,'0.0000',2,'0.0000',2,'0.0000',2),(1968,2,282,0,0,'0.0000',2,'0.0000',2,'0.0000',2),(1969,6,282,0,0,'0.0000',2,'0.0000',2,'0.0000',2),(1970,1,282,0,0,'0.0000',2,'0.0000',2,'0.0000',2),(1971,4,282,0,0,'0.0000',2,'0.0000',2,'0.0000',2),(1972,5,282,0,0,'0.0000',2,'0.0000',2,'0.0000',2),(1973,3,282,0,0,'0.0000',2,'0.0000',2,'0.0000',2),(1974,0,282,0,0,'0.0000',2,'0.0000',2,'0.0000',2),(1975,3,283,0,0,'0.0000',2,'0.0000',2,'0.0000',2),(1976,0,283,0,0,'0.0000',2,'0.0000',2,'0.0000',2),(1977,5,283,0,0,'0.0000',2,'0.0000',2,'0.0000',2),(1978,2,283,0,0,'0.0000',2,'0.0000',2,'0.0000',2),(1979,4,283,0,0,'0.0000',2,'0.0000',2,'0.0000',2),(1980,6,283,0,0,'0.0000',2,'0.0000',2,'0.0000',2),(1981,1,283,0,0,'0.0000',2,'0.0000',2,'0.0000',2),(1982,0,284,0,0,'0.0000',2,'0.0000',2,'0.0000',2),(1983,6,284,0,0,'0.0000',2,'0.0000',2,'0.0000',2),(1984,3,284,0,0,'0.0000',2,'0.0000',2,'0.0000',2),(1985,1,284,0,0,'0.0000',2,'0.0000',2,'0.0000',2),(1986,4,284,0,0,'0.0000',2,'0.0000',2,'0.0000',2),(1987,5,284,0,0,'0.0000',2,'0.0000',2,'0.0000',2),(1988,2,284,0,0,'0.0000',2,'0.0000',2,'0.0000',2),(1989,4,285,0,0,'0.0000',2,'0.0000',2,'0.0000',2),(1990,2,285,0,0,'0.0000',2,'0.0000',2,'0.0000',2),(1991,1,285,0,0,'0.0000',2,'0.0000',2,'0.0000',2),(1992,0,285,0,0,'0.0000',2,'0.0000',2,'0.0000',2),(1993,5,285,0,0,'0.0000',2,'0.0000',2,'0.0000',2),(1994,6,285,0,0,'0.0000',2,'0.0000',2,'0.0000',2),(1995,3,285,0,0,'0.0000',2,'0.0000',2,'0.0000',2),(1996,5,286,0,0,'0.0000',2,'0.0000',2,'0.0000',2),(1997,1,286,0,0,'0.0000',2,'0.0000',2,'0.0000',2),(1998,0,286,0,0,'0.0000',2,'0.0000',2,'0.0000',2),(1999,2,286,0,0,'0.0000',2,'0.0000',2,'0.0000',2),(2000,4,286,0,0,'0.0000',2,'0.0000',2,'0.0000',2),(2001,6,286,0,0,'0.0000',2,'0.0000',2,'0.0000',2),(2002,3,286,0,0,'0.0000',2,'0.0000',2,'0.0000',2),(2003,6,287,0,0,'0.0000',2,'0.0000',2,'0.0000',2),(2004,1,287,0,0,'0.0000',2,'0.0000',2,'0.0000',2),(2005,3,287,0,0,'0.0000',2,'0.0000',2,'0.0000',2),(2006,5,287,0,0,'0.0000',2,'0.0000',2,'0.0000',2),(2007,2,287,0,0,'0.0000',2,'0.0000',2,'0.0000',2),(2008,0,287,0,0,'0.0000',2,'0.0000',2,'0.0000',2),(2009,4,287,0,0,'0.0000',2,'0.0000',2,'0.0000',2),(2010,3,288,0,0,'0.0000',2,'0.0000',2,'0.0000',2),(2011,6,288,0,0,'0.0000',2,'0.0000',2,'0.0000',2),(2012,1,288,0,0,'0.0000',2,'0.0000',2,'0.0000',2),(2013,5,288,0,0,'0.0000',2,'0.0000',2,'0.0000',2),(2014,4,288,0,0,'0.0000',2,'0.0000',2,'0.0000',2),(2015,2,288,0,0,'0.0000',2,'0.0000',2,'0.0000',2),(2016,0,288,0,0,'0.0000',2,'0.0000',2,'0.0000',2),(2017,4,289,0,0,'0.0000',2,'0.0000',2,'0.0000',2),(2018,1,289,0,0,'0.0000',2,'0.0000',2,'0.0000',2),(2019,6,289,0,0,'0.0000',2,'0.0000',2,'0.0000',2),(2020,3,289,0,0,'0.0000',2,'0.0000',2,'0.0000',2),(2021,2,289,0,0,'0.0000',2,'0.0000',2,'0.0000',2),(2022,5,289,0,0,'0.0000',2,'0.0000',2,'0.0000',2),(2023,0,289,0,0,'0.0000',2,'0.0000',2,'0.0000',2),(2024,1,290,0,0,'0.0000',2,'0.0000',2,'0.0000',2),(2025,6,290,0,0,'0.0000',2,'0.0000',2,'0.0000',2),(2026,2,290,0,0,'0.0000',2,'0.0000',2,'0.0000',2),(2027,3,290,0,0,'0.0000',2,'0.0000',2,'0.0000',2),(2028,0,290,0,0,'0.0000',2,'0.0000',2,'0.0000',2),(2029,5,290,0,0,'0.0000',2,'0.0000',2,'0.0000',2),(2030,4,290,0,0,'0.0000',2,'0.0000',2,'0.0000',2),(2031,5,291,0,0,'0.0000',2,'0.0000',2,'0.0000',2),(2032,0,291,0,0,'0.0000',2,'0.0000',2,'0.0000',2),(2033,3,291,0,0,'0.0000',2,'0.0000',2,'0.0000',2),(2034,4,291,0,0,'0.0000',2,'0.0000',2,'0.0000',2),(2035,2,291,0,0,'0.0000',2,'0.0000',2,'0.0000',2),(2036,1,291,0,0,'0.0000',2,'0.0000',2,'0.0000',2),(2037,6,291,0,0,'0.0000',2,'0.0000',2,'0.0000',2),(2038,2,292,0,0,'0.0000',2,'0.0000',2,'0.0000',2),(2039,6,292,0,0,'0.0000',2,'0.0000',2,'0.0000',2),(2040,5,292,0,0,'0.0000',2,'0.0000',2,'0.0000',2),(2041,4,292,0,0,'0.0000',2,'0.0000',2,'0.0000',2),(2042,3,292,0,0,'0.0000',2,'0.0000',2,'0.0000',2),(2043,1,292,0,0,'0.0000',2,'0.0000',2,'0.0000',2),(2044,0,292,0,0,'0.0000',2,'0.0000',2,'0.0000',2),(2045,3,293,0,0,'0.0000',2,'0.0000',2,'0.0000',2),(2046,2,293,0,0,'0.0000',2,'0.0000',2,'0.0000',2),(2047,0,293,0,0,'0.0000',2,'0.0000',2,'0.0000',2),(2048,6,293,0,0,'0.0000',2,'0.0000',2,'0.0000',2),(2049,5,293,0,0,'0.0000',2,'0.0000',2,'0.0000',2),(2050,1,293,0,0,'0.0000',2,'0.0000',2,'0.0000',2),(2051,4,293,0,0,'0.0000',2,'0.0000',2,'0.0000',2),(2052,3,294,0,0,'0.0000',2,'0.0000',2,'0.0000',2),(2053,2,294,0,0,'0.0000',2,'0.0000',2,'0.0000',2),(2054,4,294,0,0,'0.0000',2,'0.0000',2,'0.0000',2),(2055,0,294,0,0,'0.0000',2,'0.0000',2,'0.0000',2),(2056,1,294,0,0,'0.0000',2,'0.0000',2,'0.0000',2),(2057,6,294,0,0,'0.0000',2,'0.0000',2,'0.0000',2),(2058,5,294,0,0,'0.0000',2,'0.0000',2,'0.0000',2),(2059,2,295,0,0,'0.0000',2,'0.0000',2,'0.0000',2),(2060,6,295,0,0,'0.0000',2,'0.0000',2,'0.0000',2),(2061,3,295,0,0,'0.0000',2,'0.0000',2,'0.0000',2),(2062,5,295,0,0,'0.0000',2,'0.0000',2,'0.0000',2),(2063,1,295,0,0,'0.0000',2,'0.0000',2,'0.0000',2),(2064,4,295,0,0,'0.0000',2,'0.0000',2,'0.0000',2),(2065,0,295,0,0,'0.0000',2,'0.0000',2,'0.0000',2),(2066,6,296,0,0,'0.0000',2,'0.0000',2,'0.0000',2),(2067,0,296,0,0,'0.0000',2,'0.0000',2,'0.0000',2),(2068,5,296,0,0,'0.0000',2,'0.0000',2,'0.0000',2),(2069,3,296,0,0,'0.0000',2,'0.0000',2,'0.0000',2),(2070,4,296,0,0,'0.0000',2,'0.0000',2,'0.0000',2),(2071,2,296,0,0,'0.0000',2,'0.0000',2,'0.0000',2),(2072,1,296,0,0,'0.0000',2,'0.0000',2,'0.0000',2),(2073,6,297,0,0,'0.0000',2,'0.0000',2,'0.0000',2),(2074,5,297,0,0,'0.0000',2,'0.0000',2,'0.0000',2),(2075,2,297,0,0,'0.0000',2,'0.0000',2,'0.0000',2),(2076,4,297,0,0,'0.0000',2,'0.0000',2,'0.0000',2),(2077,1,297,0,0,'0.0000',2,'0.0000',2,'0.0000',2),(2078,0,297,0,0,'0.0000',2,'0.0000',2,'0.0000',2),(2079,3,297,0,0,'0.0000',2,'0.0000',2,'0.0000',2),(2080,4,298,0,0,'0.0000',2,'0.0000',2,'0.0000',2),(2081,5,298,0,0,'0.0000',2,'0.0000',2,'0.0000',2),(2082,3,298,0,0,'0.0000',2,'0.0000',2,'0.0000',2),(2083,1,298,0,0,'0.0000',2,'0.0000',2,'0.0000',2),(2084,0,298,0,0,'0.0000',2,'0.0000',2,'0.0000',2),(2085,6,298,0,0,'0.0000',2,'0.0000',2,'0.0000',2),(2086,2,298,0,0,'0.0000',2,'0.0000',2,'0.0000',2),(2087,3,299,0,0,'0.0000',2,'0.0000',2,'0.0000',2),(2088,0,299,0,0,'0.0000',2,'0.0000',2,'0.0000',2),(2089,6,299,0,0,'0.0000',2,'0.0000',2,'0.0000',2),(2090,1,299,0,0,'0.0000',2,'0.0000',2,'0.0000',2),(2091,4,299,0,0,'0.0000',2,'0.0000',2,'0.0000',2),(2092,5,299,0,0,'0.0000',2,'0.0000',2,'0.0000',2),(2093,2,299,0,0,'0.0000',2,'0.0000',2,'0.0000',2),(2094,6,300,0,0,'0.0000',2,'0.0000',2,'0.0000',2),(2095,2,300,0,0,'0.0000',2,'0.0000',2,'0.0000',2),(2096,4,300,0,0,'0.0000',2,'0.0000',2,'0.0000',2),(2097,0,300,0,0,'0.0000',2,'0.0000',2,'0.0000',2),(2098,5,300,0,0,'0.0000',2,'0.0000',2,'0.0000',2),(2099,3,300,0,0,'0.0000',2,'0.0000',2,'0.0000',2),(2100,1,300,0,0,'0.0000',2,'0.0000',2,'0.0000',2),(2101,3,301,0,0,'0.0000',2,'0.0000',2,'0.0000',2),(2102,0,301,0,0,'0.0000',2,'0.0000',2,'0.0000',2),(2103,5,301,0,0,'0.0000',2,'0.0000',2,'0.0000',2),(2104,6,301,0,0,'0.0000',2,'0.0000',2,'0.0000',2),(2105,2,301,0,0,'0.0000',2,'0.0000',2,'0.0000',2),(2106,4,301,0,0,'0.0000',2,'0.0000',2,'0.0000',2),(2107,1,301,0,0,'0.0000',2,'0.0000',2,'0.0000',2),(2108,1,302,0,0,'0.0000',2,'0.0000',2,'0.0000',2),(2109,5,302,0,0,'0.0000',2,'0.0000',2,'0.0000',2),(2110,0,302,0,0,'0.0000',2,'0.0000',2,'0.0000',2),(2111,4,302,0,0,'0.0000',2,'0.0000',2,'0.0000',2),(2112,6,302,0,0,'0.0000',2,'0.0000',2,'0.0000',2),(2113,3,302,0,0,'0.0000',2,'0.0000',2,'0.0000',2),(2114,2,302,0,0,'0.0000',2,'0.0000',2,'0.0000',2),(2115,2,303,0,0,'0.0000',2,'0.0000',2,'0.0000',2),(2116,3,303,0,0,'0.0000',2,'0.0000',2,'0.0000',2),(2117,0,303,0,0,'0.0000',2,'0.0000',2,'0.0000',2),(2118,6,303,0,0,'0.0000',2,'0.0000',2,'0.0000',2),(2119,5,303,0,0,'0.0000',2,'0.0000',2,'0.0000',2),(2120,4,303,0,0,'0.0000',2,'0.0000',2,'0.0000',2),(2121,1,303,0,0,'0.0000',2,'0.0000',2,'0.0000',2),(2122,4,304,0,0,'0.0000',2,'0.0000',2,'0.0000',2),(2123,1,304,0,0,'0.0000',2,'0.0000',2,'0.0000',2),(2124,6,304,0,0,'0.0000',2,'0.0000',2,'0.0000',2),(2125,5,304,0,0,'0.0000',2,'0.0000',2,'0.0000',2),(2126,2,304,0,0,'0.0000',2,'0.0000',2,'0.0000',2),(2127,0,304,0,0,'0.0000',2,'0.0000',2,'0.0000',2),(2128,3,304,0,0,'0.0000',2,'0.0000',2,'0.0000',2),(2129,3,305,0,0,'0.0000',2,'0.0000',2,'0.0000',2),(2130,2,305,0,0,'0.0000',2,'0.0000',2,'0.0000',2),(2131,1,305,0,0,'0.0000',2,'0.0000',2,'0.0000',2),(2132,6,305,0,0,'0.0000',2,'0.0000',2,'0.0000',2),(2133,0,305,0,0,'0.0000',2,'0.0000',2,'0.0000',2),(2134,4,305,0,0,'0.0000',2,'0.0000',2,'0.0000',2),(2135,5,305,0,0,'0.0000',2,'0.0000',2,'0.0000',2),(2136,1,306,0,0,'0.0000',2,'0.0000',2,'0.0000',2),(2137,6,306,0,0,'0.0000',2,'0.0000',2,'0.0000',2),(2138,4,306,0,0,'0.0000',2,'0.0000',2,'0.0000',2),(2139,2,306,0,0,'0.0000',2,'0.0000',2,'0.0000',2),(2140,3,306,0,0,'0.0000',2,'0.0000',2,'0.0000',2),(2141,0,306,0,0,'0.0000',2,'0.0000',2,'0.0000',2),(2142,5,306,0,0,'0.0000',2,'0.0000',2,'0.0000',2),(2143,0,307,0,0,'0.0000',2,'0.0000',2,'0.0000',2),(2144,4,307,0,0,'0.0000',2,'0.0000',2,'0.0000',2),(2145,1,307,0,0,'0.0000',2,'0.0000',2,'0.0000',2),(2146,6,307,0,0,'0.0000',2,'0.0000',2,'0.0000',2),(2147,3,307,0,0,'0.0000',2,'0.0000',2,'0.0000',2),(2148,2,307,0,0,'0.0000',2,'0.0000',2,'0.0000',2),(2149,5,307,0,0,'0.0000',2,'0.0000',2,'0.0000',2),(2150,5,308,0,0,'0.0000',2,'0.0000',2,'0.0000',2),(2151,0,308,0,0,'0.0000',2,'0.0000',2,'0.0000',2),(2152,1,308,0,0,'0.0000',2,'0.0000',2,'0.0000',2),(2153,4,308,0,0,'0.0000',2,'0.0000',2,'0.0000',2),(2154,2,308,0,0,'0.0000',2,'0.0000',2,'0.0000',2),(2155,3,308,0,0,'0.0000',2,'0.0000',2,'0.0000',2),(2156,6,308,0,0,'0.0000',2,'0.0000',2,'0.0000',2),(2157,6,309,0,0,'0.0000',2,'0.0000',2,'0.0000',2),(2158,0,309,0,0,'0.0000',2,'0.0000',2,'0.0000',2),(2159,5,309,0,0,'0.0000',2,'0.0000',2,'0.0000',2),(2160,3,309,0,0,'0.0000',2,'0.0000',2,'0.0000',2),(2161,2,309,0,0,'0.0000',2,'0.0000',2,'0.0000',2),(2162,4,309,0,0,'0.0000',2,'0.0000',2,'0.0000',2),(2163,1,309,0,0,'0.0000',2,'0.0000',2,'0.0000',2),(2164,3,310,0,0,'0.0000',2,'0.0000',2,'0.0000',2),(2165,6,310,0,0,'0.0000',2,'0.0000',2,'0.0000',2),(2166,5,310,0,0,'0.0000',2,'0.0000',2,'0.0000',2),(2167,2,310,0,0,'0.0000',2,'0.0000',2,'0.0000',2),(2168,0,310,0,0,'0.0000',2,'0.0000',2,'0.0000',2),(2169,4,310,0,0,'0.0000',2,'0.0000',2,'0.0000',2),(2170,1,310,0,0,'0.0000',2,'0.0000',2,'0.0000',2),(2171,5,311,0,0,'0.0000',2,'0.0000',2,'0.0000',2),(2172,4,311,0,0,'0.0000',2,'0.0000',2,'0.0000',2),(2173,2,311,0,0,'0.0000',2,'0.0000',2,'0.0000',2),(2174,6,311,0,0,'0.0000',2,'0.0000',2,'0.0000',2),(2175,3,311,0,0,'0.0000',2,'0.0000',2,'0.0000',2),(2176,0,311,0,0,'0.0000',2,'0.0000',2,'0.0000',2),(2177,1,311,0,0,'0.0000',2,'0.0000',2,'0.0000',2),(2178,2,312,0,0,'0.0000',2,'0.0000',2,'0.0000',2),(2179,4,312,0,0,'0.0000',2,'0.0000',2,'0.0000',2),(2180,3,312,0,0,'0.0000',2,'0.0000',2,'0.0000',2),(2181,0,312,0,0,'0.0000',2,'0.0000',2,'0.0000',2),(2182,5,312,0,0,'0.0000',2,'0.0000',2,'0.0000',2),(2183,1,312,0,0,'0.0000',2,'0.0000',2,'0.0000',2),(2184,6,312,0,0,'0.0000',2,'0.0000',2,'0.0000',2),(2185,1,313,0,0,'0.0000',2,'0.0000',2,'0.0000',2),(2186,5,313,0,0,'0.0000',2,'0.0000',2,'0.0000',2),(2187,4,313,0,0,'0.0000',2,'0.0000',2,'0.0000',2),(2188,6,313,0,0,'0.0000',2,'0.0000',2,'0.0000',2),(2189,3,313,0,0,'0.0000',2,'0.0000',2,'0.0000',2),(2190,2,313,0,0,'0.0000',2,'0.0000',2,'0.0000',2),(2191,0,313,0,0,'0.0000',2,'0.0000',2,'0.0000',2),(2192,2,314,0,0,'0.0000',2,'0.0000',2,'0.0000',2),(2193,3,314,0,0,'0.0000',2,'0.0000',2,'0.0000',2),(2194,6,314,0,0,'0.0000',2,'0.0000',2,'0.0000',2),(2195,1,314,0,0,'0.0000',2,'0.0000',2,'0.0000',2),(2196,5,314,0,0,'0.0000',2,'0.0000',2,'0.0000',2),(2197,4,314,0,0,'0.0000',2,'0.0000',2,'0.0000',2),(2198,0,314,0,0,'0.0000',2,'0.0000',2,'0.0000',2),(2199,5,315,0,0,'0.0000',2,'0.0000',2,'0.0000',2),(2200,6,315,0,0,'0.0000',2,'0.0000',2,'0.0000',2),(2201,4,315,0,0,'0.0000',2,'0.0000',2,'0.0000',2),(2202,2,315,0,0,'0.0000',2,'0.0000',2,'0.0000',2),(2203,3,315,0,0,'0.0000',2,'0.0000',2,'0.0000',2),(2204,1,315,0,0,'0.0000',2,'0.0000',2,'0.0000',2),(2205,0,315,0,0,'0.0000',2,'0.0000',2,'0.0000',2),(2206,5,316,0,0,'0.0000',2,'0.0000',2,'0.0000',2),(2207,1,316,0,0,'0.0000',2,'0.0000',2,'0.0000',2),(2208,6,316,0,0,'0.0000',2,'0.0000',2,'0.0000',2),(2209,2,316,0,0,'0.0000',2,'0.0000',2,'0.0000',2),(2210,4,316,0,0,'0.0000',2,'0.0000',2,'0.0000',2),(2211,3,316,0,0,'0.0000',2,'0.0000',2,'0.0000',2),(2212,0,316,0,0,'0.0000',2,'0.0000',2,'0.0000',2),(2213,5,317,0,0,'0.0000',2,'0.0000',2,'0.0000',2),(2214,6,317,0,0,'0.0000',2,'0.0000',2,'0.0000',2),(2215,2,317,0,0,'0.0000',2,'0.0000',2,'0.0000',2),(2216,3,317,0,0,'0.0000',2,'0.0000',2,'0.0000',2),(2217,0,317,0,0,'0.0000',2,'0.0000',2,'0.0000',2),(2218,4,317,0,0,'0.0000',2,'0.0000',2,'0.0000',2),(2219,1,317,0,0,'0.0000',2,'0.0000',2,'0.0000',2),(2220,4,318,0,0,'0.0000',2,'0.0000',2,'0.0000',2),(2221,2,318,0,0,'0.0000',2,'0.0000',2,'0.0000',2),(2222,0,318,0,0,'0.0000',2,'0.0000',2,'0.0000',2),(2223,6,318,0,0,'0.0000',2,'0.0000',2,'0.0000',2),(2224,5,318,0,0,'0.0000',2,'0.0000',2,'0.0000',2),(2225,1,318,0,0,'0.0000',2,'0.0000',2,'0.0000',2),(2226,3,318,0,0,'0.0000',2,'0.0000',2,'0.0000',2),(2227,4,319,0,0,'0.0000',2,'0.0000',2,'0.0000',2),(2228,2,319,0,0,'0.0000',2,'0.0000',2,'0.0000',2),(2229,3,319,0,0,'0.0000',2,'0.0000',2,'0.0000',2),(2230,5,319,0,0,'0.0000',2,'0.0000',2,'0.0000',2),(2231,1,319,0,0,'0.0000',2,'0.0000',2,'0.0000',2),(2232,0,319,0,0,'0.0000',2,'0.0000',2,'0.0000',2),(2233,6,319,0,0,'0.0000',2,'0.0000',2,'0.0000',2),(2234,6,320,0,0,'0.0000',2,'0.0000',2,'0.0000',2),(2235,5,320,0,0,'0.0000',2,'0.0000',2,'0.0000',2),(2236,3,320,0,0,'0.0000',2,'0.0000',2,'0.0000',2),(2237,2,320,0,0,'0.0000',2,'0.0000',2,'0.0000',2),(2238,1,320,0,0,'0.0000',2,'0.0000',2,'0.0000',2),(2239,4,320,0,0,'0.0000',2,'0.0000',2,'0.0000',2),(2240,0,320,0,0,'0.0000',2,'0.0000',2,'0.0000',2),(2241,2,321,0,0,'0.0000',2,'0.0000',2,'0.0000',2),(2242,1,321,0,0,'0.0000',2,'0.0000',2,'0.0000',2),(2243,6,321,0,0,'0.0000',2,'0.0000',2,'0.0000',2),(2244,5,321,0,0,'0.0000',2,'0.0000',2,'0.0000',2),(2245,4,321,0,0,'0.0000',2,'0.0000',2,'0.0000',2),(2246,3,321,0,0,'0.0000',2,'0.0000',2,'0.0000',2),(2247,0,321,0,0,'0.0000',2,'0.0000',2,'0.0000',2),(2248,3,322,0,0,'0.0000',2,'0.0000',2,'0.0000',2),(2249,6,322,0,0,'0.0000',2,'0.0000',2,'0.0000',2),(2250,1,322,0,0,'0.0000',2,'0.0000',2,'0.0000',2),(2251,0,322,0,0,'0.0000',2,'0.0000',2,'0.0000',2),(2252,4,322,0,0,'0.0000',2,'0.0000',2,'0.0000',2),(2253,2,322,0,0,'0.0000',2,'0.0000',2,'0.0000',2),(2254,5,322,0,0,'0.0000',2,'0.0000',2,'0.0000',2),(2255,6,323,0,0,'0.0000',2,'0.0000',2,'0.0000',2),(2256,5,323,0,0,'0.0000',2,'0.0000',2,'0.0000',2),(2257,2,323,0,0,'0.0000',2,'0.0000',2,'0.0000',2),(2258,1,323,0,0,'0.0000',2,'0.0000',2,'0.0000',2),(2259,4,323,0,0,'0.0000',2,'0.0000',2,'0.0000',2),(2260,3,323,0,0,'0.0000',2,'0.0000',2,'0.0000',2),(2261,0,323,0,0,'0.0000',2,'0.0000',2,'0.0000',2),(2262,3,324,0,0,'0.0000',2,'0.0000',2,'0.0000',2),(2263,2,324,0,0,'0.0000',2,'0.0000',2,'0.0000',2),(2264,0,324,0,0,'0.0000',2,'0.0000',2,'0.0000',2),(2265,1,324,0,0,'0.0000',2,'0.0000',2,'0.0000',2),(2266,4,324,0,0,'0.0000',2,'0.0000',2,'0.0000',2),(2267,6,324,0,0,'0.0000',2,'0.0000',2,'0.0000',2),(2268,5,324,0,0,'0.0000',2,'0.0000',2,'0.0000',2),(2269,6,325,0,0,'0.0000',2,'0.0000',2,'0.0000',2),(2270,1,325,0,0,'0.0000',2,'0.0000',2,'0.0000',2),(2271,4,325,0,0,'0.0000',2,'0.0000',2,'0.0000',2),(2272,0,325,0,0,'0.0000',2,'0.0000',2,'0.0000',2),(2273,2,325,0,0,'0.0000',2,'0.0000',2,'0.0000',2),(2274,5,325,0,0,'0.0000',2,'0.0000',2,'0.0000',2),(2275,3,325,0,0,'0.0000',2,'0.0000',2,'0.0000',2),(2276,0,326,0,0,'0.0000',2,'0.0000',2,'0.0000',2),(2277,6,326,0,0,'0.0000',2,'0.0000',2,'0.0000',2),(2278,3,326,0,0,'0.0000',2,'0.0000',2,'0.0000',2),(2279,2,326,0,0,'0.0000',2,'0.0000',2,'0.0000',2),(2280,1,326,0,0,'0.0000',2,'0.0000',2,'0.0000',2),(2281,4,326,0,0,'0.0000',2,'0.0000',2,'0.0000',2),(2282,5,326,0,0,'0.0000',2,'0.0000',2,'0.0000',2),(2283,6,327,0,0,'0.0000',2,'0.0000',2,'0.0000',2),(2284,5,327,0,0,'0.0000',2,'0.0000',2,'0.0000',2),(2285,1,327,0,0,'0.0000',2,'0.0000',2,'0.0000',2),(2286,3,327,0,0,'0.0000',2,'0.0000',2,'0.0000',2),(2287,0,327,0,0,'0.0000',2,'0.0000',2,'0.0000',2),(2288,2,327,0,0,'0.0000',2,'0.0000',2,'0.0000',2),(2289,4,327,0,0,'0.0000',2,'0.0000',2,'0.0000',2),(2290,2,328,0,0,'0.0000',2,'0.0000',2,'0.0000',2),(2291,6,328,0,0,'0.0000',2,'0.0000',2,'0.0000',2),(2292,5,328,0,0,'0.0000',2,'0.0000',2,'0.0000',2),(2293,4,328,0,0,'0.0000',2,'0.0000',2,'0.0000',2),(2294,0,328,0,0,'0.0000',2,'0.0000',2,'0.0000',2),(2295,3,328,0,0,'0.0000',2,'0.0000',2,'0.0000',2),(2296,1,328,0,0,'0.0000',2,'0.0000',2,'0.0000',2),(2297,6,329,0,0,'0.0000',2,'0.0000',2,'0.0000',2),(2298,0,329,0,0,'0.0000',2,'0.0000',2,'0.0000',2),(2299,3,329,0,0,'0.0000',2,'0.0000',2,'0.0000',2),(2300,5,329,0,0,'0.0000',2,'0.0000',2,'0.0000',2),(2301,2,329,0,0,'0.0000',2,'0.0000',2,'0.0000',2),(2302,1,329,0,0,'0.0000',2,'0.0000',2,'0.0000',2),(2303,4,329,0,0,'0.0000',2,'0.0000',2,'0.0000',2),(2304,4,330,0,0,'0.0000',2,'0.0000',2,'0.0000',2),(2305,3,330,0,0,'0.0000',2,'0.0000',2,'0.0000',2),(2306,0,330,0,0,'0.0000',2,'0.0000',2,'0.0000',2),(2307,6,330,0,0,'0.0000',2,'0.0000',2,'0.0000',2),(2308,5,330,0,0,'0.0000',2,'0.0000',2,'0.0000',2),(2309,2,330,0,0,'0.0000',2,'0.0000',2,'0.0000',2),(2310,1,330,0,0,'0.0000',2,'0.0000',2,'0.0000',2),(2311,5,331,0,0,'0.0000',2,'0.0000',2,'0.0000',2),(2312,1,331,0,0,'0.0000',2,'0.0000',2,'0.0000',2),(2313,3,331,0,0,'0.0000',2,'0.0000',2,'0.0000',2),(2314,0,331,0,0,'0.0000',2,'0.0000',2,'0.0000',2),(2315,4,331,0,0,'0.0000',2,'0.0000',2,'0.0000',2),(2316,2,331,0,0,'0.0000',2,'0.0000',2,'0.0000',2),(2317,6,331,0,0,'0.0000',2,'0.0000',2,'0.0000',2),(2318,0,332,0,0,'0.0000',2,'0.0000',2,'0.0000',2),(2319,4,332,0,0,'0.0000',2,'0.0000',2,'0.0000',2),(2320,6,332,0,0,'0.0000',2,'0.0000',2,'0.0000',2),(2321,3,332,0,0,'0.0000',2,'0.0000',2,'0.0000',2),(2322,5,332,0,0,'0.0000',2,'0.0000',2,'0.0000',2),(2323,2,332,0,0,'0.0000',2,'0.0000',2,'0.0000',2),(2324,1,332,0,0,'0.0000',2,'0.0000',2,'0.0000',2),(2325,4,333,0,0,'0.0000',2,'0.0000',2,'0.0000',2),(2326,2,333,0,0,'0.0000',2,'0.0000',2,'0.0000',2),(2327,5,333,0,0,'0.0000',2,'0.0000',2,'0.0000',2),(2328,0,333,0,0,'0.0000',2,'0.0000',2,'0.0000',2),(2329,6,333,0,0,'0.0000',2,'0.0000',2,'0.0000',2),(2330,1,333,0,0,'0.0000',2,'0.0000',2,'0.0000',2),(2331,3,333,0,0,'0.0000',2,'0.0000',2,'0.0000',2),(2332,1,334,0,0,'0.0000',2,'0.0000',2,'0.0000',2),(2333,4,334,0,0,'0.0000',2,'0.0000',2,'0.0000',2),(2334,5,334,0,0,'0.0000',2,'0.0000',2,'0.0000',2),(2335,2,334,0,0,'0.0000',2,'0.0000',2,'0.0000',2),(2336,0,334,0,0,'0.0000',2,'0.0000',2,'0.0000',2),(2337,3,334,0,0,'0.0000',2,'0.0000',2,'0.0000',2),(2338,6,334,0,0,'0.0000',2,'0.0000',2,'0.0000',2),(2339,4,335,0,0,'0.0000',2,'0.0000',2,'0.0000',2),(2340,3,335,0,0,'0.0000',2,'0.0000',2,'0.0000',2),(2341,5,335,0,0,'0.0000',2,'0.0000',2,'0.0000',2),(2342,2,335,0,0,'0.0000',2,'0.0000',2,'0.0000',2),(2343,6,335,0,0,'0.0000',2,'0.0000',2,'0.0000',2),(2344,1,335,0,0,'0.0000',2,'0.0000',2,'0.0000',2),(2345,0,335,0,0,'0.0000',2,'0.0000',2,'0.0000',2),(2346,1,336,0,0,'0.0000',2,'0.0000',2,'0.0000',2),(2347,3,336,0,0,'0.0000',2,'0.0000',2,'0.0000',2),(2348,4,336,0,0,'0.0000',2,'0.0000',2,'0.0000',2),(2349,5,336,0,0,'0.0000',2,'0.0000',2,'0.0000',2),(2350,6,336,0,0,'0.0000',2,'0.0000',2,'0.0000',2),(2351,2,336,0,0,'0.0000',2,'0.0000',2,'0.0000',2),(2352,0,336,0,0,'0.0000',2,'0.0000',2,'0.0000',2),(2353,6,337,0,0,'0.0000',2,'0.0000',2,'0.0000',2),(2354,5,337,0,0,'0.0000',2,'0.0000',2,'0.0000',2),(2355,4,337,0,0,'0.0000',2,'0.0000',2,'0.0000',2),(2356,3,337,0,0,'0.0000',2,'0.0000',2,'0.0000',2),(2357,0,337,0,0,'0.0000',2,'0.0000',2,'0.0000',2),(2358,1,337,0,0,'0.0000',2,'0.0000',2,'0.0000',2),(2359,2,337,0,0,'0.0000',2,'0.0000',2,'0.0000',2),(2360,1,338,0,0,'0.0000',2,'0.0000',2,'0.0000',2),(2361,5,338,0,0,'0.0000',2,'0.0000',2,'0.0000',2),(2362,2,338,0,0,'0.0000',2,'0.0000',2,'0.0000',2),(2363,0,338,0,0,'0.0000',2,'0.0000',2,'0.0000',2),(2364,4,338,0,0,'0.0000',2,'0.0000',2,'0.0000',2),(2365,6,338,0,0,'0.0000',2,'0.0000',2,'0.0000',2),(2366,3,338,0,0,'0.0000',2,'0.0000',2,'0.0000',2),(2367,3,339,0,0,'0.0000',2,'0.0000',2,'0.0000',2),(2368,1,339,0,0,'0.0000',2,'0.0000',2,'0.0000',2),(2369,0,339,0,0,'0.0000',2,'0.0000',2,'0.0000',2),(2370,4,339,0,0,'0.0000',2,'0.0000',2,'0.0000',2),(2371,6,339,0,0,'0.0000',2,'0.0000',2,'0.0000',2),(2372,5,339,0,0,'0.0000',2,'0.0000',2,'0.0000',2),(2373,2,339,0,0,'0.0000',2,'0.0000',2,'0.0000',2),(2374,6,340,0,0,'0.0000',2,'0.0000',2,'0.0000',2),(2375,5,340,0,0,'0.0000',2,'0.0000',2,'0.0000',2),(2376,4,340,0,0,'0.0000',2,'0.0000',2,'0.0000',2),(2377,3,340,0,0,'0.0000',2,'0.0000',2,'0.0000',2),(2378,2,340,0,0,'0.0000',2,'0.0000',2,'0.0000',2),(2379,1,340,0,0,'0.0000',2,'0.0000',2,'0.0000',2),(2380,0,340,0,0,'0.0000',2,'0.0000',2,'0.0000',2),(2381,5,341,0,0,'0.0000',2,'0.0000',2,'0.0000',2),(2382,0,341,0,0,'0.0000',2,'0.0000',2,'0.0000',2),(2383,1,341,0,0,'0.0000',2,'0.0000',2,'0.0000',2),(2384,4,341,0,0,'0.0000',2,'0.0000',2,'0.0000',2),(2385,3,341,0,0,'0.0000',2,'0.0000',2,'0.0000',2),(2386,6,341,0,0,'0.0000',2,'0.0000',2,'0.0000',2),(2387,2,341,0,0,'0.0000',2,'0.0000',2,'0.0000',2),(2388,5,342,0,0,'0.0000',2,'0.0000',2,'0.0000',2),(2389,2,342,0,0,'0.0000',2,'0.0000',2,'0.0000',2),(2390,0,342,0,0,'0.0000',2,'0.0000',2,'0.0000',2),(2391,6,342,0,0,'0.0000',2,'0.0000',2,'0.0000',2),(2392,3,342,0,0,'0.0000',2,'0.0000',2,'0.0000',2),(2393,4,342,0,0,'0.0000',2,'0.0000',2,'0.0000',2),(2394,1,342,0,0,'0.0000',2,'0.0000',2,'0.0000',2),(2395,4,343,0,0,'0.0000',2,'0.0000',2,'0.0000',2),(2396,2,343,0,0,'0.0000',2,'0.0000',2,'0.0000',2),(2397,0,343,0,0,'0.0000',2,'0.0000',2,'0.0000',2),(2398,5,343,0,0,'0.0000',2,'0.0000',2,'0.0000',2),(2399,6,343,0,0,'0.0000',2,'0.0000',2,'0.0000',2),(2400,1,343,0,0,'0.0000',2,'0.0000',2,'0.0000',2),(2401,3,343,0,0,'0.0000',2,'0.0000',2,'0.0000',2),(2402,2,344,0,0,'0.0000',2,'0.0000',2,'0.0000',2),(2403,6,344,0,0,'0.0000',2,'0.0000',2,'0.0000',2),(2404,0,344,0,0,'0.0000',2,'0.0000',2,'0.0000',2),(2405,5,344,0,0,'0.0000',2,'0.0000',2,'0.0000',2),(2406,4,344,0,0,'0.0000',2,'0.0000',2,'0.0000',2),(2407,3,344,0,0,'0.0000',2,'0.0000',2,'0.0000',2),(2408,1,344,0,0,'0.0000',2,'0.0000',2,'0.0000',2),(2409,6,345,0,0,'0.0000',2,'0.0000',2,'0.0000',2),(2410,5,345,0,0,'0.0000',2,'0.0000',2,'0.0000',2),(2411,4,345,0,0,'0.0000',2,'0.0000',2,'0.0000',2),(2412,3,345,0,0,'0.0000',2,'0.0000',2,'0.0000',2),(2413,1,345,0,0,'0.0000',2,'0.0000',2,'0.0000',2),(2414,0,345,0,0,'0.0000',2,'0.0000',2,'0.0000',2),(2415,2,345,0,0,'0.0000',2,'0.0000',2,'0.0000',2),(2416,2,346,0,0,'0.0000',2,'0.0000',2,'0.0000',2),(2417,4,346,0,0,'0.0000',2,'0.0000',2,'0.0000',2),(2418,1,346,0,0,'0.0000',2,'0.0000',2,'0.0000',2),(2419,6,346,0,0,'0.0000',2,'0.0000',2,'0.0000',2),(2420,0,346,0,0,'0.0000',2,'0.0000',2,'0.0000',2),(2421,3,346,0,0,'0.0000',2,'0.0000',2,'0.0000',2),(2422,5,346,0,0,'0.0000',2,'0.0000',2,'0.0000',2),(2423,6,347,0,0,'0.0000',2,'0.0000',2,'0.0000',2),(2424,1,347,0,0,'0.0000',2,'0.0000',2,'0.0000',2),(2425,5,347,0,0,'0.0000',2,'0.0000',2,'0.0000',2),(2426,0,347,0,0,'0.0000',2,'0.0000',2,'0.0000',2),(2427,2,347,0,0,'0.0000',2,'0.0000',2,'0.0000',2),(2428,4,347,0,0,'0.0000',2,'0.0000',2,'0.0000',2),(2429,3,347,0,0,'0.0000',2,'0.0000',2,'0.0000',2),(2430,4,348,0,0,'0.0000',2,'0.0000',2,'0.0000',2),(2431,0,348,0,0,'0.0000',2,'0.0000',2,'0.0000',2),(2432,1,348,0,0,'0.0000',2,'0.0000',2,'0.0000',2),(2433,3,348,0,0,'0.0000',2,'0.0000',2,'0.0000',2),(2434,6,348,0,0,'0.0000',2,'0.0000',2,'0.0000',2),(2435,5,348,0,0,'0.0000',2,'0.0000',2,'0.0000',2),(2436,2,348,0,0,'0.0000',2,'0.0000',2,'0.0000',2),(2437,6,349,0,0,'0.0000',2,'0.0000',2,'0.0000',2),(2438,5,349,0,0,'0.0000',2,'0.0000',2,'0.0000',2),(2439,0,349,0,0,'0.0000',2,'0.0000',2,'0.0000',2),(2440,3,349,0,0,'0.0000',2,'0.0000',2,'0.0000',2),(2441,2,349,0,0,'0.0000',2,'0.0000',2,'0.0000',2),(2442,4,349,0,0,'0.0000',2,'0.0000',2,'0.0000',2),(2443,1,349,0,0,'0.0000',2,'0.0000',2,'0.0000',2),(2444,0,350,0,0,'0.0000',2,'0.0000',2,'0.0000',2),(2445,3,350,0,0,'0.0000',2,'0.0000',2,'0.0000',2),(2446,2,350,0,0,'0.0000',2,'0.0000',2,'0.0000',2),(2447,1,350,0,0,'0.0000',2,'0.0000',2,'0.0000',2),(2448,4,350,0,0,'0.0000',2,'0.0000',2,'0.0000',2),(2449,5,350,0,0,'0.0000',2,'0.0000',2,'0.0000',2),(2450,6,350,0,0,'0.0000',2,'0.0000',2,'0.0000',2),(2451,5,351,0,0,'0.0000',2,'0.0000',2,'0.0000',2),(2452,3,351,0,0,'0.0000',2,'0.0000',2,'0.0000',2),(2453,2,351,0,0,'0.0000',2,'0.0000',2,'0.0000',2),(2454,6,351,0,0,'0.0000',2,'0.0000',2,'0.0000',2),(2455,0,351,0,0,'0.0000',2,'0.0000',2,'0.0000',2),(2456,4,351,0,0,'0.0000',2,'0.0000',2,'0.0000',2),(2457,1,351,0,0,'0.0000',2,'0.0000',2,'0.0000',2),(2458,6,352,0,0,'0.0000',2,'0.0000',2,'0.0000',2),(2459,5,352,0,0,'0.0000',2,'0.0000',2,'0.0000',2),(2460,3,352,0,0,'0.0000',2,'0.0000',2,'0.0000',2),(2461,2,352,0,0,'0.0000',2,'0.0000',2,'0.0000',2),(2462,4,352,0,0,'0.0000',2,'0.0000',2,'0.0000',2),(2463,1,352,0,0,'0.0000',2,'0.0000',2,'0.0000',2),(2464,0,352,0,0,'0.0000',2,'0.0000',2,'0.0000',2),(2465,6,353,0,0,'0.0000',2,'0.0000',2,'0.0000',2),(2466,1,353,0,0,'0.0000',2,'0.0000',2,'0.0000',2),(2467,3,353,0,0,'0.0000',2,'0.0000',2,'0.0000',2),(2468,2,353,0,0,'0.0000',2,'0.0000',2,'0.0000',2),(2469,5,353,0,0,'0.0000',2,'0.0000',2,'0.0000',2),(2470,4,353,0,0,'0.0000',2,'0.0000',2,'0.0000',2),(2471,0,353,0,0,'0.0000',2,'0.0000',2,'0.0000',2),(2472,3,354,0,0,'0.0000',2,'0.0000',2,'0.0000',2),(2473,4,354,0,0,'0.0000',2,'0.0000',2,'0.0000',2),(2474,2,354,0,0,'0.0000',2,'0.0000',2,'0.0000',2),(2475,6,354,0,0,'0.0000',2,'0.0000',2,'0.0000',2),(2476,1,354,0,0,'0.0000',2,'0.0000',2,'0.0000',2),(2477,5,354,0,0,'0.0000',2,'0.0000',2,'0.0000',2),(2478,0,354,0,0,'0.0000',2,'0.0000',2,'0.0000',2),(2479,1,355,0,0,'0.0000',2,'0.0000',2,'0.0000',2),(2480,5,355,0,0,'0.0000',2,'0.0000',2,'0.0000',2),(2481,6,355,0,0,'0.0000',2,'0.0000',2,'0.0000',2),(2482,3,355,0,0,'0.0000',2,'0.0000',2,'0.0000',2),(2483,2,355,0,0,'0.0000',2,'0.0000',2,'0.0000',2),(2484,0,355,0,0,'0.0000',2,'0.0000',2,'0.0000',2),(2485,4,355,0,0,'0.0000',2,'0.0000',2,'0.0000',2),(2486,0,356,0,0,'0.0000',2,'0.0000',2,'0.0000',2),(2487,5,356,0,0,'0.0000',2,'0.0000',2,'0.0000',2),(2488,2,356,0,0,'0.0000',2,'0.0000',2,'0.0000',2),(2489,6,356,0,0,'0.0000',2,'0.0000',2,'0.0000',2),(2490,1,356,0,0,'0.0000',2,'0.0000',2,'0.0000',2),(2491,4,356,0,0,'0.0000',2,'0.0000',2,'0.0000',2),(2492,3,356,0,0,'0.0000',2,'0.0000',2,'0.0000',2),(2493,6,357,0,0,'0.0000',2,'0.0000',2,'0.0000',2),(2494,0,357,0,0,'0.0000',2,'0.0000',2,'0.0000',2),(2495,3,357,0,0,'0.0000',2,'0.0000',2,'0.0000',2),(2496,1,357,0,0,'0.0000',2,'0.0000',2,'0.0000',2),(2497,4,357,0,0,'0.0000',2,'0.0000',2,'0.0000',2),(2498,2,357,0,0,'0.0000',2,'0.0000',2,'0.0000',2),(2499,5,357,0,0,'0.0000',2,'0.0000',2,'0.0000',2),(2500,2,358,0,0,'0.0000',2,'0.0000',2,'0.0000',2),(2501,4,358,0,0,'0.0000',2,'0.0000',2,'0.0000',2),(2502,3,358,0,0,'0.0000',2,'0.0000',2,'0.0000',2),(2503,5,358,0,0,'0.0000',2,'0.0000',2,'0.0000',2),(2504,1,358,0,0,'0.0000',2,'0.0000',2,'0.0000',2),(2505,0,358,0,0,'0.0000',2,'0.0000',2,'0.0000',2),(2506,6,358,0,0,'0.0000',2,'0.0000',2,'0.0000',2),(2507,3,359,0,0,'0.0000',2,'0.0000',2,'0.0000',2),(2508,1,359,0,0,'0.0000',2,'0.0000',2,'0.0000',2),(2509,0,359,0,0,'0.0000',2,'0.0000',2,'0.0000',2),(2510,5,359,0,0,'0.0000',2,'0.0000',2,'0.0000',2),(2511,6,359,0,0,'0.0000',2,'0.0000',2,'0.0000',2),(2512,2,359,0,0,'0.0000',2,'0.0000',2,'0.0000',2),(2513,4,359,0,0,'0.0000',2,'0.0000',2,'0.0000',2),(2514,5,360,0,0,'0.0000',2,'0.0000',2,'0.0000',2),(2515,2,360,0,0,'0.0000',2,'0.0000',2,'0.0000',2),(2516,6,360,0,0,'0.0000',2,'0.0000',2,'0.0000',2),(2517,0,360,0,0,'0.0000',2,'0.0000',2,'0.0000',2),(2518,4,360,0,0,'0.0000',2,'0.0000',2,'0.0000',2),(2519,1,360,0,0,'0.0000',2,'0.0000',2,'0.0000',2),(2520,3,360,0,0,'0.0000',2,'0.0000',2,'0.0000',2),(2521,5,361,0,0,'0.0000',2,'0.0000',2,'0.0000',2),(2522,2,361,0,0,'0.0000',2,'0.0000',2,'0.0000',2),(2523,0,361,0,0,'0.0000',2,'0.0000',2,'0.0000',2),(2524,6,361,0,0,'0.0000',2,'0.0000',2,'0.0000',2),(2525,4,361,0,0,'0.0000',2,'0.0000',2,'0.0000',2),(2526,3,361,0,0,'0.0000',2,'0.0000',2,'0.0000',2),(2527,1,361,0,0,'0.0000',2,'0.0000',2,'0.0000',2),(2528,5,362,0,0,'0.0000',2,'0.0000',2,'0.0000',2),(2529,2,362,0,0,'0.0000',2,'0.0000',2,'0.0000',2),(2530,4,362,0,0,'0.0000',2,'0.0000',2,'0.0000',2),(2531,1,362,0,0,'0.0000',2,'0.0000',2,'0.0000',2),(2532,0,362,0,0,'0.0000',2,'0.0000',2,'0.0000',2),(2533,3,362,0,0,'0.0000',2,'0.0000',2,'0.0000',2),(2534,6,362,0,0,'0.0000',2,'0.0000',2,'0.0000',2),(2535,3,363,0,0,'0.0000',2,'0.0000',2,'0.0000',2),(2536,4,363,0,0,'0.0000',2,'0.0000',2,'0.0000',2),(2537,1,363,0,0,'0.0000',2,'0.0000',2,'0.0000',2),(2538,6,363,0,0,'0.0000',2,'0.0000',2,'0.0000',2),(2539,2,363,0,0,'0.0000',2,'0.0000',2,'0.0000',2),(2540,5,363,0,0,'0.0000',2,'0.0000',2,'0.0000',2),(2541,0,363,0,0,'0.0000',2,'0.0000',2,'0.0000',2),(2542,6,364,0,0,'0.0000',2,'0.0000',2,'0.0000',2),(2543,4,364,0,0,'0.0000',2,'0.0000',2,'0.0000',2),(2544,5,364,0,0,'0.0000',2,'0.0000',2,'0.0000',2),(2545,2,364,0,0,'0.0000',2,'0.0000',2,'0.0000',2),(2546,1,364,0,0,'0.0000',2,'0.0000',2,'0.0000',2),(2547,3,364,0,0,'0.0000',2,'0.0000',2,'0.0000',2),(2548,0,364,0,0,'0.0000',2,'0.0000',2,'0.0000',2),(2549,6,365,0,0,'0.0000',2,'0.0000',2,'0.0000',2),(2550,4,365,0,0,'0.0000',2,'0.0000',2,'0.0000',2),(2551,0,365,0,0,'0.0000',2,'0.0000',2,'0.0000',2),(2552,3,365,0,0,'0.0000',2,'0.0000',2,'0.0000',2),(2553,5,365,0,0,'0.0000',2,'0.0000',2,'0.0000',2),(2554,2,365,0,0,'0.0000',2,'0.0000',2,'0.0000',2),(2555,1,365,0,0,'0.0000',2,'0.0000',2,'0.0000',2),(2556,1,366,0,0,'0.0000',2,'0.0000',2,'0.0000',2),(2557,6,366,0,0,'0.0000',2,'0.0000',2,'0.0000',2),(2558,0,366,0,0,'0.0000',2,'0.0000',2,'0.0000',2),(2559,3,366,0,0,'0.0000',2,'0.0000',2,'0.0000',2),(2560,5,366,0,0,'0.0000',2,'0.0000',2,'0.0000',2),(2561,4,366,0,0,'0.0000',2,'0.0000',2,'0.0000',2),(2562,2,366,0,0,'0.0000',2,'0.0000',2,'0.0000',2),(2563,1,367,0,0,'0.0000',2,'0.0000',2,'0.0000',2),(2564,4,367,0,0,'0.0000',2,'0.0000',2,'0.0000',2),(2565,0,367,0,0,'0.0000',2,'0.0000',2,'0.0000',2),(2566,5,367,0,0,'0.0000',2,'0.0000',2,'0.0000',2),(2567,6,367,0,0,'0.0000',2,'0.0000',2,'0.0000',2),(2568,3,367,0,0,'0.0000',2,'0.0000',2,'0.0000',2),(2569,2,367,0,0,'0.0000',2,'0.0000',2,'0.0000',2),(2570,0,368,0,0,'0.0000',2,'0.0000',2,'0.0000',2),(2571,6,368,0,0,'0.0000',2,'0.0000',2,'0.0000',2),(2572,1,368,0,0,'0.0000',2,'0.0000',2,'0.0000',2),(2573,2,368,0,0,'0.0000',2,'0.0000',2,'0.0000',2),(2574,3,368,0,0,'0.0000',2,'0.0000',2,'0.0000',2),(2575,4,368,0,0,'0.0000',2,'0.0000',2,'0.0000',2),(2576,5,368,0,0,'0.0000',2,'0.0000',2,'0.0000',2),(2577,4,369,0,0,'0.0000',2,'0.0000',2,'0.0000',2),(2578,3,369,0,0,'0.0000',2,'0.0000',2,'0.0000',2),(2579,1,369,0,0,'0.0000',2,'0.0000',2,'0.0000',2),(2580,0,369,0,0,'0.0000',2,'0.0000',2,'0.0000',2),(2581,6,369,0,0,'0.0000',2,'0.0000',2,'0.0000',2),(2582,5,369,0,0,'0.0000',2,'0.0000',2,'0.0000',2),(2583,2,369,0,0,'0.0000',2,'0.0000',2,'0.0000',2),(2584,0,370,0,0,'0.0000',2,'0.0000',2,'0.0000',2),(2585,6,370,0,0,'0.0000',2,'0.0000',2,'0.0000',2),(2586,3,370,0,0,'0.0000',2,'0.0000',2,'0.0000',2),(2587,4,370,0,0,'0.0000',2,'0.0000',2,'0.0000',2),(2588,2,370,0,0,'0.0000',2,'0.0000',2,'0.0000',2),(2589,5,370,0,0,'0.0000',2,'0.0000',2,'0.0000',2),(2590,1,370,0,0,'0.0000',2,'0.0000',2,'0.0000',2),(2591,6,371,0,0,'0.0000',2,'0.0000',2,'0.0000',2),(2592,2,371,0,0,'0.0000',2,'0.0000',2,'0.0000',2),(2593,5,371,0,0,'0.0000',2,'0.0000',2,'0.0000',2),(2594,3,371,0,0,'0.0000',2,'0.0000',2,'0.0000',2),(2595,0,371,0,0,'0.0000',2,'0.0000',2,'0.0000',2),(2596,4,371,0,0,'0.0000',2,'0.0000',2,'0.0000',2),(2597,1,371,0,0,'0.0000',2,'0.0000',2,'0.0000',2),(2598,1,372,0,0,'0.0000',2,'0.0000',2,'0.0000',2),(2599,5,372,0,0,'0.0000',2,'0.0000',2,'0.0000',2),(2600,2,372,0,0,'0.0000',2,'0.0000',2,'0.0000',2),(2601,3,372,0,0,'0.0000',2,'0.0000',2,'0.0000',2),(2602,4,372,0,0,'0.0000',2,'0.0000',2,'0.0000',2),(2603,6,372,0,0,'0.0000',2,'0.0000',2,'0.0000',2),(2604,0,372,0,0,'0.0000',2,'0.0000',2,'0.0000',2),(2605,3,373,0,0,'0.0000',2,'0.0000',2,'0.0000',2),(2606,5,373,0,0,'0.0000',2,'0.0000',2,'0.0000',2),(2607,1,373,0,0,'0.0000',2,'0.0000',2,'0.0000',2),(2608,0,373,0,0,'0.0000',2,'0.0000',2,'0.0000',2),(2609,6,373,0,0,'0.0000',2,'0.0000',2,'0.0000',2),(2610,2,373,0,0,'0.0000',2,'0.0000',2,'0.0000',2),(2611,4,373,0,0,'0.0000',2,'0.0000',2,'0.0000',2),(2612,0,374,0,0,'0.0000',2,'0.0000',2,'0.0000',2),(2613,5,374,0,0,'0.0000',2,'0.0000',2,'0.0000',2),(2614,6,374,0,0,'0.0000',2,'0.0000',2,'0.0000',2),(2615,3,374,0,0,'0.0000',2,'0.0000',2,'0.0000',2),(2616,1,374,0,0,'0.0000',2,'0.0000',2,'0.0000',2),(2617,4,374,0,0,'0.0000',2,'0.0000',2,'0.0000',2),(2618,2,374,0,0,'0.0000',2,'0.0000',2,'0.0000',2),(2619,6,375,0,0,'0.0000',2,'0.0000',2,'0.0000',2),(2620,0,375,0,0,'0.0000',2,'0.0000',2,'0.0000',2),(2621,5,375,0,0,'0.0000',2,'0.0000',2,'0.0000',2),(2622,1,375,0,0,'0.0000',2,'0.0000',2,'0.0000',2),(2623,2,375,0,0,'0.0000',2,'0.0000',2,'0.0000',2),(2624,4,375,0,0,'0.0000',2,'0.0000',2,'0.0000',2),(2625,3,375,0,0,'0.0000',2,'0.0000',2,'0.0000',2),(2626,4,376,0,0,'0.0000',2,'0.0000',2,'0.0000',2),(2627,0,376,0,0,'0.0000',2,'0.0000',2,'0.0000',2),(2628,5,376,0,0,'0.0000',2,'0.0000',2,'0.0000',2),(2629,3,376,0,0,'0.0000',2,'0.0000',2,'0.0000',2),(2630,6,376,0,0,'0.0000',2,'0.0000',2,'0.0000',2),(2631,2,376,0,0,'0.0000',2,'0.0000',2,'0.0000',2),(2632,1,376,0,0,'0.0000',2,'0.0000',2,'0.0000',2),(2633,2,377,0,0,'0.0000',2,'0.0000',2,'0.0000',2),(2634,3,377,0,0,'0.0000',2,'0.0000',2,'0.0000',2),(2635,0,377,0,0,'0.0000',2,'0.0000',2,'0.0000',2),(2636,6,377,0,0,'0.0000',2,'0.0000',2,'0.0000',2),(2637,5,377,0,0,'0.0000',2,'0.0000',2,'0.0000',2),(2638,4,377,0,0,'0.0000',2,'0.0000',2,'0.0000',2),(2639,1,377,0,0,'0.0000',2,'0.0000',2,'0.0000',2),(2640,0,378,0,0,'0.0000',2,'0.0000',2,'0.0000',2),(2641,4,378,0,0,'0.0000',2,'0.0000',2,'0.0000',2),(2642,3,378,0,0,'0.0000',2,'0.0000',2,'0.0000',2),(2643,5,378,0,0,'0.0000',2,'0.0000',2,'0.0000',2),(2644,6,378,0,0,'0.0000',2,'0.0000',2,'0.0000',2),(2645,2,378,0,0,'0.0000',2,'0.0000',2,'0.0000',2),(2646,1,378,0,0,'0.0000',2,'0.0000',2,'0.0000',2),(2647,3,379,0,0,'0.0000',2,'0.0000',2,'0.0000',2),(2648,5,379,0,0,'0.0000',2,'0.0000',2,'0.0000',2),(2649,4,379,0,0,'0.0000',2,'0.0000',2,'0.0000',2),(2650,2,379,0,0,'0.0000',2,'0.0000',2,'0.0000',2),(2651,1,379,0,0,'0.0000',2,'0.0000',2,'0.0000',2),(2652,0,379,0,0,'0.0000',2,'0.0000',2,'0.0000',2),(2653,6,379,0,0,'0.0000',2,'0.0000',2,'0.0000',2),(2654,6,380,0,0,'0.0000',2,'0.0000',2,'0.0000',2),(2655,5,380,0,0,'0.0000',2,'0.0000',2,'0.0000',2),(2656,1,380,0,0,'0.0000',2,'0.0000',2,'0.0000',2),(2657,3,380,0,0,'0.0000',2,'0.0000',2,'0.0000',2),(2658,2,380,0,0,'0.0000',2,'0.0000',2,'0.0000',2),(2659,0,380,0,0,'0.0000',2,'0.0000',2,'0.0000',2),(2660,4,380,0,0,'0.0000',2,'0.0000',2,'0.0000',2),(2661,6,381,0,0,'0.0000',2,'0.0000',2,'0.0000',2),(2662,0,381,0,0,'0.0000',2,'0.0000',2,'0.0000',2),(2663,4,381,0,0,'0.0000',2,'0.0000',2,'0.0000',2),(2664,3,381,0,0,'0.0000',2,'0.0000',2,'0.0000',2),(2665,1,381,0,0,'0.0000',2,'0.0000',2,'0.0000',2),(2666,2,381,0,0,'0.0000',2,'0.0000',2,'0.0000',2),(2667,5,381,0,0,'0.0000',2,'0.0000',2,'0.0000',2),(2668,6,382,0,0,'0.0000',2,'0.0000',2,'0.0000',2),(2669,3,382,0,0,'0.0000',2,'0.0000',2,'0.0000',2),(2670,5,382,0,0,'0.0000',2,'0.0000',2,'0.0000',2),(2671,2,382,0,0,'0.0000',2,'0.0000',2,'0.0000',2),(2672,0,382,0,0,'0.0000',2,'0.0000',2,'0.0000',2),(2673,1,382,0,0,'0.0000',2,'0.0000',2,'0.0000',2),(2674,4,382,0,0,'0.0000',2,'0.0000',2,'0.0000',2),(2675,5,383,0,0,'0.0000',2,'0.0000',2,'0.0000',2),(2676,0,383,0,0,'0.0000',2,'0.0000',2,'0.0000',2),(2677,1,383,0,0,'0.0000',2,'0.0000',2,'0.0000',2),(2678,6,383,0,0,'0.0000',2,'0.0000',2,'0.0000',2),(2679,4,383,0,0,'0.0000',2,'0.0000',2,'0.0000',2),(2680,2,383,0,0,'0.0000',2,'0.0000',2,'0.0000',2),(2681,3,383,0,0,'0.0000',2,'0.0000',2,'0.0000',2),(2682,0,384,0,0,'0.0000',2,'0.0000',2,'0.0000',2),(2683,2,384,0,0,'0.0000',2,'0.0000',2,'0.0000',2),(2684,6,384,0,0,'0.0000',2,'0.0000',2,'0.0000',2),(2685,4,384,0,0,'0.0000',2,'0.0000',2,'0.0000',2),(2686,5,384,0,0,'0.0000',2,'0.0000',2,'0.0000',2),(2687,3,384,0,0,'0.0000',2,'0.0000',2,'0.0000',2),(2688,1,384,0,0,'0.0000',2,'0.0000',2,'0.0000',2),(2689,1,385,0,0,'0.0000',2,'0.0000',2,'0.0000',2),(2690,6,385,0,0,'0.0000',2,'0.0000',2,'0.0000',2),(2691,3,385,0,0,'0.0000',2,'0.0000',2,'0.0000',2),(2692,0,385,0,0,'0.0000',2,'0.0000',2,'0.0000',2),(2693,5,385,0,0,'0.0000',2,'0.0000',2,'0.0000',2),(2694,2,385,0,0,'0.0000',2,'0.0000',2,'0.0000',2),(2695,4,385,0,0,'0.0000',2,'0.0000',2,'0.0000',2),(2696,0,386,0,0,'0.0000',2,'0.0000',2,'0.0000',2),(2697,5,386,0,0,'0.0000',2,'0.0000',2,'0.0000',2),(2698,6,386,0,0,'0.0000',2,'0.0000',2,'0.0000',2),(2699,3,386,0,0,'0.0000',2,'0.0000',2,'0.0000',2),(2700,4,386,0,0,'0.0000',2,'0.0000',2,'0.0000',2),(2701,2,386,0,0,'0.0000',2,'0.0000',2,'0.0000',2),(2702,1,386,0,0,'0.0000',2,'0.0000',2,'0.0000',2),(2703,1,387,0,0,'0.0000',2,'0.0000',2,'0.0000',2),(2704,3,387,0,0,'0.0000',2,'0.0000',2,'0.0000',2),(2705,0,387,0,0,'0.0000',2,'0.0000',2,'0.0000',2),(2706,4,387,0,0,'0.0000',2,'0.0000',2,'0.0000',2),(2707,6,387,0,0,'0.0000',2,'0.0000',2,'0.0000',2),(2708,2,387,0,0,'0.0000',2,'0.0000',2,'0.0000',2),(2709,5,387,0,0,'0.0000',2,'0.0000',2,'0.0000',2),(2710,2,388,0,0,'0.0000',2,'0.0000',2,'0.0000',2),(2711,4,388,0,0,'0.0000',2,'0.0000',2,'0.0000',2),(2712,0,388,0,0,'0.0000',2,'0.0000',2,'0.0000',2),(2713,6,388,0,0,'0.0000',2,'0.0000',2,'0.0000',2),(2714,5,388,0,0,'0.0000',2,'0.0000',2,'0.0000',2),(2715,3,388,0,0,'0.0000',2,'0.0000',2,'0.0000',2),(2716,1,388,0,0,'0.0000',2,'0.0000',2,'0.0000',2),(2717,3,389,0,0,'0.0000',2,'0.0000',2,'0.0000',2),(2718,2,389,0,0,'0.0000',2,'0.0000',2,'0.0000',2),(2719,0,389,0,0,'0.0000',2,'0.0000',2,'0.0000',2),(2720,5,389,0,0,'0.0000',2,'0.0000',2,'0.0000',2),(2721,6,389,0,0,'0.0000',2,'0.0000',2,'0.0000',2),(2722,4,389,0,0,'0.0000',2,'0.0000',2,'0.0000',2),(2723,1,389,0,0,'0.0000',2,'0.0000',2,'0.0000',2),(2724,6,390,0,0,'0.0000',2,'0.0000',2,'0.0000',2),(2725,4,390,0,0,'0.0000',2,'0.0000',2,'0.0000',2),(2726,1,390,0,0,'0.0000',2,'0.0000',2,'0.0000',2),(2727,3,390,0,0,'0.0000',2,'0.0000',2,'0.0000',2),(2728,0,390,0,0,'0.0000',2,'0.0000',2,'0.0000',2),(2729,5,390,0,0,'0.0000',2,'0.0000',2,'0.0000',2),(2730,2,390,0,0,'0.0000',2,'0.0000',2,'0.0000',2),(2731,1,391,0,0,'0.0000',2,'0.0000',2,'0.0000',2),(2732,5,391,0,0,'0.0000',2,'0.0000',2,'0.0000',2),(2733,2,391,0,0,'0.0000',2,'0.0000',2,'0.0000',2),(2734,3,391,0,0,'0.0000',2,'0.0000',2,'0.0000',2),(2735,4,391,0,0,'0.0000',2,'0.0000',2,'0.0000',2),(2736,6,391,0,0,'0.0000',2,'0.0000',2,'0.0000',2),(2737,0,391,0,0,'0.0000',2,'0.0000',2,'0.0000',2),(2738,3,392,0,0,'0.0000',2,'0.0000',2,'0.0000',2),(2739,2,392,0,0,'0.0000',2,'0.0000',2,'0.0000',2),(2740,1,392,0,0,'0.0000',2,'0.0000',2,'0.0000',2),(2741,4,392,0,0,'0.0000',2,'0.0000',2,'0.0000',2),(2742,0,392,0,0,'0.0000',2,'0.0000',2,'0.0000',2),(2743,5,392,0,0,'0.0000',2,'0.0000',2,'0.0000',2),(2744,6,392,0,0,'0.0000',2,'0.0000',2,'0.0000',2),(2745,5,393,0,0,'0.0000',2,'0.0000',2,'0.0000',2),(2746,2,393,0,0,'0.0000',2,'0.0000',2,'0.0000',2),(2747,1,393,0,0,'0.0000',2,'0.0000',2,'0.0000',2),(2748,4,393,0,0,'0.0000',2,'0.0000',2,'0.0000',2),(2749,3,393,0,0,'0.0000',2,'0.0000',2,'0.0000',2),(2750,6,393,0,0,'0.0000',2,'0.0000',2,'0.0000',2),(2751,0,393,0,0,'0.0000',2,'0.0000',2,'0.0000',2),(2752,5,394,0,0,'0.0000',2,'0.0000',2,'0.0000',2),(2753,0,394,0,0,'0.0000',2,'0.0000',2,'0.0000',2),(2754,1,394,0,0,'0.0000',2,'0.0000',2,'0.0000',2),(2755,4,394,0,0,'0.0000',2,'0.0000',2,'0.0000',2),(2756,2,394,0,0,'0.0000',2,'0.0000',2,'0.0000',2),(2757,6,394,0,0,'0.0000',2,'0.0000',2,'0.0000',2),(2758,3,394,0,0,'0.0000',2,'0.0000',2,'0.0000',2),(2759,6,395,0,0,'0.0000',2,'0.0000',2,'0.0000',2),(2760,2,395,0,0,'0.0000',2,'0.0000',2,'0.0000',2),(2761,0,395,0,0,'0.0000',2,'0.0000',2,'0.0000',2),(2762,5,395,0,0,'0.0000',2,'0.0000',2,'0.0000',2),(2763,3,395,0,0,'0.0000',2,'0.0000',2,'0.0000',2),(2764,1,395,0,0,'0.0000',2,'0.0000',2,'0.0000',2),(2765,4,395,0,0,'0.0000',2,'0.0000',2,'0.0000',2),(2766,2,396,0,0,'0.0000',2,'0.0000',2,'0.0000',2),(2767,5,396,0,0,'0.0000',2,'0.0000',2,'0.0000',2),(2768,6,396,0,0,'0.0000',2,'0.0000',2,'0.0000',2),(2769,3,396,0,0,'0.0000',2,'0.0000',2,'0.0000',2),(2770,0,396,0,0,'0.0000',2,'0.0000',2,'0.0000',2),(2771,1,396,0,0,'0.0000',2,'0.0000',2,'0.0000',2),(2772,4,396,0,0,'0.0000',2,'0.0000',2,'0.0000',2),(2773,1,397,0,0,'0.0000',2,'0.0000',2,'0.0000',2),(2774,0,397,0,0,'0.0000',2,'0.0000',2,'0.0000',2),(2775,5,397,0,0,'0.0000',2,'0.0000',2,'0.0000',2),(2776,3,397,0,0,'0.0000',2,'0.0000',2,'0.0000',2),(2777,6,397,0,0,'0.0000',2,'0.0000',2,'0.0000',2),(2778,4,397,0,0,'0.0000',2,'0.0000',2,'0.0000',2),(2779,2,397,0,0,'0.0000',2,'0.0000',2,'0.0000',2),(2780,2,398,0,0,'0.0000',2,'0.0000',2,'0.0000',2),(2781,4,398,0,0,'0.0000',2,'0.0000',2,'0.0000',2),(2782,1,398,0,0,'0.0000',2,'0.0000',2,'0.0000',2),(2783,0,398,0,0,'0.0000',2,'0.0000',2,'0.0000',2),(2784,6,398,0,0,'0.0000',2,'0.0000',2,'0.0000',2),(2785,3,398,0,0,'0.0000',2,'0.0000',2,'0.0000',2),(2786,5,398,0,0,'0.0000',2,'0.0000',2,'0.0000',2),(2787,5,399,0,0,'0.0000',2,'0.0000',2,'0.0000',2),(2788,0,399,0,0,'0.0000',2,'0.0000',2,'0.0000',2),(2789,4,399,0,0,'0.0000',2,'0.0000',2,'0.0000',2),(2790,2,399,0,0,'0.0000',2,'0.0000',2,'0.0000',2),(2791,1,399,0,0,'0.0000',2,'0.0000',2,'0.0000',2),(2792,3,399,0,0,'0.0000',2,'0.0000',2,'0.0000',2),(2793,6,399,0,0,'0.0000',2,'0.0000',2,'0.0000',2),(2794,0,400,0,0,'0.0000',2,'0.0000',2,'0.0000',2),(2795,3,400,0,0,'0.0000',2,'0.0000',2,'0.0000',2),(2796,4,400,0,0,'0.0000',2,'0.0000',2,'0.0000',2),(2797,6,400,0,0,'0.0000',2,'0.0000',2,'0.0000',2),(2798,1,400,0,0,'0.0000',2,'0.0000',2,'0.0000',2),(2799,2,400,0,0,'0.0000',2,'0.0000',2,'0.0000',2),(2800,5,400,0,0,'0.0000',2,'0.0000',2,'0.0000',2),(2801,1,401,0,0,'0.0000',2,'0.0000',2,'0.0000',2),(2802,4,401,0,0,'0.0000',2,'0.0000',2,'0.0000',2),(2803,5,401,0,0,'0.0000',2,'0.0000',2,'0.0000',2),(2804,0,401,0,0,'0.0000',2,'0.0000',2,'0.0000',2),(2805,6,401,0,0,'0.0000',2,'0.0000',2,'0.0000',2),(2806,3,401,0,0,'0.0000',2,'0.0000',2,'0.0000',2),(2807,2,401,0,0,'0.0000',2,'0.0000',2,'0.0000',2),(2808,2,402,0,0,'0.0000',2,'0.0000',2,'0.0000',2),(2809,0,402,0,0,'0.0000',2,'0.0000',2,'0.0000',2),(2810,1,402,0,0,'0.0000',2,'0.0000',2,'0.0000',2),(2811,5,402,0,0,'0.0000',2,'0.0000',2,'0.0000',2),(2812,6,402,0,0,'0.0000',2,'0.0000',2,'0.0000',2),(2813,4,402,0,0,'0.0000',2,'0.0000',2,'0.0000',2),(2814,3,402,0,0,'0.0000',2,'0.0000',2,'0.0000',2),(2815,5,403,0,0,'0.0000',2,'0.0000',2,'0.0000',2),(2816,0,403,0,0,'0.0000',2,'0.0000',2,'0.0000',2),(2817,4,403,0,0,'0.0000',2,'0.0000',2,'0.0000',2),(2818,2,403,0,0,'0.0000',2,'0.0000',2,'0.0000',2),(2819,3,403,0,0,'0.0000',2,'0.0000',2,'0.0000',2),(2820,1,403,0,0,'0.0000',2,'0.0000',2,'0.0000',2),(2821,6,403,0,0,'0.0000',2,'0.0000',2,'0.0000',2),(2822,3,404,0,0,'0.0000',2,'0.0000',2,'0.0000',2),(2823,5,404,0,0,'0.0000',2,'0.0000',2,'0.0000',2),(2824,6,404,0,0,'0.0000',2,'0.0000',2,'0.0000',2),(2825,2,404,0,0,'0.0000',2,'0.0000',2,'0.0000',2),(2826,4,404,0,0,'0.0000',2,'0.0000',2,'0.0000',2),(2827,1,404,0,0,'0.0000',2,'0.0000',2,'0.0000',2),(2828,0,404,0,0,'0.0000',2,'0.0000',2,'0.0000',2),(2829,5,405,0,0,'0.0000',2,'0.0000',2,'0.0000',2),(2830,1,405,0,0,'0.0000',2,'0.0000',2,'0.0000',2),(2831,0,405,0,0,'0.0000',2,'0.0000',2,'0.0000',2),(2832,6,405,0,0,'0.0000',2,'0.0000',2,'0.0000',2),(2833,3,405,0,0,'0.0000',2,'0.0000',2,'0.0000',2),(2834,4,405,0,0,'0.0000',2,'0.0000',2,'0.0000',2),(2835,2,405,0,0,'0.0000',2,'0.0000',2,'0.0000',2),(2836,5,406,0,0,'0.0000',2,'0.0000',2,'0.0000',2),(2837,3,406,0,0,'0.0000',2,'0.0000',2,'0.0000',2),(2838,6,406,0,0,'0.0000',2,'0.0000',2,'0.0000',2),(2839,2,406,0,0,'0.0000',2,'0.0000',2,'0.0000',2),(2840,1,406,0,0,'0.0000',2,'0.0000',2,'0.0000',2),(2841,4,406,0,0,'0.0000',2,'0.0000',2,'0.0000',2),(2842,0,406,0,0,'0.0000',2,'0.0000',2,'0.0000',2),(2843,6,407,0,0,'0.0000',2,'0.0000',2,'0.0000',2),(2844,4,407,0,0,'0.0000',2,'0.0000',2,'0.0000',2),(2845,5,407,0,0,'0.0000',2,'0.0000',2,'0.0000',2),(2846,1,407,0,0,'0.0000',2,'0.0000',2,'0.0000',2),(2847,0,407,0,0,'0.0000',2,'0.0000',2,'0.0000',2),(2848,3,407,0,0,'0.0000',2,'0.0000',2,'0.0000',2),(2849,2,407,0,0,'0.0000',2,'0.0000',2,'0.0000',2),(2850,3,408,0,0,'0.0000',2,'0.0000',2,'0.0000',2),(2851,2,408,0,0,'0.0000',2,'0.0000',2,'0.0000',2),(2852,1,408,0,0,'0.0000',2,'0.0000',2,'0.0000',2),(2853,5,408,0,0,'0.0000',2,'0.0000',2,'0.0000',2),(2854,6,408,0,0,'0.0000',2,'0.0000',2,'0.0000',2),(2855,0,408,0,0,'0.0000',2,'0.0000',2,'0.0000',2),(2856,4,408,0,0,'0.0000',2,'0.0000',2,'0.0000',2),(2857,5,409,0,0,'0.0000',2,'0.0000',2,'0.0000',2),(2858,3,409,0,0,'0.0000',2,'0.0000',2,'0.0000',2),(2859,4,409,0,0,'0.0000',2,'0.0000',2,'0.0000',2),(2860,2,409,0,0,'0.0000',2,'0.0000',2,'0.0000',2),(2861,6,409,0,0,'0.0000',2,'0.0000',2,'0.0000',2),(2862,1,409,0,0,'0.0000',2,'0.0000',2,'0.0000',2),(2863,0,409,0,0,'0.0000',2,'0.0000',2,'0.0000',2),(2864,5,410,0,0,'0.0000',2,'0.0000',2,'0.0000',2),(2865,4,410,0,0,'0.0000',2,'0.0000',2,'0.0000',2),(2866,0,410,0,0,'0.0000',2,'0.0000',2,'0.0000',2),(2867,1,410,0,0,'0.0000',2,'0.0000',2,'0.0000',2),(2868,3,410,0,0,'0.0000',2,'0.0000',2,'0.0000',2),(2869,6,410,0,0,'0.0000',2,'0.0000',2,'0.0000',2),(2870,2,410,0,0,'0.0000',2,'0.0000',2,'0.0000',2),(2871,2,411,0,0,'0.0000',2,'0.0000',2,'0.0000',2),(2872,4,411,0,0,'0.0000',2,'0.0000',2,'0.0000',2),(2873,3,411,0,0,'0.0000',2,'0.0000',2,'0.0000',2),(2874,6,411,0,0,'0.0000',2,'0.0000',2,'0.0000',2),(2875,1,411,0,0,'0.0000',2,'0.0000',2,'0.0000',2),(2876,5,411,0,0,'0.0000',2,'0.0000',2,'0.0000',2),(2877,0,411,0,0,'0.0000',2,'0.0000',2,'0.0000',2),(2878,0,412,0,0,'0.0000',2,'0.0000',2,'0.0000',2),(2879,2,412,0,0,'0.0000',2,'0.0000',2,'0.0000',2),(2880,1,412,0,0,'0.0000',2,'0.0000',2,'0.0000',2),(2881,4,412,0,0,'0.0000',2,'0.0000',2,'0.0000',2),(2882,6,412,0,0,'0.0000',2,'0.0000',2,'0.0000',2),(2883,3,412,0,0,'0.0000',2,'0.0000',2,'0.0000',2),(2884,5,412,0,0,'0.0000',2,'0.0000',2,'0.0000',2),(2885,6,413,0,0,'0.0000',2,'0.0000',2,'0.0000',2),(2886,0,413,0,0,'0.0000',2,'0.0000',2,'0.0000',2),(2887,5,413,0,0,'0.0000',2,'0.0000',2,'0.0000',2),(2888,2,413,0,0,'0.0000',2,'0.0000',2,'0.0000',2),(2889,4,413,0,0,'0.0000',2,'0.0000',2,'0.0000',2),(2890,1,413,0,0,'0.0000',2,'0.0000',2,'0.0000',2),(2891,3,413,0,0,'0.0000',2,'0.0000',2,'0.0000',2),(2892,1,414,0,0,'0.0000',2,'0.0000',2,'0.0000',2),(2893,5,414,0,0,'0.0000',2,'0.0000',2,'0.0000',2),(2894,3,414,0,0,'0.0000',2,'0.0000',2,'0.0000',2),(2895,0,414,0,0,'0.0000',2,'0.0000',2,'0.0000',2),(2896,6,414,0,0,'0.0000',2,'0.0000',2,'0.0000',2),(2897,4,414,0,0,'0.0000',2,'0.0000',2,'0.0000',2),(2898,2,414,0,0,'0.0000',2,'0.0000',2,'0.0000',2),(2899,6,415,0,0,'0.0000',2,'0.0000',2,'0.0000',2),(2900,2,415,0,0,'0.0000',2,'0.0000',2,'0.0000',2),(2901,0,415,0,0,'0.0000',2,'0.0000',2,'0.0000',2),(2902,5,415,0,0,'0.0000',2,'0.0000',2,'0.0000',2),(2903,4,415,0,0,'0.0000',2,'0.0000',2,'0.0000',2),(2904,1,415,0,0,'0.0000',2,'0.0000',2,'0.0000',2),(2905,3,415,0,0,'0.0000',2,'0.0000',2,'0.0000',2),(2906,5,416,0,0,'0.0000',2,'0.0000',2,'0.0000',2),(2907,0,416,0,0,'0.0000',2,'0.0000',2,'0.0000',2),(2908,2,416,0,0,'0.0000',2,'0.0000',2,'0.0000',2),(2909,1,416,0,0,'0.0000',2,'0.0000',2,'0.0000',2),(2910,3,416,0,0,'0.0000',2,'0.0000',2,'0.0000',2),(2911,6,416,0,0,'0.0000',2,'0.0000',2,'0.0000',2),(2912,4,416,0,0,'0.0000',2,'0.0000',2,'0.0000',2),(2913,6,417,0,0,'0.0000',2,'0.0000',2,'0.0000',2),(2914,4,417,0,0,'0.0000',2,'0.0000',2,'0.0000',2),(2915,5,417,0,0,'0.0000',2,'0.0000',2,'0.0000',2),(2916,3,417,0,0,'0.0000',2,'0.0000',2,'0.0000',2),(2917,2,417,0,0,'0.0000',2,'0.0000',2,'0.0000',2),(2918,0,417,0,0,'0.0000',2,'0.0000',2,'0.0000',2),(2919,1,417,0,0,'0.0000',2,'0.0000',2,'0.0000',2),(2920,4,418,0,0,'0.0000',2,'0.0000',2,'0.0000',2),(2921,0,418,0,0,'0.0000',2,'0.0000',2,'0.0000',2),(2922,6,418,0,0,'0.0000',2,'0.0000',2,'0.0000',2),(2923,3,418,0,0,'0.0000',2,'0.0000',2,'0.0000',2),(2924,2,418,0,0,'0.0000',2,'0.0000',2,'0.0000',2),(2925,5,418,0,0,'0.0000',2,'0.0000',2,'0.0000',2),(2926,1,418,0,0,'0.0000',2,'0.0000',2,'0.0000',2),(2927,6,419,0,0,'0.0000',2,'0.0000',2,'0.0000',2),(2928,2,419,0,0,'0.0000',2,'0.0000',2,'0.0000',2),(2929,4,419,0,0,'0.0000',2,'0.0000',2,'0.0000',2),(2930,5,419,0,0,'0.0000',2,'0.0000',2,'0.0000',2),(2931,3,419,0,0,'0.0000',2,'0.0000',2,'0.0000',2),(2932,0,419,0,0,'0.0000',2,'0.0000',2,'0.0000',2),(2933,1,419,0,0,'0.0000',2,'0.0000',2,'0.0000',2),(2934,2,420,0,0,'0.0000',2,'0.0000',2,'0.0000',2),(2935,1,420,0,0,'0.0000',2,'0.0000',2,'0.0000',2),(2936,0,420,0,0,'0.0000',2,'0.0000',2,'0.0000',2),(2937,3,420,0,0,'0.0000',2,'0.0000',2,'0.0000',2),(2938,5,420,0,0,'0.0000',2,'0.0000',2,'0.0000',2),(2939,4,420,0,0,'0.0000',2,'0.0000',2,'0.0000',2),(2940,6,420,0,0,'0.0000',2,'0.0000',2,'0.0000',2),(2941,5,421,0,0,'0.0000',2,'0.0000',2,'0.0000',2),(2942,3,421,0,0,'0.0000',2,'0.0000',2,'0.0000',2),(2943,6,421,0,0,'0.0000',2,'0.0000',2,'0.0000',2),(2944,4,421,0,0,'0.0000',2,'0.0000',2,'0.0000',2),(2945,2,421,0,0,'0.0000',2,'0.0000',2,'0.0000',2),(2946,1,421,0,0,'0.0000',2,'0.0000',2,'0.0000',2),(2947,0,421,0,0,'0.0000',2,'0.0000',2,'0.0000',2),(2948,5,422,0,0,'0.0000',2,'0.0000',2,'0.0000',2),(2949,4,422,0,0,'0.0000',2,'0.0000',2,'0.0000',2),(2950,1,422,0,0,'0.0000',2,'0.0000',2,'0.0000',2),(2951,0,422,0,0,'0.0000',2,'0.0000',2,'0.0000',2),(2952,6,422,0,0,'0.0000',2,'0.0000',2,'0.0000',2),(2953,3,422,0,0,'0.0000',2,'0.0000',2,'0.0000',2),(2954,2,422,0,0,'0.0000',2,'0.0000',2,'0.0000',2),(2955,4,423,0,0,'0.0000',2,'0.0000',2,'0.0000',2),(2956,5,423,0,0,'0.0000',2,'0.0000',2,'0.0000',2),(2957,6,423,0,0,'0.0000',2,'0.0000',2,'0.0000',2),(2958,1,423,0,0,'0.0000',2,'0.0000',2,'0.0000',2),(2959,0,423,0,0,'0.0000',2,'0.0000',2,'0.0000',2),(2960,2,423,0,0,'0.0000',2,'0.0000',2,'0.0000',2),(2961,3,423,0,0,'0.0000',2,'0.0000',2,'0.0000',2),(2962,5,424,0,0,'0.0000',2,'0.0000',2,'0.0000',2),(2963,0,424,0,0,'0.0000',2,'0.0000',2,'0.0000',2),(2964,4,424,0,0,'0.0000',2,'0.0000',2,'0.0000',2),(2965,3,424,0,0,'0.0000',2,'0.0000',2,'0.0000',2),(2966,1,424,0,0,'0.0000',2,'0.0000',2,'0.0000',2),(2967,6,424,0,0,'0.0000',2,'0.0000',2,'0.0000',2),(2968,2,424,0,0,'0.0000',2,'0.0000',2,'0.0000',2),(2969,5,425,0,0,'0.0000',2,'0.0000',2,'0.0000',2),(2970,3,425,0,0,'0.0000',2,'0.0000',2,'0.0000',2),(2971,6,425,0,0,'0.0000',2,'0.0000',2,'0.0000',2),(2972,0,425,0,0,'0.0000',2,'0.0000',2,'0.0000',2),(2973,4,425,0,0,'0.0000',2,'0.0000',2,'0.0000',2),(2974,1,425,0,0,'0.0000',2,'0.0000',2,'0.0000',2),(2975,2,425,0,0,'0.0000',2,'0.0000',2,'0.0000',2),(2976,2,426,0,0,'0.0000',2,'0.0000',2,'0.0000',2),(2977,3,426,0,0,'0.0000',2,'0.0000',2,'0.0000',2),(2978,5,426,0,0,'0.0000',2,'0.0000',2,'0.0000',2),(2979,0,426,0,0,'0.0000',2,'0.0000',2,'0.0000',2),(2980,6,426,0,0,'0.0000',2,'0.0000',2,'0.0000',2),(2981,1,426,0,0,'0.0000',2,'0.0000',2,'0.0000',2),(2982,4,426,0,0,'0.0000',2,'0.0000',2,'0.0000',2),(2983,2,427,0,0,'0.0000',2,'0.0000',2,'0.0000',2),(2984,3,427,0,0,'0.0000',2,'0.0000',2,'0.0000',2),(2985,0,427,0,0,'0.0000',2,'0.0000',2,'0.0000',2),(2986,6,427,0,0,'0.0000',2,'0.0000',2,'0.0000',2),(2987,5,427,0,0,'0.0000',2,'0.0000',2,'0.0000',2),(2988,1,427,0,0,'0.0000',2,'0.0000',2,'0.0000',2),(2989,4,427,0,0,'0.0000',2,'0.0000',2,'0.0000',2),(2990,0,428,0,0,'0.0000',2,'0.0000',2,'0.0000',2),(2991,1,428,0,0,'0.0000',2,'0.0000',2,'0.0000',2),(2992,2,428,0,0,'0.0000',2,'0.0000',2,'0.0000',2),(2993,4,428,0,0,'0.0000',2,'0.0000',2,'0.0000',2),(2994,3,428,0,0,'0.0000',2,'0.0000',2,'0.0000',2),(2995,6,428,0,0,'0.0000',2,'0.0000',2,'0.0000',2),(2996,5,428,0,0,'0.0000',2,'0.0000',2,'0.0000',2),(2997,0,429,0,0,'0.0000',2,'0.0000',2,'0.0000',2),(2998,6,429,0,0,'0.0000',2,'0.0000',2,'0.0000',2),(2999,1,429,0,0,'0.0000',2,'0.0000',2,'0.0000',2),(3000,2,429,0,0,'0.0000',2,'0.0000',2,'0.0000',2),(3001,3,429,0,0,'0.0000',2,'0.0000',2,'0.0000',2),(3002,5,429,0,0,'0.0000',2,'0.0000',2,'0.0000',2),(3003,4,429,0,0,'0.0000',2,'0.0000',2,'0.0000',2),(3004,0,430,0,0,'0.0000',2,'0.0000',2,'0.0000',2),(3005,6,430,0,0,'0.0000',2,'0.0000',2,'0.0000',2),(3006,5,430,0,0,'0.0000',2,'0.0000',2,'0.0000',2),(3007,2,430,0,0,'0.0000',2,'0.0000',2,'0.0000',2),(3008,1,430,0,0,'0.0000',2,'0.0000',2,'0.0000',2),(3009,3,430,0,0,'0.0000',2,'0.0000',2,'0.0000',2),(3010,4,430,0,0,'0.0000',2,'0.0000',2,'0.0000',2),(3011,4,431,0,0,'0.0000',2,'0.0000',2,'0.0000',2),(3012,2,431,0,0,'0.0000',2,'0.0000',2,'0.0000',2),(3013,0,431,0,0,'0.0000',2,'0.0000',2,'0.0000',2),(3014,3,431,0,0,'0.0000',2,'0.0000',2,'0.0000',2),(3015,6,431,0,0,'0.0000',2,'0.0000',2,'0.0000',2),(3016,5,431,0,0,'0.0000',2,'0.0000',2,'0.0000',2),(3017,1,431,0,0,'0.0000',2,'0.0000',2,'0.0000',2),(3018,5,432,0,0,'0.0000',2,'0.0000',2,'0.0000',2),(3019,4,432,0,0,'0.0000',2,'0.0000',2,'0.0000',2),(3020,1,432,0,0,'0.0000',2,'0.0000',2,'0.0000',2),(3021,3,432,0,0,'0.0000',2,'0.0000',2,'0.0000',2),(3022,0,432,0,0,'0.0000',2,'0.0000',2,'0.0000',2),(3023,6,432,0,0,'0.0000',2,'0.0000',2,'0.0000',2),(3024,2,432,0,0,'0.0000',2,'0.0000',2,'0.0000',2),(3025,4,433,0,0,'0.0000',2,'0.0000',2,'0.0000',2),(3026,1,433,0,0,'0.0000',2,'0.0000',2,'0.0000',2),(3027,3,433,0,0,'0.0000',2,'0.0000',2,'0.0000',2),(3028,5,433,0,0,'0.0000',2,'0.0000',2,'0.0000',2),(3029,0,433,0,0,'0.0000',2,'0.0000',2,'0.0000',2),(3030,6,433,0,0,'0.0000',2,'0.0000',2,'0.0000',2),(3031,2,433,0,0,'0.0000',2,'0.0000',2,'0.0000',2),(3032,4,434,0,0,'0.0000',2,'0.0000',2,'0.0000',2),(3033,2,434,0,0,'0.0000',2,'0.0000',2,'0.0000',2),(3034,5,434,0,0,'0.0000',2,'0.0000',2,'0.0000',2),(3035,3,434,0,0,'0.0000',2,'0.0000',2,'0.0000',2),(3036,1,434,0,0,'0.0000',2,'0.0000',2,'0.0000',2),(3037,6,434,0,0,'0.0000',2,'0.0000',2,'0.0000',2),(3038,0,434,0,0,'0.0000',2,'0.0000',2,'0.0000',2),(3039,4,435,0,0,'0.0000',2,'0.0000',2,'0.0000',2),(3040,3,435,0,0,'0.0000',2,'0.0000',2,'0.0000',2),(3041,2,435,0,0,'0.0000',2,'0.0000',2,'0.0000',2),(3042,5,435,0,0,'0.0000',2,'0.0000',2,'0.0000',2),(3043,1,435,0,0,'0.0000',2,'0.0000',2,'0.0000',2),(3044,6,435,0,0,'0.0000',2,'0.0000',2,'0.0000',2),(3045,0,435,0,0,'0.0000',2,'0.0000',2,'0.0000',2),(3046,5,436,0,0,'0.0000',2,'0.0000',2,'0.0000',2),(3047,4,436,0,0,'0.0000',2,'0.0000',2,'0.0000',2),(3048,2,436,0,0,'0.0000',2,'0.0000',2,'0.0000',2),(3049,3,436,0,0,'0.0000',2,'0.0000',2,'0.0000',2),(3050,6,436,0,0,'0.0000',2,'0.0000',2,'0.0000',2),(3051,1,436,0,0,'0.0000',2,'0.0000',2,'0.0000',2),(3052,0,436,0,0,'0.0000',2,'0.0000',2,'0.0000',2),(3053,1,437,0,0,'0.0000',2,'0.0000',2,'0.0000',2),(3054,2,437,0,0,'0.0000',2,'0.0000',2,'0.0000',2),(3055,0,437,0,0,'0.0000',2,'0.0000',2,'0.0000',2),(3056,3,437,0,0,'0.0000',2,'0.0000',2,'0.0000',2),(3057,6,437,0,0,'0.0000',2,'0.0000',2,'0.0000',2),(3058,5,437,0,0,'0.0000',2,'0.0000',2,'0.0000',2),(3059,4,437,0,0,'0.0000',2,'0.0000',2,'0.0000',2),(3060,5,438,0,0,'0.0000',2,'0.0000',2,'0.0000',2),(3061,4,438,0,0,'0.0000',2,'0.0000',2,'0.0000',2),(3062,3,438,0,0,'0.0000',2,'0.0000',2,'0.0000',2),(3063,2,438,0,0,'0.0000',2,'0.0000',2,'0.0000',2),(3064,6,438,0,0,'0.0000',2,'0.0000',2,'0.0000',2),(3065,0,438,0,0,'0.0000',2,'0.0000',2,'0.0000',2),(3066,1,438,0,0,'0.0000',2,'0.0000',2,'0.0000',2),(3067,1,439,0,0,'0.0000',2,'0.0000',2,'0.0000',2),(3068,0,439,0,0,'0.0000',2,'0.0000',2,'0.0000',2),(3069,2,439,0,0,'0.0000',2,'0.0000',2,'0.0000',2),(3070,5,439,0,0,'0.0000',2,'0.0000',2,'0.0000',2),(3071,4,439,0,0,'0.0000',2,'0.0000',2,'0.0000',2),(3072,6,439,0,0,'0.0000',2,'0.0000',2,'0.0000',2),(3073,3,439,0,0,'0.0000',2,'0.0000',2,'0.0000',2),(3074,6,440,0,0,'0.0000',2,'0.0000',2,'0.0000',2),(3075,4,440,0,0,'0.0000',2,'0.0000',2,'0.0000',2),(3076,3,440,0,0,'0.0000',2,'0.0000',2,'0.0000',2),(3077,1,440,0,0,'0.0000',2,'0.0000',2,'0.0000',2),(3078,0,440,0,0,'0.0000',2,'0.0000',2,'0.0000',2),(3079,2,440,0,0,'0.0000',2,'0.0000',2,'0.0000',2),(3080,5,440,0,0,'0.0000',2,'0.0000',2,'0.0000',2),(3081,1,441,0,0,'0.0000',2,'0.0000',2,'0.0000',2),(3082,5,441,0,0,'0.0000',2,'0.0000',2,'0.0000',2),(3083,6,441,0,0,'0.0000',2,'0.0000',2,'0.0000',2),(3084,4,441,0,0,'0.0000',2,'0.0000',2,'0.0000',2),(3085,2,441,0,0,'0.0000',2,'0.0000',2,'0.0000',2),(3086,3,441,0,0,'0.0000',2,'0.0000',2,'0.0000',2),(3087,0,441,0,0,'0.0000',2,'0.0000',2,'0.0000',2),(3088,2,442,0,0,'0.0000',2,'0.0000',2,'0.0000',2),(3089,1,442,0,0,'0.0000',2,'0.0000',2,'0.0000',2),(3090,6,442,0,0,'0.0000',2,'0.0000',2,'0.0000',2),(3091,5,442,0,0,'0.0000',2,'0.0000',2,'0.0000',2),(3092,4,442,0,0,'0.0000',2,'0.0000',2,'0.0000',2),(3093,3,442,0,0,'0.0000',2,'0.0000',2,'0.0000',2),(3094,0,442,0,0,'0.0000',2,'0.0000',2,'0.0000',2),(3095,6,443,0,0,'0.0000',2,'0.0000',2,'0.0000',2),(3096,1,443,0,0,'0.0000',2,'0.0000',2,'0.0000',2),(3097,5,443,0,0,'0.0000',2,'0.0000',2,'0.0000',2),(3098,0,443,0,0,'0.0000',2,'0.0000',2,'0.0000',2),(3099,4,443,0,0,'0.0000',2,'0.0000',2,'0.0000',2),(3100,2,443,0,0,'0.0000',2,'0.0000',2,'0.0000',2),(3101,3,443,0,0,'0.0000',2,'0.0000',2,'0.0000',2),(3102,4,444,0,0,'0.0000',2,'0.0000',2,'0.0000',2),(3103,2,444,0,0,'0.0000',2,'0.0000',2,'0.0000',2),(3104,3,444,0,0,'0.0000',2,'0.0000',2,'0.0000',2),(3105,0,444,0,0,'0.0000',2,'0.0000',2,'0.0000',2),(3106,6,444,0,0,'0.0000',2,'0.0000',2,'0.0000',2),(3107,1,444,0,0,'0.0000',2,'0.0000',2,'0.0000',2),(3108,5,444,0,0,'0.0000',2,'0.0000',2,'0.0000',2),(3109,6,445,0,0,'0.0000',2,'0.0000',2,'0.0000',2),(3110,3,445,0,0,'0.0000',2,'0.0000',2,'0.0000',2),(3111,0,445,0,0,'0.0000',2,'0.0000',2,'0.0000',2),(3112,5,445,0,0,'0.0000',2,'0.0000',2,'0.0000',2),(3113,1,445,0,0,'0.0000',2,'0.0000',2,'0.0000',2),(3114,4,445,0,0,'0.0000',2,'0.0000',2,'0.0000',2),(3115,2,445,0,0,'0.0000',2,'0.0000',2,'0.0000',2),(3116,3,446,0,0,'0.0000',2,'0.0000',2,'0.0000',2),(3117,2,446,0,0,'0.0000',2,'0.0000',2,'0.0000',2),(3118,0,446,0,0,'0.0000',2,'0.0000',2,'0.0000',2),(3119,1,446,0,0,'0.0000',2,'0.0000',2,'0.0000',2),(3120,6,446,0,0,'0.0000',2,'0.0000',2,'0.0000',2),(3121,4,446,0,0,'0.0000',2,'0.0000',2,'0.0000',2),(3122,5,446,0,0,'0.0000',2,'0.0000',2,'0.0000',2),(3123,1,447,0,0,'0.0000',2,'0.0000',2,'0.0000',2),(3124,5,447,0,0,'0.0000',2,'0.0000',2,'0.0000',2),(3125,6,447,0,0,'0.0000',2,'0.0000',2,'0.0000',2),(3126,4,447,0,0,'0.0000',2,'0.0000',2,'0.0000',2),(3127,3,447,0,0,'0.0000',2,'0.0000',2,'0.0000',2),(3128,2,447,0,0,'0.0000',2,'0.0000',2,'0.0000',2),(3129,0,447,0,0,'0.0000',2,'0.0000',2,'0.0000',2),(3130,3,448,0,0,'0.0000',2,'0.0000',2,'0.0000',2),(3131,1,448,0,0,'0.0000',2,'0.0000',2,'0.0000',2),(3132,2,448,0,0,'0.0000',2,'0.0000',2,'0.0000',2),(3133,0,448,0,0,'0.0000',2,'0.0000',2,'0.0000',2),(3134,4,448,0,0,'0.0000',2,'0.0000',2,'0.0000',2),(3135,5,448,0,0,'0.0000',2,'0.0000',2,'0.0000',2),(3136,6,448,0,0,'0.0000',2,'0.0000',2,'0.0000',2);
/*!40000 ALTER TABLE `batch_loan_arrears_aging` ENABLE KEYS */;
UNLOCK TABLES;

--
-- Table structure for table `batch_loan_arrears_profile`
--

DROP TABLE IF EXISTS `batch_loan_arrears_profile`;
/*!40101 SET @saved_cs_client     = @@character_set_client */;
/*!40101 SET character_set_client = utf8 */;
CREATE TABLE `batch_loan_arrears_profile` (
  `loan_arrears_profile_id` int(11) NOT NULL AUTO_INCREMENT,
  `branch_report_id` int(11) NOT NULL,
  `loans_in_arrears` int(11) NOT NULL,
  `clients_in_arrears` int(11) NOT NULL,
  `overdue_balance` decimal(21,4) NOT NULL,
  `overdue_balance_currency_id` smallint(6) NOT NULL,
  `unpaid_balance` decimal(21,4) NOT NULL,
  `unpaid_balance_currency_id` smallint(6) NOT NULL,
  `loans_at_risk` int(11) NOT NULL,
  `outstanding_amount_at_risk` decimal(21,4) NOT NULL,
  `outstanding_amount_at_risk_currency_id` smallint(6) NOT NULL,
  `overdue_amount_at_risk` decimal(21,4) NOT NULL,
  `overdue_amount_at_risk_currency_id` smallint(6) NOT NULL,
  `clients_at_risk` int(11) NOT NULL,
  PRIMARY KEY (`loan_arrears_profile_id`),
  KEY `branch_report_id` (`branch_report_id`),
  CONSTRAINT `batch_loan_arrears_profile_ibfk_1` FOREIGN KEY (`branch_report_id`) REFERENCES `batch_branch_report` (`branch_report_id`)
) ENGINE=InnoDB AUTO_INCREMENT=449 DEFAULT CHARSET=utf8;
/*!40101 SET character_set_client = @saved_cs_client */;

--
-- Dumping data for table `batch_loan_arrears_profile`
--

LOCK TABLES `batch_loan_arrears_profile` WRITE;
/*!40000 ALTER TABLE `batch_loan_arrears_profile` DISABLE KEYS */;
INSERT INTO `batch_loan_arrears_profile` VALUES (1,1,0,0,'0.0000',2,'0.0000',2,0,'0.0000',2,'0.0000',2,0),(2,2,0,0,'0.0000',2,'0.0000',2,0,'0.0000',2,'0.0000',2,0),(3,3,0,0,'0.0000',2,'0.0000',2,0,'0.0000',2,'0.0000',2,0),(4,4,0,0,'0.0000',2,'0.0000',2,0,'0.0000',2,'0.0000',2,0),(5,5,0,0,'0.0000',2,'0.0000',2,0,'0.0000',2,'0.0000',2,0),(6,6,0,0,'0.0000',2,'0.0000',2,0,'0.0000',2,'0.0000',2,0),(7,7,0,0,'0.0000',2,'0.0000',2,0,'0.0000',2,'0.0000',2,0),(8,8,0,0,'0.0000',2,'0.0000',2,0,'0.0000',2,'0.0000',2,0),(9,9,0,0,'0.0000',2,'0.0000',2,0,'0.0000',2,'0.0000',2,0),(10,10,0,0,'0.0000',2,'0.0000',2,0,'0.0000',2,'0.0000',2,0),(11,11,0,0,'0.0000',2,'0.0000',2,0,'0.0000',2,'0.0000',2,0),(12,12,0,0,'0.0000',2,'0.0000',2,0,'0.0000',2,'0.0000',2,0),(13,13,0,0,'0.0000',2,'0.0000',2,0,'0.0000',2,'0.0000',2,0),(14,14,0,0,'0.0000',2,'0.0000',2,0,'0.0000',2,'0.0000',2,0),(15,15,0,0,'0.0000',2,'0.0000',2,0,'0.0000',2,'0.0000',2,0),(16,16,0,0,'0.0000',2,'0.0000',2,0,'0.0000',2,'0.0000',2,0),(17,17,0,0,'0.0000',2,'0.0000',2,0,'0.0000',2,'0.0000',2,0),(18,18,0,0,'0.0000',2,'0.0000',2,0,'0.0000',2,'0.0000',2,0),(19,19,0,0,'0.0000',2,'0.0000',2,0,'0.0000',2,'0.0000',2,0),(20,20,0,0,'0.0000',2,'0.0000',2,0,'0.0000',2,'0.0000',2,0),(21,21,0,0,'0.0000',2,'0.0000',2,0,'0.0000',2,'0.0000',2,0),(22,22,0,0,'0.0000',2,'0.0000',2,0,'0.0000',2,'0.0000',2,0),(23,23,0,0,'0.0000',2,'0.0000',2,0,'0.0000',2,'0.0000',2,0),(24,24,0,0,'0.0000',2,'0.0000',2,0,'0.0000',2,'0.0000',2,0),(29,29,0,0,'0.0000',2,'0.0000',2,0,'0.0000',2,'0.0000',2,0),(30,30,0,0,'0.0000',2,'0.0000',2,0,'0.0000',2,'0.0000',2,0),(31,31,0,0,'0.0000',2,'0.0000',2,0,'0.0000',2,'0.0000',2,0),(32,32,0,0,'0.0000',2,'0.0000',2,0,'0.0000',2,'0.0000',2,0),(33,33,0,0,'0.0000',2,'0.0000',2,0,'0.0000',2,'0.0000',2,0),(34,34,0,0,'0.0000',2,'0.0000',2,0,'0.0000',2,'0.0000',2,0),(35,35,0,0,'0.0000',2,'0.0000',2,0,'0.0000',2,'0.0000',2,0),(36,36,0,0,'0.0000',2,'0.0000',2,0,'0.0000',2,'0.0000',2,0),(37,37,0,0,'0.0000',2,'0.0000',2,0,'0.0000',2,'0.0000',2,0),(38,38,0,0,'0.0000',2,'0.0000',2,0,'0.0000',2,'0.0000',2,0),(39,39,0,0,'0.0000',2,'0.0000',2,0,'0.0000',2,'0.0000',2,0),(40,40,0,0,'0.0000',2,'0.0000',2,0,'0.0000',2,'0.0000',2,0),(41,41,0,0,'0.0000',2,'0.0000',2,0,'0.0000',2,'0.0000',2,0),(42,42,0,0,'0.0000',2,'0.0000',2,0,'0.0000',2,'0.0000',2,0),(43,43,0,0,'0.0000',2,'0.0000',2,0,'0.0000',2,'0.0000',2,0),(44,44,0,0,'0.0000',2,'0.0000',2,0,'0.0000',2,'0.0000',2,0),(45,45,0,0,'0.0000',2,'0.0000',2,0,'0.0000',2,'0.0000',2,0),(46,46,0,0,'0.0000',2,'0.0000',2,0,'0.0000',2,'0.0000',2,0),(47,47,0,0,'0.0000',2,'0.0000',2,0,'0.0000',2,'0.0000',2,0),(48,48,0,0,'0.0000',2,'0.0000',2,0,'0.0000',2,'0.0000',2,0),(49,49,0,0,'0.0000',2,'0.0000',2,0,'0.0000',2,'0.0000',2,0),(50,50,0,0,'0.0000',2,'0.0000',2,0,'0.0000',2,'0.0000',2,0),(51,51,0,0,'0.0000',2,'0.0000',2,0,'0.0000',2,'0.0000',2,0),(52,52,0,0,'0.0000',2,'0.0000',2,0,'0.0000',2,'0.0000',2,0),(53,53,0,0,'0.0000',2,'0.0000',2,0,'0.0000',2,'0.0000',2,0),(54,54,0,0,'0.0000',2,'0.0000',2,0,'0.0000',2,'0.0000',2,0),(55,55,0,0,'0.0000',2,'0.0000',2,0,'0.0000',2,'0.0000',2,0),(56,56,0,0,'0.0000',2,'0.0000',2,0,'0.0000',2,'0.0000',2,0),(57,57,0,0,'0.0000',2,'0.0000',2,0,'0.0000',2,'0.0000',2,0),(58,58,0,0,'0.0000',2,'0.0000',2,0,'0.0000',2,'0.0000',2,0),(59,59,0,0,'0.0000',2,'0.0000',2,0,'0.0000',2,'0.0000',2,0),(60,60,0,0,'0.0000',2,'0.0000',2,0,'0.0000',2,'0.0000',2,0),(61,61,0,0,'0.0000',2,'0.0000',2,0,'0.0000',2,'0.0000',2,0),(62,62,0,0,'0.0000',2,'0.0000',2,0,'0.0000',2,'0.0000',2,0),(63,63,0,0,'0.0000',2,'0.0000',2,0,'0.0000',2,'0.0000',2,0),(64,64,0,0,'0.0000',2,'0.0000',2,0,'0.0000',2,'0.0000',2,0),(65,65,0,0,'0.0000',2,'0.0000',2,0,'0.0000',2,'0.0000',2,0),(66,66,0,0,'0.0000',2,'0.0000',2,0,'0.0000',2,'0.0000',2,0),(67,67,0,0,'0.0000',2,'0.0000',2,0,'0.0000',2,'0.0000',2,0),(68,68,0,0,'0.0000',2,'0.0000',2,0,'0.0000',2,'0.0000',2,0),(69,69,0,0,'0.0000',2,'0.0000',2,0,'0.0000',2,'0.0000',2,0),(70,70,0,0,'0.0000',2,'0.0000',2,0,'0.0000',2,'0.0000',2,0),(71,71,0,0,'0.0000',2,'0.0000',2,0,'0.0000',2,'0.0000',2,0),(72,72,0,0,'0.0000',2,'0.0000',2,0,'0.0000',2,'0.0000',2,0),(73,73,0,0,'0.0000',2,'0.0000',2,0,'0.0000',2,'0.0000',2,0),(74,74,0,0,'0.0000',2,'0.0000',2,0,'0.0000',2,'0.0000',2,0),(75,75,0,0,'0.0000',2,'0.0000',2,0,'0.0000',2,'0.0000',2,0),(76,76,0,0,'0.0000',2,'0.0000',2,0,'0.0000',2,'0.0000',2,0),(77,77,0,0,'0.0000',2,'0.0000',2,0,'0.0000',2,'0.0000',2,0),(78,78,0,0,'0.0000',2,'0.0000',2,0,'0.0000',2,'0.0000',2,0),(79,79,0,0,'0.0000',2,'0.0000',2,0,'0.0000',2,'0.0000',2,0),(80,80,0,0,'0.0000',2,'0.0000',2,0,'0.0000',2,'0.0000',2,0),(81,81,0,0,'0.0000',2,'0.0000',2,0,'0.0000',2,'0.0000',2,0),(82,82,0,0,'0.0000',2,'0.0000',2,0,'0.0000',2,'0.0000',2,0),(83,83,0,0,'0.0000',2,'0.0000',2,0,'0.0000',2,'0.0000',2,0),(84,84,0,0,'0.0000',2,'0.0000',2,0,'0.0000',2,'0.0000',2,0),(85,85,0,0,'0.0000',2,'0.0000',2,0,'0.0000',2,'0.0000',2,0),(86,86,0,0,'0.0000',2,'0.0000',2,0,'0.0000',2,'0.0000',2,0),(87,87,0,0,'0.0000',2,'0.0000',2,0,'0.0000',2,'0.0000',2,0),(88,88,0,0,'0.0000',2,'0.0000',2,0,'0.0000',2,'0.0000',2,0),(89,89,0,0,'0.0000',2,'0.0000',2,0,'0.0000',2,'0.0000',2,0),(90,90,0,0,'0.0000',2,'0.0000',2,0,'0.0000',2,'0.0000',2,0),(91,91,0,0,'0.0000',2,'0.0000',2,0,'0.0000',2,'0.0000',2,0),(92,92,0,0,'0.0000',2,'0.0000',2,0,'0.0000',2,'0.0000',2,0),(93,93,0,0,'0.0000',2,'0.0000',2,0,'0.0000',2,'0.0000',2,0),(94,94,0,0,'0.0000',2,'0.0000',2,0,'0.0000',2,'0.0000',2,0),(95,95,0,0,'0.0000',2,'0.0000',2,0,'0.0000',2,'0.0000',2,0),(96,96,0,0,'0.0000',2,'0.0000',2,0,'0.0000',2,'0.0000',2,0),(97,97,0,0,'0.0000',2,'0.0000',2,0,'0.0000',2,'0.0000',2,0),(98,98,0,0,'0.0000',2,'0.0000',2,0,'0.0000',2,'0.0000',2,0),(99,99,0,0,'0.0000',2,'0.0000',2,0,'0.0000',2,'0.0000',2,0),(100,100,0,0,'0.0000',2,'0.0000',2,0,'0.0000',2,'0.0000',2,0),(101,101,0,0,'0.0000',2,'0.0000',2,0,'0.0000',2,'0.0000',2,0),(102,102,0,0,'0.0000',2,'0.0000',2,0,'0.0000',2,'0.0000',2,0),(103,103,0,0,'0.0000',2,'0.0000',2,0,'0.0000',2,'0.0000',2,0),(104,104,0,0,'0.0000',2,'0.0000',2,0,'0.0000',2,'0.0000',2,0),(105,105,0,0,'0.0000',2,'0.0000',2,0,'0.0000',2,'0.0000',2,0),(106,106,0,0,'0.0000',2,'0.0000',2,0,'0.0000',2,'0.0000',2,0),(107,107,0,0,'0.0000',2,'0.0000',2,0,'0.0000',2,'0.0000',2,0),(108,108,0,0,'0.0000',2,'0.0000',2,0,'0.0000',2,'0.0000',2,0),(109,109,0,0,'0.0000',2,'0.0000',2,0,'0.0000',2,'0.0000',2,0),(110,110,0,0,'0.0000',2,'0.0000',2,0,'0.0000',2,'0.0000',2,0),(111,111,0,0,'0.0000',2,'0.0000',2,0,'0.0000',2,'0.0000',2,0),(112,112,0,0,'0.0000',2,'0.0000',2,0,'0.0000',2,'0.0000',2,0),(113,113,0,0,'0.0000',2,'0.0000',2,0,'0.0000',2,'0.0000',2,0),(114,114,0,0,'0.0000',2,'0.0000',2,0,'0.0000',2,'0.0000',2,0),(115,115,0,0,'0.0000',2,'0.0000',2,0,'0.0000',2,'0.0000',2,0),(116,116,0,0,'0.0000',2,'0.0000',2,0,'0.0000',2,'0.0000',2,0),(117,117,0,0,'0.0000',2,'0.0000',2,0,'0.0000',2,'0.0000',2,0),(118,118,0,0,'0.0000',2,'0.0000',2,0,'0.0000',2,'0.0000',2,0),(119,119,0,0,'0.0000',2,'0.0000',2,0,'0.0000',2,'0.0000',2,0),(120,120,0,0,'0.0000',2,'0.0000',2,0,'0.0000',2,'0.0000',2,0),(121,121,0,0,'0.0000',2,'0.0000',2,0,'0.0000',2,'0.0000',2,0),(122,122,0,0,'0.0000',2,'0.0000',2,0,'0.0000',2,'0.0000',2,0),(123,123,0,0,'0.0000',2,'0.0000',2,0,'0.0000',2,'0.0000',2,0),(124,124,0,0,'0.0000',2,'0.0000',2,0,'0.0000',2,'0.0000',2,0),(125,125,0,0,'0.0000',2,'0.0000',2,0,'0.0000',2,'0.0000',2,0),(126,126,0,0,'0.0000',2,'0.0000',2,0,'0.0000',2,'0.0000',2,0),(127,127,0,0,'0.0000',2,'0.0000',2,0,'0.0000',2,'0.0000',2,0),(128,128,0,0,'0.0000',2,'0.0000',2,0,'0.0000',2,'0.0000',2,0),(129,129,0,0,'0.0000',2,'0.0000',2,0,'0.0000',2,'0.0000',2,0),(130,130,0,0,'0.0000',2,'0.0000',2,0,'0.0000',2,'0.0000',2,0),(131,131,0,0,'0.0000',2,'0.0000',2,0,'0.0000',2,'0.0000',2,0),(132,132,0,0,'0.0000',2,'0.0000',2,0,'0.0000',2,'0.0000',2,0),(133,133,0,0,'0.0000',2,'0.0000',2,0,'0.0000',2,'0.0000',2,0),(134,134,0,0,'0.0000',2,'0.0000',2,0,'0.0000',2,'0.0000',2,0),(135,135,0,0,'0.0000',2,'0.0000',2,0,'0.0000',2,'0.0000',2,0),(136,136,0,0,'0.0000',2,'0.0000',2,0,'0.0000',2,'0.0000',2,0),(137,137,0,0,'0.0000',2,'0.0000',2,0,'0.0000',2,'0.0000',2,0),(138,138,0,0,'0.0000',2,'0.0000',2,0,'0.0000',2,'0.0000',2,0),(139,139,0,0,'0.0000',2,'0.0000',2,0,'0.0000',2,'0.0000',2,0),(140,140,0,0,'0.0000',2,'0.0000',2,0,'0.0000',2,'0.0000',2,0),(141,141,0,0,'0.0000',2,'0.0000',2,0,'0.0000',2,'0.0000',2,0),(142,142,0,0,'0.0000',2,'0.0000',2,0,'0.0000',2,'0.0000',2,0),(143,143,0,0,'0.0000',2,'0.0000',2,0,'0.0000',2,'0.0000',2,0),(144,144,0,0,'0.0000',2,'0.0000',2,0,'0.0000',2,'0.0000',2,0),(145,145,0,0,'0.0000',2,'0.0000',2,0,'0.0000',2,'0.0000',2,0),(146,146,0,0,'0.0000',2,'0.0000',2,0,'0.0000',2,'0.0000',2,0),(147,147,0,0,'0.0000',2,'0.0000',2,0,'0.0000',2,'0.0000',2,0),(148,148,0,0,'0.0000',2,'0.0000',2,0,'0.0000',2,'0.0000',2,0),(149,149,0,0,'0.0000',2,'0.0000',2,0,'0.0000',2,'0.0000',2,0),(150,150,0,0,'0.0000',2,'0.0000',2,0,'0.0000',2,'0.0000',2,0),(151,151,0,0,'0.0000',2,'0.0000',2,0,'0.0000',2,'0.0000',2,0),(152,152,0,0,'0.0000',2,'0.0000',2,0,'0.0000',2,'0.0000',2,0),(153,153,0,0,'0.0000',2,'0.0000',2,0,'0.0000',2,'0.0000',2,0),(154,154,0,0,'0.0000',2,'0.0000',2,0,'0.0000',2,'0.0000',2,0),(155,155,0,0,'0.0000',2,'0.0000',2,0,'0.0000',2,'0.0000',2,0),(156,156,0,0,'0.0000',2,'0.0000',2,0,'0.0000',2,'0.0000',2,0),(157,157,0,0,'0.0000',2,'0.0000',2,0,'0.0000',2,'0.0000',2,0),(158,158,0,0,'0.0000',2,'0.0000',2,0,'0.0000',2,'0.0000',2,0),(159,159,0,0,'0.0000',2,'0.0000',2,0,'0.0000',2,'0.0000',2,0),(160,160,0,0,'0.0000',2,'0.0000',2,0,'0.0000',2,'0.0000',2,0),(161,161,0,0,'0.0000',2,'0.0000',2,0,'0.0000',2,'0.0000',2,0),(162,162,0,0,'0.0000',2,'0.0000',2,0,'0.0000',2,'0.0000',2,0),(163,163,0,0,'0.0000',2,'0.0000',2,0,'0.0000',2,'0.0000',2,0),(164,164,0,0,'0.0000',2,'0.0000',2,0,'0.0000',2,'0.0000',2,0),(165,165,0,0,'0.0000',2,'0.0000',2,0,'0.0000',2,'0.0000',2,0),(166,166,0,0,'0.0000',2,'0.0000',2,0,'0.0000',2,'0.0000',2,0),(167,167,0,0,'0.0000',2,'0.0000',2,0,'0.0000',2,'0.0000',2,0),(168,168,0,0,'0.0000',2,'0.0000',2,0,'0.0000',2,'0.0000',2,0),(169,169,0,0,'0.0000',2,'0.0000',2,0,'0.0000',2,'0.0000',2,0),(170,170,0,0,'0.0000',2,'0.0000',2,0,'0.0000',2,'0.0000',2,0),(171,171,0,0,'0.0000',2,'0.0000',2,0,'0.0000',2,'0.0000',2,0),(172,172,0,0,'0.0000',2,'0.0000',2,0,'0.0000',2,'0.0000',2,0),(173,173,0,0,'0.0000',2,'0.0000',2,0,'0.0000',2,'0.0000',2,0),(174,174,0,0,'0.0000',2,'0.0000',2,0,'0.0000',2,'0.0000',2,0),(175,175,0,0,'0.0000',2,'0.0000',2,0,'0.0000',2,'0.0000',2,0),(176,176,0,0,'0.0000',2,'0.0000',2,0,'0.0000',2,'0.0000',2,0),(177,177,0,0,'0.0000',2,'0.0000',2,0,'0.0000',2,'0.0000',2,0),(178,178,0,0,'0.0000',2,'0.0000',2,0,'0.0000',2,'0.0000',2,0),(179,179,0,0,'0.0000',2,'0.0000',2,0,'0.0000',2,'0.0000',2,0),(180,180,0,0,'0.0000',2,'0.0000',2,0,'0.0000',2,'0.0000',2,0),(181,181,0,0,'0.0000',2,'0.0000',2,0,'0.0000',2,'0.0000',2,0),(182,182,0,0,'0.0000',2,'0.0000',2,0,'0.0000',2,'0.0000',2,0),(183,183,0,0,'0.0000',2,'0.0000',2,0,'0.0000',2,'0.0000',2,0),(184,184,0,0,'0.0000',2,'0.0000',2,0,'0.0000',2,'0.0000',2,0),(185,185,0,0,'0.0000',2,'0.0000',2,0,'0.0000',2,'0.0000',2,0),(186,186,0,0,'0.0000',2,'0.0000',2,0,'0.0000',2,'0.0000',2,0),(187,187,0,0,'0.0000',2,'0.0000',2,0,'0.0000',2,'0.0000',2,0),(188,188,0,0,'0.0000',2,'0.0000',2,0,'0.0000',2,'0.0000',2,0),(189,189,0,0,'0.0000',2,'0.0000',2,0,'0.0000',2,'0.0000',2,0),(190,190,0,0,'0.0000',2,'0.0000',2,0,'0.0000',2,'0.0000',2,0),(191,191,0,0,'0.0000',2,'0.0000',2,0,'0.0000',2,'0.0000',2,0),(192,192,0,0,'0.0000',2,'0.0000',2,0,'0.0000',2,'0.0000',2,0),(193,193,0,0,'0.0000',2,'0.0000',2,0,'0.0000',2,'0.0000',2,0),(194,194,0,0,'0.0000',2,'0.0000',2,0,'0.0000',2,'0.0000',2,0),(195,195,0,0,'0.0000',2,'0.0000',2,0,'0.0000',2,'0.0000',2,0),(196,196,0,0,'0.0000',2,'0.0000',2,0,'0.0000',2,'0.0000',2,0),(197,197,0,0,'0.0000',2,'0.0000',2,0,'0.0000',2,'0.0000',2,0),(198,198,0,0,'0.0000',2,'0.0000',2,0,'0.0000',2,'0.0000',2,0),(199,199,0,0,'0.0000',2,'0.0000',2,0,'0.0000',2,'0.0000',2,0),(200,200,0,0,'0.0000',2,'0.0000',2,0,'0.0000',2,'0.0000',2,0),(201,201,0,0,'0.0000',2,'0.0000',2,0,'0.0000',2,'0.0000',2,0),(202,202,0,0,'0.0000',2,'0.0000',2,0,'0.0000',2,'0.0000',2,0),(203,203,0,0,'0.0000',2,'0.0000',2,0,'0.0000',2,'0.0000',2,0),(204,204,0,0,'0.0000',2,'0.0000',2,0,'0.0000',2,'0.0000',2,0),(205,205,0,0,'0.0000',2,'0.0000',2,0,'0.0000',2,'0.0000',2,0),(206,206,0,0,'0.0000',2,'0.0000',2,0,'0.0000',2,'0.0000',2,0),(207,207,0,0,'0.0000',2,'0.0000',2,0,'0.0000',2,'0.0000',2,0),(208,208,0,0,'0.0000',2,'0.0000',2,0,'0.0000',2,'0.0000',2,0),(209,209,0,0,'0.0000',2,'0.0000',2,0,'0.0000',2,'0.0000',2,0),(210,210,0,0,'0.0000',2,'0.0000',2,0,'0.0000',2,'0.0000',2,0),(211,211,0,0,'0.0000',2,'0.0000',2,0,'0.0000',2,'0.0000',2,0),(212,212,0,0,'0.0000',2,'0.0000',2,0,'0.0000',2,'0.0000',2,0),(213,213,0,0,'0.0000',2,'0.0000',2,0,'0.0000',2,'0.0000',2,0),(214,214,0,0,'0.0000',2,'0.0000',2,0,'0.0000',2,'0.0000',2,0),(215,215,0,0,'0.0000',2,'0.0000',2,0,'0.0000',2,'0.0000',2,0),(216,216,0,0,'0.0000',2,'0.0000',2,0,'0.0000',2,'0.0000',2,0),(217,217,0,0,'0.0000',2,'0.0000',2,0,'0.0000',2,'0.0000',2,0),(218,218,0,0,'0.0000',2,'0.0000',2,0,'0.0000',2,'0.0000',2,0),(219,219,0,0,'0.0000',2,'0.0000',2,0,'0.0000',2,'0.0000',2,0),(220,220,0,0,'0.0000',2,'0.0000',2,0,'0.0000',2,'0.0000',2,0),(221,221,0,0,'0.0000',2,'0.0000',2,0,'0.0000',2,'0.0000',2,0),(222,222,0,0,'0.0000',2,'0.0000',2,0,'0.0000',2,'0.0000',2,0),(223,223,0,0,'0.0000',2,'0.0000',2,0,'0.0000',2,'0.0000',2,0),(224,224,0,0,'0.0000',2,'0.0000',2,0,'0.0000',2,'0.0000',2,0),(225,225,0,0,'0.0000',2,'0.0000',2,0,'0.0000',2,'0.0000',2,0),(226,226,0,0,'0.0000',2,'0.0000',2,0,'0.0000',2,'0.0000',2,0),(227,227,0,0,'0.0000',2,'0.0000',2,0,'0.0000',2,'0.0000',2,0),(228,228,0,0,'0.0000',2,'0.0000',2,0,'0.0000',2,'0.0000',2,0),(229,229,0,0,'0.0000',2,'0.0000',2,0,'0.0000',2,'0.0000',2,0),(230,230,0,0,'0.0000',2,'0.0000',2,0,'0.0000',2,'0.0000',2,0),(231,231,0,0,'0.0000',2,'0.0000',2,0,'0.0000',2,'0.0000',2,0),(232,232,0,0,'0.0000',2,'0.0000',2,0,'0.0000',2,'0.0000',2,0),(233,233,0,0,'0.0000',2,'0.0000',2,0,'0.0000',2,'0.0000',2,0),(234,234,0,0,'0.0000',2,'0.0000',2,0,'0.0000',2,'0.0000',2,0),(235,235,0,0,'0.0000',2,'0.0000',2,0,'0.0000',2,'0.0000',2,0),(236,236,0,0,'0.0000',2,'0.0000',2,0,'0.0000',2,'0.0000',2,0),(237,237,0,0,'0.0000',2,'0.0000',2,0,'0.0000',2,'0.0000',2,0),(238,238,0,0,'0.0000',2,'0.0000',2,0,'0.0000',2,'0.0000',2,0),(239,239,0,0,'0.0000',2,'0.0000',2,0,'0.0000',2,'0.0000',2,0),(240,240,0,0,'0.0000',2,'0.0000',2,0,'0.0000',2,'0.0000',2,0),(241,241,0,0,'0.0000',2,'0.0000',2,0,'0.0000',2,'0.0000',2,0),(242,242,0,0,'0.0000',2,'0.0000',2,0,'0.0000',2,'0.0000',2,0),(243,243,0,0,'0.0000',2,'0.0000',2,0,'0.0000',2,'0.0000',2,0),(244,244,0,0,'0.0000',2,'0.0000',2,0,'0.0000',2,'0.0000',2,0),(245,245,0,0,'0.0000',2,'0.0000',2,0,'0.0000',2,'0.0000',2,0),(246,246,0,0,'0.0000',2,'0.0000',2,0,'0.0000',2,'0.0000',2,0),(247,247,0,0,'0.0000',2,'0.0000',2,0,'0.0000',2,'0.0000',2,0),(248,248,0,0,'0.0000',2,'0.0000',2,0,'0.0000',2,'0.0000',2,0),(249,249,0,0,'0.0000',2,'0.0000',2,0,'0.0000',2,'0.0000',2,0),(250,250,0,0,'0.0000',2,'0.0000',2,0,'0.0000',2,'0.0000',2,0),(251,251,0,0,'0.0000',2,'0.0000',2,0,'0.0000',2,'0.0000',2,0),(252,252,0,0,'0.0000',2,'0.0000',2,0,'0.0000',2,'0.0000',2,0),(253,253,0,0,'0.0000',2,'0.0000',2,0,'0.0000',2,'0.0000',2,0),(254,254,0,0,'0.0000',2,'0.0000',2,0,'0.0000',2,'0.0000',2,0),(255,255,0,0,'0.0000',2,'0.0000',2,0,'0.0000',2,'0.0000',2,0),(256,256,0,0,'0.0000',2,'0.0000',2,0,'0.0000',2,'0.0000',2,0),(257,257,0,0,'0.0000',2,'0.0000',2,0,'0.0000',2,'0.0000',2,0),(258,258,0,0,'0.0000',2,'0.0000',2,0,'0.0000',2,'0.0000',2,0),(259,259,0,0,'0.0000',2,'0.0000',2,0,'0.0000',2,'0.0000',2,0),(260,260,0,0,'0.0000',2,'0.0000',2,0,'0.0000',2,'0.0000',2,0),(261,261,0,0,'0.0000',2,'0.0000',2,0,'0.0000',2,'0.0000',2,0),(262,262,0,0,'0.0000',2,'0.0000',2,0,'0.0000',2,'0.0000',2,0),(263,263,0,0,'0.0000',2,'0.0000',2,0,'0.0000',2,'0.0000',2,0),(264,264,0,0,'0.0000',2,'0.0000',2,0,'0.0000',2,'0.0000',2,0),(265,265,0,0,'0.0000',2,'0.0000',2,0,'0.0000',2,'0.0000',2,0),(266,266,0,0,'0.0000',2,'0.0000',2,0,'0.0000',2,'0.0000',2,0),(267,267,0,0,'0.0000',2,'0.0000',2,0,'0.0000',2,'0.0000',2,0),(268,268,0,0,'0.0000',2,'0.0000',2,0,'0.0000',2,'0.0000',2,0),(269,269,0,0,'0.0000',2,'0.0000',2,0,'0.0000',2,'0.0000',2,0),(270,270,0,0,'0.0000',2,'0.0000',2,0,'0.0000',2,'0.0000',2,0),(271,271,0,0,'0.0000',2,'0.0000',2,0,'0.0000',2,'0.0000',2,0),(272,272,0,0,'0.0000',2,'0.0000',2,0,'0.0000',2,'0.0000',2,0),(273,273,0,0,'0.0000',2,'0.0000',2,0,'0.0000',2,'0.0000',2,0),(274,274,0,0,'0.0000',2,'0.0000',2,0,'0.0000',2,'0.0000',2,0),(275,275,0,0,'0.0000',2,'0.0000',2,0,'0.0000',2,'0.0000',2,0),(276,276,0,0,'0.0000',2,'0.0000',2,0,'0.0000',2,'0.0000',2,0),(277,277,0,0,'0.0000',2,'0.0000',2,0,'0.0000',2,'0.0000',2,0),(278,278,0,0,'0.0000',2,'0.0000',2,0,'0.0000',2,'0.0000',2,0),(279,279,0,0,'0.0000',2,'0.0000',2,0,'0.0000',2,'0.0000',2,0),(280,280,0,0,'0.0000',2,'0.0000',2,0,'0.0000',2,'0.0000',2,0),(281,281,0,0,'0.0000',2,'0.0000',2,0,'0.0000',2,'0.0000',2,0),(282,282,0,0,'0.0000',2,'0.0000',2,0,'0.0000',2,'0.0000',2,0),(283,283,0,0,'0.0000',2,'0.0000',2,0,'0.0000',2,'0.0000',2,0),(284,284,0,0,'0.0000',2,'0.0000',2,0,'0.0000',2,'0.0000',2,0),(285,285,0,0,'0.0000',2,'0.0000',2,0,'0.0000',2,'0.0000',2,0),(286,286,0,0,'0.0000',2,'0.0000',2,0,'0.0000',2,'0.0000',2,0),(287,287,0,0,'0.0000',2,'0.0000',2,0,'0.0000',2,'0.0000',2,0),(288,288,0,0,'0.0000',2,'0.0000',2,0,'0.0000',2,'0.0000',2,0),(289,289,0,0,'0.0000',2,'0.0000',2,0,'0.0000',2,'0.0000',2,0),(290,290,0,0,'0.0000',2,'0.0000',2,0,'0.0000',2,'0.0000',2,0),(291,291,0,0,'0.0000',2,'0.0000',2,0,'0.0000',2,'0.0000',2,0),(292,292,0,0,'0.0000',2,'0.0000',2,0,'0.0000',2,'0.0000',2,0),(293,293,0,0,'0.0000',2,'0.0000',2,0,'0.0000',2,'0.0000',2,0),(294,294,0,0,'0.0000',2,'0.0000',2,0,'0.0000',2,'0.0000',2,0),(295,295,0,0,'0.0000',2,'0.0000',2,0,'0.0000',2,'0.0000',2,0),(296,296,0,0,'0.0000',2,'0.0000',2,0,'0.0000',2,'0.0000',2,0),(297,297,0,0,'0.0000',2,'0.0000',2,0,'0.0000',2,'0.0000',2,0),(298,298,0,0,'0.0000',2,'0.0000',2,0,'0.0000',2,'0.0000',2,0),(299,299,0,0,'0.0000',2,'0.0000',2,0,'0.0000',2,'0.0000',2,0),(300,300,0,0,'0.0000',2,'0.0000',2,0,'0.0000',2,'0.0000',2,0),(301,301,0,0,'0.0000',2,'0.0000',2,0,'0.0000',2,'0.0000',2,0),(302,302,0,0,'0.0000',2,'0.0000',2,0,'0.0000',2,'0.0000',2,0),(303,303,0,0,'0.0000',2,'0.0000',2,0,'0.0000',2,'0.0000',2,0),(304,304,0,0,'0.0000',2,'0.0000',2,0,'0.0000',2,'0.0000',2,0),(305,305,0,0,'0.0000',2,'0.0000',2,0,'0.0000',2,'0.0000',2,0),(306,306,0,0,'0.0000',2,'0.0000',2,0,'0.0000',2,'0.0000',2,0),(307,307,0,0,'0.0000',2,'0.0000',2,0,'0.0000',2,'0.0000',2,0),(308,308,0,0,'0.0000',2,'0.0000',2,0,'0.0000',2,'0.0000',2,0),(309,309,0,0,'0.0000',2,'0.0000',2,0,'0.0000',2,'0.0000',2,0),(310,310,0,0,'0.0000',2,'0.0000',2,0,'0.0000',2,'0.0000',2,0),(311,311,0,0,'0.0000',2,'0.0000',2,0,'0.0000',2,'0.0000',2,0),(312,312,0,0,'0.0000',2,'0.0000',2,0,'0.0000',2,'0.0000',2,0),(313,313,0,0,'0.0000',2,'0.0000',2,0,'0.0000',2,'0.0000',2,0),(314,314,0,0,'0.0000',2,'0.0000',2,0,'0.0000',2,'0.0000',2,0),(315,315,0,0,'0.0000',2,'0.0000',2,0,'0.0000',2,'0.0000',2,0),(316,316,0,0,'0.0000',2,'0.0000',2,0,'0.0000',2,'0.0000',2,0),(317,317,0,0,'0.0000',2,'0.0000',2,0,'0.0000',2,'0.0000',2,0),(318,318,0,0,'0.0000',2,'0.0000',2,0,'0.0000',2,'0.0000',2,0),(319,319,0,0,'0.0000',2,'0.0000',2,0,'0.0000',2,'0.0000',2,0),(320,320,0,0,'0.0000',2,'0.0000',2,0,'0.0000',2,'0.0000',2,0),(321,321,0,0,'0.0000',2,'0.0000',2,0,'0.0000',2,'0.0000',2,0),(322,322,0,0,'0.0000',2,'0.0000',2,0,'0.0000',2,'0.0000',2,0),(323,323,0,0,'0.0000',2,'0.0000',2,0,'0.0000',2,'0.0000',2,0),(324,324,0,0,'0.0000',2,'0.0000',2,0,'0.0000',2,'0.0000',2,0),(325,325,0,0,'0.0000',2,'0.0000',2,0,'0.0000',2,'0.0000',2,0),(326,326,0,0,'0.0000',2,'0.0000',2,0,'0.0000',2,'0.0000',2,0),(327,327,0,0,'0.0000',2,'0.0000',2,0,'0.0000',2,'0.0000',2,0),(328,328,0,0,'0.0000',2,'0.0000',2,0,'0.0000',2,'0.0000',2,0),(329,329,0,0,'0.0000',2,'0.0000',2,0,'0.0000',2,'0.0000',2,0),(330,330,0,0,'0.0000',2,'0.0000',2,0,'0.0000',2,'0.0000',2,0),(331,331,0,0,'0.0000',2,'0.0000',2,0,'0.0000',2,'0.0000',2,0),(332,332,0,0,'0.0000',2,'0.0000',2,0,'0.0000',2,'0.0000',2,0),(333,333,0,0,'0.0000',2,'0.0000',2,0,'0.0000',2,'0.0000',2,0),(334,334,0,0,'0.0000',2,'0.0000',2,0,'0.0000',2,'0.0000',2,0),(335,335,0,0,'0.0000',2,'0.0000',2,0,'0.0000',2,'0.0000',2,0),(336,336,0,0,'0.0000',2,'0.0000',2,0,'0.0000',2,'0.0000',2,0),(337,337,0,0,'0.0000',2,'0.0000',2,0,'0.0000',2,'0.0000',2,0),(338,338,0,0,'0.0000',2,'0.0000',2,0,'0.0000',2,'0.0000',2,0),(339,339,0,0,'0.0000',2,'0.0000',2,0,'0.0000',2,'0.0000',2,0),(340,340,0,0,'0.0000',2,'0.0000',2,0,'0.0000',2,'0.0000',2,0),(341,341,0,0,'0.0000',2,'0.0000',2,0,'0.0000',2,'0.0000',2,0),(342,342,0,0,'0.0000',2,'0.0000',2,0,'0.0000',2,'0.0000',2,0),(343,343,0,0,'0.0000',2,'0.0000',2,0,'0.0000',2,'0.0000',2,0),(344,344,0,0,'0.0000',2,'0.0000',2,0,'0.0000',2,'0.0000',2,0),(345,345,0,0,'0.0000',2,'0.0000',2,0,'0.0000',2,'0.0000',2,0),(346,346,0,0,'0.0000',2,'0.0000',2,0,'0.0000',2,'0.0000',2,0),(347,347,0,0,'0.0000',2,'0.0000',2,0,'0.0000',2,'0.0000',2,0),(348,348,0,0,'0.0000',2,'0.0000',2,0,'0.0000',2,'0.0000',2,0),(349,349,0,0,'0.0000',2,'0.0000',2,0,'0.0000',2,'0.0000',2,0),(350,350,0,0,'0.0000',2,'0.0000',2,0,'0.0000',2,'0.0000',2,0),(351,351,0,0,'0.0000',2,'0.0000',2,0,'0.0000',2,'0.0000',2,0),(352,352,0,0,'0.0000',2,'0.0000',2,0,'0.0000',2,'0.0000',2,0),(353,353,0,0,'0.0000',2,'0.0000',2,0,'0.0000',2,'0.0000',2,0),(354,354,0,0,'0.0000',2,'0.0000',2,0,'0.0000',2,'0.0000',2,0),(355,355,0,0,'0.0000',2,'0.0000',2,0,'0.0000',2,'0.0000',2,0),(356,356,0,0,'0.0000',2,'0.0000',2,0,'0.0000',2,'0.0000',2,0),(357,357,0,0,'0.0000',2,'0.0000',2,0,'0.0000',2,'0.0000',2,0),(358,358,0,0,'0.0000',2,'0.0000',2,0,'0.0000',2,'0.0000',2,0),(359,359,0,0,'0.0000',2,'0.0000',2,0,'0.0000',2,'0.0000',2,0),(360,360,0,0,'0.0000',2,'0.0000',2,0,'0.0000',2,'0.0000',2,0),(361,361,0,0,'0.0000',2,'0.0000',2,0,'0.0000',2,'0.0000',2,0),(362,362,0,0,'0.0000',2,'0.0000',2,0,'0.0000',2,'0.0000',2,0),(363,363,0,0,'0.0000',2,'0.0000',2,0,'0.0000',2,'0.0000',2,0),(364,364,0,0,'0.0000',2,'0.0000',2,0,'0.0000',2,'0.0000',2,0),(365,365,0,0,'0.0000',2,'0.0000',2,0,'0.0000',2,'0.0000',2,0),(366,366,0,0,'0.0000',2,'0.0000',2,0,'0.0000',2,'0.0000',2,0),(367,367,0,0,'0.0000',2,'0.0000',2,0,'0.0000',2,'0.0000',2,0),(368,368,0,0,'0.0000',2,'0.0000',2,0,'0.0000',2,'0.0000',2,0),(369,369,0,0,'0.0000',2,'0.0000',2,0,'0.0000',2,'0.0000',2,0),(370,370,0,0,'0.0000',2,'0.0000',2,0,'0.0000',2,'0.0000',2,0),(371,371,0,0,'0.0000',2,'0.0000',2,0,'0.0000',2,'0.0000',2,0),(372,372,0,0,'0.0000',2,'0.0000',2,0,'0.0000',2,'0.0000',2,0),(373,373,0,0,'0.0000',2,'0.0000',2,0,'0.0000',2,'0.0000',2,0),(374,374,0,0,'0.0000',2,'0.0000',2,0,'0.0000',2,'0.0000',2,0),(375,375,0,0,'0.0000',2,'0.0000',2,0,'0.0000',2,'0.0000',2,0),(376,376,0,0,'0.0000',2,'0.0000',2,0,'0.0000',2,'0.0000',2,0),(377,377,0,0,'0.0000',2,'0.0000',2,0,'0.0000',2,'0.0000',2,0),(378,378,0,0,'0.0000',2,'0.0000',2,0,'0.0000',2,'0.0000',2,0),(379,379,0,0,'0.0000',2,'0.0000',2,0,'0.0000',2,'0.0000',2,0),(380,380,0,0,'0.0000',2,'0.0000',2,0,'0.0000',2,'0.0000',2,0),(381,381,0,0,'0.0000',2,'0.0000',2,0,'0.0000',2,'0.0000',2,0),(382,382,0,0,'0.0000',2,'0.0000',2,0,'0.0000',2,'0.0000',2,0),(383,383,0,0,'0.0000',2,'0.0000',2,0,'0.0000',2,'0.0000',2,0),(384,384,0,0,'0.0000',2,'0.0000',2,0,'0.0000',2,'0.0000',2,0),(385,385,0,0,'0.0000',2,'0.0000',2,0,'0.0000',2,'0.0000',2,0),(386,386,0,0,'0.0000',2,'0.0000',2,0,'0.0000',2,'0.0000',2,0),(387,387,0,0,'0.0000',2,'0.0000',2,0,'0.0000',2,'0.0000',2,0),(388,388,0,0,'0.0000',2,'0.0000',2,0,'0.0000',2,'0.0000',2,0),(389,389,0,0,'0.0000',2,'0.0000',2,0,'0.0000',2,'0.0000',2,0),(390,390,0,0,'0.0000',2,'0.0000',2,0,'0.0000',2,'0.0000',2,0),(391,391,0,0,'0.0000',2,'0.0000',2,0,'0.0000',2,'0.0000',2,0),(392,392,0,0,'0.0000',2,'0.0000',2,0,'0.0000',2,'0.0000',2,0),(393,393,0,0,'0.0000',2,'0.0000',2,0,'0.0000',2,'0.0000',2,0),(394,394,0,0,'0.0000',2,'0.0000',2,0,'0.0000',2,'0.0000',2,0),(395,395,0,0,'0.0000',2,'0.0000',2,0,'0.0000',2,'0.0000',2,0),(396,396,0,0,'0.0000',2,'0.0000',2,0,'0.0000',2,'0.0000',2,0),(397,397,0,0,'0.0000',2,'0.0000',2,0,'0.0000',2,'0.0000',2,0),(398,398,0,0,'0.0000',2,'0.0000',2,0,'0.0000',2,'0.0000',2,0),(399,399,0,0,'0.0000',2,'0.0000',2,0,'0.0000',2,'0.0000',2,0),(400,400,0,0,'0.0000',2,'0.0000',2,0,'0.0000',2,'0.0000',2,0),(401,401,0,0,'0.0000',2,'0.0000',2,0,'0.0000',2,'0.0000',2,0),(402,402,0,0,'0.0000',2,'0.0000',2,0,'0.0000',2,'0.0000',2,0),(403,403,0,0,'0.0000',2,'0.0000',2,0,'0.0000',2,'0.0000',2,0),(404,404,0,0,'0.0000',2,'0.0000',2,0,'0.0000',2,'0.0000',2,0),(405,405,0,0,'0.0000',2,'0.0000',2,0,'0.0000',2,'0.0000',2,0),(406,406,0,0,'0.0000',2,'0.0000',2,0,'0.0000',2,'0.0000',2,0),(407,407,0,0,'0.0000',2,'0.0000',2,0,'0.0000',2,'0.0000',2,0),(408,408,0,0,'0.0000',2,'0.0000',2,0,'0.0000',2,'0.0000',2,0),(409,409,0,0,'0.0000',2,'0.0000',2,0,'0.0000',2,'0.0000',2,0),(410,410,0,0,'0.0000',2,'0.0000',2,0,'0.0000',2,'0.0000',2,0),(411,411,0,0,'0.0000',2,'0.0000',2,0,'0.0000',2,'0.0000',2,0),(412,412,0,0,'0.0000',2,'0.0000',2,0,'0.0000',2,'0.0000',2,0),(413,413,0,0,'0.0000',2,'0.0000',2,0,'0.0000',2,'0.0000',2,0),(414,414,0,0,'0.0000',2,'0.0000',2,0,'0.0000',2,'0.0000',2,0),(415,415,0,0,'0.0000',2,'0.0000',2,0,'0.0000',2,'0.0000',2,0),(416,416,0,0,'0.0000',2,'0.0000',2,0,'0.0000',2,'0.0000',2,0),(417,417,0,0,'0.0000',2,'0.0000',2,0,'0.0000',2,'0.0000',2,0),(418,418,0,0,'0.0000',2,'0.0000',2,0,'0.0000',2,'0.0000',2,0),(419,419,0,0,'0.0000',2,'0.0000',2,0,'0.0000',2,'0.0000',2,0),(420,420,0,0,'0.0000',2,'0.0000',2,0,'0.0000',2,'0.0000',2,0),(421,421,0,0,'0.0000',2,'0.0000',2,0,'0.0000',2,'0.0000',2,0),(422,422,0,0,'0.0000',2,'0.0000',2,0,'0.0000',2,'0.0000',2,0),(423,423,0,0,'0.0000',2,'0.0000',2,0,'0.0000',2,'0.0000',2,0),(424,424,0,0,'0.0000',2,'0.0000',2,0,'0.0000',2,'0.0000',2,0),(425,425,0,0,'0.0000',2,'0.0000',2,0,'0.0000',2,'0.0000',2,0),(426,426,0,0,'0.0000',2,'0.0000',2,0,'0.0000',2,'0.0000',2,0),(427,427,0,0,'0.0000',2,'0.0000',2,0,'0.0000',2,'0.0000',2,0),(428,428,0,0,'0.0000',2,'0.0000',2,0,'0.0000',2,'0.0000',2,0),(429,429,0,0,'0.0000',2,'0.0000',2,0,'0.0000',2,'0.0000',2,0),(430,430,0,0,'0.0000',2,'0.0000',2,0,'0.0000',2,'0.0000',2,0),(431,431,0,0,'0.0000',2,'0.0000',2,0,'0.0000',2,'0.0000',2,0),(432,432,0,0,'0.0000',2,'0.0000',2,0,'0.0000',2,'0.0000',2,0),(433,433,0,0,'0.0000',2,'0.0000',2,0,'0.0000',2,'0.0000',2,0),(434,434,0,0,'0.0000',2,'0.0000',2,0,'0.0000',2,'0.0000',2,0),(435,435,0,0,'0.0000',2,'0.0000',2,0,'0.0000',2,'0.0000',2,0),(436,436,0,0,'0.0000',2,'0.0000',2,0,'0.0000',2,'0.0000',2,0),(437,437,0,0,'0.0000',2,'0.0000',2,0,'0.0000',2,'0.0000',2,0),(438,438,0,0,'0.0000',2,'0.0000',2,0,'0.0000',2,'0.0000',2,0),(439,439,0,0,'0.0000',2,'0.0000',2,0,'0.0000',2,'0.0000',2,0),(440,440,0,0,'0.0000',2,'0.0000',2,0,'0.0000',2,'0.0000',2,0),(441,441,0,0,'0.0000',2,'0.0000',2,0,'0.0000',2,'0.0000',2,0),(442,442,0,0,'0.0000',2,'0.0000',2,0,'0.0000',2,'0.0000',2,0),(443,443,0,0,'0.0000',2,'0.0000',2,0,'0.0000',2,'0.0000',2,0),(444,444,0,0,'0.0000',2,'0.0000',2,0,'0.0000',2,'0.0000',2,0),(445,445,0,0,'0.0000',2,'0.0000',2,0,'0.0000',2,'0.0000',2,0),(446,446,0,0,'0.0000',2,'0.0000',2,0,'0.0000',2,'0.0000',2,0),(447,447,0,0,'0.0000',2,'0.0000',2,0,'0.0000',2,'0.0000',2,0),(448,448,0,0,'0.0000',2,'0.0000',2,0,'0.0000',2,'0.0000',2,0);
/*!40000 ALTER TABLE `batch_loan_arrears_profile` ENABLE KEYS */;
UNLOCK TABLES;

--
-- Table structure for table `batch_loan_details`
--

DROP TABLE IF EXISTS `batch_loan_details`;
/*!40101 SET @saved_cs_client     = @@character_set_client */;
/*!40101 SET character_set_client = utf8 */;
CREATE TABLE `batch_loan_details` (
  `loan_details_id` int(11) NOT NULL AUTO_INCREMENT,
  `branch_report_id` int(11) NOT NULL,
  `product_name` varchar(50) NOT NULL,
  `number_of_loans_issued` int(11) NOT NULL,
  `loan_amount_issued` decimal(21,4) NOT NULL,
  `loan_amount_issued_currency_id` smallint(6) NOT NULL,
  `loan_interest_issued` decimal(21,4) NOT NULL,
  `loan_interest_issued_currency_id` smallint(6) NOT NULL,
  `number_of_loans_outstanding` int(11) NOT NULL,
  `loan_outstanding_amount` decimal(21,4) NOT NULL,
  `loan_outstanding_amount_currency_id` smallint(6) NOT NULL,
  `loan_outstanding_interest` decimal(21,4) NOT NULL,
  `loan_outstanding_interest_currency_id` smallint(6) NOT NULL,
  PRIMARY KEY (`loan_details_id`),
  KEY `branch_report_id` (`branch_report_id`),
  CONSTRAINT `batch_loan_details_ibfk_1` FOREIGN KEY (`branch_report_id`) REFERENCES `batch_branch_report` (`branch_report_id`)
) ENGINE=InnoDB AUTO_INCREMENT=1345 DEFAULT CHARSET=utf8;
/*!40101 SET character_set_client = @saved_cs_client */;

--
-- Dumping data for table `batch_loan_details`
--

LOCK TABLES `batch_loan_details` WRITE;
/*!40000 ALTER TABLE `batch_loan_details` DISABLE KEYS */;
INSERT INTO `batch_loan_details` VALUES (1,1,'loan prod 2',0,'0.0000',2,'0.0000',2,0,'0.0000',2,'0.0000',2),(2,1,'loan prod 1',1,'3000.0000',2,'21.0000',2,1,'2924.9000',2,'18.1000',2),(3,1,'group load',0,'0.0000',2,'0.0000',2,0,'0.0000',2,'0.0000',2),(4,2,'loan prod 1',0,'0.0000',2,'0.0000',2,0,'0.0000',2,'0.0000',2),(5,2,'loan prod 2',0,'0.0000',2,'0.0000',2,0,'0.0000',2,'0.0000',2),(6,2,'group load',0,'0.0000',2,'0.0000',2,0,'0.0000',2,'0.0000',2),(7,3,'loan prod 2',1,'6000.0000',2,'5.8000',2,0,'0.0000',2,'0.0000',2),(8,3,'group load',0,'0.0000',2,'0.0000',2,0,'0.0000',2,'0.0000',2),(9,3,'loan prod 1',2,'6000.0000',2,'5.8000',2,0,'0.0000',2,'0.0000',2),(10,4,'loan prod 1',0,'0.0000',2,'0.0000',2,0,'0.0000',2,'0.0000',2),(11,4,'loan prod 2',0,'0.0000',2,'0.0000',2,0,'0.0000',2,'0.0000',2),(12,4,'group load',0,'0.0000',2,'0.0000',2,0,'0.0000',2,'0.0000',2),(13,5,'loan prod 2',0,'0.0000',2,'0.0000',2,0,'0.0000',2,'0.0000',2),(14,5,'loan prod 1',1,'3000.0000',2,'21.0000',2,1,'2924.9000',2,'18.1000',2),(15,5,'group load',0,'0.0000',2,'0.0000',2,0,'0.0000',2,'0.0000',2),(16,6,'loan prod 1',0,'0.0000',2,'0.0000',2,0,'0.0000',2,'0.0000',2),(17,6,'loan prod 2',0,'0.0000',2,'0.0000',2,0,'0.0000',2,'0.0000',2),(18,6,'group load',0,'0.0000',2,'0.0000',2,0,'0.0000',2,'0.0000',2),(19,7,'loan prod 2',1,'6000.0000',2,'5.8000',2,0,'0.0000',2,'0.0000',2),(20,7,'group load',0,'0.0000',2,'0.0000',2,0,'0.0000',2,'0.0000',2),(21,7,'loan prod 1',2,'6000.0000',2,'5.8000',2,0,'0.0000',2,'0.0000',2),(22,8,'loan prod 1',0,'0.0000',2,'0.0000',2,0,'0.0000',2,'0.0000',2),(23,8,'loan prod 2',0,'0.0000',2,'0.0000',2,0,'0.0000',2,'0.0000',2),(24,8,'group load',0,'0.0000',2,'0.0000',2,0,'0.0000',2,'0.0000',2),(25,9,'loan prod 2',0,'0.0000',2,'0.0000',2,0,'0.0000',2,'0.0000',2),(26,9,'loan prod 1',1,'3000.0000',2,'21.0000',2,1,'2924.9000',2,'18.1000',2),(27,9,'group load',0,'0.0000',2,'0.0000',2,0,'0.0000',2,'0.0000',2),(28,10,'loan prod 1',0,'0.0000',2,'0.0000',2,0,'0.0000',2,'0.0000',2),(29,10,'loan prod 2',0,'0.0000',2,'0.0000',2,0,'0.0000',2,'0.0000',2),(30,10,'group load',0,'0.0000',2,'0.0000',2,0,'0.0000',2,'0.0000',2),(31,11,'loan prod 2',1,'6000.0000',2,'5.8000',2,0,'0.0000',2,'0.0000',2),(32,11,'group load',0,'0.0000',2,'0.0000',2,0,'0.0000',2,'0.0000',2),(33,11,'loan prod 1',2,'6000.0000',2,'5.8000',2,0,'0.0000',2,'0.0000',2),(34,12,'loan prod 1',0,'0.0000',2,'0.0000',2,0,'0.0000',2,'0.0000',2),(35,12,'loan prod 2',0,'0.0000',2,'0.0000',2,0,'0.0000',2,'0.0000',2),(36,12,'group load',0,'0.0000',2,'0.0000',2,0,'0.0000',2,'0.0000',2),(37,13,'loan prod 2',0,'0.0000',2,'0.0000',2,0,'0.0000',2,'0.0000',2),(38,13,'loan prod 1',1,'3000.0000',2,'21.0000',2,1,'2924.9000',2,'18.1000',2),(39,13,'group load',0,'0.0000',2,'0.0000',2,0,'0.0000',2,'0.0000',2),(40,14,'loan prod 1',0,'0.0000',2,'0.0000',2,0,'0.0000',2,'0.0000',2),(41,14,'loan prod 2',0,'0.0000',2,'0.0000',2,0,'0.0000',2,'0.0000',2),(42,14,'group load',0,'0.0000',2,'0.0000',2,0,'0.0000',2,'0.0000',2),(43,15,'loan prod 2',1,'6000.0000',2,'5.8000',2,0,'0.0000',2,'0.0000',2),(44,15,'group load',0,'0.0000',2,'0.0000',2,0,'0.0000',2,'0.0000',2),(45,15,'loan prod 1',2,'6000.0000',2,'5.8000',2,0,'0.0000',2,'0.0000',2),(46,16,'loan prod 1',0,'0.0000',2,'0.0000',2,0,'0.0000',2,'0.0000',2),(47,16,'loan prod 2',0,'0.0000',2,'0.0000',2,0,'0.0000',2,'0.0000',2),(48,16,'group load',0,'0.0000',2,'0.0000',2,0,'0.0000',2,'0.0000',2),(49,17,'loan prod 2',0,'0.0000',2,'0.0000',2,0,'0.0000',2,'0.0000',2),(50,17,'loan prod 1',1,'3000.0000',2,'21.0000',2,1,'2924.9000',2,'18.1000',2),(51,17,'group load',0,'0.0000',2,'0.0000',2,0,'0.0000',2,'0.0000',2),(52,18,'loan prod 1',0,'0.0000',2,'0.0000',2,0,'0.0000',2,'0.0000',2),(53,18,'loan prod 2',0,'0.0000',2,'0.0000',2,0,'0.0000',2,'0.0000',2),(54,18,'group load',0,'0.0000',2,'0.0000',2,0,'0.0000',2,'0.0000',2),(55,19,'loan prod 2',1,'6000.0000',2,'5.8000',2,0,'0.0000',2,'0.0000',2),(56,19,'group load',0,'0.0000',2,'0.0000',2,0,'0.0000',2,'0.0000',2),(57,19,'loan prod 1',2,'6000.0000',2,'5.8000',2,0,'0.0000',2,'0.0000',2),(58,20,'loan prod 1',0,'0.0000',2,'0.0000',2,0,'0.0000',2,'0.0000',2),(59,20,'loan prod 2',0,'0.0000',2,'0.0000',2,0,'0.0000',2,'0.0000',2),(60,20,'group load',0,'0.0000',2,'0.0000',2,0,'0.0000',2,'0.0000',2),(61,21,'loan prod 2',0,'0.0000',2,'0.0000',2,0,'0.0000',2,'0.0000',2),(62,21,'loan prod 1',1,'3000.0000',2,'21.0000',2,1,'2924.9000',2,'18.1000',2),(63,21,'group load',0,'0.0000',2,'0.0000',2,0,'0.0000',2,'0.0000',2),(64,22,'loan prod 1',0,'0.0000',2,'0.0000',2,0,'0.0000',2,'0.0000',2),(65,22,'loan prod 2',0,'0.0000',2,'0.0000',2,0,'0.0000',2,'0.0000',2),(66,22,'group load',0,'0.0000',2,'0.0000',2,0,'0.0000',2,'0.0000',2),(67,23,'loan prod 2',1,'6000.0000',2,'5.8000',2,0,'0.0000',2,'0.0000',2),(68,23,'group load',0,'0.0000',2,'0.0000',2,0,'0.0000',2,'0.0000',2),(69,23,'loan prod 1',2,'6000.0000',2,'5.8000',2,0,'0.0000',2,'0.0000',2),(70,24,'loan prod 1',0,'0.0000',2,'0.0000',2,0,'0.0000',2,'0.0000',2),(71,24,'loan prod 2',0,'0.0000',2,'0.0000',2,0,'0.0000',2,'0.0000',2),(72,24,'group load',0,'0.0000',2,'0.0000',2,0,'0.0000',2,'0.0000',2),(85,29,'loan prod 2',0,'0.0000',2,'0.0000',2,0,'0.0000',2,'0.0000',2),(86,29,'group loan',0,'0.0000',2,'0.0000',2,0,'0.0000',2,'0.0000',2),(87,29,'loan prod 1',1,'3000.0000',2,'21.0000',2,1,'2924.9000',2,'18.1000',2),(88,30,'loan prod 1',0,'0.0000',2,'0.0000',2,0,'0.0000',2,'0.0000',2),(89,30,'loan prod 2',0,'0.0000',2,'0.0000',2,0,'0.0000',2,'0.0000',2),(90,30,'group loan',0,'0.0000',2,'0.0000',2,0,'0.0000',2,'0.0000',2),(91,31,'group loan',0,'0.0000',2,'0.0000',2,0,'0.0000',2,'0.0000',2),(92,31,'loan prod 2',1,'6000.0000',2,'5.8000',2,0,'0.0000',2,'0.0000',2),(93,31,'loan prod 1',2,'6000.0000',2,'5.8000',2,0,'0.0000',2,'0.0000',2),(94,32,'loan prod 1',0,'0.0000',2,'0.0000',2,0,'0.0000',2,'0.0000',2),(95,32,'loan prod 2',0,'0.0000',2,'0.0000',2,0,'0.0000',2,'0.0000',2),(96,32,'group loan',0,'0.0000',2,'0.0000',2,0,'0.0000',2,'0.0000',2),(97,33,'loan prod 2',0,'0.0000',2,'0.0000',2,0,'0.0000',2,'0.0000',2),(98,33,'group loan',0,'0.0000',2,'0.0000',2,0,'0.0000',2,'0.0000',2),(99,33,'loan prod 1',1,'3000.0000',2,'21.0000',2,1,'2924.9000',2,'18.1000',2),(100,34,'loan prod 1',0,'0.0000',2,'0.0000',2,0,'0.0000',2,'0.0000',2),(101,34,'loan prod 2',0,'0.0000',2,'0.0000',2,0,'0.0000',2,'0.0000',2),(102,34,'group loan',0,'0.0000',2,'0.0000',2,0,'0.0000',2,'0.0000',2),(103,35,'group loan',0,'0.0000',2,'0.0000',2,0,'0.0000',2,'0.0000',2),(104,35,'loan prod 2',1,'6000.0000',2,'5.8000',2,0,'0.0000',2,'0.0000',2),(105,35,'loan prod 1',2,'6000.0000',2,'5.8000',2,0,'0.0000',2,'0.0000',2),(106,36,'loan prod 1',0,'0.0000',2,'0.0000',2,0,'0.0000',2,'0.0000',2),(107,36,'loan prod 2',0,'0.0000',2,'0.0000',2,0,'0.0000',2,'0.0000',2),(108,36,'group loan',0,'0.0000',2,'0.0000',2,0,'0.0000',2,'0.0000',2),(109,37,'loan prod 2',0,'0.0000',2,'0.0000',2,0,'0.0000',2,'0.0000',2),(110,37,'group loan',0,'0.0000',2,'0.0000',2,0,'0.0000',2,'0.0000',2),(111,37,'loan prod 1',1,'3000.0000',2,'21.0000',2,1,'2924.9000',2,'18.1000',2),(112,38,'loan prod 1',0,'0.0000',2,'0.0000',2,0,'0.0000',2,'0.0000',2),(113,38,'loan prod 2',0,'0.0000',2,'0.0000',2,0,'0.0000',2,'0.0000',2),(114,38,'group loan',0,'0.0000',2,'0.0000',2,0,'0.0000',2,'0.0000',2),(115,39,'group loan',0,'0.0000',2,'0.0000',2,0,'0.0000',2,'0.0000',2),(116,39,'loan prod 2',1,'6000.0000',2,'5.8000',2,0,'0.0000',2,'0.0000',2),(117,39,'loan prod 1',2,'6000.0000',2,'5.8000',2,0,'0.0000',2,'0.0000',2),(118,40,'loan prod 1',0,'0.0000',2,'0.0000',2,0,'0.0000',2,'0.0000',2),(119,40,'loan prod 2',0,'0.0000',2,'0.0000',2,0,'0.0000',2,'0.0000',2),(120,40,'group loan',0,'0.0000',2,'0.0000',2,0,'0.0000',2,'0.0000',2),(121,41,'loan prod 2',0,'0.0000',2,'0.0000',2,0,'0.0000',2,'0.0000',2),(122,41,'group loan',0,'0.0000',2,'0.0000',2,0,'0.0000',2,'0.0000',2),(123,41,'loan prod 1',1,'3000.0000',2,'21.0000',2,1,'2924.9000',2,'18.1000',2),(124,42,'loan prod 1',0,'0.0000',2,'0.0000',2,0,'0.0000',2,'0.0000',2),(125,42,'loan prod 2',0,'0.0000',2,'0.0000',2,0,'0.0000',2,'0.0000',2),(126,42,'group loan',0,'0.0000',2,'0.0000',2,0,'0.0000',2,'0.0000',2),(127,43,'group loan',0,'0.0000',2,'0.0000',2,0,'0.0000',2,'0.0000',2),(128,43,'loan prod 2',1,'6000.0000',2,'5.8000',2,0,'0.0000',2,'0.0000',2),(129,43,'loan prod 1',2,'6000.0000',2,'5.8000',2,0,'0.0000',2,'0.0000',2),(130,44,'loan prod 1',0,'0.0000',2,'0.0000',2,0,'0.0000',2,'0.0000',2),(131,44,'loan prod 2',0,'0.0000',2,'0.0000',2,0,'0.0000',2,'0.0000',2),(132,44,'group loan',0,'0.0000',2,'0.0000',2,0,'0.0000',2,'0.0000',2),(133,45,'loan prod 2',0,'0.0000',2,'0.0000',2,0,'0.0000',2,'0.0000',2),(134,45,'group loan',0,'0.0000',2,'0.0000',2,0,'0.0000',2,'0.0000',2),(135,45,'loan prod 1',1,'3000.0000',2,'21.0000',2,1,'2924.9000',2,'18.1000',2),(136,46,'loan prod 1',0,'0.0000',2,'0.0000',2,0,'0.0000',2,'0.0000',2),(137,46,'loan prod 2',0,'0.0000',2,'0.0000',2,0,'0.0000',2,'0.0000',2),(138,46,'group loan',0,'0.0000',2,'0.0000',2,0,'0.0000',2,'0.0000',2),(139,47,'group loan',0,'0.0000',2,'0.0000',2,0,'0.0000',2,'0.0000',2),(140,47,'loan prod 2',1,'6000.0000',2,'5.8000',2,0,'0.0000',2,'0.0000',2),(141,47,'loan prod 1',2,'6000.0000',2,'5.8000',2,0,'0.0000',2,'0.0000',2),(142,48,'loan prod 1',0,'0.0000',2,'0.0000',2,0,'0.0000',2,'0.0000',2),(143,48,'loan prod 2',0,'0.0000',2,'0.0000',2,0,'0.0000',2,'0.0000',2),(144,48,'group loan',0,'0.0000',2,'0.0000',2,0,'0.0000',2,'0.0000',2),(145,49,'loan prod 2',0,'0.0000',2,'0.0000',2,0,'0.0000',2,'0.0000',2),(146,49,'group loan',0,'0.0000',2,'0.0000',2,0,'0.0000',2,'0.0000',2),(147,49,'loan prod 1',1,'3000.0000',2,'21.0000',2,1,'2924.9000',2,'18.1000',2),(148,50,'loan prod 1',0,'0.0000',2,'0.0000',2,0,'0.0000',2,'0.0000',2),(149,50,'loan prod 2',0,'0.0000',2,'0.0000',2,0,'0.0000',2,'0.0000',2),(150,50,'group loan',0,'0.0000',2,'0.0000',2,0,'0.0000',2,'0.0000',2),(151,51,'group loan',0,'0.0000',2,'0.0000',2,0,'0.0000',2,'0.0000',2),(152,51,'loan prod 2',1,'6000.0000',2,'5.8000',2,0,'0.0000',2,'0.0000',2),(153,51,'loan prod 1',2,'6000.0000',2,'5.8000',2,0,'0.0000',2,'0.0000',2),(154,52,'loan prod 1',0,'0.0000',2,'0.0000',2,0,'0.0000',2,'0.0000',2),(155,52,'loan prod 2',0,'0.0000',2,'0.0000',2,0,'0.0000',2,'0.0000',2),(156,52,'group loan',0,'0.0000',2,'0.0000',2,0,'0.0000',2,'0.0000',2),(157,53,'loan prod 2',0,'0.0000',2,'0.0000',2,0,'0.0000',2,'0.0000',2),(158,53,'group loan',0,'0.0000',2,'0.0000',2,0,'0.0000',2,'0.0000',2),(159,53,'loan prod 1',1,'3000.0000',2,'21.0000',2,1,'2924.9000',2,'18.1000',2),(160,54,'loan prod 1',0,'0.0000',2,'0.0000',2,0,'0.0000',2,'0.0000',2),(161,54,'loan prod 2',0,'0.0000',2,'0.0000',2,0,'0.0000',2,'0.0000',2),(162,54,'group loan',0,'0.0000',2,'0.0000',2,0,'0.0000',2,'0.0000',2),(163,55,'group loan',0,'0.0000',2,'0.0000',2,0,'0.0000',2,'0.0000',2),(164,55,'loan prod 2',1,'6000.0000',2,'5.8000',2,0,'0.0000',2,'0.0000',2),(165,55,'loan prod 1',2,'6000.0000',2,'5.8000',2,0,'0.0000',2,'0.0000',2),(166,56,'loan prod 1',0,'0.0000',2,'0.0000',2,0,'0.0000',2,'0.0000',2),(167,56,'loan prod 2',0,'0.0000',2,'0.0000',2,0,'0.0000',2,'0.0000',2),(168,56,'group loan',0,'0.0000',2,'0.0000',2,0,'0.0000',2,'0.0000',2),(169,57,'loan prod 2',0,'0.0000',2,'0.0000',2,0,'0.0000',2,'0.0000',2),(170,57,'group loan',0,'0.0000',2,'0.0000',2,0,'0.0000',2,'0.0000',2),(171,57,'loan prod 1',1,'3000.0000',2,'21.0000',2,1,'2924.9000',2,'18.1000',2),(172,58,'loan prod 1',0,'0.0000',2,'0.0000',2,0,'0.0000',2,'0.0000',2),(173,58,'loan prod 2',0,'0.0000',2,'0.0000',2,0,'0.0000',2,'0.0000',2),(174,58,'group loan',0,'0.0000',2,'0.0000',2,0,'0.0000',2,'0.0000',2),(175,59,'group loan',0,'0.0000',2,'0.0000',2,0,'0.0000',2,'0.0000',2),(176,59,'loan prod 2',1,'6000.0000',2,'5.8000',2,0,'0.0000',2,'0.0000',2),(177,59,'loan prod 1',2,'6000.0000',2,'5.8000',2,0,'0.0000',2,'0.0000',2),(178,60,'loan prod 1',0,'0.0000',2,'0.0000',2,0,'0.0000',2,'0.0000',2),(179,60,'loan prod 2',0,'0.0000',2,'0.0000',2,0,'0.0000',2,'0.0000',2),(180,60,'group loan',0,'0.0000',2,'0.0000',2,0,'0.0000',2,'0.0000',2),(181,61,'loan prod 2',0,'0.0000',2,'0.0000',2,0,'0.0000',2,'0.0000',2),(182,61,'group loan',0,'0.0000',2,'0.0000',2,0,'0.0000',2,'0.0000',2),(183,61,'loan prod 1',1,'3000.0000',2,'21.0000',2,1,'2924.9000',2,'18.1000',2),(184,62,'loan prod 1',0,'0.0000',2,'0.0000',2,0,'0.0000',2,'0.0000',2),(185,62,'loan prod 2',0,'0.0000',2,'0.0000',2,0,'0.0000',2,'0.0000',2),(186,62,'group loan',0,'0.0000',2,'0.0000',2,0,'0.0000',2,'0.0000',2),(187,63,'group loan',0,'0.0000',2,'0.0000',2,0,'0.0000',2,'0.0000',2),(188,63,'loan prod 2',1,'6000.0000',2,'5.8000',2,0,'0.0000',2,'0.0000',2),(189,63,'loan prod 1',2,'6000.0000',2,'5.8000',2,0,'0.0000',2,'0.0000',2),(190,64,'loan prod 1',0,'0.0000',2,'0.0000',2,0,'0.0000',2,'0.0000',2),(191,64,'loan prod 2',0,'0.0000',2,'0.0000',2,0,'0.0000',2,'0.0000',2),(192,64,'group loan',0,'0.0000',2,'0.0000',2,0,'0.0000',2,'0.0000',2),(193,65,'loan prod 2',0,'0.0000',2,'0.0000',2,0,'0.0000',2,'0.0000',2),(194,65,'group loan',0,'0.0000',2,'0.0000',2,0,'0.0000',2,'0.0000',2),(195,65,'loan prod 1',1,'3000.0000',2,'21.0000',2,1,'2924.9000',2,'18.1000',2),(196,66,'loan prod 1',0,'0.0000',2,'0.0000',2,0,'0.0000',2,'0.0000',2),(197,66,'loan prod 2',0,'0.0000',2,'0.0000',2,0,'0.0000',2,'0.0000',2),(198,66,'group loan',0,'0.0000',2,'0.0000',2,0,'0.0000',2,'0.0000',2),(199,67,'group loan',0,'0.0000',2,'0.0000',2,0,'0.0000',2,'0.0000',2),(200,67,'loan prod 2',1,'6000.0000',2,'5.8000',2,0,'0.0000',2,'0.0000',2),(201,67,'loan prod 1',2,'6000.0000',2,'5.8000',2,0,'0.0000',2,'0.0000',2),(202,68,'loan prod 1',0,'0.0000',2,'0.0000',2,0,'0.0000',2,'0.0000',2),(203,68,'loan prod 2',0,'0.0000',2,'0.0000',2,0,'0.0000',2,'0.0000',2),(204,68,'group loan',0,'0.0000',2,'0.0000',2,0,'0.0000',2,'0.0000',2),(205,69,'loan prod 2',0,'0.0000',2,'0.0000',2,0,'0.0000',2,'0.0000',2),(206,69,'group loan',0,'0.0000',2,'0.0000',2,0,'0.0000',2,'0.0000',2),(207,69,'loan prod 1',1,'3000.0000',2,'21.0000',2,1,'2924.9000',2,'18.1000',2),(208,70,'loan prod 1',0,'0.0000',2,'0.0000',2,0,'0.0000',2,'0.0000',2),(209,70,'loan prod 2',0,'0.0000',2,'0.0000',2,0,'0.0000',2,'0.0000',2),(210,70,'group loan',0,'0.0000',2,'0.0000',2,0,'0.0000',2,'0.0000',2),(211,71,'group loan',0,'0.0000',2,'0.0000',2,0,'0.0000',2,'0.0000',2),(212,71,'loan prod 2',1,'6000.0000',2,'5.8000',2,0,'0.0000',2,'0.0000',2),(213,71,'loan prod 1',2,'6000.0000',2,'5.8000',2,0,'0.0000',2,'0.0000',2),(214,72,'loan prod 1',0,'0.0000',2,'0.0000',2,0,'0.0000',2,'0.0000',2),(215,72,'loan prod 2',0,'0.0000',2,'0.0000',2,0,'0.0000',2,'0.0000',2),(216,72,'group loan',0,'0.0000',2,'0.0000',2,0,'0.0000',2,'0.0000',2),(217,73,'loan prod 2',0,'0.0000',2,'0.0000',2,0,'0.0000',2,'0.0000',2),(218,73,'group loan',0,'0.0000',2,'0.0000',2,0,'0.0000',2,'0.0000',2),(219,73,'loan prod 1',1,'3000.0000',2,'21.0000',2,1,'2924.9000',2,'18.1000',2),(220,74,'loan prod 1',0,'0.0000',2,'0.0000',2,0,'0.0000',2,'0.0000',2),(221,74,'loan prod 2',0,'0.0000',2,'0.0000',2,0,'0.0000',2,'0.0000',2),(222,74,'group loan',0,'0.0000',2,'0.0000',2,0,'0.0000',2,'0.0000',2),(223,75,'group loan',0,'0.0000',2,'0.0000',2,0,'0.0000',2,'0.0000',2),(224,75,'loan prod 2',1,'6000.0000',2,'5.8000',2,0,'0.0000',2,'0.0000',2),(225,75,'loan prod 1',2,'6000.0000',2,'5.8000',2,0,'0.0000',2,'0.0000',2),(226,76,'loan prod 1',0,'0.0000',2,'0.0000',2,0,'0.0000',2,'0.0000',2),(227,76,'loan prod 2',0,'0.0000',2,'0.0000',2,0,'0.0000',2,'0.0000',2),(228,76,'group loan',0,'0.0000',2,'0.0000',2,0,'0.0000',2,'0.0000',2),(229,77,'loan prod 2',0,'0.0000',2,'0.0000',2,0,'0.0000',2,'0.0000',2),(230,77,'group loan',0,'0.0000',2,'0.0000',2,0,'0.0000',2,'0.0000',2),(231,77,'loan prod 1',1,'3000.0000',2,'21.0000',2,1,'2924.9000',2,'18.1000',2),(232,78,'loan prod 1',0,'0.0000',2,'0.0000',2,0,'0.0000',2,'0.0000',2),(233,78,'loan prod 2',0,'0.0000',2,'0.0000',2,0,'0.0000',2,'0.0000',2),(234,78,'group loan',0,'0.0000',2,'0.0000',2,0,'0.0000',2,'0.0000',2),(235,79,'group loan',0,'0.0000',2,'0.0000',2,0,'0.0000',2,'0.0000',2),(236,79,'loan prod 2',1,'6000.0000',2,'5.8000',2,0,'0.0000',2,'0.0000',2),(237,79,'loan prod 1',2,'6000.0000',2,'5.8000',2,0,'0.0000',2,'0.0000',2),(238,80,'loan prod 1',0,'0.0000',2,'0.0000',2,0,'0.0000',2,'0.0000',2),(239,80,'loan prod 2',0,'0.0000',2,'0.0000',2,0,'0.0000',2,'0.0000',2),(240,80,'group loan',0,'0.0000',2,'0.0000',2,0,'0.0000',2,'0.0000',2),(241,81,'loan prod 2',0,'0.0000',2,'0.0000',2,0,'0.0000',2,'0.0000',2),(242,81,'group loan',0,'0.0000',2,'0.0000',2,0,'0.0000',2,'0.0000',2),(243,81,'loan prod 1',1,'3000.0000',2,'21.0000',2,1,'2924.9000',2,'18.1000',2),(244,82,'loan prod 1',0,'0.0000',2,'0.0000',2,0,'0.0000',2,'0.0000',2),(245,82,'loan prod 2',0,'0.0000',2,'0.0000',2,0,'0.0000',2,'0.0000',2),(246,82,'group loan',0,'0.0000',2,'0.0000',2,0,'0.0000',2,'0.0000',2),(247,83,'group loan',0,'0.0000',2,'0.0000',2,0,'0.0000',2,'0.0000',2),(248,83,'loan prod 2',1,'6000.0000',2,'5.8000',2,0,'0.0000',2,'0.0000',2),(249,83,'loan prod 1',2,'6000.0000',2,'5.8000',2,0,'0.0000',2,'0.0000',2),(250,84,'loan prod 1',0,'0.0000',2,'0.0000',2,0,'0.0000',2,'0.0000',2),(251,84,'loan prod 2',0,'0.0000',2,'0.0000',2,0,'0.0000',2,'0.0000',2),(252,84,'group loan',0,'0.0000',2,'0.0000',2,0,'0.0000',2,'0.0000',2),(253,85,'loan prod 2',0,'0.0000',2,'0.0000',2,0,'0.0000',2,'0.0000',2),(254,85,'group loan',0,'0.0000',2,'0.0000',2,0,'0.0000',2,'0.0000',2),(255,85,'loan prod 1',1,'3000.0000',2,'21.0000',2,1,'2924.9000',2,'18.1000',2),(256,86,'loan prod 1',0,'0.0000',2,'0.0000',2,0,'0.0000',2,'0.0000',2),(257,86,'loan prod 2',0,'0.0000',2,'0.0000',2,0,'0.0000',2,'0.0000',2),(258,86,'group loan',0,'0.0000',2,'0.0000',2,0,'0.0000',2,'0.0000',2),(259,87,'group loan',0,'0.0000',2,'0.0000',2,0,'0.0000',2,'0.0000',2),(260,87,'loan prod 2',1,'6000.0000',2,'5.8000',2,0,'0.0000',2,'0.0000',2),(261,87,'loan prod 1',2,'6000.0000',2,'5.8000',2,0,'0.0000',2,'0.0000',2),(262,88,'loan prod 1',0,'0.0000',2,'0.0000',2,0,'0.0000',2,'0.0000',2),(263,88,'loan prod 2',0,'0.0000',2,'0.0000',2,0,'0.0000',2,'0.0000',2),(264,88,'group loan',0,'0.0000',2,'0.0000',2,0,'0.0000',2,'0.0000',2),(265,89,'loan prod 2',0,'0.0000',2,'0.0000',2,0,'0.0000',2,'0.0000',2),(266,89,'group loan',0,'0.0000',2,'0.0000',2,0,'0.0000',2,'0.0000',2),(267,89,'loan prod 1',1,'3000.0000',2,'21.0000',2,1,'2924.9000',2,'18.1000',2),(268,90,'loan prod 1',0,'0.0000',2,'0.0000',2,0,'0.0000',2,'0.0000',2),(269,90,'loan prod 2',0,'0.0000',2,'0.0000',2,0,'0.0000',2,'0.0000',2),(270,90,'group loan',0,'0.0000',2,'0.0000',2,0,'0.0000',2,'0.0000',2),(271,91,'group loan',0,'0.0000',2,'0.0000',2,0,'0.0000',2,'0.0000',2),(272,91,'loan prod 2',1,'6000.0000',2,'5.8000',2,0,'0.0000',2,'0.0000',2),(273,91,'loan prod 1',2,'6000.0000',2,'5.8000',2,0,'0.0000',2,'0.0000',2),(274,92,'loan prod 1',0,'0.0000',2,'0.0000',2,0,'0.0000',2,'0.0000',2),(275,92,'loan prod 2',0,'0.0000',2,'0.0000',2,0,'0.0000',2,'0.0000',2),(276,92,'group loan',0,'0.0000',2,'0.0000',2,0,'0.0000',2,'0.0000',2),(277,93,'loan prod 2',0,'0.0000',2,'0.0000',2,0,'0.0000',2,'0.0000',2),(278,93,'group loan',0,'0.0000',2,'0.0000',2,0,'0.0000',2,'0.0000',2),(279,93,'loan prod 1',1,'3000.0000',2,'21.0000',2,1,'2924.9000',2,'18.1000',2),(280,94,'loan prod 1',0,'0.0000',2,'0.0000',2,0,'0.0000',2,'0.0000',2),(281,94,'loan prod 2',0,'0.0000',2,'0.0000',2,0,'0.0000',2,'0.0000',2),(282,94,'group loan',0,'0.0000',2,'0.0000',2,0,'0.0000',2,'0.0000',2),(283,95,'group loan',0,'0.0000',2,'0.0000',2,0,'0.0000',2,'0.0000',2),(284,95,'loan prod 2',1,'6000.0000',2,'5.8000',2,0,'0.0000',2,'0.0000',2),(285,95,'loan prod 1',2,'6000.0000',2,'5.8000',2,0,'0.0000',2,'0.0000',2),(286,96,'loan prod 1',0,'0.0000',2,'0.0000',2,0,'0.0000',2,'0.0000',2),(287,96,'loan prod 2',0,'0.0000',2,'0.0000',2,0,'0.0000',2,'0.0000',2),(288,96,'group loan',0,'0.0000',2,'0.0000',2,0,'0.0000',2,'0.0000',2),(289,97,'loan prod 2',0,'0.0000',2,'0.0000',2,0,'0.0000',2,'0.0000',2),(290,97,'group loan',0,'0.0000',2,'0.0000',2,0,'0.0000',2,'0.0000',2),(291,97,'loan prod 1',1,'3000.0000',2,'21.0000',2,1,'2924.9000',2,'18.1000',2),(292,98,'loan prod 1',0,'0.0000',2,'0.0000',2,0,'0.0000',2,'0.0000',2),(293,98,'loan prod 2',0,'0.0000',2,'0.0000',2,0,'0.0000',2,'0.0000',2),(294,98,'group loan',0,'0.0000',2,'0.0000',2,0,'0.0000',2,'0.0000',2),(295,99,'group loan',0,'0.0000',2,'0.0000',2,0,'0.0000',2,'0.0000',2),(296,99,'loan prod 2',1,'6000.0000',2,'5.8000',2,0,'0.0000',2,'0.0000',2),(297,99,'loan prod 1',2,'6000.0000',2,'5.8000',2,0,'0.0000',2,'0.0000',2),(298,100,'loan prod 1',0,'0.0000',2,'0.0000',2,0,'0.0000',2,'0.0000',2),(299,100,'loan prod 2',0,'0.0000',2,'0.0000',2,0,'0.0000',2,'0.0000',2),(300,100,'group loan',0,'0.0000',2,'0.0000',2,0,'0.0000',2,'0.0000',2),(301,101,'loan prod 2',0,'0.0000',2,'0.0000',2,0,'0.0000',2,'0.0000',2),(302,101,'group loan',0,'0.0000',2,'0.0000',2,0,'0.0000',2,'0.0000',2),(303,101,'loan prod 1',1,'3000.0000',2,'21.0000',2,1,'2924.9000',2,'18.1000',2),(304,102,'loan prod 1',0,'0.0000',2,'0.0000',2,0,'0.0000',2,'0.0000',2),(305,102,'loan prod 2',0,'0.0000',2,'0.0000',2,0,'0.0000',2,'0.0000',2),(306,102,'group loan',0,'0.0000',2,'0.0000',2,0,'0.0000',2,'0.0000',2),(307,103,'group loan',0,'0.0000',2,'0.0000',2,0,'0.0000',2,'0.0000',2),(308,103,'loan prod 2',1,'6000.0000',2,'5.8000',2,0,'0.0000',2,'0.0000',2),(309,103,'loan prod 1',2,'6000.0000',2,'5.8000',2,0,'0.0000',2,'0.0000',2),(310,104,'loan prod 1',0,'0.0000',2,'0.0000',2,0,'0.0000',2,'0.0000',2),(311,104,'loan prod 2',0,'0.0000',2,'0.0000',2,0,'0.0000',2,'0.0000',2),(312,104,'group loan',0,'0.0000',2,'0.0000',2,0,'0.0000',2,'0.0000',2),(313,105,'loan prod 2',0,'0.0000',2,'0.0000',2,0,'0.0000',2,'0.0000',2),(314,105,'group loan',0,'0.0000',2,'0.0000',2,0,'0.0000',2,'0.0000',2),(315,105,'loan prod 1',1,'3000.0000',2,'21.0000',2,1,'2924.9000',2,'18.1000',2),(316,106,'loan prod 1',0,'0.0000',2,'0.0000',2,0,'0.0000',2,'0.0000',2),(317,106,'loan prod 2',0,'0.0000',2,'0.0000',2,0,'0.0000',2,'0.0000',2),(318,106,'group loan',0,'0.0000',2,'0.0000',2,0,'0.0000',2,'0.0000',2),(319,107,'group loan',0,'0.0000',2,'0.0000',2,0,'0.0000',2,'0.0000',2),(320,107,'loan prod 2',1,'6000.0000',2,'5.8000',2,0,'0.0000',2,'0.0000',2),(321,107,'loan prod 1',2,'6000.0000',2,'5.8000',2,0,'0.0000',2,'0.0000',2),(322,108,'loan prod 1',0,'0.0000',2,'0.0000',2,0,'0.0000',2,'0.0000',2),(323,108,'loan prod 2',0,'0.0000',2,'0.0000',2,0,'0.0000',2,'0.0000',2),(324,108,'group loan',0,'0.0000',2,'0.0000',2,0,'0.0000',2,'0.0000',2),(325,109,'loan prod 2',0,'0.0000',2,'0.0000',2,0,'0.0000',2,'0.0000',2),(326,109,'group loan',0,'0.0000',2,'0.0000',2,0,'0.0000',2,'0.0000',2),(327,109,'loan prod 1',1,'3000.0000',2,'21.0000',2,1,'2924.9000',2,'18.1000',2),(328,110,'loan prod 1',0,'0.0000',2,'0.0000',2,0,'0.0000',2,'0.0000',2),(329,110,'loan prod 2',0,'0.0000',2,'0.0000',2,0,'0.0000',2,'0.0000',2),(330,110,'group loan',0,'0.0000',2,'0.0000',2,0,'0.0000',2,'0.0000',2),(331,111,'group loan',0,'0.0000',2,'0.0000',2,0,'0.0000',2,'0.0000',2),(332,111,'loan prod 2',1,'6000.0000',2,'5.8000',2,0,'0.0000',2,'0.0000',2),(333,111,'loan prod 1',2,'6000.0000',2,'5.8000',2,0,'0.0000',2,'0.0000',2),(334,112,'loan prod 1',0,'0.0000',2,'0.0000',2,0,'0.0000',2,'0.0000',2),(335,112,'loan prod 2',0,'0.0000',2,'0.0000',2,0,'0.0000',2,'0.0000',2),(336,112,'group loan',0,'0.0000',2,'0.0000',2,0,'0.0000',2,'0.0000',2),(337,113,'loan prod 2',0,'0.0000',2,'0.0000',2,0,'0.0000',2,'0.0000',2),(338,113,'group loan',0,'0.0000',2,'0.0000',2,0,'0.0000',2,'0.0000',2),(339,113,'loan prod 1',1,'3000.0000',2,'21.0000',2,1,'2924.9000',2,'18.1000',2),(340,114,'loan prod 1',0,'0.0000',2,'0.0000',2,0,'0.0000',2,'0.0000',2),(341,114,'loan prod 2',0,'0.0000',2,'0.0000',2,0,'0.0000',2,'0.0000',2),(342,114,'group loan',0,'0.0000',2,'0.0000',2,0,'0.0000',2,'0.0000',2),(343,115,'group loan',0,'0.0000',2,'0.0000',2,0,'0.0000',2,'0.0000',2),(344,115,'loan prod 2',1,'6000.0000',2,'5.8000',2,0,'0.0000',2,'0.0000',2),(345,115,'loan prod 1',2,'6000.0000',2,'5.8000',2,0,'0.0000',2,'0.0000',2),(346,116,'loan prod 1',0,'0.0000',2,'0.0000',2,0,'0.0000',2,'0.0000',2),(347,116,'loan prod 2',0,'0.0000',2,'0.0000',2,0,'0.0000',2,'0.0000',2),(348,116,'group loan',0,'0.0000',2,'0.0000',2,0,'0.0000',2,'0.0000',2),(349,117,'loan prod 2',0,'0.0000',2,'0.0000',2,0,'0.0000',2,'0.0000',2),(350,117,'group loan',0,'0.0000',2,'0.0000',2,0,'0.0000',2,'0.0000',2),(351,117,'loan prod 1',1,'3000.0000',2,'21.0000',2,1,'2924.9000',2,'18.1000',2),(352,118,'loan prod 1',0,'0.0000',2,'0.0000',2,0,'0.0000',2,'0.0000',2),(353,118,'loan prod 2',0,'0.0000',2,'0.0000',2,0,'0.0000',2,'0.0000',2),(354,118,'group loan',0,'0.0000',2,'0.0000',2,0,'0.0000',2,'0.0000',2),(355,119,'group loan',0,'0.0000',2,'0.0000',2,0,'0.0000',2,'0.0000',2),(356,119,'loan prod 2',1,'6000.0000',2,'5.8000',2,0,'0.0000',2,'0.0000',2),(357,119,'loan prod 1',2,'6000.0000',2,'5.8000',2,0,'0.0000',2,'0.0000',2),(358,120,'loan prod 1',0,'0.0000',2,'0.0000',2,0,'0.0000',2,'0.0000',2),(359,120,'loan prod 2',0,'0.0000',2,'0.0000',2,0,'0.0000',2,'0.0000',2),(360,120,'group loan',0,'0.0000',2,'0.0000',2,0,'0.0000',2,'0.0000',2),(361,121,'loan prod 2',0,'0.0000',2,'0.0000',2,0,'0.0000',2,'0.0000',2),(362,121,'group loan',0,'0.0000',2,'0.0000',2,0,'0.0000',2,'0.0000',2),(363,121,'loan prod 1',1,'3000.0000',2,'21.0000',2,1,'2924.9000',2,'18.1000',2),(364,122,'loan prod 1',0,'0.0000',2,'0.0000',2,0,'0.0000',2,'0.0000',2),(365,122,'loan prod 2',0,'0.0000',2,'0.0000',2,0,'0.0000',2,'0.0000',2),(366,122,'group loan',0,'0.0000',2,'0.0000',2,0,'0.0000',2,'0.0000',2),(367,123,'group loan',0,'0.0000',2,'0.0000',2,0,'0.0000',2,'0.0000',2),(368,123,'loan prod 2',1,'6000.0000',2,'5.8000',2,0,'0.0000',2,'0.0000',2),(369,123,'loan prod 1',2,'6000.0000',2,'5.8000',2,0,'0.0000',2,'0.0000',2),(370,124,'loan prod 1',0,'0.0000',2,'0.0000',2,0,'0.0000',2,'0.0000',2),(371,124,'loan prod 2',0,'0.0000',2,'0.0000',2,0,'0.0000',2,'0.0000',2),(372,124,'group loan',0,'0.0000',2,'0.0000',2,0,'0.0000',2,'0.0000',2),(373,125,'loan prod 2',0,'0.0000',2,'0.0000',2,0,'0.0000',2,'0.0000',2),(374,125,'group loan',0,'0.0000',2,'0.0000',2,0,'0.0000',2,'0.0000',2),(375,125,'loan prod 1',1,'3000.0000',2,'21.0000',2,1,'2924.9000',2,'18.1000',2),(376,126,'loan prod 1',0,'0.0000',2,'0.0000',2,0,'0.0000',2,'0.0000',2),(377,126,'loan prod 2',0,'0.0000',2,'0.0000',2,0,'0.0000',2,'0.0000',2),(378,126,'group loan',0,'0.0000',2,'0.0000',2,0,'0.0000',2,'0.0000',2),(379,127,'group loan',0,'0.0000',2,'0.0000',2,0,'0.0000',2,'0.0000',2),(380,127,'loan prod 2',1,'6000.0000',2,'5.8000',2,0,'0.0000',2,'0.0000',2),(381,127,'loan prod 1',2,'6000.0000',2,'5.8000',2,0,'0.0000',2,'0.0000',2),(382,128,'loan prod 1',0,'0.0000',2,'0.0000',2,0,'0.0000',2,'0.0000',2),(383,128,'loan prod 2',0,'0.0000',2,'0.0000',2,0,'0.0000',2,'0.0000',2),(384,128,'group loan',0,'0.0000',2,'0.0000',2,0,'0.0000',2,'0.0000',2),(385,129,'loan prod 2',0,'0.0000',2,'0.0000',2,0,'0.0000',2,'0.0000',2),(386,129,'group loan',0,'0.0000',2,'0.0000',2,0,'0.0000',2,'0.0000',2),(387,129,'loan prod 1',1,'3000.0000',2,'21.0000',2,1,'2924.9000',2,'18.1000',2),(388,130,'loan prod 1',0,'0.0000',2,'0.0000',2,0,'0.0000',2,'0.0000',2),(389,130,'loan prod 2',0,'0.0000',2,'0.0000',2,0,'0.0000',2,'0.0000',2),(390,130,'group loan',0,'0.0000',2,'0.0000',2,0,'0.0000',2,'0.0000',2),(391,131,'group loan',0,'0.0000',2,'0.0000',2,0,'0.0000',2,'0.0000',2),(392,131,'loan prod 2',1,'6000.0000',2,'5.8000',2,0,'0.0000',2,'0.0000',2),(393,131,'loan prod 1',2,'6000.0000',2,'5.8000',2,0,'0.0000',2,'0.0000',2),(394,132,'loan prod 1',0,'0.0000',2,'0.0000',2,0,'0.0000',2,'0.0000',2),(395,132,'loan prod 2',0,'0.0000',2,'0.0000',2,0,'0.0000',2,'0.0000',2),(396,132,'group loan',0,'0.0000',2,'0.0000',2,0,'0.0000',2,'0.0000',2),(397,133,'loan prod 2',0,'0.0000',2,'0.0000',2,0,'0.0000',2,'0.0000',2),(398,133,'group loan',0,'0.0000',2,'0.0000',2,0,'0.0000',2,'0.0000',2),(399,133,'loan prod 1',1,'3000.0000',2,'21.0000',2,1,'2924.9000',2,'18.1000',2),(400,134,'loan prod 1',0,'0.0000',2,'0.0000',2,0,'0.0000',2,'0.0000',2),(401,134,'loan prod 2',0,'0.0000',2,'0.0000',2,0,'0.0000',2,'0.0000',2),(402,134,'group loan',0,'0.0000',2,'0.0000',2,0,'0.0000',2,'0.0000',2),(403,135,'group loan',0,'0.0000',2,'0.0000',2,0,'0.0000',2,'0.0000',2),(404,135,'loan prod 2',1,'6000.0000',2,'5.8000',2,0,'0.0000',2,'0.0000',2),(405,135,'loan prod 1',2,'6000.0000',2,'5.8000',2,0,'0.0000',2,'0.0000',2),(406,136,'loan prod 1',0,'0.0000',2,'0.0000',2,0,'0.0000',2,'0.0000',2),(407,136,'loan prod 2',0,'0.0000',2,'0.0000',2,0,'0.0000',2,'0.0000',2),(408,136,'group loan',0,'0.0000',2,'0.0000',2,0,'0.0000',2,'0.0000',2),(409,137,'loan prod 2',0,'0.0000',2,'0.0000',2,0,'0.0000',2,'0.0000',2),(410,137,'group loan',0,'0.0000',2,'0.0000',2,0,'0.0000',2,'0.0000',2),(411,137,'loan prod 1',1,'3000.0000',2,'21.0000',2,1,'2924.9000',2,'18.1000',2),(412,138,'loan prod 1',0,'0.0000',2,'0.0000',2,0,'0.0000',2,'0.0000',2),(413,138,'loan prod 2',0,'0.0000',2,'0.0000',2,0,'0.0000',2,'0.0000',2),(414,138,'group loan',0,'0.0000',2,'0.0000',2,0,'0.0000',2,'0.0000',2),(415,139,'group loan',0,'0.0000',2,'0.0000',2,0,'0.0000',2,'0.0000',2),(416,139,'loan prod 2',1,'6000.0000',2,'5.8000',2,0,'0.0000',2,'0.0000',2),(417,139,'loan prod 1',2,'6000.0000',2,'5.8000',2,0,'0.0000',2,'0.0000',2),(418,140,'loan prod 1',0,'0.0000',2,'0.0000',2,0,'0.0000',2,'0.0000',2),(419,140,'loan prod 2',0,'0.0000',2,'0.0000',2,0,'0.0000',2,'0.0000',2),(420,140,'group loan',0,'0.0000',2,'0.0000',2,0,'0.0000',2,'0.0000',2),(421,141,'loan prod 2',0,'0.0000',2,'0.0000',2,0,'0.0000',2,'0.0000',2),(422,141,'group loan',0,'0.0000',2,'0.0000',2,0,'0.0000',2,'0.0000',2),(423,141,'loan prod 1',1,'3000.0000',2,'21.0000',2,1,'2924.9000',2,'18.1000',2),(424,142,'loan prod 1',0,'0.0000',2,'0.0000',2,0,'0.0000',2,'0.0000',2),(425,142,'loan prod 2',0,'0.0000',2,'0.0000',2,0,'0.0000',2,'0.0000',2),(426,142,'group loan',0,'0.0000',2,'0.0000',2,0,'0.0000',2,'0.0000',2),(427,143,'group loan',0,'0.0000',2,'0.0000',2,0,'0.0000',2,'0.0000',2),(428,143,'loan prod 2',1,'6000.0000',2,'5.8000',2,0,'0.0000',2,'0.0000',2),(429,143,'loan prod 1',2,'6000.0000',2,'5.8000',2,0,'0.0000',2,'0.0000',2),(430,144,'loan prod 1',0,'0.0000',2,'0.0000',2,0,'0.0000',2,'0.0000',2),(431,144,'loan prod 2',0,'0.0000',2,'0.0000',2,0,'0.0000',2,'0.0000',2),(432,144,'group loan',0,'0.0000',2,'0.0000',2,0,'0.0000',2,'0.0000',2),(433,145,'loan prod 2',0,'0.0000',2,'0.0000',2,0,'0.0000',2,'0.0000',2),(434,145,'group loan',0,'0.0000',2,'0.0000',2,0,'0.0000',2,'0.0000',2),(435,145,'loan prod 1',1,'3000.0000',2,'21.0000',2,1,'2924.9000',2,'18.1000',2),(436,146,'loan prod 1',0,'0.0000',2,'0.0000',2,0,'0.0000',2,'0.0000',2),(437,146,'loan prod 2',0,'0.0000',2,'0.0000',2,0,'0.0000',2,'0.0000',2),(438,146,'group loan',0,'0.0000',2,'0.0000',2,0,'0.0000',2,'0.0000',2),(439,147,'group loan',0,'0.0000',2,'0.0000',2,0,'0.0000',2,'0.0000',2),(440,147,'loan prod 2',1,'6000.0000',2,'5.8000',2,0,'0.0000',2,'0.0000',2),(441,147,'loan prod 1',2,'6000.0000',2,'5.8000',2,0,'0.0000',2,'0.0000',2),(442,148,'loan prod 1',0,'0.0000',2,'0.0000',2,0,'0.0000',2,'0.0000',2),(443,148,'loan prod 2',0,'0.0000',2,'0.0000',2,0,'0.0000',2,'0.0000',2),(444,148,'group loan',0,'0.0000',2,'0.0000',2,0,'0.0000',2,'0.0000',2),(445,149,'loan prod 2',0,'0.0000',2,'0.0000',2,0,'0.0000',2,'0.0000',2),(446,149,'group loan',0,'0.0000',2,'0.0000',2,0,'0.0000',2,'0.0000',2),(447,149,'loan prod 1',1,'3000.0000',2,'21.0000',2,1,'2924.9000',2,'18.1000',2),(448,150,'loan prod 1',0,'0.0000',2,'0.0000',2,0,'0.0000',2,'0.0000',2),(449,150,'loan prod 2',0,'0.0000',2,'0.0000',2,0,'0.0000',2,'0.0000',2),(450,150,'group loan',0,'0.0000',2,'0.0000',2,0,'0.0000',2,'0.0000',2),(451,151,'group loan',0,'0.0000',2,'0.0000',2,0,'0.0000',2,'0.0000',2),(452,151,'loan prod 2',1,'6000.0000',2,'5.8000',2,0,'0.0000',2,'0.0000',2),(453,151,'loan prod 1',2,'6000.0000',2,'5.8000',2,0,'0.0000',2,'0.0000',2),(454,152,'loan prod 1',0,'0.0000',2,'0.0000',2,0,'0.0000',2,'0.0000',2),(455,152,'loan prod 2',0,'0.0000',2,'0.0000',2,0,'0.0000',2,'0.0000',2),(456,152,'group loan',0,'0.0000',2,'0.0000',2,0,'0.0000',2,'0.0000',2),(457,153,'loan prod 2',0,'0.0000',2,'0.0000',2,0,'0.0000',2,'0.0000',2),(458,153,'group loan',0,'0.0000',2,'0.0000',2,0,'0.0000',2,'0.0000',2),(459,153,'loan prod 1',1,'3000.0000',2,'21.0000',2,1,'2924.9000',2,'18.1000',2),(460,154,'loan prod 1',0,'0.0000',2,'0.0000',2,0,'0.0000',2,'0.0000',2),(461,154,'loan prod 2',0,'0.0000',2,'0.0000',2,0,'0.0000',2,'0.0000',2),(462,154,'group loan',0,'0.0000',2,'0.0000',2,0,'0.0000',2,'0.0000',2),(463,155,'group loan',0,'0.0000',2,'0.0000',2,0,'0.0000',2,'0.0000',2),(464,155,'loan prod 2',1,'6000.0000',2,'5.8000',2,0,'0.0000',2,'0.0000',2),(465,155,'loan prod 1',2,'6000.0000',2,'5.8000',2,0,'0.0000',2,'0.0000',2),(466,156,'loan prod 1',0,'0.0000',2,'0.0000',2,0,'0.0000',2,'0.0000',2),(467,156,'loan prod 2',0,'0.0000',2,'0.0000',2,0,'0.0000',2,'0.0000',2),(468,156,'group loan',0,'0.0000',2,'0.0000',2,0,'0.0000',2,'0.0000',2),(469,157,'loan prod 2',0,'0.0000',2,'0.0000',2,0,'0.0000',2,'0.0000',2),(470,157,'group loan',0,'0.0000',2,'0.0000',2,0,'0.0000',2,'0.0000',2),(471,157,'loan prod 1',1,'3000.0000',2,'21.0000',2,1,'2924.9000',2,'18.1000',2),(472,158,'loan prod 1',0,'0.0000',2,'0.0000',2,0,'0.0000',2,'0.0000',2),(473,158,'loan prod 2',0,'0.0000',2,'0.0000',2,0,'0.0000',2,'0.0000',2),(474,158,'group loan',0,'0.0000',2,'0.0000',2,0,'0.0000',2,'0.0000',2),(475,159,'group loan',0,'0.0000',2,'0.0000',2,0,'0.0000',2,'0.0000',2),(476,159,'loan prod 2',1,'6000.0000',2,'5.8000',2,0,'0.0000',2,'0.0000',2),(477,159,'loan prod 1',2,'6000.0000',2,'5.8000',2,0,'0.0000',2,'0.0000',2),(478,160,'loan prod 1',0,'0.0000',2,'0.0000',2,0,'0.0000',2,'0.0000',2),(479,160,'loan prod 2',0,'0.0000',2,'0.0000',2,0,'0.0000',2,'0.0000',2),(480,160,'group loan',0,'0.0000',2,'0.0000',2,0,'0.0000',2,'0.0000',2),(481,161,'loan prod 2',0,'0.0000',2,'0.0000',2,0,'0.0000',2,'0.0000',2),(482,161,'group loan',0,'0.0000',2,'0.0000',2,0,'0.0000',2,'0.0000',2),(483,161,'loan prod 1',1,'3000.0000',2,'21.0000',2,1,'2924.9000',2,'18.1000',2),(484,162,'loan prod 1',0,'0.0000',2,'0.0000',2,0,'0.0000',2,'0.0000',2),(485,162,'loan prod 2',0,'0.0000',2,'0.0000',2,0,'0.0000',2,'0.0000',2),(486,162,'group loan',0,'0.0000',2,'0.0000',2,0,'0.0000',2,'0.0000',2),(487,163,'group loan',0,'0.0000',2,'0.0000',2,0,'0.0000',2,'0.0000',2),(488,163,'loan prod 2',1,'6000.0000',2,'5.8000',2,0,'0.0000',2,'0.0000',2),(489,163,'loan prod 1',2,'6000.0000',2,'5.8000',2,0,'0.0000',2,'0.0000',2),(490,164,'loan prod 1',0,'0.0000',2,'0.0000',2,0,'0.0000',2,'0.0000',2),(491,164,'loan prod 2',0,'0.0000',2,'0.0000',2,0,'0.0000',2,'0.0000',2),(492,164,'group loan',0,'0.0000',2,'0.0000',2,0,'0.0000',2,'0.0000',2),(493,165,'loan prod 2',0,'0.0000',2,'0.0000',2,0,'0.0000',2,'0.0000',2),(494,165,'group loan',0,'0.0000',2,'0.0000',2,0,'0.0000',2,'0.0000',2),(495,165,'loan prod 1',1,'3000.0000',2,'21.0000',2,1,'2924.9000',2,'18.1000',2),(496,166,'loan prod 1',0,'0.0000',2,'0.0000',2,0,'0.0000',2,'0.0000',2),(497,166,'loan prod 2',0,'0.0000',2,'0.0000',2,0,'0.0000',2,'0.0000',2),(498,166,'group loan',0,'0.0000',2,'0.0000',2,0,'0.0000',2,'0.0000',2),(499,167,'group loan',0,'0.0000',2,'0.0000',2,0,'0.0000',2,'0.0000',2),(500,167,'loan prod 2',1,'6000.0000',2,'5.8000',2,0,'0.0000',2,'0.0000',2),(501,167,'loan prod 1',2,'6000.0000',2,'5.8000',2,0,'0.0000',2,'0.0000',2),(502,168,'loan prod 1',0,'0.0000',2,'0.0000',2,0,'0.0000',2,'0.0000',2),(503,168,'loan prod 2',0,'0.0000',2,'0.0000',2,0,'0.0000',2,'0.0000',2),(504,168,'group loan',0,'0.0000',2,'0.0000',2,0,'0.0000',2,'0.0000',2),(505,169,'loan prod 2',0,'0.0000',2,'0.0000',2,0,'0.0000',2,'0.0000',2),(506,169,'group loan',0,'0.0000',2,'0.0000',2,0,'0.0000',2,'0.0000',2),(507,169,'loan prod 1',1,'3000.0000',2,'21.0000',2,1,'2924.9000',2,'18.1000',2),(508,170,'loan prod 1',0,'0.0000',2,'0.0000',2,0,'0.0000',2,'0.0000',2),(509,170,'loan prod 2',0,'0.0000',2,'0.0000',2,0,'0.0000',2,'0.0000',2),(510,170,'group loan',0,'0.0000',2,'0.0000',2,0,'0.0000',2,'0.0000',2),(511,171,'group loan',0,'0.0000',2,'0.0000',2,0,'0.0000',2,'0.0000',2),(512,171,'loan prod 2',1,'6000.0000',2,'5.8000',2,0,'0.0000',2,'0.0000',2),(513,171,'loan prod 1',2,'6000.0000',2,'5.8000',2,0,'0.0000',2,'0.0000',2),(514,172,'loan prod 1',0,'0.0000',2,'0.0000',2,0,'0.0000',2,'0.0000',2),(515,172,'loan prod 2',0,'0.0000',2,'0.0000',2,0,'0.0000',2,'0.0000',2),(516,172,'group loan',0,'0.0000',2,'0.0000',2,0,'0.0000',2,'0.0000',2),(517,173,'loan prod 2',0,'0.0000',2,'0.0000',2,0,'0.0000',2,'0.0000',2),(518,173,'group loan',0,'0.0000',2,'0.0000',2,0,'0.0000',2,'0.0000',2),(519,173,'loan prod 1',1,'3000.0000',2,'21.0000',2,1,'2924.9000',2,'18.1000',2),(520,174,'loan prod 1',0,'0.0000',2,'0.0000',2,0,'0.0000',2,'0.0000',2),(521,174,'loan prod 2',0,'0.0000',2,'0.0000',2,0,'0.0000',2,'0.0000',2),(522,174,'group loan',0,'0.0000',2,'0.0000',2,0,'0.0000',2,'0.0000',2),(523,175,'group loan',0,'0.0000',2,'0.0000',2,0,'0.0000',2,'0.0000',2),(524,175,'loan prod 2',1,'6000.0000',2,'5.8000',2,0,'0.0000',2,'0.0000',2),(525,175,'loan prod 1',2,'6000.0000',2,'5.8000',2,0,'0.0000',2,'0.0000',2),(526,176,'loan prod 1',0,'0.0000',2,'0.0000',2,0,'0.0000',2,'0.0000',2),(527,176,'loan prod 2',0,'0.0000',2,'0.0000',2,0,'0.0000',2,'0.0000',2),(528,176,'group loan',0,'0.0000',2,'0.0000',2,0,'0.0000',2,'0.0000',2),(529,177,'loan prod 2',0,'0.0000',2,'0.0000',2,0,'0.0000',2,'0.0000',2),(530,177,'group loan',0,'0.0000',2,'0.0000',2,0,'0.0000',2,'0.0000',2),(531,177,'loan prod 1',1,'3000.0000',2,'21.0000',2,1,'2924.9000',2,'18.1000',2),(532,178,'loan prod 1',0,'0.0000',2,'0.0000',2,0,'0.0000',2,'0.0000',2),(533,178,'loan prod 2',0,'0.0000',2,'0.0000',2,0,'0.0000',2,'0.0000',2),(534,178,'group loan',0,'0.0000',2,'0.0000',2,0,'0.0000',2,'0.0000',2),(535,179,'group loan',0,'0.0000',2,'0.0000',2,0,'0.0000',2,'0.0000',2),(536,179,'loan prod 2',1,'6000.0000',2,'5.8000',2,0,'0.0000',2,'0.0000',2),(537,179,'loan prod 1',2,'6000.0000',2,'5.8000',2,0,'0.0000',2,'0.0000',2),(538,180,'loan prod 1',0,'0.0000',2,'0.0000',2,0,'0.0000',2,'0.0000',2),(539,180,'loan prod 2',0,'0.0000',2,'0.0000',2,0,'0.0000',2,'0.0000',2),(540,180,'group loan',0,'0.0000',2,'0.0000',2,0,'0.0000',2,'0.0000',2),(541,181,'loan prod 2',0,'0.0000',2,'0.0000',2,0,'0.0000',2,'0.0000',2),(542,181,'group loan',0,'0.0000',2,'0.0000',2,0,'0.0000',2,'0.0000',2),(543,181,'loan prod 1',1,'3000.0000',2,'21.0000',2,1,'2924.9000',2,'18.1000',2),(544,182,'loan prod 1',0,'0.0000',2,'0.0000',2,0,'0.0000',2,'0.0000',2),(545,182,'loan prod 2',0,'0.0000',2,'0.0000',2,0,'0.0000',2,'0.0000',2),(546,182,'group loan',0,'0.0000',2,'0.0000',2,0,'0.0000',2,'0.0000',2),(547,183,'group loan',0,'0.0000',2,'0.0000',2,0,'0.0000',2,'0.0000',2),(548,183,'loan prod 2',1,'6000.0000',2,'5.8000',2,0,'0.0000',2,'0.0000',2),(549,183,'loan prod 1',2,'6000.0000',2,'5.8000',2,0,'0.0000',2,'0.0000',2),(550,184,'loan prod 1',0,'0.0000',2,'0.0000',2,0,'0.0000',2,'0.0000',2),(551,184,'loan prod 2',0,'0.0000',2,'0.0000',2,0,'0.0000',2,'0.0000',2),(552,184,'group loan',0,'0.0000',2,'0.0000',2,0,'0.0000',2,'0.0000',2),(553,185,'loan prod 2',0,'0.0000',2,'0.0000',2,0,'0.0000',2,'0.0000',2),(554,185,'group loan',0,'0.0000',2,'0.0000',2,0,'0.0000',2,'0.0000',2),(555,185,'loan prod 1',1,'3000.0000',2,'21.0000',2,1,'2924.9000',2,'18.1000',2),(556,186,'loan prod 1',0,'0.0000',2,'0.0000',2,0,'0.0000',2,'0.0000',2),(557,186,'loan prod 2',0,'0.0000',2,'0.0000',2,0,'0.0000',2,'0.0000',2),(558,186,'group loan',0,'0.0000',2,'0.0000',2,0,'0.0000',2,'0.0000',2),(559,187,'group loan',0,'0.0000',2,'0.0000',2,0,'0.0000',2,'0.0000',2),(560,187,'loan prod 2',1,'6000.0000',2,'5.8000',2,0,'0.0000',2,'0.0000',2),(561,187,'loan prod 1',2,'6000.0000',2,'5.8000',2,0,'0.0000',2,'0.0000',2),(562,188,'loan prod 1',0,'0.0000',2,'0.0000',2,0,'0.0000',2,'0.0000',2),(563,188,'loan prod 2',0,'0.0000',2,'0.0000',2,0,'0.0000',2,'0.0000',2),(564,188,'group loan',0,'0.0000',2,'0.0000',2,0,'0.0000',2,'0.0000',2),(565,189,'loan prod 2',0,'0.0000',2,'0.0000',2,0,'0.0000',2,'0.0000',2),(566,189,'group loan',0,'0.0000',2,'0.0000',2,0,'0.0000',2,'0.0000',2),(567,189,'loan prod 1',1,'3000.0000',2,'21.0000',2,1,'2924.9000',2,'18.1000',2),(568,190,'loan prod 1',0,'0.0000',2,'0.0000',2,0,'0.0000',2,'0.0000',2),(569,190,'loan prod 2',0,'0.0000',2,'0.0000',2,0,'0.0000',2,'0.0000',2),(570,190,'group loan',0,'0.0000',2,'0.0000',2,0,'0.0000',2,'0.0000',2),(571,191,'group loan',0,'0.0000',2,'0.0000',2,0,'0.0000',2,'0.0000',2),(572,191,'loan prod 2',1,'6000.0000',2,'5.8000',2,0,'0.0000',2,'0.0000',2),(573,191,'loan prod 1',2,'6000.0000',2,'5.8000',2,0,'0.0000',2,'0.0000',2),(574,192,'loan prod 1',0,'0.0000',2,'0.0000',2,0,'0.0000',2,'0.0000',2),(575,192,'loan prod 2',0,'0.0000',2,'0.0000',2,0,'0.0000',2,'0.0000',2),(576,192,'group loan',0,'0.0000',2,'0.0000',2,0,'0.0000',2,'0.0000',2),(577,193,'loan prod 2',0,'0.0000',2,'0.0000',2,0,'0.0000',2,'0.0000',2),(578,193,'group loan',0,'0.0000',2,'0.0000',2,0,'0.0000',2,'0.0000',2),(579,193,'loan prod 1',1,'3000.0000',2,'21.0000',2,1,'2924.9000',2,'18.1000',2),(580,194,'loan prod 1',0,'0.0000',2,'0.0000',2,0,'0.0000',2,'0.0000',2),(581,194,'loan prod 2',0,'0.0000',2,'0.0000',2,0,'0.0000',2,'0.0000',2),(582,194,'group loan',0,'0.0000',2,'0.0000',2,0,'0.0000',2,'0.0000',2),(583,195,'group loan',0,'0.0000',2,'0.0000',2,0,'0.0000',2,'0.0000',2),(584,195,'loan prod 2',1,'6000.0000',2,'5.8000',2,0,'0.0000',2,'0.0000',2),(585,195,'loan prod 1',2,'6000.0000',2,'5.8000',2,0,'0.0000',2,'0.0000',2),(586,196,'loan prod 1',0,'0.0000',2,'0.0000',2,0,'0.0000',2,'0.0000',2),(587,196,'loan prod 2',0,'0.0000',2,'0.0000',2,0,'0.0000',2,'0.0000',2),(588,196,'group loan',0,'0.0000',2,'0.0000',2,0,'0.0000',2,'0.0000',2),(589,197,'loan prod 2',0,'0.0000',2,'0.0000',2,0,'0.0000',2,'0.0000',2),(590,197,'group loan',0,'0.0000',2,'0.0000',2,0,'0.0000',2,'0.0000',2),(591,197,'loan prod 1',1,'3000.0000',2,'21.0000',2,1,'2924.9000',2,'18.1000',2),(592,198,'loan prod 1',0,'0.0000',2,'0.0000',2,0,'0.0000',2,'0.0000',2),(593,198,'loan prod 2',0,'0.0000',2,'0.0000',2,0,'0.0000',2,'0.0000',2),(594,198,'group loan',0,'0.0000',2,'0.0000',2,0,'0.0000',2,'0.0000',2),(595,199,'group loan',0,'0.0000',2,'0.0000',2,0,'0.0000',2,'0.0000',2),(596,199,'loan prod 2',1,'6000.0000',2,'5.8000',2,0,'0.0000',2,'0.0000',2),(597,199,'loan prod 1',2,'6000.0000',2,'5.8000',2,0,'0.0000',2,'0.0000',2),(598,200,'loan prod 1',0,'0.0000',2,'0.0000',2,0,'0.0000',2,'0.0000',2),(599,200,'loan prod 2',0,'0.0000',2,'0.0000',2,0,'0.0000',2,'0.0000',2),(600,200,'group loan',0,'0.0000',2,'0.0000',2,0,'0.0000',2,'0.0000',2),(601,201,'loan prod 2',0,'0.0000',2,'0.0000',2,0,'0.0000',2,'0.0000',2),(602,201,'group loan',0,'0.0000',2,'0.0000',2,0,'0.0000',2,'0.0000',2),(603,201,'loan prod 1',1,'3000.0000',2,'21.0000',2,1,'2924.9000',2,'18.1000',2),(604,202,'loan prod 1',0,'0.0000',2,'0.0000',2,0,'0.0000',2,'0.0000',2),(605,202,'loan prod 2',0,'0.0000',2,'0.0000',2,0,'0.0000',2,'0.0000',2),(606,202,'group loan',0,'0.0000',2,'0.0000',2,0,'0.0000',2,'0.0000',2),(607,203,'group loan',0,'0.0000',2,'0.0000',2,0,'0.0000',2,'0.0000',2),(608,203,'loan prod 2',1,'6000.0000',2,'5.8000',2,0,'0.0000',2,'0.0000',2),(609,203,'loan prod 1',2,'6000.0000',2,'5.8000',2,0,'0.0000',2,'0.0000',2),(610,204,'loan prod 1',0,'0.0000',2,'0.0000',2,0,'0.0000',2,'0.0000',2),(611,204,'loan prod 2',0,'0.0000',2,'0.0000',2,0,'0.0000',2,'0.0000',2),(612,204,'group loan',0,'0.0000',2,'0.0000',2,0,'0.0000',2,'0.0000',2),(613,205,'loan prod 2',0,'0.0000',2,'0.0000',2,0,'0.0000',2,'0.0000',2),(614,205,'group loan',0,'0.0000',2,'0.0000',2,0,'0.0000',2,'0.0000',2),(615,205,'loan prod 1',1,'3000.0000',2,'21.0000',2,1,'2924.9000',2,'18.1000',2),(616,206,'loan prod 1',0,'0.0000',2,'0.0000',2,0,'0.0000',2,'0.0000',2),(617,206,'loan prod 2',0,'0.0000',2,'0.0000',2,0,'0.0000',2,'0.0000',2),(618,206,'group loan',0,'0.0000',2,'0.0000',2,0,'0.0000',2,'0.0000',2),(619,207,'group loan',0,'0.0000',2,'0.0000',2,0,'0.0000',2,'0.0000',2),(620,207,'loan prod 2',1,'6000.0000',2,'5.8000',2,0,'0.0000',2,'0.0000',2),(621,207,'loan prod 1',2,'6000.0000',2,'5.8000',2,0,'0.0000',2,'0.0000',2),(622,208,'loan prod 1',0,'0.0000',2,'0.0000',2,0,'0.0000',2,'0.0000',2),(623,208,'loan prod 2',0,'0.0000',2,'0.0000',2,0,'0.0000',2,'0.0000',2),(624,208,'group loan',0,'0.0000',2,'0.0000',2,0,'0.0000',2,'0.0000',2),(625,209,'loan prod 2',0,'0.0000',2,'0.0000',2,0,'0.0000',2,'0.0000',2),(626,209,'group loan',0,'0.0000',2,'0.0000',2,0,'0.0000',2,'0.0000',2),(627,209,'loan prod 1',1,'3000.0000',2,'21.0000',2,1,'2924.9000',2,'18.1000',2),(628,210,'loan prod 1',0,'0.0000',2,'0.0000',2,0,'0.0000',2,'0.0000',2),(629,210,'loan prod 2',0,'0.0000',2,'0.0000',2,0,'0.0000',2,'0.0000',2),(630,210,'group loan',0,'0.0000',2,'0.0000',2,0,'0.0000',2,'0.0000',2),(631,211,'group loan',0,'0.0000',2,'0.0000',2,0,'0.0000',2,'0.0000',2),(632,211,'loan prod 2',1,'6000.0000',2,'5.8000',2,0,'0.0000',2,'0.0000',2),(633,211,'loan prod 1',2,'6000.0000',2,'5.8000',2,0,'0.0000',2,'0.0000',2),(634,212,'loan prod 1',0,'0.0000',2,'0.0000',2,0,'0.0000',2,'0.0000',2),(635,212,'loan prod 2',0,'0.0000',2,'0.0000',2,0,'0.0000',2,'0.0000',2),(636,212,'group loan',0,'0.0000',2,'0.0000',2,0,'0.0000',2,'0.0000',2),(637,213,'loan prod 2',0,'0.0000',2,'0.0000',2,0,'0.0000',2,'0.0000',2),(638,213,'group loan',0,'0.0000',2,'0.0000',2,0,'0.0000',2,'0.0000',2),(639,213,'loan prod 1',1,'3000.0000',2,'21.0000',2,1,'2924.9000',2,'18.1000',2),(640,214,'loan prod 1',0,'0.0000',2,'0.0000',2,0,'0.0000',2,'0.0000',2),(641,214,'loan prod 2',0,'0.0000',2,'0.0000',2,0,'0.0000',2,'0.0000',2),(642,214,'group loan',0,'0.0000',2,'0.0000',2,0,'0.0000',2,'0.0000',2),(643,215,'group loan',0,'0.0000',2,'0.0000',2,0,'0.0000',2,'0.0000',2),(644,215,'loan prod 2',1,'6000.0000',2,'5.8000',2,0,'0.0000',2,'0.0000',2),(645,215,'loan prod 1',2,'6000.0000',2,'5.8000',2,0,'0.0000',2,'0.0000',2),(646,216,'loan prod 1',0,'0.0000',2,'0.0000',2,0,'0.0000',2,'0.0000',2),(647,216,'loan prod 2',0,'0.0000',2,'0.0000',2,0,'0.0000',2,'0.0000',2),(648,216,'group loan',0,'0.0000',2,'0.0000',2,0,'0.0000',2,'0.0000',2),(649,217,'loan prod 2',0,'0.0000',2,'0.0000',2,0,'0.0000',2,'0.0000',2),(650,217,'group loan',0,'0.0000',2,'0.0000',2,0,'0.0000',2,'0.0000',2),(651,217,'loan prod 1',1,'3000.0000',2,'21.0000',2,1,'2924.9000',2,'18.1000',2),(652,218,'loan prod 1',0,'0.0000',2,'0.0000',2,0,'0.0000',2,'0.0000',2),(653,218,'loan prod 2',0,'0.0000',2,'0.0000',2,0,'0.0000',2,'0.0000',2),(654,218,'group loan',0,'0.0000',2,'0.0000',2,0,'0.0000',2,'0.0000',2),(655,219,'group loan',0,'0.0000',2,'0.0000',2,0,'0.0000',2,'0.0000',2),(656,219,'loan prod 2',1,'6000.0000',2,'5.8000',2,0,'0.0000',2,'0.0000',2),(657,219,'loan prod 1',2,'6000.0000',2,'5.8000',2,0,'0.0000',2,'0.0000',2),(658,220,'loan prod 1',0,'0.0000',2,'0.0000',2,0,'0.0000',2,'0.0000',2),(659,220,'loan prod 2',0,'0.0000',2,'0.0000',2,0,'0.0000',2,'0.0000',2),(660,220,'group loan',0,'0.0000',2,'0.0000',2,0,'0.0000',2,'0.0000',2),(661,221,'loan prod 2',0,'0.0000',2,'0.0000',2,0,'0.0000',2,'0.0000',2),(662,221,'group loan',0,'0.0000',2,'0.0000',2,0,'0.0000',2,'0.0000',2),(663,221,'loan prod 1',1,'3000.0000',2,'21.0000',2,1,'2924.9000',2,'18.1000',2),(664,222,'loan prod 1',0,'0.0000',2,'0.0000',2,0,'0.0000',2,'0.0000',2),(665,222,'loan prod 2',0,'0.0000',2,'0.0000',2,0,'0.0000',2,'0.0000',2),(666,222,'group loan',0,'0.0000',2,'0.0000',2,0,'0.0000',2,'0.0000',2),(667,223,'group loan',0,'0.0000',2,'0.0000',2,0,'0.0000',2,'0.0000',2),(668,223,'loan prod 2',1,'6000.0000',2,'5.8000',2,0,'0.0000',2,'0.0000',2),(669,223,'loan prod 1',2,'6000.0000',2,'5.8000',2,0,'0.0000',2,'0.0000',2),(670,224,'loan prod 1',0,'0.0000',2,'0.0000',2,0,'0.0000',2,'0.0000',2),(671,224,'loan prod 2',0,'0.0000',2,'0.0000',2,0,'0.0000',2,'0.0000',2),(672,224,'group loan',0,'0.0000',2,'0.0000',2,0,'0.0000',2,'0.0000',2),(673,225,'loan prod 2',0,'0.0000',2,'0.0000',2,0,'0.0000',2,'0.0000',2),(674,225,'group loan',0,'0.0000',2,'0.0000',2,0,'0.0000',2,'0.0000',2),(675,225,'loan prod 1',1,'3000.0000',2,'21.0000',2,1,'2924.9000',2,'18.1000',2),(676,226,'loan prod 1',0,'0.0000',2,'0.0000',2,0,'0.0000',2,'0.0000',2),(677,226,'loan prod 2',0,'0.0000',2,'0.0000',2,0,'0.0000',2,'0.0000',2),(678,226,'group loan',0,'0.0000',2,'0.0000',2,0,'0.0000',2,'0.0000',2),(679,227,'group loan',0,'0.0000',2,'0.0000',2,0,'0.0000',2,'0.0000',2),(680,227,'loan prod 2',1,'6000.0000',2,'5.8000',2,0,'0.0000',2,'0.0000',2),(681,227,'loan prod 1',2,'6000.0000',2,'5.8000',2,0,'0.0000',2,'0.0000',2),(682,228,'loan prod 1',0,'0.0000',2,'0.0000',2,0,'0.0000',2,'0.0000',2),(683,228,'loan prod 2',0,'0.0000',2,'0.0000',2,0,'0.0000',2,'0.0000',2),(684,228,'group loan',0,'0.0000',2,'0.0000',2,0,'0.0000',2,'0.0000',2),(685,229,'loan prod 2',0,'0.0000',2,'0.0000',2,0,'0.0000',2,'0.0000',2),(686,229,'group loan',0,'0.0000',2,'0.0000',2,0,'0.0000',2,'0.0000',2),(687,229,'loan prod 1',1,'3000.0000',2,'21.0000',2,1,'2924.9000',2,'18.1000',2),(688,230,'loan prod 1',0,'0.0000',2,'0.0000',2,0,'0.0000',2,'0.0000',2),(689,230,'loan prod 2',0,'0.0000',2,'0.0000',2,0,'0.0000',2,'0.0000',2),(690,230,'group loan',0,'0.0000',2,'0.0000',2,0,'0.0000',2,'0.0000',2),(691,231,'group loan',0,'0.0000',2,'0.0000',2,0,'0.0000',2,'0.0000',2),(692,231,'loan prod 2',1,'6000.0000',2,'5.8000',2,0,'0.0000',2,'0.0000',2),(693,231,'loan prod 1',2,'6000.0000',2,'5.8000',2,0,'0.0000',2,'0.0000',2),(694,232,'loan prod 1',0,'0.0000',2,'0.0000',2,0,'0.0000',2,'0.0000',2),(695,232,'loan prod 2',0,'0.0000',2,'0.0000',2,0,'0.0000',2,'0.0000',2),(696,232,'group loan',0,'0.0000',2,'0.0000',2,0,'0.0000',2,'0.0000',2),(697,233,'loan prod 2',0,'0.0000',2,'0.0000',2,0,'0.0000',2,'0.0000',2),(698,233,'group loan',0,'0.0000',2,'0.0000',2,0,'0.0000',2,'0.0000',2),(699,233,'loan prod 1',1,'3000.0000',2,'21.0000',2,1,'2924.9000',2,'18.1000',2),(700,234,'loan prod 1',0,'0.0000',2,'0.0000',2,0,'0.0000',2,'0.0000',2),(701,234,'loan prod 2',0,'0.0000',2,'0.0000',2,0,'0.0000',2,'0.0000',2),(702,234,'group loan',0,'0.0000',2,'0.0000',2,0,'0.0000',2,'0.0000',2),(703,235,'group loan',0,'0.0000',2,'0.0000',2,0,'0.0000',2,'0.0000',2),(704,235,'loan prod 2',1,'6000.0000',2,'5.8000',2,0,'0.0000',2,'0.0000',2),(705,235,'loan prod 1',2,'6000.0000',2,'5.8000',2,0,'0.0000',2,'0.0000',2),(706,236,'loan prod 1',0,'0.0000',2,'0.0000',2,0,'0.0000',2,'0.0000',2),(707,236,'loan prod 2',0,'0.0000',2,'0.0000',2,0,'0.0000',2,'0.0000',2),(708,236,'group loan',0,'0.0000',2,'0.0000',2,0,'0.0000',2,'0.0000',2),(709,237,'loan prod 2',0,'0.0000',2,'0.0000',2,0,'0.0000',2,'0.0000',2),(710,237,'group loan',0,'0.0000',2,'0.0000',2,0,'0.0000',2,'0.0000',2),(711,237,'loan prod 1',1,'3000.0000',2,'21.0000',2,1,'2924.9000',2,'18.1000',2),(712,238,'loan prod 1',0,'0.0000',2,'0.0000',2,0,'0.0000',2,'0.0000',2),(713,238,'loan prod 2',0,'0.0000',2,'0.0000',2,0,'0.0000',2,'0.0000',2),(714,238,'group loan',0,'0.0000',2,'0.0000',2,0,'0.0000',2,'0.0000',2),(715,239,'group loan',0,'0.0000',2,'0.0000',2,0,'0.0000',2,'0.0000',2),(716,239,'loan prod 2',1,'6000.0000',2,'5.8000',2,0,'0.0000',2,'0.0000',2),(717,239,'loan prod 1',2,'6000.0000',2,'5.8000',2,0,'0.0000',2,'0.0000',2),(718,240,'loan prod 1',0,'0.0000',2,'0.0000',2,0,'0.0000',2,'0.0000',2),(719,240,'loan prod 2',0,'0.0000',2,'0.0000',2,0,'0.0000',2,'0.0000',2),(720,240,'group loan',0,'0.0000',2,'0.0000',2,0,'0.0000',2,'0.0000',2),(721,241,'loan prod 2',0,'0.0000',2,'0.0000',2,0,'0.0000',2,'0.0000',2),(722,241,'group loan',0,'0.0000',2,'0.0000',2,0,'0.0000',2,'0.0000',2),(723,241,'loan prod 1',1,'3000.0000',2,'21.0000',2,1,'2924.9000',2,'18.1000',2),(724,242,'loan prod 1',0,'0.0000',2,'0.0000',2,0,'0.0000',2,'0.0000',2),(725,242,'loan prod 2',0,'0.0000',2,'0.0000',2,0,'0.0000',2,'0.0000',2),(726,242,'group loan',0,'0.0000',2,'0.0000',2,0,'0.0000',2,'0.0000',2),(727,243,'group loan',0,'0.0000',2,'0.0000',2,0,'0.0000',2,'0.0000',2),(728,243,'loan prod 2',1,'6000.0000',2,'5.8000',2,0,'0.0000',2,'0.0000',2),(729,243,'loan prod 1',2,'6000.0000',2,'5.8000',2,0,'0.0000',2,'0.0000',2),(730,244,'loan prod 1',0,'0.0000',2,'0.0000',2,0,'0.0000',2,'0.0000',2),(731,244,'loan prod 2',0,'0.0000',2,'0.0000',2,0,'0.0000',2,'0.0000',2),(732,244,'group loan',0,'0.0000',2,'0.0000',2,0,'0.0000',2,'0.0000',2),(733,245,'loan prod 2',0,'0.0000',2,'0.0000',2,0,'0.0000',2,'0.0000',2),(734,245,'group loan',0,'0.0000',2,'0.0000',2,0,'0.0000',2,'0.0000',2),(735,245,'loan prod 1',1,'3000.0000',2,'21.0000',2,1,'2924.9000',2,'18.1000',2),(736,246,'loan prod 1',0,'0.0000',2,'0.0000',2,0,'0.0000',2,'0.0000',2),(737,246,'loan prod 2',0,'0.0000',2,'0.0000',2,0,'0.0000',2,'0.0000',2),(738,246,'group loan',0,'0.0000',2,'0.0000',2,0,'0.0000',2,'0.0000',2),(739,247,'group loan',0,'0.0000',2,'0.0000',2,0,'0.0000',2,'0.0000',2),(740,247,'loan prod 2',1,'6000.0000',2,'5.8000',2,0,'0.0000',2,'0.0000',2),(741,247,'loan prod 1',2,'6000.0000',2,'5.8000',2,0,'0.0000',2,'0.0000',2),(742,248,'loan prod 1',0,'0.0000',2,'0.0000',2,0,'0.0000',2,'0.0000',2),(743,248,'loan prod 2',0,'0.0000',2,'0.0000',2,0,'0.0000',2,'0.0000',2),(744,248,'group loan',0,'0.0000',2,'0.0000',2,0,'0.0000',2,'0.0000',2),(745,249,'loan prod 2',0,'0.0000',2,'0.0000',2,0,'0.0000',2,'0.0000',2),(746,249,'group loan',0,'0.0000',2,'0.0000',2,0,'0.0000',2,'0.0000',2),(747,249,'loan prod 1',1,'3000.0000',2,'21.0000',2,1,'2924.9000',2,'18.1000',2),(748,250,'loan prod 1',0,'0.0000',2,'0.0000',2,0,'0.0000',2,'0.0000',2),(749,250,'loan prod 2',0,'0.0000',2,'0.0000',2,0,'0.0000',2,'0.0000',2),(750,250,'group loan',0,'0.0000',2,'0.0000',2,0,'0.0000',2,'0.0000',2),(751,251,'group loan',0,'0.0000',2,'0.0000',2,0,'0.0000',2,'0.0000',2),(752,251,'loan prod 2',1,'6000.0000',2,'5.8000',2,0,'0.0000',2,'0.0000',2),(753,251,'loan prod 1',2,'6000.0000',2,'5.8000',2,0,'0.0000',2,'0.0000',2),(754,252,'loan prod 1',0,'0.0000',2,'0.0000',2,0,'0.0000',2,'0.0000',2),(755,252,'loan prod 2',0,'0.0000',2,'0.0000',2,0,'0.0000',2,'0.0000',2),(756,252,'group loan',0,'0.0000',2,'0.0000',2,0,'0.0000',2,'0.0000',2),(757,253,'loan prod 2',0,'0.0000',2,'0.0000',2,0,'0.0000',2,'0.0000',2),(758,253,'group loan',0,'0.0000',2,'0.0000',2,0,'0.0000',2,'0.0000',2),(759,253,'loan prod 1',1,'3000.0000',2,'21.0000',2,1,'2924.9000',2,'18.1000',2),(760,254,'loan prod 1',0,'0.0000',2,'0.0000',2,0,'0.0000',2,'0.0000',2),(761,254,'loan prod 2',0,'0.0000',2,'0.0000',2,0,'0.0000',2,'0.0000',2),(762,254,'group loan',0,'0.0000',2,'0.0000',2,0,'0.0000',2,'0.0000',2),(763,255,'group loan',0,'0.0000',2,'0.0000',2,0,'0.0000',2,'0.0000',2),(764,255,'loan prod 2',1,'6000.0000',2,'5.8000',2,0,'0.0000',2,'0.0000',2),(765,255,'loan prod 1',2,'6000.0000',2,'5.8000',2,0,'0.0000',2,'0.0000',2),(766,256,'loan prod 1',0,'0.0000',2,'0.0000',2,0,'0.0000',2,'0.0000',2),(767,256,'loan prod 2',0,'0.0000',2,'0.0000',2,0,'0.0000',2,'0.0000',2),(768,256,'group loan',0,'0.0000',2,'0.0000',2,0,'0.0000',2,'0.0000',2),(769,257,'loan prod 2',0,'0.0000',2,'0.0000',2,0,'0.0000',2,'0.0000',2),(770,257,'group loan',0,'0.0000',2,'0.0000',2,0,'0.0000',2,'0.0000',2),(771,257,'loan prod 1',1,'3000.0000',2,'21.0000',2,1,'2924.9000',2,'18.1000',2),(772,258,'loan prod 1',0,'0.0000',2,'0.0000',2,0,'0.0000',2,'0.0000',2),(773,258,'loan prod 2',0,'0.0000',2,'0.0000',2,0,'0.0000',2,'0.0000',2),(774,258,'group loan',0,'0.0000',2,'0.0000',2,0,'0.0000',2,'0.0000',2),(775,259,'group loan',0,'0.0000',2,'0.0000',2,0,'0.0000',2,'0.0000',2),(776,259,'loan prod 2',1,'6000.0000',2,'5.8000',2,0,'0.0000',2,'0.0000',2),(777,259,'loan prod 1',2,'6000.0000',2,'5.8000',2,0,'0.0000',2,'0.0000',2),(778,260,'loan prod 1',0,'0.0000',2,'0.0000',2,0,'0.0000',2,'0.0000',2),(779,260,'loan prod 2',0,'0.0000',2,'0.0000',2,0,'0.0000',2,'0.0000',2),(780,260,'group loan',0,'0.0000',2,'0.0000',2,0,'0.0000',2,'0.0000',2),(781,261,'loan prod 2',0,'0.0000',2,'0.0000',2,0,'0.0000',2,'0.0000',2),(782,261,'group loan',0,'0.0000',2,'0.0000',2,0,'0.0000',2,'0.0000',2),(783,261,'loan prod 1',1,'3000.0000',2,'21.0000',2,1,'2924.9000',2,'18.1000',2),(784,262,'loan prod 1',0,'0.0000',2,'0.0000',2,0,'0.0000',2,'0.0000',2),(785,262,'loan prod 2',0,'0.0000',2,'0.0000',2,0,'0.0000',2,'0.0000',2),(786,262,'group loan',0,'0.0000',2,'0.0000',2,0,'0.0000',2,'0.0000',2),(787,263,'group loan',0,'0.0000',2,'0.0000',2,0,'0.0000',2,'0.0000',2),(788,263,'loan prod 2',1,'6000.0000',2,'5.8000',2,0,'0.0000',2,'0.0000',2),(789,263,'loan prod 1',2,'6000.0000',2,'5.8000',2,0,'0.0000',2,'0.0000',2),(790,264,'loan prod 1',0,'0.0000',2,'0.0000',2,0,'0.0000',2,'0.0000',2),(791,264,'loan prod 2',0,'0.0000',2,'0.0000',2,0,'0.0000',2,'0.0000',2),(792,264,'group loan',0,'0.0000',2,'0.0000',2,0,'0.0000',2,'0.0000',2),(793,265,'loan prod 2',0,'0.0000',2,'0.0000',2,0,'0.0000',2,'0.0000',2),(794,265,'group loan',0,'0.0000',2,'0.0000',2,0,'0.0000',2,'0.0000',2),(795,265,'loan prod 1',1,'3000.0000',2,'21.0000',2,1,'2924.9000',2,'18.1000',2),(796,266,'loan prod 1',0,'0.0000',2,'0.0000',2,0,'0.0000',2,'0.0000',2),(797,266,'loan prod 2',0,'0.0000',2,'0.0000',2,0,'0.0000',2,'0.0000',2),(798,266,'group loan',0,'0.0000',2,'0.0000',2,0,'0.0000',2,'0.0000',2),(799,267,'group loan',0,'0.0000',2,'0.0000',2,0,'0.0000',2,'0.0000',2),(800,267,'loan prod 2',1,'6000.0000',2,'5.8000',2,0,'0.0000',2,'0.0000',2),(801,267,'loan prod 1',2,'6000.0000',2,'5.8000',2,0,'0.0000',2,'0.0000',2),(802,268,'loan prod 1',0,'0.0000',2,'0.0000',2,0,'0.0000',2,'0.0000',2),(803,268,'loan prod 2',0,'0.0000',2,'0.0000',2,0,'0.0000',2,'0.0000',2),(804,268,'group loan',0,'0.0000',2,'0.0000',2,0,'0.0000',2,'0.0000',2),(805,269,'loan prod 2',0,'0.0000',2,'0.0000',2,0,'0.0000',2,'0.0000',2),(806,269,'group loan',0,'0.0000',2,'0.0000',2,0,'0.0000',2,'0.0000',2),(807,269,'loan prod 1',1,'3000.0000',2,'21.0000',2,1,'2924.9000',2,'18.1000',2),(808,270,'loan prod 1',0,'0.0000',2,'0.0000',2,0,'0.0000',2,'0.0000',2),(809,270,'loan prod 2',0,'0.0000',2,'0.0000',2,0,'0.0000',2,'0.0000',2),(810,270,'group loan',0,'0.0000',2,'0.0000',2,0,'0.0000',2,'0.0000',2),(811,271,'group loan',0,'0.0000',2,'0.0000',2,0,'0.0000',2,'0.0000',2),(812,271,'loan prod 2',1,'6000.0000',2,'5.8000',2,0,'0.0000',2,'0.0000',2),(813,271,'loan prod 1',2,'6000.0000',2,'5.8000',2,0,'0.0000',2,'0.0000',2),(814,272,'loan prod 1',0,'0.0000',2,'0.0000',2,0,'0.0000',2,'0.0000',2),(815,272,'loan prod 2',0,'0.0000',2,'0.0000',2,0,'0.0000',2,'0.0000',2),(816,272,'group loan',0,'0.0000',2,'0.0000',2,0,'0.0000',2,'0.0000',2),(817,273,'loan prod 2',0,'0.0000',2,'0.0000',2,0,'0.0000',2,'0.0000',2),(818,273,'group loan',0,'0.0000',2,'0.0000',2,0,'0.0000',2,'0.0000',2),(819,273,'loan prod 1',1,'3000.0000',2,'21.0000',2,1,'2924.9000',2,'18.1000',2),(820,274,'loan prod 1',0,'0.0000',2,'0.0000',2,0,'0.0000',2,'0.0000',2),(821,274,'loan prod 2',0,'0.0000',2,'0.0000',2,0,'0.0000',2,'0.0000',2),(822,274,'group loan',0,'0.0000',2,'0.0000',2,0,'0.0000',2,'0.0000',2),(823,275,'group loan',0,'0.0000',2,'0.0000',2,0,'0.0000',2,'0.0000',2),(824,275,'loan prod 2',1,'6000.0000',2,'5.8000',2,0,'0.0000',2,'0.0000',2),(825,275,'loan prod 1',2,'6000.0000',2,'5.8000',2,0,'0.0000',2,'0.0000',2),(826,276,'loan prod 1',0,'0.0000',2,'0.0000',2,0,'0.0000',2,'0.0000',2),(827,276,'loan prod 2',0,'0.0000',2,'0.0000',2,0,'0.0000',2,'0.0000',2),(828,276,'group loan',0,'0.0000',2,'0.0000',2,0,'0.0000',2,'0.0000',2),(829,277,'loan prod 2',0,'0.0000',2,'0.0000',2,0,'0.0000',2,'0.0000',2),(830,277,'group loan',0,'0.0000',2,'0.0000',2,0,'0.0000',2,'0.0000',2),(831,277,'loan prod 1',1,'3000.0000',2,'21.0000',2,1,'2924.9000',2,'18.1000',2),(832,278,'loan prod 1',0,'0.0000',2,'0.0000',2,0,'0.0000',2,'0.0000',2),(833,278,'loan prod 2',0,'0.0000',2,'0.0000',2,0,'0.0000',2,'0.0000',2),(834,278,'group loan',0,'0.0000',2,'0.0000',2,0,'0.0000',2,'0.0000',2),(835,279,'group loan',0,'0.0000',2,'0.0000',2,0,'0.0000',2,'0.0000',2),(836,279,'loan prod 2',1,'6000.0000',2,'5.8000',2,0,'0.0000',2,'0.0000',2),(837,279,'loan prod 1',2,'6000.0000',2,'5.8000',2,0,'0.0000',2,'0.0000',2),(838,280,'loan prod 1',0,'0.0000',2,'0.0000',2,0,'0.0000',2,'0.0000',2),(839,280,'loan prod 2',0,'0.0000',2,'0.0000',2,0,'0.0000',2,'0.0000',2),(840,280,'group loan',0,'0.0000',2,'0.0000',2,0,'0.0000',2,'0.0000',2),(841,281,'loan prod 2',0,'0.0000',2,'0.0000',2,0,'0.0000',2,'0.0000',2),(842,281,'group loan',0,'0.0000',2,'0.0000',2,0,'0.0000',2,'0.0000',2),(843,281,'loan prod 1',1,'3000.0000',2,'21.0000',2,1,'2924.9000',2,'18.1000',2),(844,282,'loan prod 1',0,'0.0000',2,'0.0000',2,0,'0.0000',2,'0.0000',2),(845,282,'loan prod 2',0,'0.0000',2,'0.0000',2,0,'0.0000',2,'0.0000',2),(846,282,'group loan',0,'0.0000',2,'0.0000',2,0,'0.0000',2,'0.0000',2),(847,283,'group loan',0,'0.0000',2,'0.0000',2,0,'0.0000',2,'0.0000',2),(848,283,'loan prod 2',1,'6000.0000',2,'5.8000',2,0,'0.0000',2,'0.0000',2),(849,283,'loan prod 1',2,'6000.0000',2,'5.8000',2,0,'0.0000',2,'0.0000',2),(850,284,'loan prod 1',0,'0.0000',2,'0.0000',2,0,'0.0000',2,'0.0000',2),(851,284,'loan prod 2',0,'0.0000',2,'0.0000',2,0,'0.0000',2,'0.0000',2),(852,284,'group loan',0,'0.0000',2,'0.0000',2,0,'0.0000',2,'0.0000',2),(853,285,'loan prod 2',0,'0.0000',2,'0.0000',2,0,'0.0000',2,'0.0000',2),(854,285,'group loan',0,'0.0000',2,'0.0000',2,0,'0.0000',2,'0.0000',2),(855,285,'loan prod 1',1,'3000.0000',2,'21.0000',2,1,'2924.9000',2,'18.1000',2),(856,286,'loan prod 1',0,'0.0000',2,'0.0000',2,0,'0.0000',2,'0.0000',2),(857,286,'loan prod 2',0,'0.0000',2,'0.0000',2,0,'0.0000',2,'0.0000',2),(858,286,'group loan',0,'0.0000',2,'0.0000',2,0,'0.0000',2,'0.0000',2),(859,287,'group loan',0,'0.0000',2,'0.0000',2,0,'0.0000',2,'0.0000',2),(860,287,'loan prod 2',1,'6000.0000',2,'5.8000',2,0,'0.0000',2,'0.0000',2),(861,287,'loan prod 1',2,'6000.0000',2,'5.8000',2,0,'0.0000',2,'0.0000',2),(862,288,'loan prod 1',0,'0.0000',2,'0.0000',2,0,'0.0000',2,'0.0000',2),(863,288,'loan prod 2',0,'0.0000',2,'0.0000',2,0,'0.0000',2,'0.0000',2),(864,288,'group loan',0,'0.0000',2,'0.0000',2,0,'0.0000',2,'0.0000',2),(865,289,'loan prod 2',0,'0.0000',2,'0.0000',2,0,'0.0000',2,'0.0000',2),(866,289,'group loan',0,'0.0000',2,'0.0000',2,0,'0.0000',2,'0.0000',2),(867,289,'loan prod 1',1,'3000.0000',2,'21.0000',2,1,'2924.9000',2,'18.1000',2),(868,290,'loan prod 1',0,'0.0000',2,'0.0000',2,0,'0.0000',2,'0.0000',2),(869,290,'loan prod 2',0,'0.0000',2,'0.0000',2,0,'0.0000',2,'0.0000',2),(870,290,'group loan',0,'0.0000',2,'0.0000',2,0,'0.0000',2,'0.0000',2),(871,291,'group loan',0,'0.0000',2,'0.0000',2,0,'0.0000',2,'0.0000',2),(872,291,'loan prod 2',1,'6000.0000',2,'5.8000',2,0,'0.0000',2,'0.0000',2),(873,291,'loan prod 1',2,'6000.0000',2,'5.8000',2,0,'0.0000',2,'0.0000',2),(874,292,'loan prod 1',0,'0.0000',2,'0.0000',2,0,'0.0000',2,'0.0000',2),(875,292,'loan prod 2',0,'0.0000',2,'0.0000',2,0,'0.0000',2,'0.0000',2),(876,292,'group loan',0,'0.0000',2,'0.0000',2,0,'0.0000',2,'0.0000',2),(877,293,'loan prod 2',0,'0.0000',2,'0.0000',2,0,'0.0000',2,'0.0000',2),(878,293,'group loan',0,'0.0000',2,'0.0000',2,0,'0.0000',2,'0.0000',2),(879,293,'loan prod 1',1,'3000.0000',2,'21.0000',2,1,'2924.9000',2,'18.1000',2),(880,294,'loan prod 1',0,'0.0000',2,'0.0000',2,0,'0.0000',2,'0.0000',2),(881,294,'loan prod 2',0,'0.0000',2,'0.0000',2,0,'0.0000',2,'0.0000',2),(882,294,'group loan',0,'0.0000',2,'0.0000',2,0,'0.0000',2,'0.0000',2),(883,295,'group loan',0,'0.0000',2,'0.0000',2,0,'0.0000',2,'0.0000',2),(884,295,'loan prod 2',1,'6000.0000',2,'5.8000',2,0,'0.0000',2,'0.0000',2),(885,295,'loan prod 1',2,'6000.0000',2,'5.8000',2,0,'0.0000',2,'0.0000',2),(886,296,'loan prod 1',0,'0.0000',2,'0.0000',2,0,'0.0000',2,'0.0000',2),(887,296,'loan prod 2',0,'0.0000',2,'0.0000',2,0,'0.0000',2,'0.0000',2),(888,296,'group loan',0,'0.0000',2,'0.0000',2,0,'0.0000',2,'0.0000',2),(889,297,'loan prod 2',0,'0.0000',2,'0.0000',2,0,'0.0000',2,'0.0000',2),(890,297,'group loan',0,'0.0000',2,'0.0000',2,0,'0.0000',2,'0.0000',2),(891,297,'loan prod 1',1,'3000.0000',2,'21.0000',2,1,'2924.9000',2,'18.1000',2),(892,298,'loan prod 1',0,'0.0000',2,'0.0000',2,0,'0.0000',2,'0.0000',2),(893,298,'loan prod 2',0,'0.0000',2,'0.0000',2,0,'0.0000',2,'0.0000',2),(894,298,'group loan',0,'0.0000',2,'0.0000',2,0,'0.0000',2,'0.0000',2),(895,299,'group loan',0,'0.0000',2,'0.0000',2,0,'0.0000',2,'0.0000',2),(896,299,'loan prod 2',1,'6000.0000',2,'5.8000',2,0,'0.0000',2,'0.0000',2),(897,299,'loan prod 1',2,'6000.0000',2,'5.8000',2,0,'0.0000',2,'0.0000',2),(898,300,'loan prod 1',0,'0.0000',2,'0.0000',2,0,'0.0000',2,'0.0000',2),(899,300,'loan prod 2',0,'0.0000',2,'0.0000',2,0,'0.0000',2,'0.0000',2),(900,300,'group loan',0,'0.0000',2,'0.0000',2,0,'0.0000',2,'0.0000',2),(901,301,'loan prod 2',0,'0.0000',2,'0.0000',2,0,'0.0000',2,'0.0000',2),(902,301,'group loan',0,'0.0000',2,'0.0000',2,0,'0.0000',2,'0.0000',2),(903,301,'loan prod 1',1,'3000.0000',2,'21.0000',2,1,'2924.9000',2,'18.1000',2),(904,302,'loan prod 1',0,'0.0000',2,'0.0000',2,0,'0.0000',2,'0.0000',2),(905,302,'loan prod 2',0,'0.0000',2,'0.0000',2,0,'0.0000',2,'0.0000',2),(906,302,'group loan',0,'0.0000',2,'0.0000',2,0,'0.0000',2,'0.0000',2),(907,303,'group loan',0,'0.0000',2,'0.0000',2,0,'0.0000',2,'0.0000',2),(908,303,'loan prod 2',1,'6000.0000',2,'5.8000',2,0,'0.0000',2,'0.0000',2),(909,303,'loan prod 1',2,'6000.0000',2,'5.8000',2,0,'0.0000',2,'0.0000',2),(910,304,'loan prod 1',0,'0.0000',2,'0.0000',2,0,'0.0000',2,'0.0000',2),(911,304,'loan prod 2',0,'0.0000',2,'0.0000',2,0,'0.0000',2,'0.0000',2),(912,304,'group loan',0,'0.0000',2,'0.0000',2,0,'0.0000',2,'0.0000',2),(913,305,'loan prod 2',0,'0.0000',2,'0.0000',2,0,'0.0000',2,'0.0000',2),(914,305,'group loan',0,'0.0000',2,'0.0000',2,0,'0.0000',2,'0.0000',2),(915,305,'loan prod 1',1,'3000.0000',2,'21.0000',2,1,'2924.9000',2,'18.1000',2),(916,306,'loan prod 1',0,'0.0000',2,'0.0000',2,0,'0.0000',2,'0.0000',2),(917,306,'loan prod 2',0,'0.0000',2,'0.0000',2,0,'0.0000',2,'0.0000',2),(918,306,'group loan',0,'0.0000',2,'0.0000',2,0,'0.0000',2,'0.0000',2),(919,307,'group loan',0,'0.0000',2,'0.0000',2,0,'0.0000',2,'0.0000',2),(920,307,'loan prod 2',1,'6000.0000',2,'5.8000',2,0,'0.0000',2,'0.0000',2),(921,307,'loan prod 1',2,'6000.0000',2,'5.8000',2,0,'0.0000',2,'0.0000',2),(922,308,'loan prod 1',0,'0.0000',2,'0.0000',2,0,'0.0000',2,'0.0000',2),(923,308,'loan prod 2',0,'0.0000',2,'0.0000',2,0,'0.0000',2,'0.0000',2),(924,308,'group loan',0,'0.0000',2,'0.0000',2,0,'0.0000',2,'0.0000',2),(925,309,'loan prod 2',0,'0.0000',2,'0.0000',2,0,'0.0000',2,'0.0000',2),(926,309,'group loan',0,'0.0000',2,'0.0000',2,0,'0.0000',2,'0.0000',2),(927,309,'loan prod 1',1,'3000.0000',2,'21.0000',2,1,'2924.9000',2,'18.1000',2),(928,310,'loan prod 1',0,'0.0000',2,'0.0000',2,0,'0.0000',2,'0.0000',2),(929,310,'loan prod 2',0,'0.0000',2,'0.0000',2,0,'0.0000',2,'0.0000',2),(930,310,'group loan',0,'0.0000',2,'0.0000',2,0,'0.0000',2,'0.0000',2),(931,311,'group loan',0,'0.0000',2,'0.0000',2,0,'0.0000',2,'0.0000',2),(932,311,'loan prod 2',1,'6000.0000',2,'5.8000',2,0,'0.0000',2,'0.0000',2),(933,311,'loan prod 1',2,'6000.0000',2,'5.8000',2,0,'0.0000',2,'0.0000',2),(934,312,'loan prod 1',0,'0.0000',2,'0.0000',2,0,'0.0000',2,'0.0000',2),(935,312,'loan prod 2',0,'0.0000',2,'0.0000',2,0,'0.0000',2,'0.0000',2),(936,312,'group loan',0,'0.0000',2,'0.0000',2,0,'0.0000',2,'0.0000',2),(937,313,'loan prod 2',0,'0.0000',2,'0.0000',2,0,'0.0000',2,'0.0000',2),(938,313,'group loan',0,'0.0000',2,'0.0000',2,0,'0.0000',2,'0.0000',2),(939,313,'loan prod 1',1,'3000.0000',2,'21.0000',2,1,'2924.9000',2,'18.1000',2),(940,314,'loan prod 1',0,'0.0000',2,'0.0000',2,0,'0.0000',2,'0.0000',2),(941,314,'loan prod 2',0,'0.0000',2,'0.0000',2,0,'0.0000',2,'0.0000',2),(942,314,'group loan',0,'0.0000',2,'0.0000',2,0,'0.0000',2,'0.0000',2),(943,315,'group loan',0,'0.0000',2,'0.0000',2,0,'0.0000',2,'0.0000',2),(944,315,'loan prod 2',1,'6000.0000',2,'5.8000',2,0,'0.0000',2,'0.0000',2),(945,315,'loan prod 1',2,'6000.0000',2,'5.8000',2,0,'0.0000',2,'0.0000',2),(946,316,'loan prod 1',0,'0.0000',2,'0.0000',2,0,'0.0000',2,'0.0000',2),(947,316,'loan prod 2',0,'0.0000',2,'0.0000',2,0,'0.0000',2,'0.0000',2),(948,316,'group loan',0,'0.0000',2,'0.0000',2,0,'0.0000',2,'0.0000',2),(949,317,'loan prod 2',0,'0.0000',2,'0.0000',2,0,'0.0000',2,'0.0000',2),(950,317,'group loan',0,'0.0000',2,'0.0000',2,0,'0.0000',2,'0.0000',2),(951,317,'loan prod 1',1,'3000.0000',2,'21.0000',2,1,'2924.9000',2,'18.1000',2),(952,318,'loan prod 1',0,'0.0000',2,'0.0000',2,0,'0.0000',2,'0.0000',2),(953,318,'loan prod 2',0,'0.0000',2,'0.0000',2,0,'0.0000',2,'0.0000',2),(954,318,'group loan',0,'0.0000',2,'0.0000',2,0,'0.0000',2,'0.0000',2),(955,319,'group loan',0,'0.0000',2,'0.0000',2,0,'0.0000',2,'0.0000',2),(956,319,'loan prod 2',1,'6000.0000',2,'5.8000',2,0,'0.0000',2,'0.0000',2),(957,319,'loan prod 1',2,'6000.0000',2,'5.8000',2,0,'0.0000',2,'0.0000',2),(958,320,'loan prod 1',0,'0.0000',2,'0.0000',2,0,'0.0000',2,'0.0000',2),(959,320,'loan prod 2',0,'0.0000',2,'0.0000',2,0,'0.0000',2,'0.0000',2),(960,320,'group loan',0,'0.0000',2,'0.0000',2,0,'0.0000',2,'0.0000',2),(961,321,'loan prod 2',0,'0.0000',2,'0.0000',2,0,'0.0000',2,'0.0000',2),(962,321,'group loan',0,'0.0000',2,'0.0000',2,0,'0.0000',2,'0.0000',2),(963,321,'loan prod 1',1,'3000.0000',2,'21.0000',2,1,'2924.9000',2,'18.1000',2),(964,322,'loan prod 1',0,'0.0000',2,'0.0000',2,0,'0.0000',2,'0.0000',2),(965,322,'loan prod 2',0,'0.0000',2,'0.0000',2,0,'0.0000',2,'0.0000',2),(966,322,'group loan',0,'0.0000',2,'0.0000',2,0,'0.0000',2,'0.0000',2),(967,323,'group loan',0,'0.0000',2,'0.0000',2,0,'0.0000',2,'0.0000',2),(968,323,'loan prod 2',1,'6000.0000',2,'5.8000',2,0,'0.0000',2,'0.0000',2),(969,323,'loan prod 1',2,'6000.0000',2,'5.8000',2,0,'0.0000',2,'0.0000',2),(970,324,'loan prod 1',0,'0.0000',2,'0.0000',2,0,'0.0000',2,'0.0000',2),(971,324,'loan prod 2',0,'0.0000',2,'0.0000',2,0,'0.0000',2,'0.0000',2),(972,324,'group loan',0,'0.0000',2,'0.0000',2,0,'0.0000',2,'0.0000',2),(973,325,'loan prod 2',0,'0.0000',2,'0.0000',2,0,'0.0000',2,'0.0000',2),(974,325,'group loan',0,'0.0000',2,'0.0000',2,0,'0.0000',2,'0.0000',2),(975,325,'loan prod 1',1,'3000.0000',2,'21.0000',2,1,'2924.9000',2,'18.1000',2),(976,326,'loan prod 1',0,'0.0000',2,'0.0000',2,0,'0.0000',2,'0.0000',2),(977,326,'loan prod 2',0,'0.0000',2,'0.0000',2,0,'0.0000',2,'0.0000',2),(978,326,'group loan',0,'0.0000',2,'0.0000',2,0,'0.0000',2,'0.0000',2),(979,327,'group loan',0,'0.0000',2,'0.0000',2,0,'0.0000',2,'0.0000',2),(980,327,'loan prod 2',1,'6000.0000',2,'5.8000',2,0,'0.0000',2,'0.0000',2),(981,327,'loan prod 1',2,'6000.0000',2,'5.8000',2,0,'0.0000',2,'0.0000',2),(982,328,'loan prod 1',0,'0.0000',2,'0.0000',2,0,'0.0000',2,'0.0000',2),(983,328,'loan prod 2',0,'0.0000',2,'0.0000',2,0,'0.0000',2,'0.0000',2),(984,328,'group loan',0,'0.0000',2,'0.0000',2,0,'0.0000',2,'0.0000',2),(985,329,'loan prod 2',0,'0.0000',2,'0.0000',2,0,'0.0000',2,'0.0000',2),(986,329,'group loan',0,'0.0000',2,'0.0000',2,0,'0.0000',2,'0.0000',2),(987,329,'loan prod 1',1,'3000.0000',2,'21.0000',2,1,'2924.9000',2,'18.1000',2),(988,330,'loan prod 1',0,'0.0000',2,'0.0000',2,0,'0.0000',2,'0.0000',2),(989,330,'loan prod 2',0,'0.0000',2,'0.0000',2,0,'0.0000',2,'0.0000',2),(990,330,'group loan',0,'0.0000',2,'0.0000',2,0,'0.0000',2,'0.0000',2),(991,331,'group loan',0,'0.0000',2,'0.0000',2,0,'0.0000',2,'0.0000',2),(992,331,'loan prod 2',1,'6000.0000',2,'5.8000',2,0,'0.0000',2,'0.0000',2),(993,331,'loan prod 1',2,'6000.0000',2,'5.8000',2,0,'0.0000',2,'0.0000',2),(994,332,'loan prod 1',0,'0.0000',2,'0.0000',2,0,'0.0000',2,'0.0000',2),(995,332,'loan prod 2',0,'0.0000',2,'0.0000',2,0,'0.0000',2,'0.0000',2),(996,332,'group loan',0,'0.0000',2,'0.0000',2,0,'0.0000',2,'0.0000',2),(997,333,'loan prod 2',0,'0.0000',2,'0.0000',2,0,'0.0000',2,'0.0000',2),(998,333,'group loan',0,'0.0000',2,'0.0000',2,0,'0.0000',2,'0.0000',2),(999,333,'loan prod 1',1,'3000.0000',2,'21.0000',2,1,'2924.9000',2,'18.1000',2),(1000,334,'loan prod 1',0,'0.0000',2,'0.0000',2,0,'0.0000',2,'0.0000',2),(1001,334,'loan prod 2',0,'0.0000',2,'0.0000',2,0,'0.0000',2,'0.0000',2),(1002,334,'group loan',0,'0.0000',2,'0.0000',2,0,'0.0000',2,'0.0000',2),(1003,335,'group loan',0,'0.0000',2,'0.0000',2,0,'0.0000',2,'0.0000',2),(1004,335,'loan prod 2',1,'6000.0000',2,'5.8000',2,0,'0.0000',2,'0.0000',2),(1005,335,'loan prod 1',2,'6000.0000',2,'5.8000',2,0,'0.0000',2,'0.0000',2),(1006,336,'loan prod 1',0,'0.0000',2,'0.0000',2,0,'0.0000',2,'0.0000',2),(1007,336,'loan prod 2',0,'0.0000',2,'0.0000',2,0,'0.0000',2,'0.0000',2),(1008,336,'group loan',0,'0.0000',2,'0.0000',2,0,'0.0000',2,'0.0000',2),(1009,337,'loan prod 2',0,'0.0000',2,'0.0000',2,0,'0.0000',2,'0.0000',2),(1010,337,'group loan',0,'0.0000',2,'0.0000',2,0,'0.0000',2,'0.0000',2),(1011,337,'loan prod 1',1,'3000.0000',2,'21.0000',2,1,'2924.9000',2,'18.1000',2),(1012,338,'loan prod 1',0,'0.0000',2,'0.0000',2,0,'0.0000',2,'0.0000',2),(1013,338,'loan prod 2',0,'0.0000',2,'0.0000',2,0,'0.0000',2,'0.0000',2),(1014,338,'group loan',0,'0.0000',2,'0.0000',2,0,'0.0000',2,'0.0000',2),(1015,339,'group loan',0,'0.0000',2,'0.0000',2,0,'0.0000',2,'0.0000',2),(1016,339,'loan prod 2',1,'6000.0000',2,'5.8000',2,0,'0.0000',2,'0.0000',2),(1017,339,'loan prod 1',2,'6000.0000',2,'5.8000',2,0,'0.0000',2,'0.0000',2),(1018,340,'loan prod 1',0,'0.0000',2,'0.0000',2,0,'0.0000',2,'0.0000',2),(1019,340,'loan prod 2',0,'0.0000',2,'0.0000',2,0,'0.0000',2,'0.0000',2),(1020,340,'group loan',0,'0.0000',2,'0.0000',2,0,'0.0000',2,'0.0000',2),(1021,341,'loan prod 2',0,'0.0000',2,'0.0000',2,0,'0.0000',2,'0.0000',2),(1022,341,'group loan',0,'0.0000',2,'0.0000',2,0,'0.0000',2,'0.0000',2),(1023,341,'loan prod 1',1,'3000.0000',2,'21.0000',2,1,'2924.9000',2,'18.1000',2),(1024,342,'loan prod 1',0,'0.0000',2,'0.0000',2,0,'0.0000',2,'0.0000',2),(1025,342,'loan prod 2',0,'0.0000',2,'0.0000',2,0,'0.0000',2,'0.0000',2),(1026,342,'group loan',0,'0.0000',2,'0.0000',2,0,'0.0000',2,'0.0000',2),(1027,343,'group loan',0,'0.0000',2,'0.0000',2,0,'0.0000',2,'0.0000',2),(1028,343,'loan prod 2',1,'6000.0000',2,'5.8000',2,0,'0.0000',2,'0.0000',2),(1029,343,'loan prod 1',2,'6000.0000',2,'5.8000',2,0,'0.0000',2,'0.0000',2),(1030,344,'loan prod 1',0,'0.0000',2,'0.0000',2,0,'0.0000',2,'0.0000',2),(1031,344,'loan prod 2',0,'0.0000',2,'0.0000',2,0,'0.0000',2,'0.0000',2),(1032,344,'group loan',0,'0.0000',2,'0.0000',2,0,'0.0000',2,'0.0000',2),(1033,345,'loan prod 2',0,'0.0000',2,'0.0000',2,0,'0.0000',2,'0.0000',2),(1034,345,'group loan',0,'0.0000',2,'0.0000',2,0,'0.0000',2,'0.0000',2),(1035,345,'loan prod 1',1,'3000.0000',2,'21.0000',2,1,'2924.9000',2,'18.1000',2),(1036,346,'loan prod 1',0,'0.0000',2,'0.0000',2,0,'0.0000',2,'0.0000',2),(1037,346,'loan prod 2',0,'0.0000',2,'0.0000',2,0,'0.0000',2,'0.0000',2),(1038,346,'group loan',0,'0.0000',2,'0.0000',2,0,'0.0000',2,'0.0000',2),(1039,347,'group loan',0,'0.0000',2,'0.0000',2,0,'0.0000',2,'0.0000',2),(1040,347,'loan prod 2',1,'6000.0000',2,'5.8000',2,0,'0.0000',2,'0.0000',2),(1041,347,'loan prod 1',2,'6000.0000',2,'5.8000',2,0,'0.0000',2,'0.0000',2),(1042,348,'loan prod 1',0,'0.0000',2,'0.0000',2,0,'0.0000',2,'0.0000',2),(1043,348,'loan prod 2',0,'0.0000',2,'0.0000',2,0,'0.0000',2,'0.0000',2),(1044,348,'group loan',0,'0.0000',2,'0.0000',2,0,'0.0000',2,'0.0000',2),(1045,349,'loan prod 2',0,'0.0000',2,'0.0000',2,0,'0.0000',2,'0.0000',2),(1046,349,'group loan',0,'0.0000',2,'0.0000',2,0,'0.0000',2,'0.0000',2),(1047,349,'loan prod 1',1,'3000.0000',2,'21.0000',2,1,'2924.9000',2,'18.1000',2),(1048,350,'loan prod 1',0,'0.0000',2,'0.0000',2,0,'0.0000',2,'0.0000',2),(1049,350,'loan prod 2',0,'0.0000',2,'0.0000',2,0,'0.0000',2,'0.0000',2),(1050,350,'group loan',0,'0.0000',2,'0.0000',2,0,'0.0000',2,'0.0000',2),(1051,351,'group loan',0,'0.0000',2,'0.0000',2,0,'0.0000',2,'0.0000',2),(1052,351,'loan prod 2',1,'6000.0000',2,'5.8000',2,0,'0.0000',2,'0.0000',2),(1053,351,'loan prod 1',2,'6000.0000',2,'5.8000',2,0,'0.0000',2,'0.0000',2),(1054,352,'loan prod 1',0,'0.0000',2,'0.0000',2,0,'0.0000',2,'0.0000',2),(1055,352,'loan prod 2',0,'0.0000',2,'0.0000',2,0,'0.0000',2,'0.0000',2),(1056,352,'group loan',0,'0.0000',2,'0.0000',2,0,'0.0000',2,'0.0000',2),(1057,353,'loan prod 2',0,'0.0000',2,'0.0000',2,0,'0.0000',2,'0.0000',2),(1058,353,'group loan',0,'0.0000',2,'0.0000',2,0,'0.0000',2,'0.0000',2),(1059,353,'loan prod 1',1,'3000.0000',2,'21.0000',2,1,'2924.9000',2,'18.1000',2),(1060,354,'loan prod 1',0,'0.0000',2,'0.0000',2,0,'0.0000',2,'0.0000',2),(1061,354,'loan prod 2',0,'0.0000',2,'0.0000',2,0,'0.0000',2,'0.0000',2),(1062,354,'group loan',0,'0.0000',2,'0.0000',2,0,'0.0000',2,'0.0000',2),(1063,355,'group loan',0,'0.0000',2,'0.0000',2,0,'0.0000',2,'0.0000',2),(1064,355,'loan prod 2',1,'6000.0000',2,'5.8000',2,0,'0.0000',2,'0.0000',2),(1065,355,'loan prod 1',2,'6000.0000',2,'5.8000',2,0,'0.0000',2,'0.0000',2),(1066,356,'loan prod 1',0,'0.0000',2,'0.0000',2,0,'0.0000',2,'0.0000',2),(1067,356,'loan prod 2',0,'0.0000',2,'0.0000',2,0,'0.0000',2,'0.0000',2),(1068,356,'group loan',0,'0.0000',2,'0.0000',2,0,'0.0000',2,'0.0000',2),(1069,357,'loan prod 2',0,'0.0000',2,'0.0000',2,0,'0.0000',2,'0.0000',2),(1070,357,'group loan',0,'0.0000',2,'0.0000',2,0,'0.0000',2,'0.0000',2),(1071,357,'loan prod 1',1,'3000.0000',2,'21.0000',2,1,'2924.9000',2,'18.1000',2),(1072,358,'loan prod 1',0,'0.0000',2,'0.0000',2,0,'0.0000',2,'0.0000',2),(1073,358,'loan prod 2',0,'0.0000',2,'0.0000',2,0,'0.0000',2,'0.0000',2),(1074,358,'group loan',0,'0.0000',2,'0.0000',2,0,'0.0000',2,'0.0000',2),(1075,359,'group loan',0,'0.0000',2,'0.0000',2,0,'0.0000',2,'0.0000',2),(1076,359,'loan prod 2',1,'6000.0000',2,'5.8000',2,0,'0.0000',2,'0.0000',2),(1077,359,'loan prod 1',2,'6000.0000',2,'5.8000',2,0,'0.0000',2,'0.0000',2),(1078,360,'loan prod 1',0,'0.0000',2,'0.0000',2,0,'0.0000',2,'0.0000',2),(1079,360,'loan prod 2',0,'0.0000',2,'0.0000',2,0,'0.0000',2,'0.0000',2),(1080,360,'group loan',0,'0.0000',2,'0.0000',2,0,'0.0000',2,'0.0000',2),(1081,361,'loan prod 2',0,'0.0000',2,'0.0000',2,0,'0.0000',2,'0.0000',2),(1082,361,'group loan',0,'0.0000',2,'0.0000',2,0,'0.0000',2,'0.0000',2),(1083,361,'loan prod 1',1,'3000.0000',2,'21.0000',2,1,'2924.9000',2,'18.1000',2),(1084,362,'loan prod 1',0,'0.0000',2,'0.0000',2,0,'0.0000',2,'0.0000',2),(1085,362,'loan prod 2',0,'0.0000',2,'0.0000',2,0,'0.0000',2,'0.0000',2),(1086,362,'group loan',0,'0.0000',2,'0.0000',2,0,'0.0000',2,'0.0000',2),(1087,363,'group loan',0,'0.0000',2,'0.0000',2,0,'0.0000',2,'0.0000',2),(1088,363,'loan prod 2',1,'6000.0000',2,'5.8000',2,0,'0.0000',2,'0.0000',2),(1089,363,'loan prod 1',2,'6000.0000',2,'5.8000',2,0,'0.0000',2,'0.0000',2),(1090,364,'loan prod 1',0,'0.0000',2,'0.0000',2,0,'0.0000',2,'0.0000',2),(1091,364,'loan prod 2',0,'0.0000',2,'0.0000',2,0,'0.0000',2,'0.0000',2),(1092,364,'group loan',0,'0.0000',2,'0.0000',2,0,'0.0000',2,'0.0000',2),(1093,365,'loan prod 2',0,'0.0000',2,'0.0000',2,0,'0.0000',2,'0.0000',2),(1094,365,'group loan',0,'0.0000',2,'0.0000',2,0,'0.0000',2,'0.0000',2),(1095,365,'loan prod 1',1,'3000.0000',2,'21.0000',2,1,'2924.9000',2,'18.1000',2),(1096,366,'loan prod 1',0,'0.0000',2,'0.0000',2,0,'0.0000',2,'0.0000',2),(1097,366,'loan prod 2',0,'0.0000',2,'0.0000',2,0,'0.0000',2,'0.0000',2),(1098,366,'group loan',0,'0.0000',2,'0.0000',2,0,'0.0000',2,'0.0000',2),(1099,367,'group loan',0,'0.0000',2,'0.0000',2,0,'0.0000',2,'0.0000',2),(1100,367,'loan prod 2',1,'6000.0000',2,'5.8000',2,0,'0.0000',2,'0.0000',2),(1101,367,'loan prod 1',2,'6000.0000',2,'5.8000',2,0,'0.0000',2,'0.0000',2),(1102,368,'loan prod 1',0,'0.0000',2,'0.0000',2,0,'0.0000',2,'0.0000',2),(1103,368,'loan prod 2',0,'0.0000',2,'0.0000',2,0,'0.0000',2,'0.0000',2),(1104,368,'group loan',0,'0.0000',2,'0.0000',2,0,'0.0000',2,'0.0000',2),(1105,369,'loan prod 2',0,'0.0000',2,'0.0000',2,0,'0.0000',2,'0.0000',2),(1106,369,'group loan',0,'0.0000',2,'0.0000',2,0,'0.0000',2,'0.0000',2),(1107,369,'loan prod 1',1,'3000.0000',2,'21.0000',2,1,'2924.9000',2,'18.1000',2),(1108,370,'loan prod 1',0,'0.0000',2,'0.0000',2,0,'0.0000',2,'0.0000',2),(1109,370,'loan prod 2',0,'0.0000',2,'0.0000',2,0,'0.0000',2,'0.0000',2),(1110,370,'group loan',0,'0.0000',2,'0.0000',2,0,'0.0000',2,'0.0000',2),(1111,371,'group loan',0,'0.0000',2,'0.0000',2,0,'0.0000',2,'0.0000',2),(1112,371,'loan prod 2',1,'6000.0000',2,'5.8000',2,0,'0.0000',2,'0.0000',2),(1113,371,'loan prod 1',2,'6000.0000',2,'5.8000',2,0,'0.0000',2,'0.0000',2),(1114,372,'loan prod 1',0,'0.0000',2,'0.0000',2,0,'0.0000',2,'0.0000',2),(1115,372,'loan prod 2',0,'0.0000',2,'0.0000',2,0,'0.0000',2,'0.0000',2),(1116,372,'group loan',0,'0.0000',2,'0.0000',2,0,'0.0000',2,'0.0000',2),(1117,373,'loan prod 2',0,'0.0000',2,'0.0000',2,0,'0.0000',2,'0.0000',2),(1118,373,'group loan',0,'0.0000',2,'0.0000',2,0,'0.0000',2,'0.0000',2),(1119,373,'loan prod 1',1,'3000.0000',2,'21.0000',2,1,'2924.9000',2,'18.1000',2),(1120,374,'loan prod 1',0,'0.0000',2,'0.0000',2,0,'0.0000',2,'0.0000',2),(1121,374,'loan prod 2',0,'0.0000',2,'0.0000',2,0,'0.0000',2,'0.0000',2),(1122,374,'group loan',0,'0.0000',2,'0.0000',2,0,'0.0000',2,'0.0000',2),(1123,375,'group loan',0,'0.0000',2,'0.0000',2,0,'0.0000',2,'0.0000',2),(1124,375,'loan prod 2',1,'6000.0000',2,'5.8000',2,0,'0.0000',2,'0.0000',2),(1125,375,'loan prod 1',2,'6000.0000',2,'5.8000',2,0,'0.0000',2,'0.0000',2),(1126,376,'loan prod 1',0,'0.0000',2,'0.0000',2,0,'0.0000',2,'0.0000',2),(1127,376,'loan prod 2',0,'0.0000',2,'0.0000',2,0,'0.0000',2,'0.0000',2),(1128,376,'group loan',0,'0.0000',2,'0.0000',2,0,'0.0000',2,'0.0000',2),(1129,377,'loan prod 2',0,'0.0000',2,'0.0000',2,0,'0.0000',2,'0.0000',2),(1130,377,'group loan',0,'0.0000',2,'0.0000',2,0,'0.0000',2,'0.0000',2),(1131,377,'loan prod 1',1,'3000.0000',2,'21.0000',2,1,'2924.9000',2,'18.1000',2),(1132,378,'loan prod 1',0,'0.0000',2,'0.0000',2,0,'0.0000',2,'0.0000',2),(1133,378,'loan prod 2',0,'0.0000',2,'0.0000',2,0,'0.0000',2,'0.0000',2),(1134,378,'group loan',0,'0.0000',2,'0.0000',2,0,'0.0000',2,'0.0000',2),(1135,379,'group loan',0,'0.0000',2,'0.0000',2,0,'0.0000',2,'0.0000',2),(1136,379,'loan prod 2',1,'6000.0000',2,'5.8000',2,0,'0.0000',2,'0.0000',2),(1137,379,'loan prod 1',2,'6000.0000',2,'5.8000',2,0,'0.0000',2,'0.0000',2),(1138,380,'loan prod 1',0,'0.0000',2,'0.0000',2,0,'0.0000',2,'0.0000',2),(1139,380,'loan prod 2',0,'0.0000',2,'0.0000',2,0,'0.0000',2,'0.0000',2),(1140,380,'group loan',0,'0.0000',2,'0.0000',2,0,'0.0000',2,'0.0000',2),(1141,381,'loan prod 2',0,'0.0000',2,'0.0000',2,0,'0.0000',2,'0.0000',2),(1142,381,'group loan',0,'0.0000',2,'0.0000',2,0,'0.0000',2,'0.0000',2),(1143,381,'loan prod 1',1,'3000.0000',2,'21.0000',2,1,'2924.9000',2,'18.1000',2),(1144,382,'loan prod 1',0,'0.0000',2,'0.0000',2,0,'0.0000',2,'0.0000',2),(1145,382,'loan prod 2',0,'0.0000',2,'0.0000',2,0,'0.0000',2,'0.0000',2),(1146,382,'group loan',0,'0.0000',2,'0.0000',2,0,'0.0000',2,'0.0000',2),(1147,383,'group loan',0,'0.0000',2,'0.0000',2,0,'0.0000',2,'0.0000',2),(1148,383,'loan prod 2',1,'6000.0000',2,'5.8000',2,0,'0.0000',2,'0.0000',2),(1149,383,'loan prod 1',2,'6000.0000',2,'5.8000',2,0,'0.0000',2,'0.0000',2),(1150,384,'loan prod 1',0,'0.0000',2,'0.0000',2,0,'0.0000',2,'0.0000',2),(1151,384,'loan prod 2',0,'0.0000',2,'0.0000',2,0,'0.0000',2,'0.0000',2),(1152,384,'group loan',0,'0.0000',2,'0.0000',2,0,'0.0000',2,'0.0000',2),(1153,385,'loan prod 2',0,'0.0000',2,'0.0000',2,0,'0.0000',2,'0.0000',2),(1154,385,'group loan',0,'0.0000',2,'0.0000',2,0,'0.0000',2,'0.0000',2),(1155,385,'loan prod 1',1,'3000.0000',2,'21.0000',2,1,'2924.9000',2,'18.1000',2),(1156,386,'loan prod 1',0,'0.0000',2,'0.0000',2,0,'0.0000',2,'0.0000',2),(1157,386,'loan prod 2',0,'0.0000',2,'0.0000',2,0,'0.0000',2,'0.0000',2),(1158,386,'group loan',0,'0.0000',2,'0.0000',2,0,'0.0000',2,'0.0000',2),(1159,387,'group loan',0,'0.0000',2,'0.0000',2,0,'0.0000',2,'0.0000',2),(1160,387,'loan prod 2',1,'6000.0000',2,'5.8000',2,0,'0.0000',2,'0.0000',2),(1161,387,'loan prod 1',2,'6000.0000',2,'5.8000',2,0,'0.0000',2,'0.0000',2),(1162,388,'loan prod 1',0,'0.0000',2,'0.0000',2,0,'0.0000',2,'0.0000',2),(1163,388,'loan prod 2',0,'0.0000',2,'0.0000',2,0,'0.0000',2,'0.0000',2),(1164,388,'group loan',0,'0.0000',2,'0.0000',2,0,'0.0000',2,'0.0000',2),(1165,389,'loan prod 2',0,'0.0000',2,'0.0000',2,0,'0.0000',2,'0.0000',2),(1166,389,'group loan',0,'0.0000',2,'0.0000',2,0,'0.0000',2,'0.0000',2),(1167,389,'loan prod 1',1,'3000.0000',2,'21.0000',2,1,'2924.9000',2,'18.1000',2),(1168,390,'loan prod 1',0,'0.0000',2,'0.0000',2,0,'0.0000',2,'0.0000',2),(1169,390,'loan prod 2',0,'0.0000',2,'0.0000',2,0,'0.0000',2,'0.0000',2),(1170,390,'group loan',0,'0.0000',2,'0.0000',2,0,'0.0000',2,'0.0000',2),(1171,391,'group loan',0,'0.0000',2,'0.0000',2,0,'0.0000',2,'0.0000',2),(1172,391,'loan prod 2',1,'6000.0000',2,'5.8000',2,0,'0.0000',2,'0.0000',2),(1173,391,'loan prod 1',2,'6000.0000',2,'5.8000',2,0,'0.0000',2,'0.0000',2),(1174,392,'loan prod 1',0,'0.0000',2,'0.0000',2,0,'0.0000',2,'0.0000',2),(1175,392,'loan prod 2',0,'0.0000',2,'0.0000',2,0,'0.0000',2,'0.0000',2),(1176,392,'group loan',0,'0.0000',2,'0.0000',2,0,'0.0000',2,'0.0000',2),(1177,393,'loan prod 2',0,'0.0000',2,'0.0000',2,0,'0.0000',2,'0.0000',2),(1178,393,'group loan',0,'0.0000',2,'0.0000',2,0,'0.0000',2,'0.0000',2),(1179,393,'loan prod 1',1,'3000.0000',2,'21.0000',2,1,'2924.9000',2,'18.1000',2),(1180,394,'loan prod 1',0,'0.0000',2,'0.0000',2,0,'0.0000',2,'0.0000',2),(1181,394,'loan prod 2',0,'0.0000',2,'0.0000',2,0,'0.0000',2,'0.0000',2),(1182,394,'group loan',0,'0.0000',2,'0.0000',2,0,'0.0000',2,'0.0000',2),(1183,395,'group loan',0,'0.0000',2,'0.0000',2,0,'0.0000',2,'0.0000',2),(1184,395,'loan prod 2',1,'6000.0000',2,'5.8000',2,0,'0.0000',2,'0.0000',2),(1185,395,'loan prod 1',2,'6000.0000',2,'5.8000',2,0,'0.0000',2,'0.0000',2),(1186,396,'loan prod 1',0,'0.0000',2,'0.0000',2,0,'0.0000',2,'0.0000',2),(1187,396,'loan prod 2',0,'0.0000',2,'0.0000',2,0,'0.0000',2,'0.0000',2),(1188,396,'group loan',0,'0.0000',2,'0.0000',2,0,'0.0000',2,'0.0000',2),(1189,397,'loan prod 2',0,'0.0000',2,'0.0000',2,0,'0.0000',2,'0.0000',2),(1190,397,'group loan',0,'0.0000',2,'0.0000',2,0,'0.0000',2,'0.0000',2),(1191,397,'loan prod 1',1,'3000.0000',2,'21.0000',2,1,'2924.9000',2,'18.1000',2),(1192,398,'loan prod 1',0,'0.0000',2,'0.0000',2,0,'0.0000',2,'0.0000',2),(1193,398,'loan prod 2',0,'0.0000',2,'0.0000',2,0,'0.0000',2,'0.0000',2),(1194,398,'group loan',0,'0.0000',2,'0.0000',2,0,'0.0000',2,'0.0000',2),(1195,399,'group loan',0,'0.0000',2,'0.0000',2,0,'0.0000',2,'0.0000',2),(1196,399,'loan prod 2',1,'6000.0000',2,'5.8000',2,0,'0.0000',2,'0.0000',2),(1197,399,'loan prod 1',2,'6000.0000',2,'5.8000',2,0,'0.0000',2,'0.0000',2),(1198,400,'loan prod 1',0,'0.0000',2,'0.0000',2,0,'0.0000',2,'0.0000',2),(1199,400,'loan prod 2',0,'0.0000',2,'0.0000',2,0,'0.0000',2,'0.0000',2),(1200,400,'group loan',0,'0.0000',2,'0.0000',2,0,'0.0000',2,'0.0000',2),(1201,401,'loan prod 2',0,'0.0000',2,'0.0000',2,0,'0.0000',2,'0.0000',2),(1202,401,'group loan',0,'0.0000',2,'0.0000',2,0,'0.0000',2,'0.0000',2),(1203,401,'loan prod 1',1,'3000.0000',2,'21.0000',2,1,'2924.9000',2,'18.1000',2),(1204,402,'loan prod 1',0,'0.0000',2,'0.0000',2,0,'0.0000',2,'0.0000',2),(1205,402,'loan prod 2',0,'0.0000',2,'0.0000',2,0,'0.0000',2,'0.0000',2),(1206,402,'group loan',0,'0.0000',2,'0.0000',2,0,'0.0000',2,'0.0000',2),(1207,403,'group loan',0,'0.0000',2,'0.0000',2,0,'0.0000',2,'0.0000',2),(1208,403,'loan prod 2',1,'6000.0000',2,'5.8000',2,0,'0.0000',2,'0.0000',2),(1209,403,'loan prod 1',2,'6000.0000',2,'5.8000',2,0,'0.0000',2,'0.0000',2),(1210,404,'loan prod 1',0,'0.0000',2,'0.0000',2,0,'0.0000',2,'0.0000',2),(1211,404,'loan prod 2',0,'0.0000',2,'0.0000',2,0,'0.0000',2,'0.0000',2),(1212,404,'group loan',0,'0.0000',2,'0.0000',2,0,'0.0000',2,'0.0000',2),(1213,405,'loan prod 2',0,'0.0000',2,'0.0000',2,0,'0.0000',2,'0.0000',2),(1214,405,'group loan',0,'0.0000',2,'0.0000',2,0,'0.0000',2,'0.0000',2),(1215,405,'loan prod 1',1,'3000.0000',2,'21.0000',2,1,'2924.9000',2,'18.1000',2),(1216,406,'loan prod 1',0,'0.0000',2,'0.0000',2,0,'0.0000',2,'0.0000',2),(1217,406,'loan prod 2',0,'0.0000',2,'0.0000',2,0,'0.0000',2,'0.0000',2),(1218,406,'group loan',0,'0.0000',2,'0.0000',2,0,'0.0000',2,'0.0000',2),(1219,407,'group loan',0,'0.0000',2,'0.0000',2,0,'0.0000',2,'0.0000',2),(1220,407,'loan prod 2',1,'6000.0000',2,'5.8000',2,0,'0.0000',2,'0.0000',2),(1221,407,'loan prod 1',2,'6000.0000',2,'5.8000',2,0,'0.0000',2,'0.0000',2),(1222,408,'loan prod 1',0,'0.0000',2,'0.0000',2,0,'0.0000',2,'0.0000',2),(1223,408,'loan prod 2',0,'0.0000',2,'0.0000',2,0,'0.0000',2,'0.0000',2),(1224,408,'group loan',0,'0.0000',2,'0.0000',2,0,'0.0000',2,'0.0000',2),(1225,409,'loan prod 2',0,'0.0000',2,'0.0000',2,0,'0.0000',2,'0.0000',2),(1226,409,'group loan',0,'0.0000',2,'0.0000',2,0,'0.0000',2,'0.0000',2),(1227,409,'loan prod 1',1,'3000.0000',2,'21.0000',2,1,'2924.9000',2,'18.1000',2),(1228,410,'loan prod 1',0,'0.0000',2,'0.0000',2,0,'0.0000',2,'0.0000',2),(1229,410,'loan prod 2',0,'0.0000',2,'0.0000',2,0,'0.0000',2,'0.0000',2),(1230,410,'group loan',0,'0.0000',2,'0.0000',2,0,'0.0000',2,'0.0000',2),(1231,411,'group loan',0,'0.0000',2,'0.0000',2,0,'0.0000',2,'0.0000',2),(1232,411,'loan prod 2',1,'6000.0000',2,'5.8000',2,0,'0.0000',2,'0.0000',2),(1233,411,'loan prod 1',2,'6000.0000',2,'5.8000',2,0,'0.0000',2,'0.0000',2),(1234,412,'loan prod 1',0,'0.0000',2,'0.0000',2,0,'0.0000',2,'0.0000',2),(1235,412,'loan prod 2',0,'0.0000',2,'0.0000',2,0,'0.0000',2,'0.0000',2),(1236,412,'group loan',0,'0.0000',2,'0.0000',2,0,'0.0000',2,'0.0000',2),(1237,413,'loan prod 2',0,'0.0000',2,'0.0000',2,0,'0.0000',2,'0.0000',2),(1238,413,'group loan',0,'0.0000',2,'0.0000',2,0,'0.0000',2,'0.0000',2),(1239,413,'loan prod 1',1,'3000.0000',2,'21.0000',2,1,'2924.9000',2,'18.1000',2),(1240,414,'loan prod 1',0,'0.0000',2,'0.0000',2,0,'0.0000',2,'0.0000',2),(1241,414,'loan prod 2',0,'0.0000',2,'0.0000',2,0,'0.0000',2,'0.0000',2),(1242,414,'group loan',0,'0.0000',2,'0.0000',2,0,'0.0000',2,'0.0000',2),(1243,415,'group loan',0,'0.0000',2,'0.0000',2,0,'0.0000',2,'0.0000',2),(1244,415,'loan prod 2',1,'6000.0000',2,'5.8000',2,0,'0.0000',2,'0.0000',2),(1245,415,'loan prod 1',2,'6000.0000',2,'5.8000',2,0,'0.0000',2,'0.0000',2),(1246,416,'loan prod 1',0,'0.0000',2,'0.0000',2,0,'0.0000',2,'0.0000',2),(1247,416,'loan prod 2',0,'0.0000',2,'0.0000',2,0,'0.0000',2,'0.0000',2),(1248,416,'group loan',0,'0.0000',2,'0.0000',2,0,'0.0000',2,'0.0000',2),(1249,417,'loan prod 2',0,'0.0000',2,'0.0000',2,0,'0.0000',2,'0.0000',2),(1250,417,'group loan',0,'0.0000',2,'0.0000',2,0,'0.0000',2,'0.0000',2),(1251,417,'loan prod 1',1,'3000.0000',2,'21.0000',2,1,'2924.9000',2,'18.1000',2),(1252,418,'loan prod 1',0,'0.0000',2,'0.0000',2,0,'0.0000',2,'0.0000',2),(1253,418,'loan prod 2',0,'0.0000',2,'0.0000',2,0,'0.0000',2,'0.0000',2),(1254,418,'group loan',0,'0.0000',2,'0.0000',2,0,'0.0000',2,'0.0000',2),(1255,419,'group loan',0,'0.0000',2,'0.0000',2,0,'0.0000',2,'0.0000',2),(1256,419,'loan prod 2',1,'6000.0000',2,'5.8000',2,0,'0.0000',2,'0.0000',2),(1257,419,'loan prod 1',2,'6000.0000',2,'5.8000',2,0,'0.0000',2,'0.0000',2),(1258,420,'loan prod 1',0,'0.0000',2,'0.0000',2,0,'0.0000',2,'0.0000',2),(1259,420,'loan prod 2',0,'0.0000',2,'0.0000',2,0,'0.0000',2,'0.0000',2),(1260,420,'group loan',0,'0.0000',2,'0.0000',2,0,'0.0000',2,'0.0000',2),(1261,421,'loan prod 2',0,'0.0000',2,'0.0000',2,0,'0.0000',2,'0.0000',2),(1262,421,'group loan',0,'0.0000',2,'0.0000',2,0,'0.0000',2,'0.0000',2),(1263,421,'loan prod 1',1,'3000.0000',2,'21.0000',2,1,'2924.9000',2,'18.1000',2),(1264,422,'loan prod 1',0,'0.0000',2,'0.0000',2,0,'0.0000',2,'0.0000',2),(1265,422,'loan prod 2',0,'0.0000',2,'0.0000',2,0,'0.0000',2,'0.0000',2),(1266,422,'group loan',0,'0.0000',2,'0.0000',2,0,'0.0000',2,'0.0000',2),(1267,423,'group loan',0,'0.0000',2,'0.0000',2,0,'0.0000',2,'0.0000',2),(1268,423,'loan prod 2',1,'6000.0000',2,'5.8000',2,0,'0.0000',2,'0.0000',2),(1269,423,'loan prod 1',2,'6000.0000',2,'5.8000',2,0,'0.0000',2,'0.0000',2),(1270,424,'loan prod 1',0,'0.0000',2,'0.0000',2,0,'0.0000',2,'0.0000',2),(1271,424,'loan prod 2',0,'0.0000',2,'0.0000',2,0,'0.0000',2,'0.0000',2),(1272,424,'group loan',0,'0.0000',2,'0.0000',2,0,'0.0000',2,'0.0000',2),(1273,425,'loan prod 2',0,'0.0000',2,'0.0000',2,0,'0.0000',2,'0.0000',2),(1274,425,'group loan',0,'0.0000',2,'0.0000',2,0,'0.0000',2,'0.0000',2),(1275,425,'loan prod 1',1,'3000.0000',2,'21.0000',2,1,'2924.9000',2,'18.1000',2),(1276,426,'loan prod 1',0,'0.0000',2,'0.0000',2,0,'0.0000',2,'0.0000',2),(1277,426,'loan prod 2',0,'0.0000',2,'0.0000',2,0,'0.0000',2,'0.0000',2),(1278,426,'group loan',0,'0.0000',2,'0.0000',2,0,'0.0000',2,'0.0000',2),(1279,427,'group loan',0,'0.0000',2,'0.0000',2,0,'0.0000',2,'0.0000',2),(1280,427,'loan prod 2',1,'6000.0000',2,'5.8000',2,0,'0.0000',2,'0.0000',2),(1281,427,'loan prod 1',2,'6000.0000',2,'5.8000',2,0,'0.0000',2,'0.0000',2),(1282,428,'loan prod 1',0,'0.0000',2,'0.0000',2,0,'0.0000',2,'0.0000',2),(1283,428,'loan prod 2',0,'0.0000',2,'0.0000',2,0,'0.0000',2,'0.0000',2),(1284,428,'group loan',0,'0.0000',2,'0.0000',2,0,'0.0000',2,'0.0000',2),(1285,429,'loan prod 2',0,'0.0000',2,'0.0000',2,0,'0.0000',2,'0.0000',2),(1286,429,'group loan',0,'0.0000',2,'0.0000',2,0,'0.0000',2,'0.0000',2),(1287,429,'loan prod 1',1,'3000.0000',2,'21.0000',2,1,'2924.9000',2,'18.1000',2),(1288,430,'loan prod 1',0,'0.0000',2,'0.0000',2,0,'0.0000',2,'0.0000',2),(1289,430,'loan prod 2',0,'0.0000',2,'0.0000',2,0,'0.0000',2,'0.0000',2),(1290,430,'group loan',0,'0.0000',2,'0.0000',2,0,'0.0000',2,'0.0000',2),(1291,431,'group loan',0,'0.0000',2,'0.0000',2,0,'0.0000',2,'0.0000',2),(1292,431,'loan prod 2',1,'6000.0000',2,'5.8000',2,0,'0.0000',2,'0.0000',2),(1293,431,'loan prod 1',2,'6000.0000',2,'5.8000',2,0,'0.0000',2,'0.0000',2),(1294,432,'loan prod 1',0,'0.0000',2,'0.0000',2,0,'0.0000',2,'0.0000',2),(1295,432,'loan prod 2',0,'0.0000',2,'0.0000',2,0,'0.0000',2,'0.0000',2),(1296,432,'group loan',0,'0.0000',2,'0.0000',2,0,'0.0000',2,'0.0000',2),(1297,433,'loan prod 2',0,'0.0000',2,'0.0000',2,0,'0.0000',2,'0.0000',2),(1298,433,'group loan',0,'0.0000',2,'0.0000',2,0,'0.0000',2,'0.0000',2),(1299,433,'loan prod 1',1,'3000.0000',2,'21.0000',2,1,'2924.9000',2,'18.1000',2),(1300,434,'loan prod 1',0,'0.0000',2,'0.0000',2,0,'0.0000',2,'0.0000',2),(1301,434,'loan prod 2',0,'0.0000',2,'0.0000',2,0,'0.0000',2,'0.0000',2),(1302,434,'group loan',0,'0.0000',2,'0.0000',2,0,'0.0000',2,'0.0000',2),(1303,435,'group loan',0,'0.0000',2,'0.0000',2,0,'0.0000',2,'0.0000',2),(1304,435,'loan prod 2',1,'6000.0000',2,'5.8000',2,0,'0.0000',2,'0.0000',2),(1305,435,'loan prod 1',2,'6000.0000',2,'5.8000',2,0,'0.0000',2,'0.0000',2),(1306,436,'loan prod 1',0,'0.0000',2,'0.0000',2,0,'0.0000',2,'0.0000',2),(1307,436,'loan prod 2',0,'0.0000',2,'0.0000',2,0,'0.0000',2,'0.0000',2),(1308,436,'group loan',0,'0.0000',2,'0.0000',2,0,'0.0000',2,'0.0000',2),(1309,437,'loan prod 2',0,'0.0000',2,'0.0000',2,0,'0.0000',2,'0.0000',2),(1310,437,'group loan',0,'0.0000',2,'0.0000',2,0,'0.0000',2,'0.0000',2),(1311,437,'loan prod 1',1,'3000.0000',2,'21.0000',2,1,'2924.9000',2,'18.1000',2),(1312,438,'loan prod 1',0,'0.0000',2,'0.0000',2,0,'0.0000',2,'0.0000',2),(1313,438,'loan prod 2',0,'0.0000',2,'0.0000',2,0,'0.0000',2,'0.0000',2),(1314,438,'group loan',0,'0.0000',2,'0.0000',2,0,'0.0000',2,'0.0000',2),(1315,439,'group loan',0,'0.0000',2,'0.0000',2,0,'0.0000',2,'0.0000',2),(1316,439,'loan prod 2',1,'6000.0000',2,'5.8000',2,0,'0.0000',2,'0.0000',2),(1317,439,'loan prod 1',2,'6000.0000',2,'5.8000',2,0,'0.0000',2,'0.0000',2),(1318,440,'loan prod 1',0,'0.0000',2,'0.0000',2,0,'0.0000',2,'0.0000',2),(1319,440,'loan prod 2',0,'0.0000',2,'0.0000',2,0,'0.0000',2,'0.0000',2),(1320,440,'group loan',0,'0.0000',2,'0.0000',2,0,'0.0000',2,'0.0000',2),(1321,441,'loan prod 2',0,'0.0000',2,'0.0000',2,0,'0.0000',2,'0.0000',2),(1322,441,'group loan',0,'0.0000',2,'0.0000',2,0,'0.0000',2,'0.0000',2),(1323,441,'loan prod 1',1,'3000.0000',2,'21.0000',2,1,'2924.9000',2,'18.1000',2),(1324,442,'loan prod 1',0,'0.0000',2,'0.0000',2,0,'0.0000',2,'0.0000',2),(1325,442,'loan prod 2',0,'0.0000',2,'0.0000',2,0,'0.0000',2,'0.0000',2),(1326,442,'group loan',0,'0.0000',2,'0.0000',2,0,'0.0000',2,'0.0000',2),(1327,443,'group loan',0,'0.0000',2,'0.0000',2,0,'0.0000',2,'0.0000',2),(1328,443,'loan prod 2',1,'6000.0000',2,'5.8000',2,0,'0.0000',2,'0.0000',2),(1329,443,'loan prod 1',2,'6000.0000',2,'5.8000',2,0,'0.0000',2,'0.0000',2),(1330,444,'loan prod 1',0,'0.0000',2,'0.0000',2,0,'0.0000',2,'0.0000',2),(1331,444,'loan prod 2',0,'0.0000',2,'0.0000',2,0,'0.0000',2,'0.0000',2),(1332,444,'group loan',0,'0.0000',2,'0.0000',2,0,'0.0000',2,'0.0000',2),(1333,445,'loan prod 2',0,'0.0000',2,'0.0000',2,0,'0.0000',2,'0.0000',2),(1334,445,'group loan',0,'0.0000',2,'0.0000',2,0,'0.0000',2,'0.0000',2),(1335,445,'loan prod 1',1,'3000.0000',2,'21.0000',2,1,'2924.9000',2,'18.1000',2),(1336,446,'loan prod 1',0,'0.0000',2,'0.0000',2,0,'0.0000',2,'0.0000',2),(1337,446,'loan prod 2',0,'0.0000',2,'0.0000',2,0,'0.0000',2,'0.0000',2),(1338,446,'group loan',0,'0.0000',2,'0.0000',2,0,'0.0000',2,'0.0000',2),(1339,447,'group loan',0,'0.0000',2,'0.0000',2,0,'0.0000',2,'0.0000',2),(1340,447,'loan prod 2',1,'6000.0000',2,'5.8000',2,0,'0.0000',2,'0.0000',2),(1341,447,'loan prod 1',2,'6000.0000',2,'5.8000',2,0,'0.0000',2,'0.0000',2),(1342,448,'loan prod 1',0,'0.0000',2,'0.0000',2,0,'0.0000',2,'0.0000',2),(1343,448,'loan prod 2',0,'0.0000',2,'0.0000',2,0,'0.0000',2,'0.0000',2),(1344,448,'group loan',0,'0.0000',2,'0.0000',2,0,'0.0000',2,'0.0000',2);
/*!40000 ALTER TABLE `batch_loan_details` ENABLE KEYS */;
UNLOCK TABLES;

--
-- Table structure for table `batch_staff_summary`
--

DROP TABLE IF EXISTS `batch_staff_summary`;
/*!40101 SET @saved_cs_client     = @@character_set_client */;
/*!40101 SET character_set_client = utf8 */;
CREATE TABLE `batch_staff_summary` (
  `staff_summary_id` int(11) NOT NULL AUTO_INCREMENT,
  `branch_report_id` int(11) NOT NULL,
  `personnel_id` smallint(6) NOT NULL,
  `personnel_name` varchar(50) NOT NULL,
  `joining_date` date DEFAULT NULL,
  `active_borrowers` int(11) NOT NULL,
  `active_loans` int(11) NOT NULL,
  `center_count` int(11) NOT NULL,
  `client_count` int(11) NOT NULL,
  `loan_amount_outstanding` decimal(21,4) NOT NULL,
  `loan_amount_outstanding_currency_id` smallint(6) NOT NULL,
  `interest_fees_outstanding` decimal(21,4) NOT NULL,
  `interest_fees_outstanding_currency_id` smallint(6) NOT NULL,
  `portfolio_at_risk` decimal(21,4) NOT NULL,
  `total_clients_enrolled` int(11) NOT NULL,
  `clients_enrolled_this_month` int(11) NOT NULL,
  `loan_arrears_amount` decimal(21,4) NOT NULL,
  `loan_arrears_amount_currency_id` smallint(6) NOT NULL,
  PRIMARY KEY (`staff_summary_id`),
  KEY `branch_report_id` (`branch_report_id`),
  CONSTRAINT `batch_staff_summary_ibfk_1` FOREIGN KEY (`branch_report_id`) REFERENCES `batch_branch_report` (`branch_report_id`)
) ENGINE=InnoDB AUTO_INCREMENT=553 DEFAULT CHARSET=utf8;
/*!40101 SET character_set_client = @saved_cs_client */;

--
-- Dumping data for table `batch_staff_summary`
--

LOCK TABLES `batch_staff_summary` WRITE;
/*!40000 ALTER TABLE `batch_staff_summary` DISABLE KEYS */;
INSERT INTO `batch_staff_summary` VALUES (1,1,5,'br2 LO xxx','2010-07-20',1,1,2,4,'2924.9000',2,'18.1000',2,'0.0000',3,3,'0.0000',2),(2,3,4,'br1 lo 2 xxx','2010-07-04',0,0,2,3,'0.0000',2,'0.0000',2,'0.0000',2,2,'0.0000',2),(3,3,3,'br1 lo 1 smith','2010-06-20',0,0,2,9,'0.0000',2,'0.0000',2,'0.0000',11,11,'0.0000',2),(4,5,5,'br2 LO xxx','2010-07-20',1,1,2,4,'2924.9000',2,'18.1000',2,'0.0000',3,0,'0.0000',2),(5,7,3,'br1 lo 1 smith','2010-06-20',0,0,2,12,'0.0000',2,'0.0000',2,'0.0000',20,2,'0.0000',2),(6,7,6,'br1 lo3 Sturty xxx','2010-07-29',0,0,1,1,'0.0000',2,'0.0000',2,'0.0000',0,0,'0.0000',2),(7,7,4,'br1 lo 2 xxx','2010-07-04',0,0,1,5,'0.0000',2,'0.0000',2,'0.0000',2,0,'0.0000',2),(8,9,5,'br2 LO xxx','2010-07-20',1,1,2,4,'2924.9000',2,'18.1000',2,'0.0000',3,0,'0.0000',2),(9,11,3,'br1 lo 1 smith','2010-06-20',0,0,2,12,'0.0000',2,'0.0000',2,'0.0000',20,2,'0.0000',2),(10,11,4,'br1 lo 2 xxx','2010-07-04',0,0,1,5,'0.0000',2,'0.0000',2,'0.0000',2,0,'0.0000',2),(11,11,6,'br1 lo3 Sturty xxx','2010-07-29',0,0,1,1,'0.0000',2,'0.0000',2,'0.0000',0,0,'0.0000',2),(12,13,5,'br2 LO xxx','2010-07-20',1,1,2,4,'2924.9000',2,'18.1000',2,'0.0000',3,0,'0.0000',2),(13,15,3,'br1 lo 1 smith','2010-06-20',0,0,2,12,'0.0000',2,'0.0000',2,'0.0000',20,2,'0.0000',2),(14,15,4,'br1 lo 2 xxx','2010-07-04',0,0,1,5,'0.0000',2,'0.0000',2,'0.0000',2,0,'0.0000',2),(15,15,6,'br1 lo3 Sturty xxx','2010-07-29',0,0,1,1,'0.0000',2,'0.0000',2,'0.0000',0,0,'0.0000',2),(16,17,5,'br2 LO xxx','2010-07-20',1,1,2,4,'2924.9000',2,'18.1000',2,'0.0000',3,0,'0.0000',2),(17,19,3,'br1 lo 1 smith','2010-06-20',0,0,2,12,'0.0000',2,'0.0000',2,'0.0000',20,2,'0.0000',2),(18,19,4,'br1 lo 2 xxx','2010-07-04',0,0,1,5,'0.0000',2,'0.0000',2,'0.0000',2,0,'0.0000',2),(19,19,6,'br1 lo3 Sturty xxx','2010-07-29',0,0,1,1,'0.0000',2,'0.0000',2,'0.0000',0,0,'0.0000',2),(20,21,5,'br2 LO xxx','2010-07-20',1,1,2,4,'2924.9000',2,'18.1000',2,'0.0000',3,0,'0.0000',2),(21,23,4,'br1 lo 2 xxx','2010-07-04',0,0,1,5,'0.0000',2,'0.0000',2,'0.0000',2,0,'0.0000',2),(22,23,6,'br1 lo3 Sturty xxx','2010-07-29',0,0,1,1,'0.0000',2,'0.0000',2,'0.0000',0,0,'0.0000',2),(23,23,3,'br1 lo 1 smith','2010-06-20',0,0,2,12,'0.0000',2,'0.0000',2,'0.0000',20,2,'0.0000',2),(28,29,5,'br2 LO xxx','2010-07-20',1,1,2,4,'2924.9000',2,'18.1000',2,'0.0000',3,0,'0.0000',2),(29,30,7,'Fees LO xxx','2010-04-27',0,0,3,1,'0.0000',2,'0.0000',2,'0.0000',1,0,'0.0000',2),(30,31,4,'br1 lo 2 xxx','2010-07-04',0,0,1,5,'0.0000',2,'0.0000',2,'0.0000',2,0,'0.0000',2),(31,31,3,'br1 lo 1 smith','2010-06-20',0,0,3,12,'0.0000',2,'0.0000',2,'0.0000',22,0,'0.0000',2),(32,31,6,'br1 lo3 Sturty xxx','2010-07-29',0,0,1,3,'0.0000',2,'0.0000',2,'0.0000',0,0,'0.0000',2),(33,33,5,'br2 LO xxx','2010-07-20',1,1,2,4,'2924.9000',2,'18.1000',2,'0.0000',3,0,'0.0000',2),(34,34,7,'Fees LO xxx','2010-04-27',0,0,3,1,'0.0000',2,'0.0000',2,'0.0000',1,0,'0.0000',2),(35,35,6,'br1 lo3 Sturty xxx','2010-07-29',0,0,1,3,'0.0000',2,'0.0000',2,'0.0000',0,0,'0.0000',2),(36,35,3,'br1 lo 1 smith','2010-06-20',0,0,3,12,'0.0000',2,'0.0000',2,'0.0000',22,0,'0.0000',2),(37,35,4,'br1 lo 2 xxx','2010-07-04',0,0,1,5,'0.0000',2,'0.0000',2,'0.0000',2,0,'0.0000',2),(38,37,5,'br2 LO xxx','2010-07-20',1,1,2,4,'2924.9000',2,'18.1000',2,'0.0000',3,0,'0.0000',2),(39,38,7,'Fees LO xxx','2010-04-27',0,0,3,1,'0.0000',2,'0.0000',2,'0.0000',1,0,'0.0000',2),(40,39,4,'br1 lo 2 xxx','2010-07-04',0,0,1,5,'0.0000',2,'0.0000',2,'0.0000',2,0,'0.0000',2),(41,39,3,'br1 lo 1 smith','2010-06-20',0,0,3,12,'0.0000',2,'0.0000',2,'0.0000',22,0,'0.0000',2),(42,39,6,'br1 lo3 Sturty xxx','2010-07-29',0,0,1,3,'0.0000',2,'0.0000',2,'0.0000',0,0,'0.0000',2),(43,41,5,'br2 LO xxx','2010-07-20',1,1,2,4,'2924.9000',2,'18.1000',2,'0.0000',3,0,'0.0000',2),(44,42,7,'Fees LO xxx','2010-04-27',0,0,3,1,'0.0000',2,'0.0000',2,'0.0000',1,0,'0.0000',2),(45,43,6,'br1 lo3 Sturty xxx','2010-07-29',0,0,1,3,'0.0000',2,'0.0000',2,'0.0000',0,0,'0.0000',2),(46,43,3,'br1 lo 1 smith','2010-06-20',0,0,3,12,'0.0000',2,'0.0000',2,'0.0000',22,0,'0.0000',2),(47,43,4,'br1 lo 2 xxx','2010-07-04',0,0,1,5,'0.0000',2,'0.0000',2,'0.0000',2,0,'0.0000',2),(48,45,5,'br2 LO xxx','2010-07-20',1,1,2,4,'2924.9000',2,'18.1000',2,'0.0000',3,0,'0.0000',2),(49,46,7,'Fees LO xxx','2010-04-27',0,0,3,1,'0.0000',2,'0.0000',2,'0.0000',1,0,'0.0000',2),(50,47,6,'br1 lo3 Sturty xxx','2010-07-29',0,0,1,3,'0.0000',2,'0.0000',2,'0.0000',0,0,'0.0000',2),(51,47,3,'br1 lo 1 smith','2010-06-20',0,0,3,12,'0.0000',2,'0.0000',2,'0.0000',22,0,'0.0000',2),(52,47,4,'br1 lo 2 xxx','2010-07-04',0,0,1,5,'0.0000',2,'0.0000',2,'0.0000',2,0,'0.0000',2),(53,49,5,'br2 LO xxx','2010-07-20',1,1,2,4,'2924.9000',2,'18.1000',2,'0.0000',3,0,'0.0000',2),(54,50,7,'Fees LO xxx','2010-04-27',0,0,3,1,'0.0000',2,'0.0000',2,'0.0000',1,0,'0.0000',2),(55,51,6,'br1 lo3 Sturty xxx','2010-07-29',0,0,1,3,'0.0000',2,'0.0000',2,'0.0000',0,0,'0.0000',2),(56,51,3,'br1 lo 1 smith','2010-06-20',0,0,3,12,'0.0000',2,'0.0000',2,'0.0000',22,0,'0.0000',2),(57,51,4,'br1 lo 2 xxx','2010-07-04',0,0,1,5,'0.0000',2,'0.0000',2,'0.0000',2,0,'0.0000',2),(58,53,5,'br2 LO xxx','2010-07-20',1,1,2,4,'2924.9000',2,'18.1000',2,'0.0000',3,0,'0.0000',2),(59,54,7,'Fees LO xxx','2010-04-27',0,0,3,1,'0.0000',2,'0.0000',2,'0.0000',1,0,'0.0000',2),(60,55,4,'br1 lo 2 xxx','2010-07-04',0,0,1,5,'0.0000',2,'0.0000',2,'0.0000',2,0,'0.0000',2),(61,55,6,'br1 lo3 Sturty xxx','2010-07-29',0,0,1,3,'0.0000',2,'0.0000',2,'0.0000',0,0,'0.0000',2),(62,55,3,'br1 lo 1 smith','2010-06-20',0,0,3,12,'0.0000',2,'0.0000',2,'0.0000',22,0,'0.0000',2),(63,57,5,'br2 LO xxx','2010-07-20',1,1,2,4,'2924.9000',2,'18.1000',2,'0.0000',3,0,'0.0000',2),(64,58,7,'Fees LO xxx','2010-04-27',0,0,3,1,'0.0000',2,'0.0000',2,'0.0000',1,0,'0.0000',2),(65,59,4,'br1 lo 2 xxx','2010-07-04',0,0,1,5,'0.0000',2,'0.0000',2,'0.0000',2,0,'0.0000',2),(66,59,3,'br1 lo 1 smith','2010-06-20',0,0,3,12,'0.0000',2,'0.0000',2,'0.0000',22,0,'0.0000',2),(67,59,6,'br1 lo3 Sturty xxx','2010-07-29',0,0,1,3,'0.0000',2,'0.0000',2,'0.0000',0,0,'0.0000',2),(68,61,5,'br2 LO xxx','2010-07-20',1,1,2,4,'2924.9000',2,'18.1000',2,'0.0000',3,0,'0.0000',2),(69,62,7,'Fees LO xxx','2010-04-27',0,0,3,1,'0.0000',2,'0.0000',2,'0.0000',1,0,'0.0000',2),(70,63,6,'br1 lo3 Sturty xxx','2010-07-29',0,0,1,3,'0.0000',2,'0.0000',2,'0.0000',0,0,'0.0000',2),(71,63,4,'br1 lo 2 xxx','2010-07-04',0,0,1,5,'0.0000',2,'0.0000',2,'0.0000',2,0,'0.0000',2),(72,63,3,'br1 lo 1 smith','2010-06-20',0,0,3,12,'0.0000',2,'0.0000',2,'0.0000',22,0,'0.0000',2),(73,65,5,'br2 LO xxx','2010-07-20',1,1,2,4,'2924.9000',2,'18.1000',2,'0.0000',3,0,'0.0000',2),(74,66,7,'Fees LO xxx','2010-04-27',0,0,3,1,'0.0000',2,'0.0000',2,'0.0000',1,0,'0.0000',2),(75,67,6,'br1 lo3 Sturty xxx','2010-07-29',0,0,1,3,'0.0000',2,'0.0000',2,'0.0000',0,0,'0.0000',2),(76,67,3,'br1 lo 1 smith','2010-06-20',0,0,3,12,'0.0000',2,'0.0000',2,'0.0000',22,0,'0.0000',2),(77,67,4,'br1 lo 2 xxx','2010-07-04',0,0,1,5,'0.0000',2,'0.0000',2,'0.0000',2,0,'0.0000',2),(78,69,5,'br2 LO xxx','2010-07-20',1,1,2,4,'2924.9000',2,'18.1000',2,'0.0000',3,0,'0.0000',2),(79,70,7,'Fees LO xxx','2010-04-27',0,0,3,1,'0.0000',2,'0.0000',2,'0.0000',1,0,'0.0000',2),(80,71,3,'br1 lo 1 smith','2010-06-20',0,0,3,12,'0.0000',2,'0.0000',2,'0.0000',22,0,'0.0000',2),(81,71,4,'br1 lo 2 xxx','2010-07-04',0,0,1,5,'0.0000',2,'0.0000',2,'0.0000',2,0,'0.0000',2),(82,71,6,'br1 lo3 Sturty xxx','2010-07-29',0,0,1,3,'0.0000',2,'0.0000',2,'0.0000',0,0,'0.0000',2),(83,73,5,'br2 LO xxx','2010-07-20',1,1,2,4,'2924.9000',2,'18.1000',2,'0.0000',3,0,'0.0000',2),(84,74,7,'Fees LO xxx','2010-04-27',0,0,3,1,'0.0000',2,'0.0000',2,'0.0000',1,0,'0.0000',2),(85,75,3,'br1 lo 1 smith','2010-06-20',0,0,3,12,'0.0000',2,'0.0000',2,'0.0000',22,0,'0.0000',2),(86,75,6,'br1 lo3 Sturty xxx','2010-07-29',0,0,1,3,'0.0000',2,'0.0000',2,'0.0000',0,0,'0.0000',2),(87,75,4,'br1 lo 2 xxx','2010-07-04',0,0,1,5,'0.0000',2,'0.0000',2,'0.0000',2,0,'0.0000',2),(88,77,5,'br2 LO xxx','2010-07-20',1,1,2,4,'2924.9000',2,'18.1000',2,'0.0000',3,0,'0.0000',2),(89,78,7,'Fees LO xxx','2010-04-27',0,0,3,1,'0.0000',2,'0.0000',2,'0.0000',1,0,'0.0000',2),(90,79,6,'br1 lo3 Sturty xxx','2010-07-29',0,0,1,3,'0.0000',2,'0.0000',2,'0.0000',0,0,'0.0000',2),(91,79,3,'br1 lo 1 smith','2010-06-20',0,0,3,12,'0.0000',2,'0.0000',2,'0.0000',22,0,'0.0000',2),(92,79,4,'br1 lo 2 xxx','2010-07-04',0,0,1,5,'0.0000',2,'0.0000',2,'0.0000',2,0,'0.0000',2),(93,81,5,'br2 LO xxx','2010-07-20',1,1,2,4,'2924.9000',2,'18.1000',2,'0.0000',3,0,'0.0000',2),(94,82,7,'Fees LO xxx','2010-04-27',0,0,3,1,'0.0000',2,'0.0000',2,'0.0000',1,0,'0.0000',2),(95,83,6,'br1 lo3 Sturty xxx','2010-07-29',0,0,1,3,'0.0000',2,'0.0000',2,'0.0000',0,0,'0.0000',2),(96,83,4,'br1 lo 2 xxx','2010-07-04',0,0,1,5,'0.0000',2,'0.0000',2,'0.0000',2,0,'0.0000',2),(97,83,3,'br1 lo 1 smith','2010-06-20',0,0,3,12,'0.0000',2,'0.0000',2,'0.0000',22,0,'0.0000',2),(98,85,5,'br2 LO xxx','2010-07-20',1,1,2,4,'2924.9000',2,'18.1000',2,'0.0000',3,0,'0.0000',2),(99,86,7,'Fees LO xxx','2010-04-27',0,0,3,1,'0.0000',2,'0.0000',2,'0.0000',1,0,'0.0000',2),(100,87,3,'br1 lo 1 smith','2010-06-20',0,0,3,12,'0.0000',2,'0.0000',2,'0.0000',22,0,'0.0000',2),(101,87,4,'br1 lo 2 xxx','2010-07-04',0,0,1,5,'0.0000',2,'0.0000',2,'0.0000',2,0,'0.0000',2),(102,87,6,'br1 lo3 Sturty xxx','2010-07-29',0,0,1,3,'0.0000',2,'0.0000',2,'0.0000',0,0,'0.0000',2),(103,89,5,'br2 LO xxx','2010-07-20',1,1,2,4,'2924.9000',2,'18.1000',2,'0.0000',3,0,'0.0000',2),(104,90,7,'Fees LO xxx','2010-04-27',0,0,3,1,'0.0000',2,'0.0000',2,'0.0000',1,0,'0.0000',2),(105,91,4,'br1 lo 2 xxx','2010-07-04',0,0,1,5,'0.0000',2,'0.0000',2,'0.0000',2,0,'0.0000',2),(106,91,3,'br1 lo 1 smith','2010-06-20',0,0,3,12,'0.0000',2,'0.0000',2,'0.0000',22,0,'0.0000',2),(107,91,6,'br1 lo3 Sturty xxx','2010-07-29',0,0,1,3,'0.0000',2,'0.0000',2,'0.0000',0,0,'0.0000',2),(108,93,5,'br2 LO xxx','2010-07-20',1,1,2,4,'2924.9000',2,'18.1000',2,'0.0000',3,0,'0.0000',2),(109,94,7,'Fees LO xxx','2010-04-27',0,0,3,1,'0.0000',2,'0.0000',2,'0.0000',1,0,'0.0000',2),(110,95,6,'br1 lo3 Sturty xxx','2010-07-29',0,0,1,3,'0.0000',2,'0.0000',2,'0.0000',0,0,'0.0000',2),(111,95,4,'br1 lo 2 xxx','2010-07-04',0,0,1,5,'0.0000',2,'0.0000',2,'0.0000',2,0,'0.0000',2),(112,95,3,'br1 lo 1 smith','2010-06-20',0,0,3,12,'0.0000',2,'0.0000',2,'0.0000',22,0,'0.0000',2),(113,97,5,'br2 LO xxx','2010-07-20',1,1,2,4,'2924.9000',2,'18.1000',2,'0.0000',3,0,'0.0000',2),(114,98,7,'Fees LO xxx','2010-04-27',0,0,3,1,'0.0000',2,'0.0000',2,'0.0000',1,0,'0.0000',2),(115,99,3,'br1 lo 1 smith','2010-06-20',0,0,3,12,'0.0000',2,'0.0000',2,'0.0000',22,0,'0.0000',2),(116,99,6,'br1 lo3 Sturty xxx','2010-07-29',0,0,1,3,'0.0000',2,'0.0000',2,'0.0000',0,0,'0.0000',2),(117,99,4,'br1 lo 2 xxx','2010-07-04',0,0,1,5,'0.0000',2,'0.0000',2,'0.0000',2,0,'0.0000',2),(118,101,5,'br2 LO xxx','2010-07-20',1,1,2,4,'2924.9000',2,'18.1000',2,'0.0000',3,0,'0.0000',2),(119,102,7,'Fees LO xxx','2010-04-27',0,0,3,1,'0.0000',2,'0.0000',2,'0.0000',1,0,'0.0000',2),(120,103,4,'br1 lo 2 xxx','2010-07-04',0,0,1,5,'0.0000',2,'0.0000',2,'0.0000',2,0,'0.0000',2),(121,103,3,'br1 lo 1 smith','2010-06-20',0,0,3,12,'0.0000',2,'0.0000',2,'0.0000',22,0,'0.0000',2),(122,103,6,'br1 lo3 Sturty xxx','2010-07-29',0,0,1,3,'0.0000',2,'0.0000',2,'0.0000',0,0,'0.0000',2),(123,105,5,'br2 LO xxx','2010-07-20',1,1,2,4,'2924.9000',2,'18.1000',2,'0.0000',3,0,'0.0000',2),(124,106,7,'Fees LO xxx','2010-04-27',0,0,3,1,'0.0000',2,'0.0000',2,'0.0000',1,0,'0.0000',2),(125,107,4,'br1 lo 2 xxx','2010-07-04',0,0,1,5,'0.0000',2,'0.0000',2,'0.0000',2,0,'0.0000',2),(126,107,6,'br1 lo3 Sturty xxx','2010-07-29',0,0,1,3,'0.0000',2,'0.0000',2,'0.0000',0,0,'0.0000',2),(127,107,3,'br1 lo 1 smith','2010-06-20',0,0,3,12,'0.0000',2,'0.0000',2,'0.0000',22,0,'0.0000',2),(128,109,5,'br2 LO xxx','2010-07-20',1,1,2,4,'2924.9000',2,'18.1000',2,'0.0000',3,0,'0.0000',2),(129,110,7,'Fees LO xxx','2010-04-27',0,0,3,1,'0.0000',2,'0.0000',2,'0.0000',1,0,'0.0000',2),(130,111,3,'br1 lo 1 smith','2010-06-20',0,0,3,12,'0.0000',2,'0.0000',2,'0.0000',22,0,'0.0000',2),(131,111,4,'br1 lo 2 xxx','2010-07-04',0,0,1,5,'0.0000',2,'0.0000',2,'0.0000',2,0,'0.0000',2),(132,111,6,'br1 lo3 Sturty xxx','2010-07-29',0,0,1,3,'0.0000',2,'0.0000',2,'0.0000',0,0,'0.0000',2),(133,113,5,'br2 LO xxx','2010-07-20',1,1,2,4,'2924.9000',2,'18.1000',2,'0.0000',3,0,'0.0000',2),(134,114,7,'Fees LO xxx','2010-04-27',0,0,3,1,'0.0000',2,'0.0000',2,'0.0000',1,0,'0.0000',2),(135,115,4,'br1 lo 2 xxx','2010-07-04',0,0,1,5,'0.0000',2,'0.0000',2,'0.0000',2,0,'0.0000',2),(136,115,6,'br1 lo3 Sturty xxx','2010-07-29',0,0,1,3,'0.0000',2,'0.0000',2,'0.0000',0,0,'0.0000',2),(137,115,3,'br1 lo 1 smith','2010-06-20',0,0,3,12,'0.0000',2,'0.0000',2,'0.0000',22,0,'0.0000',2),(138,117,5,'br2 LO xxx','2010-07-20',1,1,2,4,'2924.9000',2,'18.1000',2,'0.0000',3,0,'0.0000',2),(139,118,7,'Fees LO xxx','2010-04-27',0,0,3,1,'0.0000',2,'0.0000',2,'0.0000',1,0,'0.0000',2),(140,119,3,'br1 lo 1 smith','2010-06-20',0,0,3,12,'0.0000',2,'0.0000',2,'0.0000',22,0,'0.0000',2),(141,119,4,'br1 lo 2 xxx','2010-07-04',0,0,1,5,'0.0000',2,'0.0000',2,'0.0000',2,0,'0.0000',2),(142,119,6,'br1 lo3 Sturty xxx','2010-07-29',0,0,1,3,'0.0000',2,'0.0000',2,'0.0000',0,0,'0.0000',2),(143,121,5,'br2 LO xxx','2010-07-20',1,1,2,4,'2924.9000',2,'18.1000',2,'0.0000',3,0,'0.0000',2),(144,122,7,'Fees LO xxx','2010-04-27',0,0,3,1,'0.0000',2,'0.0000',2,'0.0000',1,0,'0.0000',2),(145,123,6,'br1 lo3 Sturty xxx','2010-07-29',0,0,1,3,'0.0000',2,'0.0000',2,'0.0000',0,0,'0.0000',2),(146,123,3,'br1 lo 1 smith','2010-06-20',0,0,3,12,'0.0000',2,'0.0000',2,'0.0000',22,0,'0.0000',2),(147,123,4,'br1 lo 2 xxx','2010-07-04',0,0,1,5,'0.0000',2,'0.0000',2,'0.0000',2,0,'0.0000',2),(148,125,5,'br2 LO xxx','2010-07-20',1,1,2,4,'2924.9000',2,'18.1000',2,'0.0000',3,0,'0.0000',2),(149,126,7,'Fees LO xxx','2010-04-27',0,0,3,1,'0.0000',2,'0.0000',2,'0.0000',1,0,'0.0000',2),(150,127,4,'br1 lo 2 xxx','2010-07-04',0,0,1,5,'0.0000',2,'0.0000',2,'0.0000',2,0,'0.0000',2),(151,127,6,'br1 lo3 Sturty xxx','2010-07-29',0,0,1,3,'0.0000',2,'0.0000',2,'0.0000',0,0,'0.0000',2),(152,127,3,'br1 lo 1 smith','2010-06-20',0,0,3,12,'0.0000',2,'0.0000',2,'0.0000',22,0,'0.0000',2),(153,129,5,'br2 LO xxx','2010-07-20',1,1,2,4,'2924.9000',2,'18.1000',2,'0.0000',3,0,'0.0000',2),(154,130,7,'Fees LO xxx','2010-04-27',0,0,3,1,'0.0000',2,'0.0000',2,'0.0000',1,0,'0.0000',2),(155,131,3,'br1 lo 1 smith','2010-06-20',0,0,3,12,'0.0000',2,'0.0000',2,'0.0000',22,0,'0.0000',2),(156,131,6,'br1 lo3 Sturty xxx','2010-07-29',0,0,1,3,'0.0000',2,'0.0000',2,'0.0000',0,0,'0.0000',2),(157,131,4,'br1 lo 2 xxx','2010-07-04',0,0,1,5,'0.0000',2,'0.0000',2,'0.0000',2,0,'0.0000',2),(158,133,5,'br2 LO xxx','2010-07-20',1,1,2,4,'2924.9000',2,'18.1000',2,'0.0000',3,0,'0.0000',2),(159,134,7,'Fees LO xxx','2010-04-27',0,0,3,1,'0.0000',2,'0.0000',2,'0.0000',1,0,'0.0000',2),(160,135,4,'br1 lo 2 xxx','2010-07-04',0,0,1,5,'0.0000',2,'0.0000',2,'0.0000',2,0,'0.0000',2),(161,135,3,'br1 lo 1 smith','2010-06-20',0,0,3,12,'0.0000',2,'0.0000',2,'0.0000',22,0,'0.0000',2),(162,135,6,'br1 lo3 Sturty xxx','2010-07-29',0,0,1,3,'0.0000',2,'0.0000',2,'0.0000',0,0,'0.0000',2),(163,137,5,'br2 LO xxx','2010-07-20',1,1,2,4,'2924.9000',2,'18.1000',2,'0.0000',3,0,'0.0000',2),(164,138,7,'Fees LO xxx','2010-04-27',0,0,3,1,'0.0000',2,'0.0000',2,'0.0000',1,0,'0.0000',2),(165,139,3,'br1 lo 1 smith','2010-06-20',0,0,3,12,'0.0000',2,'0.0000',2,'0.0000',22,0,'0.0000',2),(166,139,6,'br1 lo3 Sturty xxx','2010-07-29',0,0,1,3,'0.0000',2,'0.0000',2,'0.0000',0,0,'0.0000',2),(167,139,4,'br1 lo 2 xxx','2010-07-04',0,0,1,5,'0.0000',2,'0.0000',2,'0.0000',2,0,'0.0000',2),(168,141,5,'br2 LO xxx','2010-07-20',1,1,2,4,'2924.9000',2,'18.1000',2,'0.0000',3,0,'0.0000',2),(169,142,7,'Fees LO xxx','2010-04-27',0,0,3,1,'0.0000',2,'0.0000',2,'0.0000',1,0,'0.0000',2),(170,143,3,'br1 lo 1 smith','2010-06-20',0,0,3,12,'0.0000',2,'0.0000',2,'0.0000',22,0,'0.0000',2),(171,143,4,'br1 lo 2 xxx','2010-07-04',0,0,1,5,'0.0000',2,'0.0000',2,'0.0000',2,0,'0.0000',2),(172,143,6,'br1 lo3 Sturty xxx','2010-07-29',0,0,1,3,'0.0000',2,'0.0000',2,'0.0000',0,0,'0.0000',2),(173,145,5,'br2 LO xxx','2010-07-20',1,1,2,4,'2924.9000',2,'18.1000',2,'0.0000',3,0,'0.0000',2),(174,146,7,'Fees LO xxx','2010-04-27',0,0,3,1,'0.0000',2,'0.0000',2,'0.0000',1,0,'0.0000',2),(175,147,3,'br1 lo 1 smith','2010-06-20',0,0,3,12,'0.0000',2,'0.0000',2,'0.0000',22,0,'0.0000',2),(176,147,4,'br1 lo 2 xxx','2010-07-04',0,0,1,5,'0.0000',2,'0.0000',2,'0.0000',2,0,'0.0000',2),(177,147,6,'br1 lo3 Sturty xxx','2010-07-29',0,0,1,3,'0.0000',2,'0.0000',2,'0.0000',0,0,'0.0000',2),(178,149,5,'br2 LO xxx','2010-07-20',1,1,2,4,'2924.9000',2,'18.1000',2,'0.0000',3,0,'0.0000',2),(179,150,7,'Fees LO xxx','2010-04-27',0,0,3,1,'0.0000',2,'0.0000',2,'0.0000',1,0,'0.0000',2),(180,151,4,'br1 lo 2 xxx','2010-07-04',0,0,1,5,'0.0000',2,'0.0000',2,'0.0000',2,0,'0.0000',2),(181,151,3,'br1 lo 1 smith','2010-06-20',0,0,3,12,'0.0000',2,'0.0000',2,'0.0000',22,0,'0.0000',2),(182,151,6,'br1 lo3 Sturty xxx','2010-07-29',0,0,1,3,'0.0000',2,'0.0000',2,'0.0000',0,0,'0.0000',2),(183,153,5,'br2 LO xxx','2010-07-20',1,1,2,4,'2924.9000',2,'18.1000',2,'0.0000',3,0,'0.0000',2),(184,154,7,'Fees LO xxx','2010-04-27',0,0,3,1,'0.0000',2,'0.0000',2,'0.0000',1,0,'0.0000',2),(185,155,6,'br1 lo3 Sturty xxx','2010-07-29',0,0,1,3,'0.0000',2,'0.0000',2,'0.0000',0,0,'0.0000',2),(186,155,3,'br1 lo 1 smith','2010-06-20',0,0,3,12,'0.0000',2,'0.0000',2,'0.0000',22,0,'0.0000',2),(187,155,4,'br1 lo 2 xxx','2010-07-04',0,0,1,5,'0.0000',2,'0.0000',2,'0.0000',2,0,'0.0000',2),(188,157,5,'br2 LO xxx','2010-07-20',1,1,2,4,'2924.9000',2,'18.1000',2,'0.0000',3,0,'0.0000',2),(189,158,7,'Fees LO xxx','2010-04-27',0,0,3,1,'0.0000',2,'0.0000',2,'0.0000',1,0,'0.0000',2),(190,159,3,'br1 lo 1 smith','2010-06-20',0,0,3,12,'0.0000',2,'0.0000',2,'0.0000',22,0,'0.0000',2),(191,159,6,'br1 lo3 Sturty xxx','2010-07-29',0,0,1,3,'0.0000',2,'0.0000',2,'0.0000',0,0,'0.0000',2),(192,159,4,'br1 lo 2 xxx','2010-07-04',0,0,1,5,'0.0000',2,'0.0000',2,'0.0000',2,0,'0.0000',2),(193,161,5,'br2 LO xxx','2010-07-20',1,1,2,4,'2924.9000',2,'18.1000',2,'0.0000',3,0,'0.0000',2),(194,162,7,'Fees LO xxx','2010-04-27',0,0,3,1,'0.0000',2,'0.0000',2,'0.0000',1,0,'0.0000',2),(195,163,6,'br1 lo3 Sturty xxx','2010-07-29',0,0,1,3,'0.0000',2,'0.0000',2,'0.0000',0,0,'0.0000',2),(196,163,4,'br1 lo 2 xxx','2010-07-04',0,0,1,5,'0.0000',2,'0.0000',2,'0.0000',2,0,'0.0000',2),(197,163,3,'br1 lo 1 smith','2010-06-20',0,0,3,12,'0.0000',2,'0.0000',2,'0.0000',22,0,'0.0000',2),(198,165,5,'br2 LO xxx','2010-07-20',1,1,2,4,'2924.9000',2,'18.1000',2,'0.0000',3,0,'0.0000',2),(199,166,7,'Fees LO xxx','2010-04-27',0,0,3,1,'0.0000',2,'0.0000',2,'0.0000',1,0,'0.0000',2),(200,167,6,'br1 lo3 Sturty xxx','2010-07-29',0,0,1,3,'0.0000',2,'0.0000',2,'0.0000',0,0,'0.0000',2),(201,167,3,'br1 lo 1 smith','2010-06-20',0,0,3,12,'0.0000',2,'0.0000',2,'0.0000',22,0,'0.0000',2),(202,167,4,'br1 lo 2 xxx','2010-07-04',0,0,1,5,'0.0000',2,'0.0000',2,'0.0000',2,0,'0.0000',2),(203,169,5,'br2 LO xxx','2010-07-20',1,1,2,4,'2924.9000',2,'18.1000',2,'0.0000',3,0,'0.0000',2),(204,170,7,'Fees LO xxx','2010-04-27',0,0,3,1,'0.0000',2,'0.0000',2,'0.0000',1,0,'0.0000',2),(205,171,3,'br1 lo 1 smith','2010-06-20',0,0,3,12,'0.0000',2,'0.0000',2,'0.0000',22,0,'0.0000',2),(206,171,6,'br1 lo3 Sturty xxx','2010-07-29',0,0,1,3,'0.0000',2,'0.0000',2,'0.0000',0,0,'0.0000',2),(207,171,4,'br1 lo 2 xxx','2010-07-04',0,0,1,5,'0.0000',2,'0.0000',2,'0.0000',2,0,'0.0000',2),(208,173,5,'br2 LO xxx','2010-07-20',1,1,2,4,'2924.9000',2,'18.1000',2,'0.0000',3,0,'0.0000',2),(209,174,7,'Fees LO xxx','2010-04-27',0,0,3,1,'0.0000',2,'0.0000',2,'0.0000',1,0,'0.0000',2),(210,175,4,'br1 lo 2 xxx','2010-07-04',0,0,1,5,'0.0000',2,'0.0000',2,'0.0000',2,0,'0.0000',2),(211,175,3,'br1 lo 1 smith','2010-06-20',0,0,3,12,'0.0000',2,'0.0000',2,'0.0000',22,0,'0.0000',2),(212,175,6,'br1 lo3 Sturty xxx','2010-07-29',0,0,1,3,'0.0000',2,'0.0000',2,'0.0000',0,0,'0.0000',2),(213,177,5,'br2 LO xxx','2010-07-20',1,1,2,4,'2924.9000',2,'18.1000',2,'0.0000',3,0,'0.0000',2),(214,178,7,'Fees LO xxx','2010-04-27',0,0,3,1,'0.0000',2,'0.0000',2,'0.0000',1,0,'0.0000',2),(215,179,6,'br1 lo3 Sturty xxx','2010-07-29',0,0,1,3,'0.0000',2,'0.0000',2,'0.0000',0,0,'0.0000',2),(216,179,3,'br1 lo 1 smith','2010-06-20',0,0,3,12,'0.0000',2,'0.0000',2,'0.0000',22,0,'0.0000',2),(217,179,4,'br1 lo 2 xxx','2010-07-04',0,0,1,5,'0.0000',2,'0.0000',2,'0.0000',2,0,'0.0000',2),(218,181,5,'br2 LO xxx','2010-07-20',1,1,2,4,'2924.9000',2,'18.1000',2,'0.0000',3,0,'0.0000',2),(219,182,7,'Fees LO xxx','2010-04-27',0,0,3,1,'0.0000',2,'0.0000',2,'0.0000',1,0,'0.0000',2),(220,183,6,'br1 lo3 Sturty xxx','2010-07-29',0,0,1,3,'0.0000',2,'0.0000',2,'0.0000',0,0,'0.0000',2),(221,183,4,'br1 lo 2 xxx','2010-07-04',0,0,1,5,'0.0000',2,'0.0000',2,'0.0000',2,0,'0.0000',2),(222,183,3,'br1 lo 1 smith','2010-06-20',0,0,3,12,'0.0000',2,'0.0000',2,'0.0000',22,0,'0.0000',2),(223,185,5,'br2 LO xxx','2010-07-20',1,1,2,4,'2924.9000',2,'18.1000',2,'0.0000',3,0,'0.0000',2),(224,186,7,'Fees LO xxx','2010-04-27',0,0,3,1,'0.0000',2,'0.0000',2,'0.0000',1,0,'0.0000',2),(225,187,4,'br1 lo 2 xxx','2010-07-04',0,0,1,5,'0.0000',2,'0.0000',2,'0.0000',2,0,'0.0000',2),(226,187,3,'br1 lo 1 smith','2010-06-20',0,0,3,12,'0.0000',2,'0.0000',2,'0.0000',22,0,'0.0000',2),(227,187,6,'br1 lo3 Sturty xxx','2010-07-29',0,0,1,3,'0.0000',2,'0.0000',2,'0.0000',0,0,'0.0000',2),(228,189,5,'br2 LO xxx','2010-07-20',1,1,2,4,'2924.9000',2,'18.1000',2,'0.0000',3,0,'0.0000',2),(229,190,7,'Fees LO xxx','2010-04-27',0,0,3,1,'0.0000',2,'0.0000',2,'0.0000',1,0,'0.0000',2),(230,191,4,'br1 lo 2 xxx','2010-07-04',0,0,1,5,'0.0000',2,'0.0000',2,'0.0000',2,0,'0.0000',2),(231,191,3,'br1 lo 1 smith','2010-06-20',0,0,3,12,'0.0000',2,'0.0000',2,'0.0000',22,0,'0.0000',2),(232,191,6,'br1 lo3 Sturty xxx','2010-07-29',0,0,1,3,'0.0000',2,'0.0000',2,'0.0000',0,0,'0.0000',2),(233,193,5,'br2 LO xxx','2010-07-20',1,1,2,4,'2924.9000',2,'18.1000',2,'0.0000',3,0,'0.0000',2),(234,194,7,'Fees LO xxx','2010-04-27',0,0,3,1,'0.0000',2,'0.0000',2,'0.0000',1,0,'0.0000',2),(235,195,6,'br1 lo3 Sturty xxx','2010-07-29',0,0,1,3,'0.0000',2,'0.0000',2,'0.0000',0,0,'0.0000',2),(236,195,3,'br1 lo 1 smith','2010-06-20',0,0,3,12,'0.0000',2,'0.0000',2,'0.0000',22,0,'0.0000',2),(237,195,4,'br1 lo 2 xxx','2010-07-04',0,0,1,5,'0.0000',2,'0.0000',2,'0.0000',2,0,'0.0000',2),(238,197,5,'br2 LO xxx','2010-07-20',1,1,2,4,'2924.9000',2,'18.1000',2,'0.0000',3,0,'0.0000',2),(239,198,7,'Fees LO xxx','2010-04-27',0,0,3,1,'0.0000',2,'0.0000',2,'0.0000',1,0,'0.0000',2),(240,199,3,'br1 lo 1 smith','2010-06-20',0,0,3,12,'0.0000',2,'0.0000',2,'0.0000',22,0,'0.0000',2),(241,199,6,'br1 lo3 Sturty xxx','2010-07-29',0,0,1,3,'0.0000',2,'0.0000',2,'0.0000',0,0,'0.0000',2),(242,199,4,'br1 lo 2 xxx','2010-07-04',0,0,1,5,'0.0000',2,'0.0000',2,'0.0000',2,0,'0.0000',2),(243,201,5,'br2 LO xxx','2010-07-20',1,1,2,4,'2924.9000',2,'18.1000',2,'0.0000',3,0,'0.0000',2),(244,202,7,'Fees LO xxx','2010-04-27',0,0,3,1,'0.0000',2,'0.0000',2,'0.0000',1,0,'0.0000',2),(245,203,3,'br1 lo 1 smith','2010-06-20',0,0,3,12,'0.0000',2,'0.0000',2,'0.0000',22,0,'0.0000',2),(246,203,6,'br1 lo3 Sturty xxx','2010-07-29',0,0,1,3,'0.0000',2,'0.0000',2,'0.0000',0,0,'0.0000',2),(247,203,4,'br1 lo 2 xxx','2010-07-04',0,0,1,5,'0.0000',2,'0.0000',2,'0.0000',2,0,'0.0000',2),(248,205,5,'br2 LO xxx','2010-07-20',1,1,2,4,'2924.9000',2,'18.1000',2,'0.0000',3,0,'0.0000',2),(249,206,7,'Fees LO xxx','2010-04-27',0,0,3,1,'0.0000',2,'0.0000',2,'0.0000',1,0,'0.0000',2),(250,207,6,'br1 lo3 Sturty xxx','2010-07-29',0,0,1,3,'0.0000',2,'0.0000',2,'0.0000',0,0,'0.0000',2),(251,207,3,'br1 lo 1 smith','2010-06-20',0,0,3,12,'0.0000',2,'0.0000',2,'0.0000',22,0,'0.0000',2),(252,207,4,'br1 lo 2 xxx','2010-07-04',0,0,1,5,'0.0000',2,'0.0000',2,'0.0000',2,0,'0.0000',2),(253,209,5,'br2 LO xxx','2010-07-20',1,1,2,4,'2924.9000',2,'18.1000',2,'0.0000',3,0,'0.0000',2),(254,210,7,'Fees LO xxx','2010-04-27',0,0,3,1,'0.0000',2,'0.0000',2,'0.0000',1,0,'0.0000',2),(255,211,4,'br1 lo 2 xxx','2010-07-04',0,0,1,5,'0.0000',2,'0.0000',2,'0.0000',2,0,'0.0000',2),(256,211,6,'br1 lo3 Sturty xxx','2010-07-29',0,0,1,3,'0.0000',2,'0.0000',2,'0.0000',0,0,'0.0000',2),(257,211,3,'br1 lo 1 smith','2010-06-20',0,0,3,12,'0.0000',2,'0.0000',2,'0.0000',22,0,'0.0000',2),(258,213,5,'br2 LO xxx','2010-07-20',1,1,2,4,'2924.9000',2,'18.1000',2,'0.0000',3,0,'0.0000',2),(259,214,7,'Fees LO xxx','2010-04-27',0,0,3,1,'0.0000',2,'0.0000',2,'0.0000',1,0,'0.0000',2),(260,215,6,'br1 lo3 Sturty xxx','2010-07-29',0,0,1,3,'0.0000',2,'0.0000',2,'0.0000',0,0,'0.0000',2),(261,215,4,'br1 lo 2 xxx','2010-07-04',0,0,1,5,'0.0000',2,'0.0000',2,'0.0000',2,0,'0.0000',2),(262,215,3,'br1 lo 1 smith','2010-06-20',0,0,3,12,'0.0000',2,'0.0000',2,'0.0000',22,0,'0.0000',2),(263,217,5,'br2 LO xxx','2010-07-20',1,1,2,4,'2924.9000',2,'18.1000',2,'0.0000',3,0,'0.0000',2),(264,218,7,'Fees LO xxx','2010-04-27',0,0,3,1,'0.0000',2,'0.0000',2,'0.0000',1,0,'0.0000',2),(265,219,4,'br1 lo 2 xxx','2010-07-04',0,0,1,5,'0.0000',2,'0.0000',2,'0.0000',2,0,'0.0000',2),(266,219,3,'br1 lo 1 smith','2010-06-20',0,0,3,12,'0.0000',2,'0.0000',2,'0.0000',22,0,'0.0000',2),(267,219,6,'br1 lo3 Sturty xxx','2010-07-29',0,0,1,3,'0.0000',2,'0.0000',2,'0.0000',0,0,'0.0000',2),(268,221,5,'br2 LO xxx','2010-07-20',1,1,2,4,'2924.9000',2,'18.1000',2,'0.0000',3,0,'0.0000',2),(269,222,7,'Fees LO xxx','2010-04-27',0,0,3,1,'0.0000',2,'0.0000',2,'0.0000',1,0,'0.0000',2),(270,223,4,'br1 lo 2 xxx','2010-07-04',0,0,1,5,'0.0000',2,'0.0000',2,'0.0000',2,0,'0.0000',2),(271,223,6,'br1 lo3 Sturty xxx','2010-07-29',0,0,1,3,'0.0000',2,'0.0000',2,'0.0000',0,0,'0.0000',2),(272,223,3,'br1 lo 1 smith','2010-06-20',0,0,3,12,'0.0000',2,'0.0000',2,'0.0000',22,0,'0.0000',2),(273,225,5,'br2 LO xxx','2010-07-20',1,1,2,4,'2924.9000',2,'18.1000',2,'0.0000',3,0,'0.0000',2),(274,226,7,'Fees LO xxx','2010-04-27',0,0,3,1,'0.0000',2,'0.0000',2,'0.0000',1,0,'0.0000',2),(275,227,3,'br1 lo 1 smith','2010-06-20',0,0,3,12,'0.0000',2,'0.0000',2,'0.0000',22,0,'0.0000',2),(276,227,4,'br1 lo 2 xxx','2010-07-04',0,0,1,5,'0.0000',2,'0.0000',2,'0.0000',2,0,'0.0000',2),(277,227,6,'br1 lo3 Sturty xxx','2010-07-29',0,0,1,3,'0.0000',2,'0.0000',2,'0.0000',0,0,'0.0000',2),(278,229,5,'br2 LO xxx','2010-07-20',1,1,2,4,'2924.9000',2,'18.1000',2,'0.0000',3,0,'0.0000',2),(279,230,7,'Fees LO xxx','2010-04-27',0,0,3,1,'0.0000',2,'0.0000',2,'0.0000',1,0,'0.0000',2),(280,231,4,'br1 lo 2 xxx','2010-07-04',0,0,1,5,'0.0000',2,'0.0000',2,'0.0000',2,0,'0.0000',2),(281,231,3,'br1 lo 1 smith','2010-06-20',0,0,3,12,'0.0000',2,'0.0000',2,'0.0000',22,0,'0.0000',2),(282,231,6,'br1 lo3 Sturty xxx','2010-07-29',0,0,1,3,'0.0000',2,'0.0000',2,'0.0000',0,0,'0.0000',2),(283,233,5,'br2 LO xxx','2010-07-20',1,1,2,4,'2924.9000',2,'18.1000',2,'0.0000',3,0,'0.0000',2),(284,234,7,'Fees LO xxx','2010-04-27',0,0,3,1,'0.0000',2,'0.0000',2,'0.0000',1,0,'0.0000',2),(285,235,6,'br1 lo3 Sturty xxx','2010-07-29',0,0,1,3,'0.0000',2,'0.0000',2,'0.0000',0,0,'0.0000',2),(286,235,3,'br1 lo 1 smith','2010-06-20',0,0,3,12,'0.0000',2,'0.0000',2,'0.0000',22,0,'0.0000',2),(287,235,4,'br1 lo 2 xxx','2010-07-04',0,0,1,5,'0.0000',2,'0.0000',2,'0.0000',2,0,'0.0000',2),(288,237,5,'br2 LO xxx','2010-07-20',1,1,2,4,'2924.9000',2,'18.1000',2,'0.0000',3,0,'0.0000',2),(289,238,7,'Fees LO xxx','2010-04-27',0,0,3,1,'0.0000',2,'0.0000',2,'0.0000',1,0,'0.0000',2),(290,239,4,'br1 lo 2 xxx','2010-07-04',0,0,1,5,'0.0000',2,'0.0000',2,'0.0000',2,0,'0.0000',2),(291,239,3,'br1 lo 1 smith','2010-06-20',0,0,3,12,'0.0000',2,'0.0000',2,'0.0000',22,0,'0.0000',2),(292,239,6,'br1 lo3 Sturty xxx','2010-07-29',0,0,1,3,'0.0000',2,'0.0000',2,'0.0000',0,0,'0.0000',2),(293,241,5,'br2 LO xxx','2010-07-20',1,1,2,4,'2924.9000',2,'18.1000',2,'0.0000',3,0,'0.0000',2),(294,242,7,'Fees LO xxx','2010-04-27',0,0,3,1,'0.0000',2,'0.0000',2,'0.0000',1,0,'0.0000',2),(295,243,6,'br1 lo3 Sturty xxx','2010-07-29',0,0,1,3,'0.0000',2,'0.0000',2,'0.0000',0,0,'0.0000',2),(296,243,4,'br1 lo 2 xxx','2010-07-04',0,0,1,5,'0.0000',2,'0.0000',2,'0.0000',2,0,'0.0000',2),(297,243,3,'br1 lo 1 smith','2010-06-20',0,0,3,12,'0.0000',2,'0.0000',2,'0.0000',22,0,'0.0000',2),(298,245,5,'br2 LO xxx','2010-07-20',1,1,2,4,'2924.9000',2,'18.1000',2,'0.0000',3,0,'0.0000',2),(299,246,7,'Fees LO xxx','2010-04-27',0,0,3,1,'0.0000',2,'0.0000',2,'0.0000',1,0,'0.0000',2),(300,247,3,'br1 lo 1 smith','2010-06-20',0,0,3,12,'0.0000',2,'0.0000',2,'0.0000',22,0,'0.0000',2),(301,247,4,'br1 lo 2 xxx','2010-07-04',0,0,1,5,'0.0000',2,'0.0000',2,'0.0000',2,0,'0.0000',2),(302,247,6,'br1 lo3 Sturty xxx','2010-07-29',0,0,1,3,'0.0000',2,'0.0000',2,'0.0000',0,0,'0.0000',2),(303,249,5,'br2 LO xxx','2010-07-20',1,1,2,4,'2924.9000',2,'18.1000',2,'0.0000',3,0,'0.0000',2),(304,250,7,'Fees LO xxx','2010-04-27',0,0,3,1,'0.0000',2,'0.0000',2,'0.0000',1,0,'0.0000',2),(305,251,6,'br1 lo3 Sturty xxx','2010-07-29',0,0,1,3,'0.0000',2,'0.0000',2,'0.0000',0,0,'0.0000',2),(306,251,4,'br1 lo 2 xxx','2010-07-04',0,0,1,5,'0.0000',2,'0.0000',2,'0.0000',2,0,'0.0000',2),(307,251,3,'br1 lo 1 smith','2010-06-20',0,0,3,12,'0.0000',2,'0.0000',2,'0.0000',22,0,'0.0000',2),(308,253,5,'br2 LO xxx','2010-07-20',1,1,2,4,'2924.9000',2,'18.1000',2,'0.0000',3,0,'0.0000',2),(309,254,7,'Fees LO xxx','2010-04-27',0,0,3,1,'0.0000',2,'0.0000',2,'0.0000',1,0,'0.0000',2),(310,255,6,'br1 lo3 Sturty xxx','2010-07-29',0,0,1,3,'0.0000',2,'0.0000',2,'0.0000',0,0,'0.0000',2),(311,255,3,'br1 lo 1 smith','2010-06-20',0,0,3,12,'0.0000',2,'0.0000',2,'0.0000',22,0,'0.0000',2),(312,255,4,'br1 lo 2 xxx','2010-07-04',0,0,1,5,'0.0000',2,'0.0000',2,'0.0000',2,0,'0.0000',2),(313,257,5,'br2 LO xxx','2010-07-20',1,1,2,4,'2924.9000',2,'18.1000',2,'0.0000',3,0,'0.0000',2),(314,258,7,'Fees LO xxx','2010-04-27',0,0,3,1,'0.0000',2,'0.0000',2,'0.0000',1,0,'0.0000',2),(315,259,4,'br1 lo 2 xxx','2010-07-04',0,0,1,5,'0.0000',2,'0.0000',2,'0.0000',2,0,'0.0000',2),(316,259,6,'br1 lo3 Sturty xxx','2010-07-29',0,0,1,3,'0.0000',2,'0.0000',2,'0.0000',0,0,'0.0000',2),(317,259,3,'br1 lo 1 smith','2010-06-20',0,0,3,12,'0.0000',2,'0.0000',2,'0.0000',22,0,'0.0000',2),(318,261,5,'br2 LO xxx','2010-07-20',1,1,2,4,'2924.9000',2,'18.1000',2,'0.0000',3,0,'0.0000',2),(319,262,7,'Fees LO xxx','2010-04-27',0,0,3,1,'0.0000',2,'0.0000',2,'0.0000',1,0,'0.0000',2),(320,263,6,'br1 lo3 Sturty xxx','2010-07-29',0,0,1,3,'0.0000',2,'0.0000',2,'0.0000',0,0,'0.0000',2),(321,263,4,'br1 lo 2 xxx','2010-07-04',0,0,1,5,'0.0000',2,'0.0000',2,'0.0000',2,0,'0.0000',2),(322,263,3,'br1 lo 1 smith','2010-06-20',0,0,3,12,'0.0000',2,'0.0000',2,'0.0000',22,0,'0.0000',2),(323,265,5,'br2 LO xxx','2010-07-20',1,1,2,4,'2924.9000',2,'18.1000',2,'0.0000',3,0,'0.0000',2),(324,266,7,'Fees LO xxx','2010-04-27',0,0,3,1,'0.0000',2,'0.0000',2,'0.0000',1,0,'0.0000',2),(325,267,4,'br1 lo 2 xxx','2010-07-04',0,0,1,5,'0.0000',2,'0.0000',2,'0.0000',2,0,'0.0000',2),(326,267,3,'br1 lo 1 smith','2010-06-20',0,0,3,12,'0.0000',2,'0.0000',2,'0.0000',22,0,'0.0000',2),(327,267,6,'br1 lo3 Sturty xxx','2010-07-29',0,0,1,3,'0.0000',2,'0.0000',2,'0.0000',0,0,'0.0000',2),(328,269,5,'br2 LO xxx','2010-07-20',1,1,2,4,'2924.9000',2,'18.1000',2,'0.0000',3,0,'0.0000',2),(329,270,7,'Fees LO xxx','2010-04-27',0,0,3,1,'0.0000',2,'0.0000',2,'0.0000',1,0,'0.0000',2),(330,271,6,'br1 lo3 Sturty xxx','2010-07-29',0,0,1,3,'0.0000',2,'0.0000',2,'0.0000',0,0,'0.0000',2),(331,271,3,'br1 lo 1 smith','2010-06-20',0,0,3,12,'0.0000',2,'0.0000',2,'0.0000',22,0,'0.0000',2),(332,271,4,'br1 lo 2 xxx','2010-07-04',0,0,1,5,'0.0000',2,'0.0000',2,'0.0000',2,0,'0.0000',2),(333,273,5,'br2 LO xxx','2010-07-20',1,1,2,4,'2924.9000',2,'18.1000',2,'0.0000',3,0,'0.0000',2),(334,274,7,'Fees LO xxx','2010-04-27',0,0,3,1,'0.0000',2,'0.0000',2,'0.0000',1,0,'0.0000',2),(335,275,6,'br1 lo3 Sturty xxx','2010-07-29',0,0,1,3,'0.0000',2,'0.0000',2,'0.0000',0,0,'0.0000',2),(336,275,3,'br1 lo 1 smith','2010-06-20',0,0,3,12,'0.0000',2,'0.0000',2,'0.0000',22,0,'0.0000',2),(337,275,4,'br1 lo 2 xxx','2010-07-04',0,0,1,5,'0.0000',2,'0.0000',2,'0.0000',2,0,'0.0000',2),(338,277,5,'br2 LO xxx','2010-07-20',1,1,2,4,'2924.9000',2,'18.1000',2,'0.0000',3,0,'0.0000',2),(339,278,7,'Fees LO xxx','2010-04-27',0,0,3,1,'0.0000',2,'0.0000',2,'0.0000',1,0,'0.0000',2),(340,279,4,'br1 lo 2 xxx','2010-07-04',0,0,1,5,'0.0000',2,'0.0000',2,'0.0000',2,0,'0.0000',2),(341,279,6,'br1 lo3 Sturty xxx','2010-07-29',0,0,1,3,'0.0000',2,'0.0000',2,'0.0000',0,0,'0.0000',2),(342,279,3,'br1 lo 1 smith','2010-06-20',0,0,3,12,'0.0000',2,'0.0000',2,'0.0000',22,0,'0.0000',2),(343,281,5,'br2 LO xxx','2010-07-20',1,1,2,4,'2924.9000',2,'18.1000',2,'0.0000',3,0,'0.0000',2),(344,282,7,'Fees LO xxx','2010-04-27',0,0,3,1,'0.0000',2,'0.0000',2,'0.0000',1,0,'0.0000',2),(345,283,3,'br1 lo 1 smith','2010-06-20',0,0,3,12,'0.0000',2,'0.0000',2,'0.0000',22,0,'0.0000',2),(346,283,6,'br1 lo3 Sturty xxx','2010-07-29',0,0,1,3,'0.0000',2,'0.0000',2,'0.0000',0,0,'0.0000',2),(347,283,4,'br1 lo 2 xxx','2010-07-04',0,0,1,5,'0.0000',2,'0.0000',2,'0.0000',2,0,'0.0000',2),(348,285,5,'br2 LO xxx','2010-07-20',1,1,2,4,'2924.9000',2,'18.1000',2,'0.0000',3,0,'0.0000',2),(349,286,7,'Fees LO xxx','2010-04-27',0,0,3,1,'0.0000',2,'0.0000',2,'0.0000',1,0,'0.0000',2),(350,287,4,'br1 lo 2 xxx','2010-07-04',0,0,1,5,'0.0000',2,'0.0000',2,'0.0000',2,0,'0.0000',2),(351,287,3,'br1 lo 1 smith','2010-06-20',0,0,3,12,'0.0000',2,'0.0000',2,'0.0000',22,0,'0.0000',2),(352,287,6,'br1 lo3 Sturty xxx','2010-07-29',0,0,1,3,'0.0000',2,'0.0000',2,'0.0000',0,0,'0.0000',2),(353,289,5,'br2 LO xxx','2010-07-20',1,1,2,4,'2924.9000',2,'18.1000',2,'0.0000',3,0,'0.0000',2),(354,290,7,'Fees LO xxx','2010-04-27',0,0,3,1,'0.0000',2,'0.0000',2,'0.0000',1,0,'0.0000',2),(355,291,4,'br1 lo 2 xxx','2010-07-04',0,0,1,5,'0.0000',2,'0.0000',2,'0.0000',2,0,'0.0000',2),(356,291,3,'br1 lo 1 smith','2010-06-20',0,0,3,12,'0.0000',2,'0.0000',2,'0.0000',22,0,'0.0000',2),(357,291,6,'br1 lo3 Sturty xxx','2010-07-29',0,0,1,3,'0.0000',2,'0.0000',2,'0.0000',0,0,'0.0000',2),(358,293,5,'br2 LO xxx','2010-07-20',1,1,2,4,'2924.9000',2,'18.1000',2,'0.0000',3,0,'0.0000',2),(359,294,7,'Fees LO xxx','2010-04-27',0,0,3,1,'0.0000',2,'0.0000',2,'0.0000',1,0,'0.0000',2),(360,295,3,'br1 lo 1 smith','2010-06-20',0,0,3,12,'0.0000',2,'0.0000',2,'0.0000',22,0,'0.0000',2),(361,295,6,'br1 lo3 Sturty xxx','2010-07-29',0,0,1,3,'0.0000',2,'0.0000',2,'0.0000',0,0,'0.0000',2),(362,295,4,'br1 lo 2 xxx','2010-07-04',0,0,1,5,'0.0000',2,'0.0000',2,'0.0000',2,0,'0.0000',2),(363,297,5,'br2 LO xxx','2010-07-20',1,1,2,4,'2924.9000',2,'18.1000',2,'0.0000',3,0,'0.0000',2),(364,298,7,'Fees LO xxx','2010-04-27',0,0,3,1,'0.0000',2,'0.0000',2,'0.0000',1,0,'0.0000',2),(365,299,4,'br1 lo 2 xxx','2010-07-04',0,0,1,5,'0.0000',2,'0.0000',2,'0.0000',2,0,'0.0000',2),(366,299,3,'br1 lo 1 smith','2010-06-20',0,0,3,12,'0.0000',2,'0.0000',2,'0.0000',22,0,'0.0000',2),(367,299,6,'br1 lo3 Sturty xxx','2010-07-29',0,0,1,3,'0.0000',2,'0.0000',2,'0.0000',0,0,'0.0000',2),(368,301,5,'br2 LO xxx','2010-07-20',1,1,2,4,'2924.9000',2,'18.1000',2,'0.0000',3,0,'0.0000',2),(369,302,7,'Fees LO xxx','2010-04-27',0,0,3,1,'0.0000',2,'0.0000',2,'0.0000',1,0,'0.0000',2),(370,303,3,'br1 lo 1 smith','2010-06-20',0,0,3,12,'0.0000',2,'0.0000',2,'0.0000',22,0,'0.0000',2),(371,303,6,'br1 lo3 Sturty xxx','2010-07-29',0,0,1,3,'0.0000',2,'0.0000',2,'0.0000',0,0,'0.0000',2),(372,303,4,'br1 lo 2 xxx','2010-07-04',0,0,1,5,'0.0000',2,'0.0000',2,'0.0000',2,0,'0.0000',2),(373,305,5,'br2 LO xxx','2010-07-20',1,1,2,4,'2924.9000',2,'18.1000',2,'0.0000',3,0,'0.0000',2),(374,306,7,'Fees LO xxx','2010-04-27',0,0,3,1,'0.0000',2,'0.0000',2,'0.0000',1,0,'0.0000',2),(375,307,6,'br1 lo3 Sturty xxx','2010-07-29',0,0,1,3,'0.0000',2,'0.0000',2,'0.0000',0,0,'0.0000',2),(376,307,4,'br1 lo 2 xxx','2010-07-04',0,0,1,5,'0.0000',2,'0.0000',2,'0.0000',2,0,'0.0000',2),(377,307,3,'br1 lo 1 smith','2010-06-20',0,0,3,12,'0.0000',2,'0.0000',2,'0.0000',22,0,'0.0000',2),(378,309,5,'br2 LO xxx','2010-07-20',1,1,2,4,'2924.9000',2,'18.1000',2,'0.0000',3,0,'0.0000',2),(379,310,7,'Fees LO xxx','2010-04-27',0,0,3,1,'0.0000',2,'0.0000',2,'0.0000',1,0,'0.0000',2),(380,311,6,'br1 lo3 Sturty xxx','2010-07-29',0,0,1,3,'0.0000',2,'0.0000',2,'0.0000',0,0,'0.0000',2),(381,311,4,'br1 lo 2 xxx','2010-07-04',0,0,1,5,'0.0000',2,'0.0000',2,'0.0000',2,0,'0.0000',2),(382,311,3,'br1 lo 1 smith','2010-06-20',0,0,3,12,'0.0000',2,'0.0000',2,'0.0000',22,0,'0.0000',2),(383,313,5,'br2 LO xxx','2010-07-20',1,1,2,4,'2924.9000',2,'18.1000',2,'0.0000',3,0,'0.0000',2),(384,314,7,'Fees LO xxx','2010-04-27',0,0,3,1,'0.0000',2,'0.0000',2,'0.0000',1,0,'0.0000',2),(385,315,4,'br1 lo 2 xxx','2010-07-04',0,0,1,5,'0.0000',2,'0.0000',2,'0.0000',2,0,'0.0000',2),(386,315,3,'br1 lo 1 smith','2010-06-20',0,0,3,12,'0.0000',2,'0.0000',2,'0.0000',22,0,'0.0000',2),(387,315,6,'br1 lo3 Sturty xxx','2010-07-29',0,0,1,3,'0.0000',2,'0.0000',2,'0.0000',0,0,'0.0000',2),(388,317,5,'br2 LO xxx','2010-07-20',1,1,2,4,'2924.9000',2,'18.1000',2,'0.0000',3,0,'0.0000',2),(389,318,7,'Fees LO xxx','2010-04-27',0,0,3,1,'0.0000',2,'0.0000',2,'0.0000',1,0,'0.0000',2),(390,319,4,'br1 lo 2 xxx','2010-07-04',0,0,1,5,'0.0000',2,'0.0000',2,'0.0000',2,0,'0.0000',2),(391,319,3,'br1 lo 1 smith','2010-06-20',0,0,3,12,'0.0000',2,'0.0000',2,'0.0000',22,0,'0.0000',2),(392,319,6,'br1 lo3 Sturty xxx','2010-07-29',0,0,1,3,'0.0000',2,'0.0000',2,'0.0000',0,0,'0.0000',2),(393,321,5,'br2 LO xxx','2010-07-20',1,1,2,4,'2924.9000',2,'18.1000',2,'0.0000',3,0,'0.0000',2),(394,322,7,'Fees LO xxx','2010-04-27',0,0,3,1,'0.0000',2,'0.0000',2,'0.0000',1,0,'0.0000',2),(395,323,4,'br1 lo 2 xxx','2010-07-04',0,0,1,5,'0.0000',2,'0.0000',2,'0.0000',2,0,'0.0000',2),(396,323,3,'br1 lo 1 smith','2010-06-20',0,0,3,12,'0.0000',2,'0.0000',2,'0.0000',22,0,'0.0000',2),(397,323,6,'br1 lo3 Sturty xxx','2010-07-29',0,0,1,3,'0.0000',2,'0.0000',2,'0.0000',0,0,'0.0000',2),(398,325,5,'br2 LO xxx','2010-07-20',1,1,2,4,'2924.9000',2,'18.1000',2,'0.0000',3,0,'0.0000',2),(399,326,7,'Fees LO xxx','2010-04-27',0,0,3,1,'0.0000',2,'0.0000',2,'0.0000',1,0,'0.0000',2),(400,327,4,'br1 lo 2 xxx','2010-07-04',0,0,1,5,'0.0000',2,'0.0000',2,'0.0000',2,0,'0.0000',2),(401,327,6,'br1 lo3 Sturty xxx','2010-07-29',0,0,1,3,'0.0000',2,'0.0000',2,'0.0000',0,0,'0.0000',2),(402,327,3,'br1 lo 1 smith','2010-06-20',0,0,3,12,'0.0000',2,'0.0000',2,'0.0000',22,0,'0.0000',2),(403,329,5,'br2 LO xxx','2010-07-20',1,1,2,4,'2924.9000',2,'18.1000',2,'0.0000',3,0,'0.0000',2),(404,330,7,'Fees LO xxx','2010-04-27',0,0,3,1,'0.0000',2,'0.0000',2,'0.0000',1,0,'0.0000',2),(405,331,3,'br1 lo 1 smith','2010-06-20',0,0,3,12,'0.0000',2,'0.0000',2,'0.0000',22,0,'0.0000',2),(406,331,4,'br1 lo 2 xxx','2010-07-04',0,0,1,5,'0.0000',2,'0.0000',2,'0.0000',2,0,'0.0000',2),(407,331,6,'br1 lo3 Sturty xxx','2010-07-29',0,0,1,3,'0.0000',2,'0.0000',2,'0.0000',0,0,'0.0000',2),(408,333,5,'br2 LO xxx','2010-07-20',1,1,2,4,'2924.9000',2,'18.1000',2,'0.0000',3,0,'0.0000',2),(409,334,7,'Fees LO xxx','2010-04-27',0,0,3,1,'0.0000',2,'0.0000',2,'0.0000',1,0,'0.0000',2),(410,335,6,'br1 lo3 Sturty xxx','2010-07-29',0,0,1,3,'0.0000',2,'0.0000',2,'0.0000',0,0,'0.0000',2),(411,335,4,'br1 lo 2 xxx','2010-07-04',0,0,1,5,'0.0000',2,'0.0000',2,'0.0000',2,0,'0.0000',2),(412,335,3,'br1 lo 1 smith','2010-06-20',0,0,3,12,'0.0000',2,'0.0000',2,'0.0000',22,0,'0.0000',2),(413,337,5,'br2 LO xxx','2010-07-20',1,1,2,4,'2924.9000',2,'18.1000',2,'0.0000',3,0,'0.0000',2),(414,338,7,'Fees LO xxx','2010-04-27',0,0,3,1,'0.0000',2,'0.0000',2,'0.0000',1,0,'0.0000',2),(415,339,6,'br1 lo3 Sturty xxx','2010-07-29',0,0,1,3,'0.0000',2,'0.0000',2,'0.0000',0,0,'0.0000',2),(416,339,3,'br1 lo 1 smith','2010-06-20',0,0,3,12,'0.0000',2,'0.0000',2,'0.0000',22,0,'0.0000',2),(417,339,4,'br1 lo 2 xxx','2010-07-04',0,0,1,5,'0.0000',2,'0.0000',2,'0.0000',2,0,'0.0000',2),(418,341,5,'br2 LO xxx','2010-07-20',1,1,2,4,'2924.9000',2,'18.1000',2,'0.0000',3,0,'0.0000',2),(419,342,7,'Fees LO xxx','2010-04-27',0,0,3,1,'0.0000',2,'0.0000',2,'0.0000',1,0,'0.0000',2),(420,343,6,'br1 lo3 Sturty xxx','2010-07-29',0,0,1,3,'0.0000',2,'0.0000',2,'0.0000',0,0,'0.0000',2),(421,343,3,'br1 lo 1 smith','2010-06-20',0,0,3,12,'0.0000',2,'0.0000',2,'0.0000',22,0,'0.0000',2),(422,343,4,'br1 lo 2 xxx','2010-07-04',0,0,1,5,'0.0000',2,'0.0000',2,'0.0000',2,0,'0.0000',2),(423,345,5,'br2 LO xxx','2010-07-20',1,1,2,4,'2924.9000',2,'18.1000',2,'0.0000',3,0,'0.0000',2),(424,346,7,'Fees LO xxx','2010-04-27',0,0,3,1,'0.0000',2,'0.0000',2,'0.0000',1,0,'0.0000',2),(425,347,6,'br1 lo3 Sturty xxx','2010-07-29',0,0,1,3,'0.0000',2,'0.0000',2,'0.0000',0,0,'0.0000',2),(426,347,3,'br1 lo 1 smith','2010-06-20',0,0,3,12,'0.0000',2,'0.0000',2,'0.0000',22,0,'0.0000',2),(427,347,4,'br1 lo 2 xxx','2010-07-04',0,0,1,5,'0.0000',2,'0.0000',2,'0.0000',2,0,'0.0000',2),(428,349,5,'br2 LO xxx','2010-07-20',1,1,2,4,'2924.9000',2,'18.1000',2,'0.0000',3,0,'0.0000',2),(429,350,7,'Fees LO xxx','2010-04-27',0,0,3,1,'0.0000',2,'0.0000',2,'0.0000',1,0,'0.0000',2),(430,351,4,'br1 lo 2 xxx','2010-07-04',0,0,1,5,'0.0000',2,'0.0000',2,'0.0000',2,0,'0.0000',2),(431,351,6,'br1 lo3 Sturty xxx','2010-07-29',0,0,1,3,'0.0000',2,'0.0000',2,'0.0000',0,0,'0.0000',2),(432,351,3,'br1 lo 1 smith','2010-06-20',0,0,3,12,'0.0000',2,'0.0000',2,'0.0000',22,0,'0.0000',2),(433,353,5,'br2 LO xxx','2010-07-20',1,1,2,4,'2924.9000',2,'18.1000',2,'0.0000',3,0,'0.0000',2),(434,354,7,'Fees LO xxx','2010-04-27',0,0,3,1,'0.0000',2,'0.0000',2,'0.0000',1,0,'0.0000',2),(435,355,4,'br1 lo 2 xxx','2010-07-04',0,0,1,5,'0.0000',2,'0.0000',2,'0.0000',2,0,'0.0000',2),(436,355,6,'br1 lo3 Sturty xxx','2010-07-29',0,0,1,3,'0.0000',2,'0.0000',2,'0.0000',0,0,'0.0000',2),(437,355,3,'br1 lo 1 smith','2010-06-20',0,0,3,12,'0.0000',2,'0.0000',2,'0.0000',22,0,'0.0000',2),(438,357,5,'br2 LO xxx','2010-07-20',1,1,2,4,'2924.9000',2,'18.1000',2,'0.0000',3,0,'0.0000',2),(439,358,7,'Fees LO xxx','2010-04-27',0,0,3,1,'0.0000',2,'0.0000',2,'0.0000',1,0,'0.0000',2),(440,359,6,'br1 lo3 Sturty xxx','2010-07-29',0,0,1,3,'0.0000',2,'0.0000',2,'0.0000',0,0,'0.0000',2),(441,359,4,'br1 lo 2 xxx','2010-07-04',0,0,1,5,'0.0000',2,'0.0000',2,'0.0000',2,0,'0.0000',2),(442,359,3,'br1 lo 1 smith','2010-06-20',0,0,3,12,'0.0000',2,'0.0000',2,'0.0000',22,0,'0.0000',2),(443,361,5,'br2 LO xxx','2010-07-20',1,1,2,4,'2924.9000',2,'18.1000',2,'0.0000',3,0,'0.0000',2),(444,362,7,'Fees LO xxx','2010-04-27',0,0,3,1,'0.0000',2,'0.0000',2,'0.0000',1,0,'0.0000',2),(445,363,4,'br1 lo 2 xxx','2010-07-04',0,0,1,5,'0.0000',2,'0.0000',2,'0.0000',2,0,'0.0000',2),(446,363,3,'br1 lo 1 smith','2010-06-20',0,0,3,12,'0.0000',2,'0.0000',2,'0.0000',22,0,'0.0000',2),(447,363,6,'br1 lo3 Sturty xxx','2010-07-29',0,0,1,3,'0.0000',2,'0.0000',2,'0.0000',0,0,'0.0000',2),(448,365,5,'br2 LO xxx','2010-07-20',1,1,2,4,'2924.9000',2,'18.1000',2,'0.0000',3,0,'0.0000',2),(449,366,7,'Fees LO xxx','2010-04-27',0,0,3,1,'0.0000',2,'0.0000',2,'0.0000',1,0,'0.0000',2),(450,367,3,'br1 lo 1 smith','2010-06-20',0,0,3,12,'0.0000',2,'0.0000',2,'0.0000',22,0,'0.0000',2),(451,367,6,'br1 lo3 Sturty xxx','2010-07-29',0,0,1,3,'0.0000',2,'0.0000',2,'0.0000',0,0,'0.0000',2),(452,367,4,'br1 lo 2 xxx','2010-07-04',0,0,1,5,'0.0000',2,'0.0000',2,'0.0000',2,0,'0.0000',2),(453,369,5,'br2 LO xxx','2010-07-20',1,1,2,4,'2924.9000',2,'18.1000',2,'0.0000',3,0,'0.0000',2),(454,370,7,'Fees LO xxx','2010-04-27',0,0,3,1,'0.0000',2,'0.0000',2,'0.0000',1,0,'0.0000',2),(455,371,3,'br1 lo 1 smith','2010-06-20',0,0,3,12,'0.0000',2,'0.0000',2,'0.0000',22,0,'0.0000',2),(456,371,6,'br1 lo3 Sturty xxx','2010-07-29',0,0,1,3,'0.0000',2,'0.0000',2,'0.0000',0,0,'0.0000',2),(457,371,4,'br1 lo 2 xxx','2010-07-04',0,0,1,5,'0.0000',2,'0.0000',2,'0.0000',2,0,'0.0000',2),(458,373,5,'br2 LO xxx','2010-07-20',1,1,2,4,'2924.9000',2,'18.1000',2,'0.0000',3,0,'0.0000',2),(459,374,7,'Fees LO xxx','2010-04-27',0,0,3,1,'0.0000',2,'0.0000',2,'0.0000',1,0,'0.0000',2),(460,375,3,'br1 lo 1 smith','2010-06-20',0,0,3,12,'0.0000',2,'0.0000',2,'0.0000',22,0,'0.0000',2),(461,375,4,'br1 lo 2 xxx','2010-07-04',0,0,1,5,'0.0000',2,'0.0000',2,'0.0000',2,0,'0.0000',2),(462,375,6,'br1 lo3 Sturty xxx','2010-07-29',0,0,1,3,'0.0000',2,'0.0000',2,'0.0000',0,0,'0.0000',2),(463,377,5,'br2 LO xxx','2010-07-20',1,1,2,4,'2924.9000',2,'18.1000',2,'0.0000',3,0,'0.0000',2),(464,378,7,'Fees LO xxx','2010-04-27',0,0,3,1,'0.0000',2,'0.0000',2,'0.0000',1,0,'0.0000',2),(465,379,3,'br1 lo 1 smith','2010-06-20',0,0,3,12,'0.0000',2,'0.0000',2,'0.0000',22,0,'0.0000',2),(466,379,4,'br1 lo 2 xxx','2010-07-04',0,0,1,5,'0.0000',2,'0.0000',2,'0.0000',2,0,'0.0000',2),(467,379,6,'br1 lo3 Sturty xxx','2010-07-29',0,0,1,3,'0.0000',2,'0.0000',2,'0.0000',0,0,'0.0000',2),(468,381,5,'br2 LO xxx','2010-07-20',1,1,2,4,'2924.9000',2,'18.1000',2,'0.0000',3,0,'0.0000',2),(469,382,7,'Fees LO xxx','2010-04-27',0,0,3,1,'0.0000',2,'0.0000',2,'0.0000',1,0,'0.0000',2),(470,383,3,'br1 lo 1 smith','2010-06-20',0,0,3,12,'0.0000',2,'0.0000',2,'0.0000',22,0,'0.0000',2),(471,383,6,'br1 lo3 Sturty xxx','2010-07-29',0,0,1,3,'0.0000',2,'0.0000',2,'0.0000',0,0,'0.0000',2),(472,383,4,'br1 lo 2 xxx','2010-07-04',0,0,1,5,'0.0000',2,'0.0000',2,'0.0000',2,0,'0.0000',2),(473,385,5,'br2 LO xxx','2010-07-20',1,1,2,4,'2924.9000',2,'18.1000',2,'0.0000',3,0,'0.0000',2),(474,386,7,'Fees LO xxx','2010-04-27',0,0,3,1,'0.0000',2,'0.0000',2,'0.0000',1,0,'0.0000',2),(475,387,4,'br1 lo 2 xxx','2010-07-04',0,0,1,5,'0.0000',2,'0.0000',2,'0.0000',2,0,'0.0000',2),(476,387,6,'br1 lo3 Sturty xxx','2010-07-29',0,0,1,3,'0.0000',2,'0.0000',2,'0.0000',0,0,'0.0000',2),(477,387,3,'br1 lo 1 smith','2010-06-20',0,0,3,12,'0.0000',2,'0.0000',2,'0.0000',22,0,'0.0000',2),(478,389,5,'br2 LO xxx','2010-07-20',1,1,2,4,'2924.9000',2,'18.1000',2,'0.0000',3,0,'0.0000',2),(479,390,7,'Fees LO xxx','2010-04-27',0,0,3,1,'0.0000',2,'0.0000',2,'0.0000',1,0,'0.0000',2),(480,391,6,'br1 lo3 Sturty xxx','2010-07-29',0,0,1,3,'0.0000',2,'0.0000',2,'0.0000',0,0,'0.0000',2),(481,391,4,'br1 lo 2 xxx','2010-07-04',0,0,1,5,'0.0000',2,'0.0000',2,'0.0000',2,0,'0.0000',2),(482,391,3,'br1 lo 1 smith','2010-06-20',0,0,3,12,'0.0000',2,'0.0000',2,'0.0000',22,0,'0.0000',2),(483,393,5,'br2 LO xxx','2010-07-20',1,1,2,4,'2924.9000',2,'18.1000',2,'0.0000',3,0,'0.0000',2),(484,394,7,'Fees LO xxx','2010-04-27',0,0,3,1,'0.0000',2,'0.0000',2,'0.0000',1,0,'0.0000',2),(485,395,6,'br1 lo3 Sturty xxx','2010-07-29',0,0,1,3,'0.0000',2,'0.0000',2,'0.0000',0,0,'0.0000',2),(486,395,4,'br1 lo 2 xxx','2010-07-04',0,0,1,5,'0.0000',2,'0.0000',2,'0.0000',2,0,'0.0000',2),(487,395,3,'br1 lo 1 smith','2010-06-20',0,0,3,12,'0.0000',2,'0.0000',2,'0.0000',22,0,'0.0000',2),(488,397,5,'br2 LO xxx','2010-07-20',1,1,2,4,'2924.9000',2,'18.1000',2,'0.0000',3,0,'0.0000',2),(489,398,7,'Fees LO xxx','2010-04-27',0,0,3,1,'0.0000',2,'0.0000',2,'0.0000',1,0,'0.0000',2),(490,399,3,'br1 lo 1 smith','2010-06-20',0,0,3,12,'0.0000',2,'0.0000',2,'0.0000',22,0,'0.0000',2),(491,399,4,'br1 lo 2 xxx','2010-07-04',0,0,1,5,'0.0000',2,'0.0000',2,'0.0000',2,0,'0.0000',2),(492,399,6,'br1 lo3 Sturty xxx','2010-07-29',0,0,1,3,'0.0000',2,'0.0000',2,'0.0000',0,0,'0.0000',2),(493,401,5,'br2 LO xxx','2010-07-20',1,1,2,4,'2924.9000',2,'18.1000',2,'0.0000',3,0,'0.0000',2),(494,402,7,'Fees LO xxx','2010-04-27',0,0,3,1,'0.0000',2,'0.0000',2,'0.0000',1,0,'0.0000',2),(495,403,4,'br1 lo 2 xxx','2010-07-04',0,0,1,5,'0.0000',2,'0.0000',2,'0.0000',2,0,'0.0000',2),(496,403,6,'br1 lo3 Sturty xxx','2010-07-29',0,0,1,3,'0.0000',2,'0.0000',2,'0.0000',0,0,'0.0000',2),(497,403,3,'br1 lo 1 smith','2010-06-20',0,0,3,12,'0.0000',2,'0.0000',2,'0.0000',22,0,'0.0000',2),(498,405,5,'br2 LO xxx','2010-07-20',1,1,2,4,'2924.9000',2,'18.1000',2,'0.0000',3,0,'0.0000',2),(499,406,7,'Fees LO xxx','2010-04-27',0,0,3,1,'0.0000',2,'0.0000',2,'0.0000',1,0,'0.0000',2),(500,407,4,'br1 lo 2 xxx','2010-07-04',0,0,1,5,'0.0000',2,'0.0000',2,'0.0000',2,0,'0.0000',2),(501,407,6,'br1 lo3 Sturty xxx','2010-07-29',0,0,1,3,'0.0000',2,'0.0000',2,'0.0000',0,0,'0.0000',2),(502,407,3,'br1 lo 1 smith','2010-06-20',0,0,3,12,'0.0000',2,'0.0000',2,'0.0000',22,0,'0.0000',2),(503,409,5,'br2 LO xxx','2010-07-20',1,1,2,4,'2924.9000',2,'18.1000',2,'0.0000',3,0,'0.0000',2),(504,410,7,'Fees LO xxx','2010-04-27',0,0,3,1,'0.0000',2,'0.0000',2,'0.0000',1,0,'0.0000',2),(505,411,4,'br1 lo 2 xxx','2010-07-04',0,0,1,5,'0.0000',2,'0.0000',2,'0.0000',2,0,'0.0000',2),(506,411,3,'br1 lo 1 smith','2010-06-20',0,0,3,12,'0.0000',2,'0.0000',2,'0.0000',22,0,'0.0000',2),(507,411,6,'br1 lo3 Sturty xxx','2010-07-29',0,0,1,3,'0.0000',2,'0.0000',2,'0.0000',0,0,'0.0000',2),(508,413,5,'br2 LO xxx','2010-07-20',1,1,2,4,'2924.9000',2,'18.1000',2,'0.0000',3,0,'0.0000',2),(509,414,7,'Fees LO xxx','2010-04-27',0,0,3,1,'0.0000',2,'0.0000',2,'0.0000',1,0,'0.0000',2),(510,415,3,'br1 lo 1 smith','2010-06-20',0,0,3,12,'0.0000',2,'0.0000',2,'0.0000',22,0,'0.0000',2),(511,415,4,'br1 lo 2 xxx','2010-07-04',0,0,1,5,'0.0000',2,'0.0000',2,'0.0000',2,0,'0.0000',2),(512,415,6,'br1 lo3 Sturty xxx','2010-07-29',0,0,1,3,'0.0000',2,'0.0000',2,'0.0000',0,0,'0.0000',2),(513,417,5,'br2 LO xxx','2010-07-20',1,1,2,4,'2924.9000',2,'18.1000',2,'0.0000',3,0,'0.0000',2),(514,418,7,'Fees LO xxx','2010-04-27',0,0,3,1,'0.0000',2,'0.0000',2,'0.0000',1,0,'0.0000',2),(515,419,6,'br1 lo3 Sturty xxx','2010-07-29',0,0,1,3,'0.0000',2,'0.0000',2,'0.0000',0,0,'0.0000',2),(516,419,3,'br1 lo 1 smith','2010-06-20',0,0,3,12,'0.0000',2,'0.0000',2,'0.0000',22,0,'0.0000',2),(517,419,4,'br1 lo 2 xxx','2010-07-04',0,0,1,5,'0.0000',2,'0.0000',2,'0.0000',2,0,'0.0000',2),(518,421,5,'br2 LO xxx','2010-07-20',1,1,2,4,'2924.9000',2,'18.1000',2,'0.0000',3,0,'0.0000',2),(519,422,7,'Fees LO xxx','2010-04-27',0,0,3,1,'0.0000',2,'0.0000',2,'0.0000',1,0,'0.0000',2),(520,423,3,'br1 lo 1 smith','2010-06-20',0,0,3,12,'0.0000',2,'0.0000',2,'0.0000',22,0,'0.0000',2),(521,423,4,'br1 lo 2 xxx','2010-07-04',0,0,1,5,'0.0000',2,'0.0000',2,'0.0000',2,0,'0.0000',2),(522,423,6,'br1 lo3 Sturty xxx','2010-07-29',0,0,1,3,'0.0000',2,'0.0000',2,'0.0000',0,0,'0.0000',2),(523,425,5,'br2 LO xxx','2010-07-20',1,1,2,4,'2924.9000',2,'18.1000',2,'0.0000',3,0,'0.0000',2),(524,426,7,'Fees LO xxx','2010-04-27',0,0,3,1,'0.0000',2,'0.0000',2,'0.0000',1,0,'0.0000',2),(525,427,6,'br1 lo3 Sturty xxx','2010-07-29',0,0,1,3,'0.0000',2,'0.0000',2,'0.0000',0,0,'0.0000',2),(526,427,3,'br1 lo 1 smith','2010-06-20',0,0,3,12,'0.0000',2,'0.0000',2,'0.0000',22,0,'0.0000',2),(527,427,4,'br1 lo 2 xxx','2010-07-04',0,0,1,5,'0.0000',2,'0.0000',2,'0.0000',2,0,'0.0000',2),(528,429,5,'br2 LO xxx','2010-07-20',1,1,2,4,'2924.9000',2,'18.1000',2,'0.0000',3,0,'0.0000',2),(529,430,7,'Fees LO xxx','2010-04-27',0,0,3,1,'0.0000',2,'0.0000',2,'0.0000',1,0,'0.0000',2),(530,431,6,'br1 lo3 Sturty xxx','2010-07-29',0,0,1,3,'0.0000',2,'0.0000',2,'0.0000',0,0,'0.0000',2),(531,431,3,'br1 lo 1 smith','2010-06-20',0,0,3,12,'0.0000',2,'0.0000',2,'0.0000',22,0,'0.0000',2),(532,431,4,'br1 lo 2 xxx','2010-07-04',0,0,1,5,'0.0000',2,'0.0000',2,'0.0000',2,0,'0.0000',2),(533,433,5,'br2 LO xxx','2010-07-20',1,1,2,4,'2924.9000',2,'18.1000',2,'0.0000',3,0,'0.0000',2),(534,434,7,'Fees LO xxx','2010-04-27',0,0,3,1,'0.0000',2,'0.0000',2,'0.0000',1,0,'0.0000',2),(535,435,4,'br1 lo 2 xxx','2010-07-04',0,0,1,5,'0.0000',2,'0.0000',2,'0.0000',2,0,'0.0000',2),(536,435,3,'br1 lo 1 smith','2010-06-20',0,0,3,12,'0.0000',2,'0.0000',2,'0.0000',22,0,'0.0000',2),(537,435,6,'br1 lo3 Sturty xxx','2010-07-29',0,0,1,3,'0.0000',2,'0.0000',2,'0.0000',0,0,'0.0000',2),(538,437,5,'br2 LO xxx','2010-07-20',1,1,2,4,'2924.9000',2,'18.1000',2,'0.0000',3,0,'0.0000',2),(539,438,7,'Fees LO xxx','2010-04-27',0,0,3,1,'0.0000',2,'0.0000',2,'0.0000',1,0,'0.0000',2),(540,439,6,'br1 lo3 Sturty xxx','2010-07-29',0,0,1,3,'0.0000',2,'0.0000',2,'0.0000',0,0,'0.0000',2),(541,439,3,'br1 lo 1 smith','2010-06-20',0,0,3,12,'0.0000',2,'0.0000',2,'0.0000',22,0,'0.0000',2),(542,439,4,'br1 lo 2 xxx','2010-07-04',0,0,1,5,'0.0000',2,'0.0000',2,'0.0000',2,0,'0.0000',2),(543,441,5,'br2 LO xxx','2010-07-20',1,1,2,4,'2924.9000',2,'18.1000',2,'0.0000',3,0,'0.0000',2),(544,442,7,'Fees LO xxx','2010-04-27',0,0,3,1,'0.0000',2,'0.0000',2,'0.0000',1,0,'0.0000',2),(545,443,6,'br1 lo3 Sturty xxx','2010-07-29',0,0,1,3,'0.0000',2,'0.0000',2,'0.0000',0,0,'0.0000',2),(546,443,3,'br1 lo 1 smith','2010-06-20',0,0,3,12,'0.0000',2,'0.0000',2,'0.0000',22,0,'0.0000',2),(547,443,4,'br1 lo 2 xxx','2010-07-04',0,0,1,5,'0.0000',2,'0.0000',2,'0.0000',2,0,'0.0000',2),(548,445,5,'br2 LO xxx','2010-07-20',1,1,2,4,'2924.9000',2,'18.1000',2,'0.0000',3,0,'0.0000',2),(549,446,7,'Fees LO xxx','2010-04-27',0,0,3,1,'0.0000',2,'0.0000',2,'0.0000',1,0,'0.0000',2),(550,447,3,'br1 lo 1 smith','2010-06-20',0,0,3,12,'0.0000',2,'0.0000',2,'0.0000',22,0,'0.0000',2),(551,447,4,'br1 lo 2 xxx','2010-07-04',0,0,1,5,'0.0000',2,'0.0000',2,'0.0000',2,0,'0.0000',2),(552,447,6,'br1 lo3 Sturty xxx','2010-07-29',0,0,1,3,'0.0000',2,'0.0000',2,'0.0000',0,0,'0.0000',2);
/*!40000 ALTER TABLE `batch_staff_summary` ENABLE KEYS */;
UNLOCK TABLES;

--
-- Table structure for table `batch_staffing_level_summary`
--

DROP TABLE IF EXISTS `batch_staffing_level_summary`;
/*!40101 SET @saved_cs_client     = @@character_set_client */;
/*!40101 SET character_set_client = utf8 */;
CREATE TABLE `batch_staffing_level_summary` (
  `staffing_level_summary_id` int(11) NOT NULL AUTO_INCREMENT,
  `branch_report_id` int(11) NOT NULL,
  `role_id` int(11) NOT NULL,
  `role_name` varchar(50) NOT NULL,
  `personnel_count` int(11) NOT NULL,
  PRIMARY KEY (`staffing_level_summary_id`),
  KEY `branch_report_id` (`branch_report_id`),
  CONSTRAINT `batch_staffing_level_summary_ibfk_1` FOREIGN KEY (`branch_report_id`) REFERENCES `batch_branch_report` (`branch_report_id`)
) ENGINE=InnoDB AUTO_INCREMENT=890 DEFAULT CHARSET=utf8;
/*!40101 SET character_set_client = @saved_cs_client */;

--
-- Dumping data for table `batch_staffing_level_summary`
--

LOCK TABLES `batch_staffing_level_summary` WRITE;
/*!40000 ALTER TABLE `batch_staffing_level_summary` DISABLE KEYS */;
INSERT INTO `batch_staffing_level_summary` VALUES (1,1,-1,'Total Staff',1),(2,1,1,'No Title',1),(3,2,-1,'Total Staff',0),(4,3,-1,'Total Staff',2),(5,3,1,'big user',1),(6,3,1,'No Title',1),(7,4,-1,'Total Staff',0),(8,5,-1,'Total Staff',1),(9,5,1,'No Title',1),(10,6,-1,'Total Staff',0),(11,7,1,'No Title',2),(12,7,-1,'Total Staff',3),(13,7,1,'big user',1),(14,8,-1,'Total Staff',0),(15,9,-1,'Total Staff',1),(16,9,1,'No Title',1),(17,10,-1,'Total Staff',0),(18,11,1,'No Title',2),(19,11,-1,'Total Staff',3),(20,11,1,'big user',1),(21,12,-1,'Total Staff',0),(22,13,-1,'Total Staff',1),(23,13,1,'No Title',1),(24,14,-1,'Total Staff',0),(25,15,1,'No Title',2),(26,15,-1,'Total Staff',3),(27,15,1,'big user',1),(28,16,-1,'Total Staff',0),(29,17,-1,'Total Staff',1),(30,17,1,'No Title',1),(31,18,-1,'Total Staff',0),(32,19,1,'No Title',2),(33,19,-1,'Total Staff',3),(34,19,1,'big user',1),(35,20,-1,'Total Staff',0),(36,21,-1,'Total Staff',1),(37,21,1,'No Title',1),(38,22,-1,'Total Staff',0),(39,23,1,'No Title',2),(40,23,-1,'Total Staff',3),(41,23,1,'big user',1),(42,24,-1,'Total Staff',0),(50,29,-1,'Total Staff',1),(51,29,1,'No Title',1),(52,30,-1,'Total Staff',1),(53,30,1,'big user',1),(54,31,1,'No Title',2),(55,31,-1,'Total Staff',3),(56,31,1,'big user',1),(57,32,-1,'Total Staff',0),(58,33,-1,'Total Staff',1),(59,33,1,'No Title',1),(60,34,-1,'Total Staff',1),(61,34,1,'big user',1),(62,35,1,'No Title',2),(63,35,-1,'Total Staff',3),(64,35,1,'big user',1),(65,36,-1,'Total Staff',0),(66,37,-1,'Total Staff',1),(67,37,1,'No Title',1),(68,38,-1,'Total Staff',1),(69,38,1,'big user',1),(70,39,1,'No Title',2),(71,39,-1,'Total Staff',3),(72,39,1,'big user',1),(73,40,-1,'Total Staff',0),(74,41,-1,'Total Staff',1),(75,41,1,'No Title',1),(76,42,-1,'Total Staff',1),(77,42,1,'big user',1),(78,43,1,'No Title',2),(79,43,-1,'Total Staff',3),(80,43,1,'big user',1),(81,44,-1,'Total Staff',0),(82,45,-1,'Total Staff',1),(83,45,1,'No Title',1),(84,46,-1,'Total Staff',1),(85,46,1,'big user',1),(86,47,1,'No Title',2),(87,47,-1,'Total Staff',3),(88,47,1,'big user',1),(89,48,-1,'Total Staff',0),(90,49,-1,'Total Staff',1),(91,49,1,'No Title',1),(92,50,-1,'Total Staff',1),(93,50,1,'big user',1),(94,51,1,'No Title',2),(95,51,-1,'Total Staff',3),(96,51,1,'big user',1),(97,52,-1,'Total Staff',0),(98,53,-1,'Total Staff',1),(99,53,1,'No Title',1),(100,54,-1,'Total Staff',1),(101,54,1,'big user',1),(102,55,1,'No Title',2),(103,55,-1,'Total Staff',3),(104,55,1,'big user',1),(105,56,-1,'Total Staff',0),(106,57,-1,'Total Staff',1),(107,57,1,'No Title',1),(108,58,-1,'Total Staff',1),(109,58,1,'big user',1),(110,59,1,'No Title',2),(111,59,-1,'Total Staff',3),(112,59,1,'big user',1),(113,60,-1,'Total Staff',0),(114,61,-1,'Total Staff',1),(115,61,1,'No Title',1),(116,62,-1,'Total Staff',1),(117,62,1,'big user',1),(118,63,1,'No Title',2),(119,63,-1,'Total Staff',3),(120,63,1,'big user',1),(121,64,-1,'Total Staff',0),(122,65,-1,'Total Staff',1),(123,65,1,'No Title',1),(124,66,-1,'Total Staff',1),(125,66,1,'big user',1),(126,67,1,'No Title',2),(127,67,-1,'Total Staff',3),(128,67,1,'big user',1),(129,68,-1,'Total Staff',0),(130,69,-1,'Total Staff',1),(131,69,1,'No Title',1),(132,70,-1,'Total Staff',1),(133,70,1,'big user',1),(134,71,1,'No Title',2),(135,71,-1,'Total Staff',3),(136,71,1,'big user',1),(137,72,-1,'Total Staff',0),(138,73,-1,'Total Staff',1),(139,73,1,'No Title',1),(140,74,-1,'Total Staff',1),(141,74,1,'big user',1),(142,75,1,'No Title',2),(143,75,-1,'Total Staff',3),(144,75,1,'big user',1),(145,76,-1,'Total Staff',0),(146,77,-1,'Total Staff',1),(147,77,1,'No Title',1),(148,78,-1,'Total Staff',1),(149,78,1,'big user',1),(150,79,1,'No Title',2),(151,79,-1,'Total Staff',3),(152,79,1,'big user',1),(153,80,-1,'Total Staff',0),(154,81,-1,'Total Staff',1),(155,81,1,'No Title',1),(156,82,-1,'Total Staff',1),(157,82,1,'big user',1),(158,83,1,'No Title',2),(159,83,-1,'Total Staff',3),(160,83,1,'big user',1),(161,84,-1,'Total Staff',0),(162,85,-1,'Total Staff',1),(163,85,1,'No Title',1),(164,86,-1,'Total Staff',1),(165,86,1,'big user',1),(166,87,1,'No Title',2),(167,87,-1,'Total Staff',3),(168,87,1,'big user',1),(169,88,-1,'Total Staff',0),(170,89,-1,'Total Staff',1),(171,89,1,'No Title',1),(172,90,-1,'Total Staff',1),(173,90,1,'big user',1),(174,91,1,'No Title',2),(175,91,-1,'Total Staff',3),(176,91,1,'big user',1),(177,92,-1,'Total Staff',0),(178,93,-1,'Total Staff',1),(179,93,1,'No Title',1),(180,94,-1,'Total Staff',1),(181,94,1,'big user',1),(182,95,1,'No Title',2),(183,95,-1,'Total Staff',3),(184,95,1,'big user',1),(185,96,-1,'Total Staff',0),(186,97,-1,'Total Staff',1),(187,97,1,'No Title',1),(188,98,-1,'Total Staff',1),(189,98,1,'big user',1),(190,99,1,'No Title',2),(191,99,-1,'Total Staff',3),(192,99,1,'big user',1),(193,100,-1,'Total Staff',0),(194,101,-1,'Total Staff',1),(195,101,1,'No Title',1),(196,102,-1,'Total Staff',1),(197,102,1,'big user',1),(198,103,1,'No Title',2),(199,103,-1,'Total Staff',3),(200,103,1,'big user',1),(201,104,-1,'Total Staff',0),(202,105,-1,'Total Staff',1),(203,105,1,'No Title',1),(204,106,-1,'Total Staff',1),(205,106,1,'big user',1),(206,107,1,'No Title',2),(207,107,-1,'Total Staff',3),(208,107,1,'big user',1),(209,108,-1,'Total Staff',0),(210,109,-1,'Total Staff',1),(211,109,1,'No Title',1),(212,110,-1,'Total Staff',1),(213,110,1,'big user',1),(214,111,1,'No Title',2),(215,111,-1,'Total Staff',3),(216,111,1,'big user',1),(217,112,-1,'Total Staff',0),(218,113,-1,'Total Staff',1),(219,113,1,'No Title',1),(220,114,-1,'Total Staff',1),(221,114,1,'big user',1),(222,115,1,'No Title',2),(223,115,-1,'Total Staff',3),(224,115,1,'big user',1),(225,116,-1,'Total Staff',0),(226,117,-1,'Total Staff',1),(227,117,1,'No Title',1),(228,118,-1,'Total Staff',1),(229,118,1,'big user',1),(230,119,1,'No Title',2),(231,119,-1,'Total Staff',3),(232,119,1,'big user',1),(233,120,-1,'Total Staff',0),(234,121,-1,'Total Staff',1),(235,121,1,'No Title',1),(236,122,-1,'Total Staff',1),(237,122,1,'big user',1),(238,123,1,'No Title',2),(239,123,-1,'Total Staff',3),(240,123,1,'big user',1),(241,124,-1,'Total Staff',0),(242,125,-1,'Total Staff',1),(243,125,1,'No Title',1),(244,126,-1,'Total Staff',1),(245,126,1,'big user',1),(246,127,1,'No Title',2),(247,127,-1,'Total Staff',3),(248,127,1,'big user',1),(249,128,-1,'Total Staff',0),(250,129,-1,'Total Staff',1),(251,129,1,'No Title',1),(252,130,-1,'Total Staff',1),(253,130,1,'big user',1),(254,131,1,'No Title',2),(255,131,-1,'Total Staff',3),(256,131,1,'big user',1),(257,132,-1,'Total Staff',0),(258,133,-1,'Total Staff',1),(259,133,1,'No Title',1),(260,134,-1,'Total Staff',1),(261,134,1,'big user',1),(262,135,1,'No Title',2),(263,135,-1,'Total Staff',3),(264,135,1,'big user',1),(265,136,-1,'Total Staff',0),(266,137,-1,'Total Staff',1),(267,137,1,'No Title',1),(268,138,-1,'Total Staff',1),(269,138,1,'big user',1),(270,139,1,'No Title',2),(271,139,-1,'Total Staff',3),(272,139,1,'big user',1),(273,140,-1,'Total Staff',0),(274,141,-1,'Total Staff',1),(275,141,1,'No Title',1),(276,142,-1,'Total Staff',1),(277,142,1,'big user',1),(278,143,1,'No Title',2),(279,143,-1,'Total Staff',3),(280,143,1,'big user',1),(281,144,-1,'Total Staff',0),(282,145,-1,'Total Staff',1),(283,145,1,'No Title',1),(284,146,-1,'Total Staff',1),(285,146,1,'big user',1),(286,147,1,'No Title',2),(287,147,-1,'Total Staff',3),(288,147,1,'big user',1),(289,148,-1,'Total Staff',0),(290,149,-1,'Total Staff',1),(291,149,1,'No Title',1),(292,150,-1,'Total Staff',1),(293,150,1,'big user',1),(294,151,1,'No Title',2),(295,151,-1,'Total Staff',3),(296,151,1,'big user',1),(297,152,-1,'Total Staff',0),(298,153,-1,'Total Staff',1),(299,153,1,'No Title',1),(300,154,-1,'Total Staff',1),(301,154,1,'big user',1),(302,155,1,'No Title',2),(303,155,-1,'Total Staff',3),(304,155,1,'big user',1),(305,156,-1,'Total Staff',0),(306,157,-1,'Total Staff',1),(307,157,1,'No Title',1),(308,158,-1,'Total Staff',1),(309,158,1,'big user',1),(310,159,1,'No Title',2),(311,159,-1,'Total Staff',3),(312,159,1,'big user',1),(313,160,-1,'Total Staff',0),(314,161,-1,'Total Staff',1),(315,161,1,'No Title',1),(316,162,-1,'Total Staff',1),(317,162,1,'big user',1),(318,163,1,'No Title',2),(319,163,-1,'Total Staff',3),(320,163,1,'big user',1),(321,164,-1,'Total Staff',0),(322,165,-1,'Total Staff',1),(323,165,1,'No Title',1),(324,166,-1,'Total Staff',1),(325,166,1,'big user',1),(326,167,1,'No Title',2),(327,167,-1,'Total Staff',3),(328,167,1,'big user',1),(329,168,-1,'Total Staff',0),(330,169,-1,'Total Staff',1),(331,169,1,'No Title',1),(332,170,-1,'Total Staff',1),(333,170,1,'big user',1),(334,171,1,'No Title',2),(335,171,-1,'Total Staff',3),(336,171,1,'big user',1),(337,172,-1,'Total Staff',0),(338,173,-1,'Total Staff',1),(339,173,1,'No Title',1),(340,174,-1,'Total Staff',1),(341,174,1,'big user',1),(342,175,1,'No Title',2),(343,175,-1,'Total Staff',3),(344,175,1,'big user',1),(345,176,-1,'Total Staff',0),(346,177,-1,'Total Staff',1),(347,177,1,'No Title',1),(348,178,-1,'Total Staff',1),(349,178,1,'big user',1),(350,179,1,'No Title',2),(351,179,-1,'Total Staff',3),(352,179,1,'big user',1),(353,180,-1,'Total Staff',0),(354,181,-1,'Total Staff',1),(355,181,1,'No Title',1),(356,182,-1,'Total Staff',1),(357,182,1,'big user',1),(358,183,1,'No Title',2),(359,183,-1,'Total Staff',3),(360,183,1,'big user',1),(361,184,-1,'Total Staff',0),(362,185,-1,'Total Staff',1),(363,185,1,'No Title',1),(364,186,-1,'Total Staff',1),(365,186,1,'big user',1),(366,187,1,'No Title',2),(367,187,-1,'Total Staff',3),(368,187,1,'big user',1),(369,188,-1,'Total Staff',0),(370,189,-1,'Total Staff',1),(371,189,1,'No Title',1),(372,190,-1,'Total Staff',1),(373,190,1,'big user',1),(374,191,1,'No Title',2),(375,191,-1,'Total Staff',3),(376,191,1,'big user',1),(377,192,-1,'Total Staff',0),(378,193,-1,'Total Staff',1),(379,193,1,'No Title',1),(380,194,-1,'Total Staff',1),(381,194,1,'big user',1),(382,195,1,'No Title',2),(383,195,-1,'Total Staff',3),(384,195,1,'big user',1),(385,196,-1,'Total Staff',0),(386,197,-1,'Total Staff',1),(387,197,1,'No Title',1),(388,198,-1,'Total Staff',1),(389,198,1,'big user',1),(390,199,1,'No Title',2),(391,199,-1,'Total Staff',3),(392,199,1,'big user',1),(393,200,-1,'Total Staff',0),(394,201,-1,'Total Staff',1),(395,201,1,'No Title',1),(396,202,-1,'Total Staff',1),(397,202,1,'big user',1),(398,203,1,'No Title',2),(399,203,-1,'Total Staff',3),(400,203,1,'big user',1),(401,204,-1,'Total Staff',0),(402,205,-1,'Total Staff',1),(403,205,1,'No Title',1),(404,206,-1,'Total Staff',1),(405,206,1,'big user',1),(406,207,1,'No Title',2),(407,207,-1,'Total Staff',3),(408,207,1,'big user',1),(409,208,-1,'Total Staff',0),(410,209,-1,'Total Staff',1),(411,209,1,'No Title',1),(412,210,-1,'Total Staff',1),(413,210,1,'big user',1),(414,211,1,'No Title',2),(415,211,-1,'Total Staff',3),(416,211,1,'big user',1),(417,212,-1,'Total Staff',0),(418,213,-1,'Total Staff',1),(419,213,1,'No Title',1),(420,214,-1,'Total Staff',1),(421,214,1,'big user',1),(422,215,1,'No Title',2),(423,215,-1,'Total Staff',3),(424,215,1,'big user',1),(425,216,-1,'Total Staff',0),(426,217,-1,'Total Staff',1),(427,217,1,'No Title',1),(428,218,-1,'Total Staff',1),(429,218,1,'big user',1),(430,219,1,'No Title',2),(431,219,-1,'Total Staff',3),(432,219,1,'big user',1),(433,220,-1,'Total Staff',0),(434,221,-1,'Total Staff',1),(435,221,1,'No Title',1),(436,222,-1,'Total Staff',1),(437,222,1,'big user',1),(438,223,1,'No Title',2),(439,223,-1,'Total Staff',3),(440,223,1,'big user',1),(441,224,-1,'Total Staff',0),(442,225,-1,'Total Staff',1),(443,225,1,'No Title',1),(444,226,-1,'Total Staff',1),(445,226,1,'big user',1),(446,227,1,'No Title',2),(447,227,-1,'Total Staff',3),(448,227,1,'big user',1),(449,228,-1,'Total Staff',0),(450,229,-1,'Total Staff',1),(451,229,1,'No Title',1),(452,230,-1,'Total Staff',1),(453,230,1,'big user',1),(454,231,1,'No Title',2),(455,231,-1,'Total Staff',3),(456,231,1,'big user',1),(457,232,-1,'Total Staff',0),(458,233,-1,'Total Staff',1),(459,233,1,'No Title',1),(460,234,-1,'Total Staff',1),(461,234,1,'big user',1),(462,235,1,'No Title',2),(463,235,-1,'Total Staff',3),(464,235,1,'big user',1),(465,236,-1,'Total Staff',0),(466,237,-1,'Total Staff',1),(467,237,1,'No Title',1),(468,238,-1,'Total Staff',1),(469,238,1,'big user',1),(470,239,1,'No Title',2),(471,239,-1,'Total Staff',3),(472,239,1,'big user',1),(473,240,-1,'Total Staff',0),(474,241,-1,'Total Staff',1),(475,241,1,'No Title',1),(476,242,-1,'Total Staff',1),(477,242,1,'big user',1),(478,243,1,'No Title',2),(479,243,-1,'Total Staff',3),(480,243,1,'big user',1),(481,244,-1,'Total Staff',0),(482,245,-1,'Total Staff',1),(483,245,1,'No Title',1),(484,246,-1,'Total Staff',1),(485,246,1,'big user',1),(486,247,1,'No Title',2),(487,247,-1,'Total Staff',3),(488,247,1,'big user',1),(489,248,-1,'Total Staff',0),(490,249,-1,'Total Staff',1),(491,249,1,'No Title',1),(492,250,-1,'Total Staff',1),(493,250,1,'big user',1),(494,251,1,'No Title',2),(495,251,-1,'Total Staff',3),(496,251,1,'big user',1),(497,252,-1,'Total Staff',0),(498,253,-1,'Total Staff',1),(499,253,1,'No Title',1),(500,254,-1,'Total Staff',1),(501,254,1,'big user',1),(502,255,1,'No Title',2),(503,255,-1,'Total Staff',3),(504,255,1,'big user',1),(505,256,-1,'Total Staff',0),(506,257,-1,'Total Staff',1),(507,257,1,'No Title',1),(508,258,-1,'Total Staff',1),(509,258,1,'big user',1),(510,259,1,'No Title',2),(511,259,-1,'Total Staff',3),(512,259,1,'big user',1),(513,260,-1,'Total Staff',0),(514,261,-1,'Total Staff',1),(515,261,1,'No Title',1),(516,262,-1,'Total Staff',1),(517,262,1,'big user',1),(518,263,1,'No Title',2),(519,263,-1,'Total Staff',3),(520,263,1,'big user',1),(521,264,-1,'Total Staff',0),(522,265,-1,'Total Staff',1),(523,265,1,'No Title',1),(524,266,-1,'Total Staff',1),(525,266,1,'big user',1),(526,267,1,'No Title',2),(527,267,-1,'Total Staff',3),(528,267,1,'big user',1),(529,268,-1,'Total Staff',0),(530,269,-1,'Total Staff',1),(531,269,1,'No Title',1),(532,270,-1,'Total Staff',1),(533,270,1,'big user',1),(534,271,1,'No Title',2),(535,271,-1,'Total Staff',3),(536,271,1,'big user',1),(537,272,-1,'Total Staff',0),(538,273,-1,'Total Staff',1),(539,273,1,'No Title',1),(540,274,-1,'Total Staff',1),(541,274,1,'big user',1),(542,275,1,'No Title',2),(543,275,-1,'Total Staff',3),(544,275,1,'big user',1),(545,276,-1,'Total Staff',0),(546,277,-1,'Total Staff',1),(547,277,1,'No Title',1),(548,278,-1,'Total Staff',1),(549,278,1,'big user',1),(550,279,1,'No Title',2),(551,279,-1,'Total Staff',3),(552,279,1,'big user',1),(553,280,-1,'Total Staff',0),(554,281,-1,'Total Staff',1),(555,281,1,'No Title',1),(556,282,-1,'Total Staff',1),(557,282,1,'big user',1),(558,283,1,'No Title',2),(559,283,-1,'Total Staff',3),(560,283,1,'big user',1),(561,284,-1,'Total Staff',0),(562,285,-1,'Total Staff',1),(563,285,1,'No Title',1),(564,286,-1,'Total Staff',1),(565,286,1,'big user',1),(566,287,1,'No Title',2),(567,287,-1,'Total Staff',3),(568,287,1,'big user',1),(569,288,-1,'Total Staff',0),(570,289,-1,'Total Staff',1),(571,289,1,'No Title',1),(572,290,-1,'Total Staff',1),(573,290,1,'big user',1),(574,291,1,'No Title',2),(575,291,-1,'Total Staff',3),(576,291,1,'big user',1),(577,292,-1,'Total Staff',0),(578,293,-1,'Total Staff',1),(579,293,1,'No Title',1),(580,294,-1,'Total Staff',1),(581,294,1,'big user',1),(582,295,1,'No Title',2),(583,295,-1,'Total Staff',3),(584,295,1,'big user',1),(585,296,-1,'Total Staff',0),(586,297,-1,'Total Staff',1),(587,297,1,'No Title',1),(588,298,-1,'Total Staff',1),(589,298,1,'big user',1),(590,299,1,'No Title',2),(591,299,-1,'Total Staff',3),(592,299,1,'big user',1),(593,300,-1,'Total Staff',0),(594,301,-1,'Total Staff',1),(595,301,1,'No Title',1),(596,302,-1,'Total Staff',1),(597,302,1,'big user',1),(598,303,1,'No Title',2),(599,303,-1,'Total Staff',3),(600,303,1,'big user',1),(601,304,-1,'Total Staff',0),(602,305,-1,'Total Staff',1),(603,305,1,'No Title',1),(604,306,-1,'Total Staff',1),(605,306,1,'big user',1),(606,307,1,'No Title',2),(607,307,-1,'Total Staff',3),(608,307,1,'big user',1),(609,308,-1,'Total Staff',0),(610,309,-1,'Total Staff',1),(611,309,1,'No Title',1),(612,310,-1,'Total Staff',1),(613,310,1,'big user',1),(614,311,1,'No Title',2),(615,311,-1,'Total Staff',3),(616,311,1,'big user',1),(617,312,-1,'Total Staff',0),(618,313,-1,'Total Staff',1),(619,313,1,'No Title',1),(620,314,-1,'Total Staff',1),(621,314,1,'big user',1),(622,315,1,'No Title',2),(623,315,-1,'Total Staff',3),(624,315,1,'big user',1),(625,316,-1,'Total Staff',0),(626,317,-1,'Total Staff',1),(627,317,1,'No Title',1),(628,318,-1,'Total Staff',1),(629,318,1,'big user',1),(630,319,1,'No Title',2),(631,319,-1,'Total Staff',3),(632,319,1,'big user',1),(633,320,-1,'Total Staff',0),(634,321,-1,'Total Staff',1),(635,321,1,'No Title',1),(636,322,-1,'Total Staff',1),(637,322,1,'big user',1),(638,323,1,'No Title',2),(639,323,-1,'Total Staff',3),(640,323,1,'big user',1),(641,324,-1,'Total Staff',0),(642,325,-1,'Total Staff',1),(643,325,1,'No Title',1),(644,326,-1,'Total Staff',1),(645,326,1,'big user',1),(646,327,1,'No Title',2),(647,327,-1,'Total Staff',3),(648,327,1,'big user',1),(649,328,-1,'Total Staff',0),(650,329,-1,'Total Staff',1),(651,329,1,'No Title',1),(652,330,-1,'Total Staff',1),(653,330,1,'big user',1),(654,331,1,'No Title',2),(655,331,-1,'Total Staff',3),(656,331,1,'big user',1),(657,332,-1,'Total Staff',0),(658,333,-1,'Total Staff',1),(659,333,1,'No Title',1),(660,334,-1,'Total Staff',1),(661,334,1,'big user',1),(662,335,1,'No Title',2),(663,335,-1,'Total Staff',3),(664,335,1,'big user',1),(665,336,-1,'Total Staff',0),(666,337,-1,'Total Staff',1),(667,337,1,'No Title',1),(668,338,-1,'Total Staff',1),(669,338,1,'big user',1),(670,339,1,'No Title',2),(671,339,-1,'Total Staff',3),(672,339,1,'big user',1),(673,340,-1,'Total Staff',0),(674,341,-1,'Total Staff',1),(675,341,1,'No Title',1),(676,342,-1,'Total Staff',1),(677,342,1,'big user',1),(678,343,1,'No Title',2),(679,343,-1,'Total Staff',3),(680,343,1,'big user',1),(681,344,-1,'Total Staff',0),(682,345,-1,'Total Staff',1),(683,345,1,'No Title',1),(684,346,-1,'Total Staff',1),(685,346,1,'big user',1),(686,347,1,'No Title',2),(687,347,-1,'Total Staff',3),(688,347,1,'big user',1),(689,348,-1,'Total Staff',0),(690,349,-1,'Total Staff',1),(691,349,1,'No Title',1),(692,350,-1,'Total Staff',1),(693,350,1,'big user',1),(694,351,1,'No Title',2),(695,351,-1,'Total Staff',3),(696,351,1,'big user',1),(697,352,-1,'Total Staff',0),(698,353,-1,'Total Staff',1),(699,353,1,'No Title',1),(700,354,-1,'Total Staff',1),(701,354,1,'big user',1),(702,355,1,'No Title',2),(703,355,-1,'Total Staff',3),(704,355,1,'big user',1),(705,356,-1,'Total Staff',0),(706,357,-1,'Total Staff',1),(707,357,1,'No Title',1),(708,358,-1,'Total Staff',1),(709,358,1,'big user',1),(710,359,1,'No Title',2),(711,359,-1,'Total Staff',3),(712,359,1,'big user',1),(713,360,-1,'Total Staff',0),(714,361,-1,'Total Staff',1),(715,361,1,'No Title',1),(716,362,-1,'Total Staff',1),(717,362,1,'big user',1),(718,363,1,'No Title',2),(719,363,-1,'Total Staff',3),(720,363,1,'big user',1),(721,364,-1,'Total Staff',0),(722,365,-1,'Total Staff',1),(723,365,1,'No Title',1),(724,366,-1,'Total Staff',1),(725,366,1,'big user',1),(726,367,1,'No Title',2),(727,367,-1,'Total Staff',3),(728,367,1,'big user',1),(729,368,-1,'Total Staff',0),(730,369,-1,'Total Staff',1),(731,369,1,'No Title',1),(732,370,-1,'Total Staff',1),(733,370,1,'big user',1),(734,371,1,'No Title',2),(735,371,-1,'Total Staff',3),(736,371,1,'big user',1),(737,372,-1,'Total Staff',0),(738,373,-1,'Total Staff',1),(739,373,1,'No Title',1),(740,374,-1,'Total Staff',1),(741,374,1,'big user',1),(742,375,1,'No Title',2),(743,375,-1,'Total Staff',3),(744,375,1,'big user',1),(745,376,-1,'Total Staff',0),(746,377,-1,'Total Staff',1),(747,377,1,'No Title',1),(748,378,-1,'Total Staff',1),(749,378,1,'big user',1),(750,379,1,'No Title',2),(751,379,-1,'Total Staff',3),(752,379,1,'big user',1),(753,380,-1,'Total Staff',0),(754,381,-1,'Total Staff',1),(755,381,1,'No Title',1),(756,382,-1,'Total Staff',1),(757,382,1,'big user',1),(758,383,1,'No Title',2),(759,383,-1,'Total Staff',3),(760,383,1,'big user',1),(761,384,-1,'Total Staff',0),(762,385,-1,'Total Staff',1),(763,385,1,'No Title',1),(764,386,-1,'Total Staff',1),(765,386,1,'big user',1),(766,387,1,'No Title',2),(767,387,-1,'Total Staff',3),(768,387,1,'big user',1),(769,388,-1,'Total Staff',0),(770,389,-1,'Total Staff',1),(771,389,1,'No Title',1),(772,390,-1,'Total Staff',1),(773,390,1,'big user',1),(774,391,1,'No Title',2),(775,391,-1,'Total Staff',3),(776,391,1,'big user',1),(777,392,-1,'Total Staff',0),(778,393,-1,'Total Staff',1),(779,393,1,'No Title',1),(780,394,-1,'Total Staff',1),(781,394,1,'big user',1),(782,395,1,'No Title',2),(783,395,-1,'Total Staff',3),(784,395,1,'big user',1),(785,396,-1,'Total Staff',0),(786,397,-1,'Total Staff',1),(787,397,1,'No Title',1),(788,398,-1,'Total Staff',1),(789,398,1,'big user',1),(790,399,1,'No Title',2),(791,399,-1,'Total Staff',3),(792,399,1,'big user',1),(793,400,-1,'Total Staff',0),(794,401,-1,'Total Staff',1),(795,401,1,'No Title',1),(796,402,-1,'Total Staff',1),(797,402,1,'big user',1),(798,403,1,'No Title',2),(799,403,-1,'Total Staff',3),(800,403,1,'big user',1),(801,404,-1,'Total Staff',0),(802,405,-1,'Total Staff',1),(803,405,1,'No Title',1),(804,406,-1,'Total Staff',1),(805,406,1,'big user',1),(806,407,1,'No Title',2),(807,407,-1,'Total Staff',3),(808,407,1,'big user',1),(809,408,-1,'Total Staff',0),(810,409,-1,'Total Staff',1),(811,409,1,'No Title',1),(812,410,-1,'Total Staff',1),(813,410,1,'big user',1),(814,411,1,'No Title',2),(815,411,-1,'Total Staff',3),(816,411,1,'big user',1),(817,412,-1,'Total Staff',0),(818,413,-1,'Total Staff',1),(819,413,1,'No Title',1),(820,414,-1,'Total Staff',1),(821,414,1,'big user',1),(822,415,1,'No Title',2),(823,415,-1,'Total Staff',3),(824,415,1,'big user',1),(825,416,-1,'Total Staff',0),(826,417,-1,'Total Staff',1),(827,417,1,'No Title',1),(828,418,-1,'Total Staff',1),(829,418,1,'big user',1),(830,419,1,'No Title',2),(831,419,-1,'Total Staff',3),(832,419,1,'big user',1),(833,420,-1,'Total Staff',0),(834,421,-1,'Total Staff',1),(835,421,1,'No Title',1),(836,422,-1,'Total Staff',1),(837,422,1,'big user',1),(838,423,1,'No Title',2),(839,423,-1,'Total Staff',3),(840,423,1,'big user',1),(841,424,-1,'Total Staff',0),(842,425,-1,'Total Staff',1),(843,425,1,'No Title',1),(844,426,-1,'Total Staff',1),(845,426,1,'big user',1),(846,427,1,'No Title',2),(847,427,-1,'Total Staff',3),(848,427,1,'big user',1),(849,428,-1,'Total Staff',0),(850,429,-1,'Total Staff',1),(851,429,1,'No Title',1),(852,430,-1,'Total Staff',1),(853,430,1,'big user',1),(854,431,1,'No Title',2),(855,431,-1,'Total Staff',3),(856,431,1,'big user',1),(857,432,-1,'Total Staff',0),(858,433,-1,'Total Staff',1),(859,433,1,'No Title',1),(860,434,-1,'Total Staff',1),(861,434,1,'big user',1),(862,435,1,'No Title',2),(863,435,-1,'Total Staff',3),(864,435,1,'big user',1),(865,436,-1,'Total Staff',0),(866,437,-1,'Total Staff',1),(867,437,1,'No Title',1),(868,438,-1,'Total Staff',1),(869,438,1,'big user',1),(870,439,1,'No Title',2),(871,439,-1,'Total Staff',3),(872,439,1,'big user',1),(873,440,-1,'Total Staff',0),(874,441,-1,'Total Staff',1),(875,441,1,'No Title',1),(876,442,-1,'Total Staff',1),(877,442,1,'big user',1),(878,443,1,'No Title',2),(879,443,-1,'Total Staff',3),(880,443,1,'big user',1),(881,444,-1,'Total Staff',0),(882,445,-1,'Total Staff',1),(883,445,1,'No Title',1),(884,446,-1,'Total Staff',1),(885,446,1,'big user',1),(886,447,1,'No Title',2),(887,447,-1,'Total Staff',3),(888,447,1,'big user',1),(889,448,-1,'Total Staff',0);
/*!40000 ALTER TABLE `batch_staffing_level_summary` ENABLE KEYS */;
UNLOCK TABLES;

--
-- Table structure for table `branch_ho_update`
--

DROP TABLE IF EXISTS `branch_ho_update`;
/*!40101 SET @saved_cs_client     = @@character_set_client */;
/*!40101 SET character_set_client = utf8 */;
CREATE TABLE `branch_ho_update` (
  `office_id` smallint(6) NOT NULL,
  `last_updated_date` date DEFAULT NULL,
  PRIMARY KEY (`office_id`),
  CONSTRAINT `branch_ho_update_ibfk_1` FOREIGN KEY (`office_id`) REFERENCES `office` (`office_id`) ON DELETE NO ACTION ON UPDATE NO ACTION
) ENGINE=InnoDB DEFAULT CHARSET=utf8;
/*!40101 SET character_set_client = @saved_cs_client */;

--
-- Dumping data for table `branch_ho_update`
--

LOCK TABLES `branch_ho_update` WRITE;
/*!40000 ALTER TABLE `branch_ho_update` DISABLE KEYS */;
/*!40000 ALTER TABLE `branch_ho_update` ENABLE KEYS */;
UNLOCK TABLES;

--
-- Table structure for table `calculated_interest_on_payment`
--

DROP TABLE IF EXISTS `calculated_interest_on_payment`;
/*!40101 SET @saved_cs_client     = @@character_set_client */;
/*!40101 SET character_set_client = utf8 */;
CREATE TABLE `calculated_interest_on_payment` (
  `loan_account_trxn_id` int(11) NOT NULL,
  `original_interest` decimal(21,4) NOT NULL,
  `original_interest_currency_id` smallint(6) DEFAULT NULL,
  `extra_interest_paid` decimal(21,4) DEFAULT NULL,
  `extra_interest_paid_currency_id` smallint(6) DEFAULT NULL,
  `interest_due_till_paid` decimal(21,4) DEFAULT NULL,
  `interest_due_till_paid_currency_id` smallint(6) DEFAULT NULL,
  PRIMARY KEY (`loan_account_trxn_id`),
  KEY `original_interest_currency_id` (`original_interest_currency_id`),
  KEY `extra_interest_paid_currency_id` (`extra_interest_paid_currency_id`),
  KEY `interest_due_till_paid_currency_id` (`interest_due_till_paid_currency_id`),
  CONSTRAINT `calculated_interest_on_payment_ibfk_4` FOREIGN KEY (`interest_due_till_paid_currency_id`) REFERENCES `currency` (`currency_id`) ON DELETE NO ACTION ON UPDATE NO ACTION,
  CONSTRAINT `calculated_interest_on_payment_ibfk_1` FOREIGN KEY (`loan_account_trxn_id`) REFERENCES `loan_trxn_detail` (`account_trxn_id`) ON DELETE NO ACTION ON UPDATE NO ACTION,
  CONSTRAINT `calculated_interest_on_payment_ibfk_2` FOREIGN KEY (`original_interest_currency_id`) REFERENCES `currency` (`currency_id`) ON DELETE NO ACTION ON UPDATE NO ACTION,
  CONSTRAINT `calculated_interest_on_payment_ibfk_3` FOREIGN KEY (`extra_interest_paid_currency_id`) REFERENCES `currency` (`currency_id`) ON DELETE NO ACTION ON UPDATE NO ACTION
) ENGINE=InnoDB DEFAULT CHARSET=utf8;
/*!40101 SET character_set_client = @saved_cs_client */;

--
-- Dumping data for table `calculated_interest_on_payment`
--

LOCK TABLES `calculated_interest_on_payment` WRITE;
/*!40000 ALTER TABLE `calculated_interest_on_payment` DISABLE KEYS */;
/*!40000 ALTER TABLE `calculated_interest_on_payment` ENABLE KEYS */;
UNLOCK TABLES;

--
-- Table structure for table `cash_flow`
--

DROP TABLE IF EXISTS `cash_flow`;
/*!40101 SET @saved_cs_client     = @@character_set_client */;
/*!40101 SET character_set_client = utf8 */;
CREATE TABLE `cash_flow` (
  `id` int(11) NOT NULL AUTO_INCREMENT,
  `capital` decimal(21,4) DEFAULT NULL,
  `liability` decimal(21,4) DEFAULT NULL,
  PRIMARY KEY (`id`)
) ENGINE=InnoDB DEFAULT CHARSET=utf8;
/*!40101 SET character_set_client = @saved_cs_client */;

--
-- Dumping data for table `cash_flow`
--

LOCK TABLES `cash_flow` WRITE;
/*!40000 ALTER TABLE `cash_flow` DISABLE KEYS */;
/*!40000 ALTER TABLE `cash_flow` ENABLE KEYS */;
UNLOCK TABLES;

--
-- Table structure for table `cash_flow_detail`
--

DROP TABLE IF EXISTS `cash_flow_detail`;
/*!40101 SET @saved_cs_client     = @@character_set_client */;
/*!40101 SET character_set_client = utf8 */;
CREATE TABLE `cash_flow_detail` (
  `id` smallint(6) NOT NULL AUTO_INCREMENT,
  `cash_flow_threshold` decimal(13,10) DEFAULT NULL,
  `indebtedness_ratio` decimal(13,10) DEFAULT NULL,
  `repayment_capacity` decimal(13,10) DEFAULT NULL,
  PRIMARY KEY (`id`)
) ENGINE=InnoDB DEFAULT CHARSET=utf8;
/*!40101 SET character_set_client = @saved_cs_client */;

--
-- Dumping data for table `cash_flow_detail`
--

LOCK TABLES `cash_flow_detail` WRITE;
/*!40000 ALTER TABLE `cash_flow_detail` DISABLE KEYS */;
/*!40000 ALTER TABLE `cash_flow_detail` ENABLE KEYS */;
UNLOCK TABLES;

--
-- Table structure for table `category_type`
--

DROP TABLE IF EXISTS `category_type`;
/*!40101 SET @saved_cs_client     = @@character_set_client */;
/*!40101 SET character_set_client = utf8 */;
CREATE TABLE `category_type` (
  `category_id` smallint(6) NOT NULL,
  `category_lookup_id` int(11) NOT NULL,
  PRIMARY KEY (`category_id`),
  KEY `category_lookup_id` (`category_lookup_id`),
  CONSTRAINT `category_type_ibfk_1` FOREIGN KEY (`category_lookup_id`) REFERENCES `lookup_value` (`lookup_id`) ON DELETE NO ACTION ON UPDATE NO ACTION
) ENGINE=InnoDB DEFAULT CHARSET=utf8;
/*!40101 SET character_set_client = @saved_cs_client */;

--
-- Dumping data for table `category_type`
--

LOCK TABLES `category_type` WRITE;
/*!40000 ALTER TABLE `category_type` DISABLE KEYS */;
INSERT INTO `category_type` VALUES (1,81),(2,82),(3,83),(4,84),(5,86);
/*!40000 ALTER TABLE `category_type` ENABLE KEYS */;
UNLOCK TABLES;

--
-- Table structure for table `change_log`
--

DROP TABLE IF EXISTS `change_log`;
/*!40101 SET @saved_cs_client     = @@character_set_client */;
/*!40101 SET character_set_client = utf8 */;
CREATE TABLE `change_log` (
  `change_log_id` int(11) NOT NULL AUTO_INCREMENT,
  `changed_by` smallint(6) NOT NULL,
  `modifier_name` varchar(50) NOT NULL,
  `entity_id` int(11) DEFAULT NULL,
  `entity_type` smallint(6) DEFAULT NULL,
  `changed_date` date DEFAULT NULL,
  `fields_changed` varchar(250) DEFAULT NULL,
  PRIMARY KEY (`change_log_id`),
  KEY `changed_by` (`changed_by`),
  KEY `change_log_idx` (`entity_type`,`entity_id`,`changed_date`),
  CONSTRAINT `change_log_ibfk_1` FOREIGN KEY (`changed_by`) REFERENCES `personnel` (`personnel_id`) ON DELETE NO ACTION ON UPDATE NO ACTION
) ENGINE=InnoDB AUTO_INCREMENT=147 DEFAULT CHARSET=utf8;
/*!40101 SET character_set_client = @saved_cs_client */;

--
-- Dumping data for table `change_log`
--

LOCK TABLES `change_log` WRITE;
/*!40000 ALTER TABLE `change_log` DISABLE KEYS */;
INSERT INTO `change_log` VALUES (1,1,'mifos',2,12,'2010-07-02',NULL),(2,1,'mifos',3,1,'2010-07-02',NULL),(3,1,'mifos',4,1,'2010-07-02',NULL),(4,1,'mifos',4,22,'2010-07-02',NULL),(5,1,'mifos',7,21,'2010-07-02',NULL),(6,1,'mifos',8,22,'2010-07-02',NULL),(7,1,'mifos',5,12,'2010-07-03',NULL),(8,1,'mifos',6,1,'2010-07-03',NULL),(9,1,'mifos',11,21,'2010-07-03',NULL),(10,1,'mifos',7,1,'2010-07-03',NULL),(11,1,'mifos',15,22,'2010-07-04',NULL),(12,1,'mifos',16,22,'2010-07-05',NULL),(13,1,'mifos',17,21,'2010-07-05',NULL),(14,1,'mifos',8,12,'2010-07-05',NULL),(15,1,'mifos',9,1,'2010-07-05',NULL),(16,1,'mifos',20,21,'2010-07-05',NULL),(17,1,'mifos',20,21,'2010-07-05',NULL),(18,1,'mifos',20,21,'2010-07-05',NULL),(19,1,'mifos',20,21,'2010-07-05',NULL),(20,1,'mifos',4,22,'2010-07-18',NULL),(21,1,'mifos',21,22,'2010-07-18',NULL),(22,1,'mifos',10,1,'2010-07-18',NULL),(23,1,'mifos',23,22,'2010-07-18',NULL),(24,1,'mifos',24,21,'2010-07-18',NULL),(25,1,'mifos',24,21,'2010-07-18',NULL),(26,1,'mifos',12,12,'2010-07-20',NULL),(27,1,'mifos',13,1,'2010-07-20',NULL),(28,1,'mifos',14,1,'2010-07-21',NULL),(29,1,'mifos',15,12,'2010-07-21',NULL),(30,1,'mifos',32,22,'2010-07-21',NULL),(31,1,'mifos',30,21,'2010-07-21',NULL),(32,1,'mifos',7,21,'2010-07-21',NULL),(33,1,'mifos',16,1,'2010-07-21',NULL),(34,1,'mifos',34,21,'2010-07-21',NULL),(35,1,'mifos',16,1,'2010-07-21',NULL),(36,1,'mifos',17,1,'2010-07-21',NULL),(37,1,'mifos',18,1,'2010-07-22',NULL),(38,1,'mifos',38,22,'2010-07-22',NULL),(39,1,'mifos',20,12,'2010-07-22',NULL),(40,1,'mifos',21,12,'2010-07-22',NULL),(41,1,'mifos',22,12,'2010-07-22',NULL),(42,1,'mifos',23,1,'2010-07-22',NULL),(43,1,'mifos',44,22,'2010-07-22',NULL),(44,1,'mifos',24,1,'2010-07-22',NULL),(45,1,'mifos',46,21,'2010-07-22',NULL),(46,1,'mifos',44,22,'2010-07-23',NULL),(47,1,'mifos',46,21,'2010-07-23',NULL),(48,1,'mifos',18,1,'2010-07-25',NULL),(49,1,'mifos',47,21,'2010-07-25',NULL),(50,1,'mifos',18,1,'2010-07-25',NULL),(51,1,'mifos',18,1,'2010-07-25',NULL),(52,1,'mifos',18,1,'2010-07-25',NULL),(53,1,'mifos',26,12,'2010-07-25',NULL),(54,1,'mifos',27,12,'2010-07-25',NULL),(55,1,'mifos',28,1,'2010-07-25',NULL),(56,1,'mifos',53,22,'2010-07-25',NULL),(57,1,'mifos',29,12,'2010-07-25',NULL),(58,1,'mifos',55,22,'2010-07-25',NULL),(59,1,'mifos',56,21,'2010-07-25',NULL),(60,1,'mifos',30,1,'2010-07-25',NULL),(61,1,'mifos',58,21,'2010-07-25',NULL),(62,1,'mifos',59,22,'2010-07-25',NULL),(63,1,'mifos',61,21,'2010-07-25',NULL),(64,1,'mifos',33,12,'2010-07-25',NULL),(65,1,'mifos',64,21,'2010-07-25',NULL),(66,1,'mifos',34,1,'2010-07-25',NULL),(67,1,'mifos',66,22,'2010-07-25',NULL),(68,1,'mifos',32,20,'2010-07-27',NULL),(69,1,'mifos',67,21,'2010-07-28',NULL),(70,1,'mifos',32,20,'2010-07-29',NULL),(71,1,'mifos',35,12,'2010-07-29',NULL),(72,1,'mifos',36,1,'2010-07-29',NULL),(73,1,'mifos',37,12,'2010-07-29',NULL),(74,1,'mifos',38,1,'2010-07-29',NULL),(75,1,'mifos',39,12,'2010-07-29',NULL),(76,1,'mifos',40,1,'2010-07-29',NULL),(77,1,'mifos',22,12,'2010-07-29',NULL),(78,1,'mifos',42,12,'2010-07-29',NULL),(79,1,'mifos',76,21,'2010-07-29',NULL),(80,1,'mifos',43,1,'2010-07-29',NULL),(81,1,'mifos',78,22,'2010-07-29',NULL),(82,1,'mifos',44,1,'2010-07-29',NULL),(83,1,'mifos',80,21,'2010-07-29',NULL),(84,1,'mifos',44,1,'2010-07-29',NULL),(85,1,'mifos',42,12,'2010-07-29',NULL),(86,1,'mifos',45,1,'2010-07-29',NULL),(87,1,'mifos',82,21,'2010-07-29',NULL),(88,1,'mifos',46,12,'2010-07-29',NULL),(89,1,'mifos',84,21,'2010-07-29',NULL),(90,1,'mifos',47,1,'2010-07-29',NULL),(91,1,'mifos',86,22,'2010-07-29',NULL),(92,1,'mifos',45,1,'2010-07-31',NULL),(93,1,'mifos',86,22,'2010-07-31',NULL),(94,1,'mifos',48,12,'2010-07-31',NULL),(95,1,'mifos',88,21,'2010-07-31',NULL),(96,1,'mifos',18,1,'2010-08-01',NULL),(97,1,'mifos',49,12,'2010-08-01',NULL),(98,1,'mifos',50,1,'2010-08-01',NULL),(99,1,'mifos',91,22,'2010-08-01',NULL),(100,1,'mifos',51,1,'2010-08-01',NULL),(101,1,'mifos',51,1,'2010-08-01',NULL),(102,1,'mifos',52,12,'2010-08-01',NULL),(103,1,'mifos',95,21,'2010-08-01',NULL),(104,1,'mifos',50,1,'2010-08-04',NULL),(105,1,'mifos',53,12,'2010-08-04',NULL),(106,1,'mifos',54,1,'2010-08-04',NULL),(107,1,'mifos',54,1,'2010-08-06',NULL),(108,1,'mifos',56,12,'2010-08-07',NULL),(109,1,'mifos',100,21,'2010-08-07',NULL),(110,1,'mifos',56,12,'2010-08-07',NULL),(111,1,'mifos',56,12,'2010-08-07',NULL),(112,1,'mifos',56,12,'2010-08-07',NULL),(113,1,'mifos',57,12,'2010-08-07',NULL),(114,1,'mifos',102,21,'2010-08-07',NULL),(115,1,'mifos',58,12,'2010-08-20',NULL),(116,1,'mifos',59,1,'2010-08-20',NULL),(117,1,'mifos',62,12,'2010-08-27',NULL),(118,1,'mifos',63,1,'2010-08-27',NULL),(119,1,'mifos',109,21,'2010-08-27',NULL),(120,1,'mifos',65,12,'2010-08-28',NULL),(121,1,'mifos',5,2,'2010-08-28',NULL),(122,1,'mifos',1,2,'2010-08-28',NULL),(123,1,'mifos',4,2,'2010-08-28',NULL),(124,1,'mifos',112,22,'2010-08-28',NULL),(125,1,'mifos',36,1,'2010-09-02',NULL),(126,1,'mifos',59,1,'2010-09-02',NULL),(127,1,'mifos',66,12,'2010-09-02',NULL),(128,1,'mifos',66,12,'2010-09-02',NULL),(129,1,'mifos',67,12,'2010-09-03',NULL),(130,1,'mifos',68,1,'2010-09-03',NULL),(131,1,'mifos',116,21,'2010-09-03',NULL),(132,1,'mifos',67,12,'2010-09-03',NULL),(133,1,'mifos',69,12,'2010-09-04',NULL),(134,1,'mifos',69,12,'2010-09-04',NULL),(135,1,'mifos',70,12,'2010-09-05',NULL),(136,1,'mifos',70,12,'2010-09-05',NULL),(137,1,'mifos',71,12,'2010-09-05',NULL),(138,1,'mifos',71,12,'2010-09-05',NULL),(139,1,'mifos',72,1,'2010-09-06',NULL),(140,1,'mifos',72,1,'2010-09-06',NULL),(141,1,'mifos',72,1,'2010-09-06',NULL),(142,1,'mifos',73,1,'2010-09-06',NULL),(143,1,'mifos',1,17,'2011-01-13',NULL),(144,1,'mifos',75,1,'2011-01-13',NULL),(145,1,'mifos',76,1,'2011-01-13',NULL),(146,1,'mifos',76,1,'2011-01-13',NULL);
/*!40000 ALTER TABLE `change_log` ENABLE KEYS */;
UNLOCK TABLES;

--
-- Table structure for table `change_log_detail`
--

DROP TABLE IF EXISTS `change_log_detail`;
/*!40101 SET @saved_cs_client     = @@character_set_client */;
/*!40101 SET character_set_client = utf8 */;
CREATE TABLE `change_log_detail` (
  `sequence_num` int(11) NOT NULL AUTO_INCREMENT,
  `change_log_id` int(11) NOT NULL,
  `field_name` varchar(100) DEFAULT NULL,
  `old_value` varchar(200) DEFAULT NULL,
  `new_value` varchar(200) DEFAULT NULL,
  PRIMARY KEY (`sequence_num`),
  KEY `change_log_id` (`change_log_id`),
  CONSTRAINT `change_log_detail_ibfk_1` FOREIGN KEY (`change_log_id`) REFERENCES `change_log` (`change_log_id`) ON DELETE NO ACTION ON UPDATE NO ACTION
) ENGINE=InnoDB AUTO_INCREMENT=211 DEFAULT CHARSET=utf8;
/*!40101 SET character_set_client = @saved_cs_client */;

--
-- Dumping data for table `change_log_detail`
--

LOCK TABLES `change_log_detail` WRITE;
/*!40000 ALTER TABLE `change_log_detail` DISABLE KEYS */;
INSERT INTO `change_log_detail` VALUES (1,1,'Status','Application Pending Approval','Active'),(2,2,'Status','Application Pending Approval','Active'),(3,3,'Status','Application Pending Approval','Active'),(4,4,'Status','Application Pending Approval','Application Approved'),(5,5,'activationDate','-','02/07/2010'),(6,5,'Status','Application Pending Approval','Active'),(7,6,'Status','Application Pending Approval','Application Approved'),(8,7,'Status','Application Pending Approval','Active'),(9,8,'Status','Application Pending Approval','Active'),(10,9,'Status','Application Pending Approval','Active'),(11,9,'activationDate','-','03/07/2010'),(12,10,'Status','Application Pending Approval','Active'),(13,11,'Status','Application Pending Approval','Application Approved'),(14,12,'Status','Application Pending Approval','Application Approved'),(15,13,'activationDate','-','05/07/2010'),(16,13,'Status','Application Pending Approval','Active'),(17,14,'Status','Application Pending Approval','Active'),(18,15,'Status','Application Pending Approval','Active'),(19,16,'activationDate','-','05/07/2010'),(20,16,'Status','Application Pending Approval','Active'),(21,17,'Status','Active','Inactive'),(22,18,'Status','Active','Inactive'),(23,19,'Status','Active','Inactive'),(24,20,'Status','Active in Good Standing','Closed- Written Off'),(25,21,'Status','Application Pending Approval','Application Approved'),(26,22,'Status','Application Pending Approval','Active'),(27,23,'Status','Application Pending Approval','Application Approved'),(28,24,'Status','Application Pending Approval','Active'),(29,24,'activationDate','-','18/07/2010'),(30,25,'Status','Active','Inactive'),(31,26,'Status','Application Pending Approval','Active'),(32,27,'Status','Application Pending Approval','Active'),(33,28,'Status','Application Pending Approval','Active'),(34,29,'Status','Application Pending Approval','Active'),(35,30,'Status','Application Pending Approval','Application Approved'),(36,31,'Status','Application Pending Approval','Active'),(37,31,'activationDate','-','21/07/2010'),(38,32,'Status','Active','Inactive'),(39,33,'Status','Application Pending Approval','Active'),(40,34,'Status','Application Pending Approval','Active'),(41,34,'activationDate','-','21/07/2010'),(42,35,'First Name','d,xfer to gr in center','d,xfer to gr in center (if on same day)'),(43,36,'Status','Application Pending Approval','Active'),(44,37,'Status','Application Pending Approval','Active'),(45,38,'Status','Application Pending Approval','Application Approved'),(46,39,'Status','Application Pending Approval','Active'),(47,40,'Status','Application Pending Approval','Active'),(48,41,'Status','Application Pending Approval','Active'),(49,42,'Status','Application Pending Approval','Active'),(50,43,'Status','Application Pending Approval','Application Approved'),(51,44,'Status','Application Pending Approval','Active'),(52,45,'activationDate','-','22/07/2010'),(53,45,'Status','Application Pending Approval','Active'),(54,46,'Status','Active in Good Standing','Closed- Written Off'),(55,47,'Status','Active','Inactive'),(56,48,'groupFlag','1','0'),(57,48,'Group Name','group dw1 1','-'),(58,49,'activationDate','-','25/07/2010'),(59,49,'Status','Application Pending Approval','Active'),(60,50,'Status','Active','On Hold'),(61,50,'Loan Officer Assigned','br1 lo 1 smith','-'),(62,50,'Branch membership','BO 1','br2'),(63,51,'Loan Officer Assigned','-','br2 LO xxx'),(64,52,'Status','On Hold','Active'),(65,53,'Status','Application Pending Approval','Active'),(66,54,'Status','Application Pending Approval','Active'),(67,55,'Status','Application Pending Approval','Active'),(68,56,'Status','Application Pending Approval','Application Approved'),(69,57,'Status','Application Pending Approval','Active'),(70,58,'Status','Application Pending Approval','Application Approved'),(71,59,'activationDate','-','25/07/2010'),(72,59,'Status','Application Pending Approval','Active'),(73,60,'Status','Application Pending Approval','Active'),(74,61,'activationDate','-','25/07/2010'),(75,61,'Status','Application Pending Approval','Active'),(76,62,'Status','Application Pending Approval','Application Approved'),(77,63,'activationDate','-','25/07/2010'),(78,63,'Status','Application Pending Approval','Active'),(79,64,'Status','Application Pending Approval','Active'),(80,65,'activationDate','-','25/07/2010'),(81,65,'Status','Application Pending Approval','Active'),(82,66,'Status','Application Pending Approval','Active'),(83,67,'Status','Application Pending Approval','Application Approved'),(84,68,'Loan Officer Assigned','br1 lo 1 smith','br1 lo 2 xxx'),(85,69,'Status','Application Pending Approval','Active'),(86,69,'activationDate','-','28/07/2010'),(87,70,'Loan Officer Assigned','br1 lo 2 xxx','br1 lo3 Sturty xxx'),(88,71,'Status','Application Pending Approval','Active'),(89,72,'Status','Application Pending Approval','Active'),(90,73,'Status','Application Pending Approval','Active'),(91,74,'Status','Application Pending Approval','Active'),(92,75,'Status','Application Pending Approval','Active'),(93,76,'Status','Application Pending Approval','Active'),(94,77,'Name','group 3 for center 2','group 3 for switch LOs'),(95,77,'Loan Officer Assigned','br1 lo 2 xxx','br1 lo3 Sturty xxx'),(96,78,'Status','Application Pending Approval','Active'),(97,79,'Status','Application Pending Approval','Active'),(98,79,'activationDate','-','29/07/2010'),(99,80,'Status','Application Pending Approval','Active'),(100,81,'Status','Application Pending Approval','Application Approved'),(101,82,'Status','Application Pending Approval','Active'),(102,83,'Status','Application Pending Approval','Active'),(103,83,'activationDate','-','29/07/2010'),(104,84,'Loan Officer Assigned','br1 lo 1 smith','br1 lo 2 xxx'),(105,85,'Loan Officer Assigned','br1 lo 1 smith','br1 lo 2 xxx'),(106,86,'Status','Application Pending Approval','Active'),(107,87,'activationDate','-','29/07/2010'),(108,87,'Status','Application Pending Approval','Active'),(109,88,'Status','Application Pending Approval','Active'),(110,89,'activationDate','-','29/07/2010'),(111,89,'Status','Application Pending Approval','Active'),(112,90,'Status','Application Pending Approval','Active'),(113,91,'Status','Application Pending Approval','Application Approved'),(114,92,'Status','Active','On Hold'),(115,92,'Loan Officer Assigned','br1 lo 1 smith','-'),(116,92,'Branch membership','BO 1','br2'),(117,93,'Status','Application Approved','Cancel'),(118,93,'_org.mifos.accounts.business.AccountBO.accountFlagsBackref','-','<unknown>'),(119,93,'Explanation','-','Withdraw'),(120,94,'Status','Application Pending Approval','Active'),(121,95,'activationDate','-','31/07/2010'),(122,95,'Status','Application Pending Approval','Active'),(123,96,'groupFlag','1','0'),(124,96,'Loan Officer Assigned','br1 lo 1 smith','br1 lo3 Sturty xxx'),(125,96,'Group Name','group dw1 1','-'),(126,97,'Status','Application Pending Approval','Active'),(127,98,'Status','Application Pending Approval','Active'),(128,99,'Status','Application Pending Approval','Application Approved'),(129,100,'Status','Application Pending Approval','Active'),(130,101,'groupFlag','1','0'),(131,101,'Loan Officer Assigned','br1 lo 1 smith','br1 lo 2 xxx'),(132,101,'Group Name','group whatever','-'),(133,102,'Status','Application Pending Approval','Active'),(134,103,'activationDate','-','01/08/2010'),(135,103,'Status','Application Pending Approval','Active'),(136,104,'groupFlag','1','0'),(137,104,'Group Name','group whatever','-'),(138,104,'Loan Officer Assigned','br1 lo 1 smith','br1 lo3 Sturty xxx'),(139,105,'Status','Application Pending Approval','Active'),(140,106,'Status','Application Pending Approval','Active'),(141,107,'Group Name','generic group','-'),(142,107,'Loan Officer Assigned','br1 lo 1 smith','br1 lo3 Sturty xxx'),(143,107,'groupFlag','1','0'),(144,108,'Status','Application Pending Approval','Active'),(145,109,'activationDate','-','07/08/2010'),(146,109,'Status','Application Pending Approval','Active'),(147,110,'Name','group for center change to diff branch','group for change to diff center'),(148,111,'Name','group for change to diff center','group for change to diff center in same branch'),(149,112,'Name','group for change to diff center in same branch','group for change to center in same branch'),(150,113,'Status','Application Pending Approval','Active'),(151,114,'activationDate','-','07/08/2010'),(152,114,'Status','Application Pending Approval','Active'),(153,115,'Status','Application Pending Approval','Active'),(154,116,'Status','Application Pending Approval','Active'),(155,117,'Status','Application Pending Approval','Active'),(156,118,'Status','Application Pending Approval','Active'),(157,119,'Status','Application Pending Approval','Active'),(158,119,'activationDate','-','27/08/2010'),(159,120,'Status','Application Pending Approval','Active'),(160,121,'Fee Types','-','loan fee one time time of 1st loan repayment 80,loan fee one time upfront 60,loan fee periodic 90,loan fee one time time of disb 70'),(161,121,'Product Instance Name','group load','group loan'),(162,122,'Fee Types','-','loan fee one time time of 1st loan repayment 80,loan fee one time upfront 60,loan fee one time time of disb 70,loan fee periodic 90'),(163,123,'Fee Types','-','loan fee one time time of disb 70,loan fee periodic 90,loan fee one time upfront 60,loan fee one time time of 1st loan repayment 80'),(164,124,'Status','Application Pending Approval','Application Approved'),(165,125,'Marital Status','-','married'),(166,126,'Number Of Children','-','7'),(167,126,'Marital Status','-','single'),(168,127,'Status','Application Pending Approval','Active'),(169,128,'Status','Active','On Hold'),(170,129,'Status','Application Pending Approval','Active'),(171,130,'Status','Application Pending Approval','Active'),(172,131,'closedDate','-','03/09/2010'),(173,131,'Status','Active','Closed'),(174,132,'Branch membership','BO 1','br2'),(175,132,'Status','Active','On Hold'),(176,132,'Loan Officer Assigned','br1 lo 1 smith','-'),(177,133,'Status','Application Pending Approval','Active'),(178,134,'null Name','BO 1','br2'),(179,134,'Loan Officer Assigned','br1 lo 1 smith','br2 LO xxx'),(180,134,'meetingPlace','ww','xxxx'),(181,134,'Status','Active','On Hold'),(182,134,'Center Name','center 3','br2 center 1'),(183,135,'Status','Application Pending Approval','Active'),(184,136,'Branch membership','BO 1','br2'),(185,136,'Status','Active','On Hold'),(186,136,'Loan Officer Assigned','br1 lo 1 smith','br2 LO xxx'),(187,136,'Center Name','center 3','br2 center 1'),(188,136,'meetingPlace','ww','xxxx'),(189,137,'Status','Application Pending Approval','Active'),(190,138,'Status','Active','On Hold'),(191,138,'Branch membership','BO 1','br2'),(192,138,'Loan Officer Assigned','br1 lo 1 smith','-'),(193,139,'Status','Application Pending Approval','Active'),(194,140,'Group Name','group move out of center?','-'),(195,140,'Loan Officer Assigned','br1 lo 1 smith','br1 lo3 Sturty xxx'),(196,140,'groupFlag','1','0'),(197,141,'Loan Officer Assigned','br1 lo3 Sturty xxx','br1 lo 1 smith'),(198,141,'Group Name','-','group move out of center?'),(199,141,'groupFlag','0','1'),(200,142,'groupFlag','0','1'),(201,142,'Location Of Meeting','asdf','ww'),(202,142,'Group Name','-','group move out of center?'),(203,142,'Loan Officer Assigned','br1 lo 2 xxx','br1 lo 1 smith'),(204,143,'lastLogin','28/08/2010','13/01/2011'),(205,144,'Status','Application Pending Approval','Cancelled'),(206,144,'Status Change Explanation','-','Other'),(207,145,'Status','Application Pending Approval','Active'),(208,146,'blackListed','0','1'),(209,146,'Status Change Explanation','-','Blacklisted'),(210,146,'Status','Active','Closed');
/*!40000 ALTER TABLE `change_log_detail` ENABLE KEYS */;
UNLOCK TABLES;

--
-- Table structure for table `checklist`
--

DROP TABLE IF EXISTS `checklist`;
/*!40101 SET @saved_cs_client     = @@character_set_client */;
/*!40101 SET character_set_client = utf8 */;
CREATE TABLE `checklist` (
  `checklist_id` smallint(6) NOT NULL AUTO_INCREMENT,
  `checklist_name` varchar(100) DEFAULT NULL,
  `checklist_status` smallint(6) NOT NULL DEFAULT '1',
  `locale_id` smallint(6) NOT NULL,
  `created_by` smallint(6) DEFAULT NULL,
  `created_date` date DEFAULT NULL,
  `updated_by` smallint(6) DEFAULT NULL,
  `updated_date` date DEFAULT NULL,
  PRIMARY KEY (`checklist_id`),
  KEY `locale_id` (`locale_id`),
  KEY `created_by` (`created_by`),
  KEY `updated_by` (`updated_by`),
  CONSTRAINT `checklist_ibfk_1` FOREIGN KEY (`locale_id`) REFERENCES `supported_locale` (`locale_id`) ON DELETE NO ACTION ON UPDATE NO ACTION,
  CONSTRAINT `checklist_ibfk_2` FOREIGN KEY (`created_by`) REFERENCES `personnel` (`personnel_id`) ON DELETE NO ACTION ON UPDATE NO ACTION,
  CONSTRAINT `checklist_ibfk_3` FOREIGN KEY (`updated_by`) REFERENCES `personnel` (`personnel_id`) ON DELETE NO ACTION ON UPDATE NO ACTION
) ENGINE=InnoDB DEFAULT CHARSET=utf8;
/*!40101 SET character_set_client = @saved_cs_client */;

--
-- Dumping data for table `checklist`
--

LOCK TABLES `checklist` WRITE;
/*!40000 ALTER TABLE `checklist` DISABLE KEYS */;
/*!40000 ALTER TABLE `checklist` ENABLE KEYS */;
UNLOCK TABLES;

--
-- Table structure for table `checklist_detail`
--

DROP TABLE IF EXISTS `checklist_detail`;
/*!40101 SET @saved_cs_client     = @@character_set_client */;
/*!40101 SET character_set_client = utf8 */;
CREATE TABLE `checklist_detail` (
  `detail_id` int(11) NOT NULL AUTO_INCREMENT,
  `checklist_id` smallint(6) DEFAULT NULL,
  `locale_id` smallint(6) DEFAULT NULL,
  `detail_text` varchar(250) DEFAULT NULL,
  `answer_type` smallint(6) NOT NULL,
  PRIMARY KEY (`detail_id`),
  KEY `locale_id` (`locale_id`),
  KEY `chk_detail_idx` (`checklist_id`,`locale_id`),
  CONSTRAINT `checklist_detail_ibfk_1` FOREIGN KEY (`checklist_id`) REFERENCES `checklist` (`checklist_id`) ON DELETE NO ACTION ON UPDATE NO ACTION,
  CONSTRAINT `checklist_detail_ibfk_2` FOREIGN KEY (`locale_id`) REFERENCES `supported_locale` (`locale_id`) ON DELETE NO ACTION ON UPDATE NO ACTION
) ENGINE=InnoDB DEFAULT CHARSET=utf8;
/*!40101 SET character_set_client = @saved_cs_client */;

--
-- Dumping data for table `checklist_detail`
--

LOCK TABLES `checklist_detail` WRITE;
/*!40000 ALTER TABLE `checklist_detail` DISABLE KEYS */;
/*!40000 ALTER TABLE `checklist_detail` ENABLE KEYS */;
UNLOCK TABLES;

--
-- Table structure for table `client_initial_savings_offering`
--

DROP TABLE IF EXISTS `client_initial_savings_offering`;
/*!40101 SET @saved_cs_client     = @@character_set_client */;
/*!40101 SET character_set_client = utf8 */;
CREATE TABLE `client_initial_savings_offering` (
  `client_offering_id` int(11) NOT NULL AUTO_INCREMENT,
  `customer_id` int(11) NOT NULL,
  `prd_offering_id` smallint(6) NOT NULL,
  PRIMARY KEY (`client_offering_id`),
  KEY `customer_id` (`customer_id`),
  KEY `prd_offering_id` (`prd_offering_id`),
  CONSTRAINT `client_initial_savings_offering_ibfk_1` FOREIGN KEY (`customer_id`) REFERENCES `customer` (`customer_id`) ON DELETE NO ACTION ON UPDATE NO ACTION,
  CONSTRAINT `client_initial_savings_offering_ibfk_2` FOREIGN KEY (`prd_offering_id`) REFERENCES `prd_offering` (`prd_offering_id`) ON DELETE NO ACTION ON UPDATE NO ACTION
) ENGINE=InnoDB AUTO_INCREMENT=8 DEFAULT CHARSET=utf8;
/*!40101 SET character_set_client = @saved_cs_client */;

--
-- Dumping data for table `client_initial_savings_offering`
--

LOCK TABLES `client_initial_savings_offering` WRITE;
/*!40000 ALTER TABLE `client_initial_savings_offering` DISABLE KEYS */;
INSERT INTO `client_initial_savings_offering` VALUES (1,4,2),(2,7,3),(3,7,2),(4,17,2),(5,28,2),(6,51,2),(7,68,2);
/*!40000 ALTER TABLE `client_initial_savings_offering` ENABLE KEYS */;
UNLOCK TABLES;

--
-- Table structure for table `client_perf_history`
--

DROP TABLE IF EXISTS `client_perf_history`;
/*!40101 SET @saved_cs_client     = @@character_set_client */;
/*!40101 SET character_set_client = utf8 */;
CREATE TABLE `client_perf_history` (
  `id` int(11) NOT NULL AUTO_INCREMENT,
  `customer_id` int(11) NOT NULL,
  `last_loan_amnt` decimal(21,4) DEFAULT NULL,
  `last_loan_amnt_currency_id` smallint(6) DEFAULT NULL,
  `total_active_loans` smallint(6) DEFAULT NULL,
  `total_savings_amnt` decimal(21,4) DEFAULT NULL,
  `total_savings_amnt_currency_id` smallint(6) DEFAULT NULL,
  `delinquint_portfolio` decimal(21,4) DEFAULT NULL,
  `delinquint_portfolio_currency_id` smallint(6) DEFAULT NULL,
  PRIMARY KEY (`id`),
  KEY `customer_id` (`customer_id`),
  CONSTRAINT `client_perf_history_ibfk_1` FOREIGN KEY (`customer_id`) REFERENCES `customer` (`customer_id`) ON DELETE NO ACTION ON UPDATE NO ACTION
) ENGINE=InnoDB AUTO_INCREMENT=35 DEFAULT CHARSET=utf8;
/*!40101 SET character_set_client = @saved_cs_client */;

--
-- Dumping data for table `client_perf_history`
--

LOCK TABLES `client_perf_history` WRITE;
/*!40000 ALTER TABLE `client_perf_history` DISABLE KEYS */;
INSERT INTO `client_perf_history` VALUES (1,3,'0.0000',2,0,'0.0000',2,'0.0000',2),(2,4,'0.0000',2,0,'0.0000',2,'0.0000',2),(3,6,'0.0000',2,0,'0.0000',2,'0.0000',2),(4,7,'0.0000',2,0,'0.0000',2,'0.0000',2),(5,9,'0.0000',2,0,'0.0000',2,'0.0000',2),(6,10,'0.0000',2,0,'0.0000',2,'0.0000',2),(7,13,'0.0000',2,1,'0.0000',2,'0.0000',2),(8,14,'0.0000',2,0,'0.0000',2,'0.0000',2),(9,16,'0.0000',2,0,'0.0000',2,'0.0000',2),(10,17,'0.0000',2,0,'0.0000',2,'0.0000',2),(11,18,'3000.0000',2,0,'0.0000',2,'0.0000',2),(12,23,'0.0000',2,0,'0.0000',2,'0.0000',2),(13,24,'0.0000',2,0,'0.0000',2,'0.0000',2),(14,28,'0.0000',2,0,'0.0000',2,'0.0000',2),(15,30,'0.0000',2,0,'0.0000',2,'0.0000',2),(16,34,'0.0000',2,0,'0.0000',2,'0.0000',2),(17,36,'0.0000',2,0,'0.0000',2,'0.0000',2),(18,38,'0.0000',2,0,'0.0000',2,'0.0000',2),(19,40,'0.0000',2,0,'0.0000',2,'0.0000',2),(20,43,'0.0000',2,0,'0.0000',2,'0.0000',2),(21,44,'0.0000',2,0,'0.0000',2,'0.0000',2),(22,45,'0.0000',2,0,'0.0000',2,'0.0000',2),(23,47,'0.0000',2,0,'0.0000',2,'0.0000',2),(24,50,'0.0000',2,0,'0.0000',2,'0.0000',2),(25,51,'0.0000',2,0,'0.0000',2,'0.0000',2),(26,54,'0.0000',2,0,'0.0000',2,'0.0000',2),(27,59,'0.0000',2,0,'0.0000',2,'0.0000',2),(28,63,'0.0000',2,0,'0.0000',2,'0.0000',2),(29,68,'0.0000',2,0,'0.0000',2,'0.0000',2),(30,72,'0.0000',2,0,'0.0000',2,'0.0000',2),(31,73,'0.0000',2,0,'0.0000',2,'0.0000',2),(32,74,'0.0000',2,0,'0.0000',2,'0.0000',2),(33,75,'0.0000',2,0,'0.0000',2,'0.0000',2),(34,76,'0.0000',2,0,'0.0000',2,'0.0000',2);
/*!40000 ALTER TABLE `client_perf_history` ENABLE KEYS */;
UNLOCK TABLES;

--
-- Table structure for table `coa`
--

DROP TABLE IF EXISTS `coa`;
/*!40101 SET @saved_cs_client     = @@character_set_client */;
/*!40101 SET character_set_client = utf8 */;
CREATE TABLE `coa` (
  `coa_id` smallint(6) NOT NULL AUTO_INCREMENT,
  `coa_name` varchar(150) NOT NULL,
  `glcode_id` smallint(6) NOT NULL,
  `category_type` varchar(20) DEFAULT NULL,
  PRIMARY KEY (`coa_id`),
  KEY `glcode_id` (`glcode_id`),
  CONSTRAINT `coa_ibfk_1` FOREIGN KEY (`glcode_id`) REFERENCES `gl_code` (`glcode_id`) ON DELETE NO ACTION ON UPDATE NO ACTION
) ENGINE=InnoDB AUTO_INCREMENT=57 DEFAULT CHARSET=utf8;
/*!40101 SET character_set_client = @saved_cs_client */;

--
-- Dumping data for table `coa`
--

LOCK TABLES `coa` WRITE;
/*!40000 ALTER TABLE `coa` DISABLE KEYS */;
INSERT INTO `coa` VALUES (1,'ASSETS',1,'ASSET'),(2,'Cash and bank balances',2,NULL),(3,'Petty Cash Accounts',3,NULL),(4,'Cash 1',4,NULL),(5,'Cash 2',5,NULL),(6,'Bank Balances',6,NULL),(7,'Bank Account 1',7,NULL),(8,'Bank Account 2',8,NULL),(9,'Loan Portfolio',9,NULL),(10,'Loans and Advances',10,NULL),(11,'IGLoan',11,NULL),(12,'ManagedICICI-IGLoan',12,NULL),(13,'SPLoan',13,NULL),(14,'ManagedICICI-SPLoan',14,NULL),(15,'WFLoan',15,NULL),(16,'Managed WFLoan',16,NULL),(17,'Emergency Loans',17,NULL),(18,'Special Loans',18,NULL),(19,'Micro Enterprises Loans',19,NULL),(20,'Loans to clients',20,NULL),(21,'Loan Loss Provisions',21,NULL),(22,'Write-offs',22,NULL),(23,'LIABILITIES',23,'LIABILITY'),(24,'Interest Payable',24,NULL),(25,'Interest payable on clients savings',25,NULL),(26,'Interest on mandatory savings',26,NULL),(27,'Clients Deposits',27,NULL),(28,'Clients Deposits',28,NULL),(29,'Emergency Fund',29,NULL),(30,'Margin Money-1',30,NULL),(31,'Margin Money-2',31,NULL),(32,'Village Development Fund',32,NULL),(33,'Savings accounts',33,NULL),(34,'Mandatory Savings',34,NULL),(35,'Mandatory Savings',35,NULL),(36,'Mandatory Savings Accounts',36,NULL),(37,'INCOME',37,'INCOME'),(38,'Direct Income',38,NULL),(39,'Interest income from loans',39,NULL),(40,'Interest',40,NULL),(41,'Interest on loans',41,NULL),(42,'Penalty',42,NULL),(43,'Income from micro credit & lending activities',43,NULL),(44,'Processing Fees',44,NULL),(45,'Annual Subscription Fee',45,NULL),(46,'Emergency Loan Documentation Fee',46,NULL),(47,'Sale of Publication',47,NULL),(48,'Fines & Penalties',48,NULL),(49,'Miscelleneous Income',49,NULL),(50,'Fees',50,NULL),(51,'Income from 999 Account',51,NULL),(52,'EXPENDITURE',52,'EXPENDITURE'),(53,'Direct Expenditure',53,NULL),(54,'Cost of Funds',54,NULL),(55,'Interest on clients voluntary savings',55,NULL),(56,'Interest on clients mandatory savings',56,NULL);
/*!40000 ALTER TABLE `coa` ENABLE KEYS */;
UNLOCK TABLES;

--
-- Table structure for table `coa_idmapper`
--

DROP TABLE IF EXISTS `coa_idmapper`;
/*!40101 SET @saved_cs_client     = @@character_set_client */;
/*!40101 SET character_set_client = utf8 */;
CREATE TABLE `coa_idmapper` (
  `constant_id` smallint(6) NOT NULL,
  `coa_id` smallint(6) NOT NULL,
  `description` varchar(50) DEFAULT NULL,
  PRIMARY KEY (`constant_id`),
  KEY `coa_id` (`coa_id`),
  CONSTRAINT `coa_idmapper_ibfk_1` FOREIGN KEY (`coa_id`) REFERENCES `coa` (`coa_id`) ON DELETE NO ACTION ON UPDATE NO ACTION
) ENGINE=InnoDB DEFAULT CHARSET=utf8;
/*!40101 SET character_set_client = @saved_cs_client */;

--
-- Dumping data for table `coa_idmapper`
--

LOCK TABLES `coa_idmapper` WRITE;
/*!40000 ALTER TABLE `coa_idmapper` DISABLE KEYS */;
/*!40000 ALTER TABLE `coa_idmapper` ENABLE KEYS */;
UNLOCK TABLES;

--
-- Table structure for table `coahierarchy`
--

DROP TABLE IF EXISTS `coahierarchy`;
/*!40101 SET @saved_cs_client     = @@character_set_client */;
/*!40101 SET character_set_client = utf8 */;
CREATE TABLE `coahierarchy` (
  `coa_id` smallint(6) NOT NULL,
  `parent_coaid` smallint(6) DEFAULT NULL,
  KEY `coa_id` (`coa_id`),
  KEY `parent_coaid` (`parent_coaid`),
  CONSTRAINT `coahierarchy_ibfk_1` FOREIGN KEY (`coa_id`) REFERENCES `coa` (`coa_id`) ON DELETE NO ACTION ON UPDATE NO ACTION,
  CONSTRAINT `coahierarchy_ibfk_2` FOREIGN KEY (`parent_coaid`) REFERENCES `coa` (`coa_id`) ON DELETE NO ACTION ON UPDATE NO ACTION
) ENGINE=InnoDB DEFAULT CHARSET=utf8;
/*!40101 SET character_set_client = @saved_cs_client */;

--
-- Dumping data for table `coahierarchy`
--

LOCK TABLES `coahierarchy` WRITE;
/*!40000 ALTER TABLE `coahierarchy` DISABLE KEYS */;
INSERT INTO `coahierarchy` VALUES (1,NULL),(2,1),(3,2),(4,3),(5,3),(6,2),(7,6),(8,6),(9,1),(10,9),(11,10),(12,10),(13,10),(14,10),(15,10),(16,10),(17,10),(18,10),(19,10),(20,10),(21,9),(22,21),(23,NULL),(24,23),(25,24),(26,25),(27,23),(28,27),(29,28),(30,28),(31,28),(32,28),(33,28),(34,23),(35,34),(36,35),(37,NULL),(38,37),(39,38),(40,39),(41,39),(42,39),(43,38),(44,43),(45,43),(46,43),(47,43),(48,43),(49,43),(50,43),(51,37),(52,NULL),(53,52),(54,53),(55,54),(56,54);
/*!40000 ALTER TABLE `coahierarchy` ENABLE KEYS */;
UNLOCK TABLES;

--
-- Table structure for table `config_key_value_integer`
--

DROP TABLE IF EXISTS `config_key_value_integer`;
/*!40101 SET @saved_cs_client     = @@character_set_client */;
/*!40101 SET character_set_client = utf8 */;
CREATE TABLE `config_key_value_integer` (
  `configuration_id` int(11) NOT NULL AUTO_INCREMENT,
  `configuration_key` varchar(100) NOT NULL,
  `configuration_value` int(11) NOT NULL,
  PRIMARY KEY (`configuration_id`),
  UNIQUE KEY `configuration_key` (`configuration_key`)
) ENGINE=InnoDB AUTO_INCREMENT=13 DEFAULT CHARSET=utf8;
/*!40101 SET character_set_client = @saved_cs_client */;

--
-- Dumping data for table `config_key_value_integer`
--

LOCK TABLES `config_key_value_integer` WRITE;
/*!40000 ALTER TABLE `config_key_value_integer` DISABLE KEYS */;
INSERT INTO `config_key_value_integer` VALUES (1,'x',0),(2,' ',0),(3,'jasperReportIsHidden',1),(4,'loanIndividualMonitoringIsEnabled',0),(5,'repaymentSchedulesIndependentOfMeetingIsEnabled',0),(6,'CenterHierarchyExists',1),(7,'ClientCanExistOutsideGroup',1),(8,'GroupCanApplyLoans',1),(9,'minDaysBetweenDisbursalAndFirstRepaymentDay',1),(10,'maxDaysBetweenDisbursalAndFirstRepaymentDay',365),(11,'AdministrativeDocumentsIsEnabled',1),(12,'Recurring fees cleanup done for MIFOS-3712',1);
/*!40000 ALTER TABLE `config_key_value_integer` ENABLE KEYS */;
UNLOCK TABLES;

--
-- Table structure for table `country`
--

DROP TABLE IF EXISTS `country`;
/*!40101 SET @saved_cs_client     = @@character_set_client */;
/*!40101 SET character_set_client = utf8 */;
CREATE TABLE `country` (
  `country_id` smallint(6) NOT NULL,
  `country_name` varchar(100) DEFAULT NULL,
  `country_short_name` varchar(10) DEFAULT NULL,
  PRIMARY KEY (`country_id`)
) ENGINE=InnoDB DEFAULT CHARSET=utf8;
/*!40101 SET character_set_client = @saved_cs_client */;

--
-- Dumping data for table `country`
--

LOCK TABLES `country` WRITE;
/*!40000 ALTER TABLE `country` DISABLE KEYS */;
INSERT INTO `country` VALUES (1,'America','US'),(2,'India','IN'),(3,'Spain','ES'),(4,'England','ENG'),(5,'South Africa','SA'),(6,'United Kingdom','GB'),(7,'Iceland','IS'),(8,'Spain','ES'),(9,'France','FR'),(10,'China','CN'),(11,'Kenya','KE'),(12,'Tanzania','TZ'),(13,'Uganda','UG'),(14,'Algeria','DZ'),(15,'Bahrain','BH'),(16,'Comoros','KM'),(17,'Chad','TD'),(18,'Djibouti','DJ'),(19,'Egypt','EG'),(20,'Eritrea','ER'),(21,'Iraq','IQ'),(22,'Israel','IL'),(23,'Jordan','JO'),(24,'Kuwait','KW'),(25,'Lebanon','LB'),(26,'Libyan Arab Rebublic','LY'),(27,'Mauritania','MR'),(28,'Morocco','MA'),(29,'Oman','OM'),(30,'Qatar','QA'),(31,'Saudi Arabia','SA'),(32,'Somalia','SO'),(33,'Sudan','SD'),(34,'Syrian Arab Republic','SY'),(35,'Tunisia','TN'),(36,'United Arab Emirates','AE'),(37,'Yemen','YE'),(38,'Palestinian Territory, Occupied','PS'),(39,'Western Sahara','EH'),(40,'Angola','AO'),(41,'Brazil','BR'),(42,'Cape Verde','CV'),(43,'Guinea-Bissau','GW'),(44,'Equatorial Guinea','GQ'),(45,'Macau','MO'),(46,'Mozambique','MZ'),(47,'Portugal','PT'),(48,'Sao Tome and Principe','ST'),(49,'Cambodia','KH'),(50,'Laos','LA'),(51,'Hungary','HU');
/*!40000 ALTER TABLE `country` ENABLE KEYS */;
UNLOCK TABLES;

--
-- Table structure for table `currency`
--

DROP TABLE IF EXISTS `currency`;
/*!40101 SET @saved_cs_client     = @@character_set_client */;
/*!40101 SET character_set_client = utf8 */;
CREATE TABLE `currency` (
  `currency_id` smallint(6) NOT NULL AUTO_INCREMENT,
  `currency_name` varchar(50) DEFAULT NULL,
  `rounding_amount` decimal(6,3) DEFAULT NULL,
  `currency_code` varchar(3) DEFAULT NULL,
  PRIMARY KEY (`currency_id`)
) ENGINE=InnoDB AUTO_INCREMENT=179 DEFAULT CHARSET=utf8;
/*!40101 SET character_set_client = @saved_cs_client */;

--
-- Dumping data for table `currency`
--

LOCK TABLES `currency` WRITE;
/*!40000 ALTER TABLE `currency` DISABLE KEYS */;
INSERT INTO `currency` VALUES (1,'US Dollar','1.000','USD'),(2,'Indian Rupee','1.000','INR'),(3,'Euro','1.000','EUR'),(4,'Pound Sterling','1.000','GBP'),(5,'United Arab Emirates dirham','1.000','AED'),(6,'Afghani','1.000','AFN'),(7,'Lek','1.000','ALL'),(8,'Armenian dram','1.000','AMD'),(9,'Netherlands Antillean guilder','1.000','ANG'),(10,'Kwanza','1.000','AOA'),(11,'Argentine peso','1.000','ARS'),(12,'Australian dollar','1.000','AUD'),(13,'Aruban guilder','1.000','AWG'),(14,'Azerbaijanian manat','1.000','AZN'),(15,'Convertible marks','1.000','BAM'),(16,'Barbados dollar','1.000','BBD'),(17,'Bangladeshi taka','1.000','BDT'),(18,'Bulgarian lev','1.000','BGN'),(19,'Bahraini dinar','1.000','BHD'),(20,'Burundian franc','1.000','BIF'),(21,'Bermudian dollar','1.000','BMD'),(22,'Brunei dollar','1.000','BND'),(23,'Boliviano','1.000','BOB'),(24,'Bolivian Mvdol','1.000','BOV'),(25,'Brazilian real','1.000','BRL'),(26,'Bahamian dollar','1.000','BSD'),(27,'Ngultrum','1.000','BTN'),(28,'Pula','1.000','BWP'),(29,'Belarussian ruble','1.000','BYR'),(30,'Belize dollar','1.000','BZD'),(31,'Canadian dollar','1.000','CAD'),(32,'Franc Congolais','1.000','CDF'),(33,'WIR euro','1.000','CHE'),(34,'Swiss franc','1.000','CHF'),(35,'WIR franc','1.000','CHW'),(36,'Unidad de Fomento','1.000','CLF'),(37,'Chilean peso','1.000','CLP'),(38,'Renminbi','1.000','CNY'),(39,'Colombian peso','1.000','COP'),(40,'Unidad de Valor Real','1.000','COU'),(41,'Costa Rican colon','1.000','CRC'),(42,'Cuban peso','1.000','CUP'),(43,'Cape Verde escudo','1.000','CVE'),(44,'Czech koruna','1.000','CZK'),(45,'Djibouti franc','1.000','DJF'),(46,'Danish krone','1.000','DKK'),(47,'Dominican peso','1.000','DOP'),(48,'Algerian dinar','1.000','DZD'),(49,'Kroon','1.000','EEK'),(50,'Egyptian pound','1.000','EGP'),(51,'Nakfa','1.000','ERN'),(52,'Ethiopian birr','1.000','ETB'),(53,'Fiji dollar','1.000','FJD'),(54,'Falkland Islands pound','1.000','FKP'),(55,'Lari','1.000','GEL'),(56,'Cedi','1.000','GHS'),(57,'Gibraltar pound','1.000','GIP'),(58,'Dalasi','1.000','GMD'),(59,'Guinea franc','1.000','GNF'),(60,'Quetzal','1.000','GTQ'),(61,'Guyana dollar','1.000','GYD'),(62,'Hong Kong dollar','1.000','HKD'),(63,'Lempira','1.000','HNL'),(64,'Croatian kuna','1.000','HRK'),(65,'Haiti gourde','1.000','HTG'),(66,'Forint','1.000','HUF'),(67,'Rupiah','1.000','IDR'),(68,'Israeli new sheqel','1.000','ILS'),(69,'Iraqi dinar','1.000','IQD'),(70,'Iranian rial','1.000','IRR'),(71,'Iceland krona','1.000','ISK'),(72,'Jamaican dollar','1.000','JMD'),(73,'Jordanian dinar','1.000','JOD'),(74,'Japanese yen','1.000','JPY'),(75,'Kenyan shilling','1.000','KES'),(76,'Som','1.000','KGS'),(77,'Riel','1.000','KHR'),(78,'Comoro franc','1.000','KMF'),(79,'North Korean won','1.000','KPW'),(80,'South Korean won','1.000','KRW'),(81,'Kuwaiti dinar','1.000','KWD'),(82,'Cayman Islands dollar','1.000','KYD'),(83,'Tenge','1.000','KZT'),(84,'Kip','1.000','LAK'),(85,'Lebanese pound','1.000','LBP'),(86,'Sri Lanka rupee','1.000','LKR'),(87,'Liberian dollar','1.000','LRD'),(88,'Loti','1.000','LSL'),(89,'Lithuanian litas','1.000','LTL'),(90,'Latvian lats','1.000','LVL'),(91,'Libyan dinar','1.000','LYD'),(92,'Moroccan dirham','1.000','MAD'),(93,'Moldovan leu','1.000','MDL'),(94,'Malagasy ariary','1.000','MGA'),(95,'Denar','1.000','MKD'),(96,'Kyat','1.000','MMK'),(97,'Tugrik','1.000','MNT'),(98,'Pataca','1.000','MOP'),(99,'Ouguiya','1.000','MRO'),(100,'Mauritius rupee','1.000','MUR'),(101,'Rufiyaa','1.000','MVR'),(102,'Kwacha','1.000','MWK'),(103,'Mexican peso','1.000','MXN'),(104,'Mexican Unidad de Inversion','1.000','MXV'),(105,'Malaysian ringgit','1.000','MYR'),(106,'Metical','1.000','MZN'),(107,'Namibian dollar','1.000','NAD'),(108,'Naira','1.000','NGN'),(109,'Cordoba oro','1.000','NIO'),(110,'Norwegian krone','1.000','NOK'),(111,'Nepalese rupee','1.000','NPR'),(112,'New Zealand dollar','1.000','NZD'),(113,'Rial Omani','1.000','OMR'),(114,'Balboa','1.000','PAB'),(115,'Nuevo sol','1.000','PEN'),(116,'Kina','1.000','PGK'),(117,'Philippine peso','1.000','PHP'),(118,'Pakistan rupee','1.000','PKR'),(119,'Zloty','1.000','PLN'),(120,'Guarani','1.000','PYG'),(121,'Qatari rial','1.000','QAR'),(122,'Romanian new leu','1.000','RON'),(123,'Serbian dinar','1.000','RSD'),(124,'Russian rouble','1.000','RUB'),(125,'Rwanda franc','1.000','RWF'),(126,'Saudi riyal','1.000','SAR'),(127,'Solomon Islands dollar','1.000','SBD'),(128,'Seychelles rupee','1.000','SCR'),(129,'Sudanese pound','1.000','SDG'),(130,'Swedish krona','1.000','SEK'),(131,'Singapore dollar','1.000','SGD'),(132,'Saint Helena pound','1.000','SHP'),(133,'Slovak koruna','1.000','SKK'),(134,'Leone','1.000','SLL'),(135,'Somali shilling','1.000','SOS'),(136,'Surinam dollar','1.000','SRD'),(137,'Dobra','1.000','STD'),(138,'Syrian pound','1.000','SYP'),(139,'Lilangeni','1.000','SZL'),(140,'Baht','1.000','THB'),(141,'Somoni','1.000','TJS'),(142,'Manat','1.000','TMM'),(143,'Tunisian dinar','1.000','TND'),(144,'Pa\'anga','1.000','TOP'),(145,'New Turkish lira','1.000','TRY'),(146,'Trinidad and Tobago dollar','1.000','TTD'),(147,'New Taiwan dollar','1.000','TWD'),(148,'Tanzanian shilling','1.000','TZS'),(149,'Hryvnia','1.000','UAH'),(150,'Uganda shilling','1.000','UGX'),(151,'US dollar (next day)','1.000','USN'),(152,'US dollar (same day)','1.000','USS'),(153,'Peso Uruguayo','1.000','UYU'),(154,'Uzbekistan som','1.000','UZS'),(155,'Venezuelan Bolivares Fuertes','1.000','VEF'),(156,'Vietnamese Dong','1.000','VND'),(157,'Vatu','1.000','VUV'),(158,'Samoan tala','1.000','WST'),(159,'CFA franc BEAC','1.000','XAF'),(160,'Silver','1.000','XAG'),(161,'Gold','1.000','XAU'),(162,'European Composite Unit','1.000','XBA'),(163,'European Monetary Unit','1.000','XBB'),(164,'European Unit of Account 9','1.000','XBC'),(165,'European Unit of Account 17','1.000','XBD'),(166,'East Caribbean dollar','1.000','XCD'),(167,'Special Drawing Rights','1.000','XDR'),(168,'UIC franc','1.000','XFU'),(169,'CFA Franc BCEAO','1.000','XOF'),(170,'Palladium','1.000','XPD'),(171,'CFP franc','1.000','XPF'),(172,'Platinum','1.000','XPT'),(173,'Code reserved for testing purposes','1.000','XTS'),(174,'No currency','1.000','XXX'),(175,'Yemeni rial','1.000','YER'),(176,'South African rand','1.000','ZAR'),(177,'Kwacha','1.000','ZMK'),(178,'Zimbabwe dollar','1.000','ZWD');
/*!40000 ALTER TABLE `currency` ENABLE KEYS */;
UNLOCK TABLES;

--
-- Table structure for table `cust_perf_history`
--

DROP TABLE IF EXISTS `cust_perf_history`;
/*!40101 SET @saved_cs_client     = @@character_set_client */;
/*!40101 SET character_set_client = utf8 */;
CREATE TABLE `cust_perf_history` (
  `customer_id` int(11) NOT NULL,
  `loan_cycle_counter` smallint(6) DEFAULT NULL,
  `last_loan_amnt` decimal(21,4) DEFAULT NULL,
  `active_loans_count` smallint(6) DEFAULT NULL,
  `total_savings_amnt` decimal(21,4) DEFAULT NULL,
  `delinquint_portfolio` decimal(21,4) DEFAULT NULL,
  PRIMARY KEY (`customer_id`),
  CONSTRAINT `cust_perf_history_ibfk_1` FOREIGN KEY (`customer_id`) REFERENCES `customer` (`customer_id`) ON DELETE NO ACTION ON UPDATE NO ACTION
) ENGINE=InnoDB DEFAULT CHARSET=utf8;
/*!40101 SET character_set_client = @saved_cs_client */;

--
-- Dumping data for table `cust_perf_history`
--

LOCK TABLES `cust_perf_history` WRITE;
/*!40000 ALTER TABLE `cust_perf_history` DISABLE KEYS */;
/*!40000 ALTER TABLE `cust_perf_history` ENABLE KEYS */;
UNLOCK TABLES;

--
-- Table structure for table `custom_field_definition`
--

DROP TABLE IF EXISTS `custom_field_definition`;
/*!40101 SET @saved_cs_client     = @@character_set_client */;
/*!40101 SET character_set_client = utf8 */;
CREATE TABLE `custom_field_definition` (
  `field_id` smallint(6) NOT NULL AUTO_INCREMENT,
  `entity_id` smallint(6) NOT NULL,
  `level_id` smallint(6) DEFAULT NULL,
  `field_type` smallint(6) DEFAULT NULL,
  `entity_type` smallint(6) NOT NULL,
  `mandatory_flag` smallint(6) NOT NULL,
  `default_value` varchar(200) DEFAULT NULL,
  PRIMARY KEY (`field_id`),
  KEY `level_id` (`level_id`),
  KEY `entity_id` (`entity_id`),
  KEY `entity_type` (`entity_type`),
  CONSTRAINT `custom_field_definition_ibfk_1` FOREIGN KEY (`level_id`) REFERENCES `customer_level` (`level_id`) ON DELETE NO ACTION ON UPDATE NO ACTION,
  CONSTRAINT `custom_field_definition_ibfk_2` FOREIGN KEY (`entity_id`) REFERENCES `lookup_entity` (`entity_id`) ON DELETE NO ACTION ON UPDATE NO ACTION,
  CONSTRAINT `custom_field_definition_ibfk_3` FOREIGN KEY (`entity_type`) REFERENCES `entity_master` (`entity_type_id`) ON DELETE NO ACTION ON UPDATE NO ACTION
) ENGINE=InnoDB DEFAULT CHARSET=utf8;
/*!40101 SET character_set_client = @saved_cs_client */;

--
-- Dumping data for table `custom_field_definition`
--

LOCK TABLES `custom_field_definition` WRITE;
/*!40000 ALTER TABLE `custom_field_definition` DISABLE KEYS */;
/*!40000 ALTER TABLE `custom_field_definition` ENABLE KEYS */;
UNLOCK TABLES;

--
-- Table structure for table `customer`
--

DROP TABLE IF EXISTS `customer`;
/*!40101 SET @saved_cs_client     = @@character_set_client */;
/*!40101 SET character_set_client = utf8 */;
CREATE TABLE `customer` (
  `customer_id` int(11) NOT NULL AUTO_INCREMENT,
  `customer_level_id` smallint(6) NOT NULL,
  `global_cust_num` varchar(100) DEFAULT NULL,
  `loan_officer_id` smallint(6) DEFAULT NULL,
  `customer_formedby_id` smallint(6) DEFAULT NULL,
  `status_id` smallint(6) DEFAULT NULL,
  `branch_id` smallint(6) DEFAULT NULL,
  `display_name` varchar(200) DEFAULT NULL,
  `first_name` varchar(200) DEFAULT NULL,
  `last_name` varchar(200) DEFAULT NULL,
  `second_last_name` varchar(200) DEFAULT NULL,
  `display_address` varchar(500) DEFAULT NULL,
  `external_id` varchar(50) DEFAULT NULL,
  `date_of_birth` date DEFAULT NULL,
  `group_flag` smallint(6) DEFAULT NULL,
  `trained` smallint(6) DEFAULT NULL,
  `trained_date` date DEFAULT NULL,
  `parent_customer_id` int(11) DEFAULT NULL,
  `created_date` date DEFAULT NULL,
  `updated_date` date DEFAULT NULL,
  `search_id` varchar(100) DEFAULT NULL,
  `max_child_count` int(11) DEFAULT NULL,
  `ho_updated` smallint(6) DEFAULT NULL,
  `client_confidential` smallint(6) DEFAULT NULL,
  `mfi_joining_date` date DEFAULT NULL,
  `government_id` varchar(50) DEFAULT NULL,
  `customer_activation_date` date DEFAULT NULL,
  `created_by` smallint(6) DEFAULT NULL,
  `updated_by` smallint(6) DEFAULT NULL,
  `blacklisted` smallint(6) DEFAULT NULL,
  `discriminator` varchar(20) DEFAULT NULL,
  `version_no` int(11) NOT NULL,
  PRIMARY KEY (`customer_id`),
  UNIQUE KEY `cust_global_idx` (`global_cust_num`),
  KEY `status_id` (`status_id`),
  KEY `customer_formedby_id` (`customer_formedby_id`),
  KEY `parent_customer_id` (`parent_customer_id`),
  KEY `cust_search_idx` (`search_id`),
  KEY `cust_government_idx` (`government_id`),
  KEY `cust_lo_idx` (`loan_officer_id`,`branch_id`),
  KEY `customer_lo_name_idx` (`loan_officer_id`,`customer_level_id`,`display_name`(15),`first_name`(15),`last_name`(15),`second_last_name`(15)),
  KEY `customer_name_idx` (`customer_level_id`,`first_name`(15),`last_name`(15),`second_last_name`(15)),
  KEY `customer_branch_search_idx` (`branch_id`,`search_id`),
  KEY `customer_dob_status_idx` (`date_of_birth`,`status_id`),
  CONSTRAINT `customer_ibfk_1` FOREIGN KEY (`customer_level_id`) REFERENCES `customer_level` (`level_id`) ON DELETE NO ACTION ON UPDATE NO ACTION,
  CONSTRAINT `customer_ibfk_2` FOREIGN KEY (`status_id`) REFERENCES `customer_state` (`status_id`) ON DELETE NO ACTION ON UPDATE NO ACTION,
  CONSTRAINT `customer_ibfk_3` FOREIGN KEY (`branch_id`) REFERENCES `office` (`office_id`) ON DELETE NO ACTION ON UPDATE NO ACTION,
  CONSTRAINT `customer_ibfk_4` FOREIGN KEY (`loan_officer_id`) REFERENCES `personnel` (`personnel_id`) ON DELETE NO ACTION ON UPDATE NO ACTION,
  CONSTRAINT `customer_ibfk_5` FOREIGN KEY (`customer_formedby_id`) REFERENCES `personnel` (`personnel_id`) ON DELETE NO ACTION ON UPDATE NO ACTION,
  CONSTRAINT `customer_ibfk_6` FOREIGN KEY (`parent_customer_id`) REFERENCES `customer` (`customer_id`) ON DELETE NO ACTION ON UPDATE NO ACTION
) ENGINE=InnoDB AUTO_INCREMENT=77 DEFAULT CHARSET=utf8;
/*!40101 SET character_set_client = @saved_cs_client */;

--
-- Dumping data for table `customer`
--

LOCK TABLES `customer` WRITE;
/*!40000 ALTER TABLE `customer` DISABLE KEYS */;
INSERT INTO `customer` VALUES (1,3,'0003-000000001',3,NULL,13,3,'center dw1',NULL,NULL,NULL,NULL,'well no center',NULL,NULL,0,NULL,NULL,'2010-07-01','2010-08-07','1.1',4,NULL,NULL,'2010-06-01',NULL,'2010-07-01',1,1,0,'CENTER',6),(2,2,'0003-000000002',3,3,9,3,'group dw1 1',NULL,NULL,NULL,NULL,'',NULL,NULL,0,NULL,1,'2010-07-02','2010-11-15','1.1.1',9,NULL,NULL,'2010-07-02',NULL,'2010-07-02',1,1,0,'GROUP',18),(3,1,'0003-000000003',3,3,3,3,'client dw1 1 1 zeppelin','client dw1 1 1','zeppelin','',NULL,'','1987-08-08',1,0,NULL,5,'2010-07-02','2010-07-21','1.1.2.3',0,NULL,NULL,'2010-07-02','','2010-07-02',1,1,0,'CLIENT',5),(4,1,'0003-000000004',3,3,3,3,'client dw1 1 2 another','client dw1 1 2','another','',NULL,'','1976-04-04',1,0,NULL,2,'2010-07-02','2010-07-02','1.1.1.2',0,NULL,NULL,'2010-07-02','','2010-07-02',1,1,0,'CLIENT',4),(5,2,'0003-000000005',3,3,9,3,'group dw1 2',NULL,NULL,NULL,NULL,'',NULL,NULL,0,NULL,1,'2010-07-02','2010-11-15','1.1.2',6,NULL,NULL,'2010-07-02',NULL,'2010-07-03',1,1,0,'GROUP',9),(6,1,'0003-000000006',3,3,3,3,'client dw1 2 1 xxx','client dw1 2 1','xxx','',NULL,'','1987-07-07',1,0,NULL,5,'2010-07-03','2010-07-03','1.1.2.1',0,NULL,NULL,'2010-07-03','','2010-07-03',1,1,0,'CLIENT',4),(7,1,'0003-000000007',3,3,3,3,'client dw1 2 2 xxx','client dw1 2 2','xxx','',NULL,'','1977-08-08',1,0,NULL,5,'2010-07-03','2010-07-03','1.1.2.2',0,NULL,NULL,'2010-07-03','','2010-07-03',1,1,0,'CLIENT',4),(8,2,'0003-000000008',3,4,9,3,'group dw1 3',NULL,NULL,NULL,NULL,'',NULL,NULL,0,NULL,1,'2010-07-05','2010-11-15','1.1.3',1,NULL,NULL,'2010-07-05',NULL,'2010-07-05',1,1,0,'GROUP',4),(9,1,'0003-000000009',3,3,3,3,'client dw1 3 1 xxx','client dw1 3 1','xxx','',NULL,'','1976-07-08',1,0,NULL,8,'2010-07-05','2010-07-05','1.1.3.1',0,NULL,NULL,'2010-07-05','','2010-07-05',1,1,0,'CLIENT',4),(10,1,'0003-000000010',4,4,3,3,'br1 no group memb 1 xxx','br1 no group memb 1','xxx','',NULL,'','1987-07-03',0,0,NULL,NULL,'2010-07-18','2010-07-18','1.2',0,NULL,NULL,'2010-07-18','','2010-07-18',1,1,0,'CLIENT',3),(11,3,'0004-000000011',5,NULL,13,4,'br2 center 1',NULL,NULL,NULL,NULL,'',NULL,NULL,0,NULL,NULL,'2010-07-20','2010-09-05','1.1',4,NULL,NULL,'2010-06-20',NULL,'2010-07-20',1,1,0,'CENTER',6),(12,2,'0004-000000012',5,5,9,4,'br2 group 1',NULL,NULL,NULL,NULL,'',NULL,NULL,0,NULL,11,'2010-07-20','2010-11-15','1.1.1',3,NULL,NULL,'2010-07-20',NULL,'2010-07-20',1,1,0,'GROUP',6),(13,1,'0004-000000013',5,5,3,4,'br2 client 1 xxx','br2 client 1','xxx','',NULL,'','1988-12-12',1,0,NULL,12,'2010-07-20','2010-07-20','1.1.1.1',0,NULL,NULL,'2010-07-20','','2010-07-20',1,1,0,'CLIENT',4),(14,1,'0004-000000014',5,5,3,4,'br2 client 2 xxx','br2 client 2','xxx','',NULL,'','1967-09-09',1,0,NULL,12,'2010-07-20','2010-07-21','1.1.1.2',0,NULL,NULL,'2010-07-20','xxx','2010-07-21',1,1,0,'CLIENT',4),(15,2,'0004-000000015',5,5,9,4,'br2 group 2',NULL,NULL,NULL,NULL,'',NULL,NULL,0,NULL,11,'2010-07-20','2010-11-15','1.1.2',0,NULL,NULL,'2010-07-20',NULL,'2010-07-21',1,1,0,'GROUP',3),(16,1,'0003-000000016',3,3,3,3,'xfer to gr in center (if on same day) xxx','xfer to gr in center (if on same day)','xxx','',NULL,'','2009-07-06',1,0,NULL,5,'2010-07-21','2010-07-21','1.1.2.4',0,NULL,NULL,'2010-07-21','','2010-07-21',1,1,0,'CLIENT',6),(17,1,'0003-000000017',3,3,3,3,'xfer to gr in center xxx','xfer to gr in center','xxx','',NULL,'','2009-07-03',1,0,NULL,5,'2010-07-21','2010-07-22','1.1.2.5',0,NULL,NULL,'2010-07-21','','2010-07-21',1,1,0,'CLIENT',5),(18,1,'0003-000000018',3,3,3,3,'lose group membership xxx','lose group membership','xxx','',NULL,'','1976-09-09',1,0,NULL,2,'2010-07-22','2010-08-01','1.1.1.9',0,NULL,NULL,'2010-07-22','','2010-07-22',1,1,0,'CLIENT',11),(19,3,'0003-000000019',4,NULL,13,3,'center 2',NULL,NULL,NULL,NULL,'',NULL,NULL,0,NULL,NULL,'2010-07-22','2010-08-10','1.3',5,NULL,NULL,'2010-07-22',NULL,'2010-07-22',1,1,0,'CENTER',7),(20,2,'0003-000000020',4,4,9,3,'group 1 for center 2',NULL,NULL,NULL,NULL,'',NULL,NULL,0,NULL,19,'2010-07-22','2010-11-15','1.3.1',1,NULL,NULL,'2010-07-22',NULL,'2010-07-22',1,1,0,'GROUP',4),(21,2,'0003-000000021',4,4,9,3,'group 2 for center 2',NULL,NULL,NULL,NULL,'',NULL,NULL,0,NULL,19,'2010-07-22','2010-11-15','1.3.2',0,NULL,NULL,'2010-07-22',NULL,'2010-07-22',1,1,0,'GROUP',3),(22,2,'0003-000000022',6,3,9,3,'group 3 for switch LOs',NULL,NULL,NULL,NULL,'',NULL,NULL,0,NULL,19,'2010-07-22','2010-11-15','1.3.3',0,NULL,NULL,'2010-07-22',NULL,'2010-07-22',1,1,0,'GROUP',5),(23,1,'0003-000000023',4,3,3,3,'xfer to gr in same branch xxx','xfer to gr in same branch','xxx','',NULL,'','1988-03-03',1,0,NULL,20,'2010-07-22','2010-07-23','1.3.1.1',0,NULL,NULL,'2010-07-22','','2010-07-22',1,1,0,'CLIENT',5),(24,1,'0003-000000024',5,3,3,4,'xfer to gr in different branch xxx','xfer to gr in different branch','xxx','',NULL,'','1977-08-08',1,0,NULL,12,'2010-07-22','2010-07-24','1.1.1.3',0,NULL,NULL,'2010-07-22','','2010-07-22',1,1,0,'CLIENT',5),(25,3,'0003-000000025',3,NULL,13,3,'center 3',NULL,NULL,NULL,NULL,'',NULL,NULL,0,NULL,NULL,'2010-07-25','2010-09-05','1.4',4,NULL,NULL,'2010-07-25',NULL,'2010-07-25',1,1,0,'CENTER',8),(26,2,'0003-000000026',3,3,9,3,'BO1 group 1 toh',NULL,NULL,NULL,NULL,'',NULL,NULL,0,NULL,NULL,'2010-07-25','2010-11-15','1.5',0,NULL,NULL,'2010-07-25',NULL,'2010-07-25',1,1,0,'GROUP',3),(27,2,'0003-000000027',4,3,9,3,'BO1 group 2 toh',NULL,NULL,NULL,NULL,'',NULL,NULL,0,NULL,NULL,'2010-07-25','2010-11-15','1.6',0,NULL,NULL,'2010-07-25',NULL,'2010-07-25',1,1,0,'GROUP',3),(28,1,'0003-000000028',3,4,3,3,'client w/o group mem xxx','client w/o group mem','xxx','',NULL,'','1977-08-08',0,0,NULL,NULL,'2010-07-25','2010-07-25','1.7',0,NULL,NULL,'2010-07-25','','2010-07-25',1,1,0,'CLIENT',3),(29,2,'0004-000000029',5,5,9,4,'group w/o center hierarchy',NULL,NULL,NULL,NULL,'',NULL,NULL,0,NULL,NULL,'2010-07-25','2010-11-15','1.2',1,NULL,NULL,'2010-07-25',NULL,'2010-07-25',1,1,0,'GROUP',4),(30,1,'0004-000000030',5,5,3,4,'client of group w/o center xxx','client of group w/o center','xxx','',NULL,'','1877-08-08',1,0,NULL,29,'2010-07-25','2010-07-25','1.2.1',0,NULL,NULL,'2010-07-25','xxxzzzzzzzzzz','2010-07-25',1,1,0,'CLIENT',4),(31,3,'0004-000000031',5,NULL,13,4,'center with savings a/c',NULL,NULL,NULL,NULL,'',NULL,NULL,0,NULL,NULL,'2010-07-25','2010-08-10','1.3',1,NULL,NULL,'2010-07-25',NULL,'2010-07-25',1,1,0,'CENTER',3),(32,3,'0003-000000032',6,NULL,13,3,'center with a LO change',NULL,NULL,NULL,NULL,'',NULL,NULL,0,NULL,NULL,'2010-07-25','2010-07-29','1.8',1,NULL,NULL,'2010-07-25',NULL,'2010-07-25',1,1,0,'CENTER',7),(33,2,'0003-000000033',6,3,9,3,'group for center LO change',NULL,NULL,NULL,NULL,'',NULL,NULL,0,NULL,32,'2010-07-25','2010-11-15','1.8.1',1,NULL,NULL,'2010-07-25',NULL,'2010-07-25',1,1,0,'GROUP',4),(34,1,'0003-000000034',6,3,3,3,'client for center LO change xxx','client for center LO change','xxx','',NULL,'','1977-07-07',1,0,NULL,33,'2010-07-25','2010-07-25','1.8.1.1',0,NULL,NULL,'2010-07-25','','2010-07-25',1,1,0,'CLIENT',4),(35,2,'0003-000000035',3,3,9,3,'group move out of center?',NULL,NULL,NULL,NULL,'',NULL,NULL,0,NULL,25,'2010-07-29','2010-09-06','1.4.1',4,NULL,NULL,'2010-07-29',NULL,'2010-07-29',1,1,0,'GROUP',9),(36,1,'0003-000000036',3,3,3,3,'client group move out of center? xxx','client group move out of center?','xxx','',NULL,'','2006-08-08',1,0,NULL,35,'2010-07-29','2010-09-02','1.4.1.1',0,NULL,NULL,'2010-07-29','','2010-07-29',1,1,0,'CLIENT',5),(37,2,'0003-000000037',4,3,9,3,'group standalone',NULL,NULL,NULL,NULL,'',NULL,NULL,0,NULL,19,'2010-07-29','2010-11-15','1.3.4',1,NULL,NULL,'2010-07-29',NULL,'2010-07-29',1,1,0,'GROUP',5),(38,1,'0003-000000038',4,3,3,3,'client group standalone xxx','client group standalone','xxx','',NULL,'','1988-08-08',1,0,NULL,37,'2010-07-29','2010-07-29','1.3.4.1',0,NULL,NULL,'2010-07-29','','2010-07-29',1,1,0,'CLIENT',5),(39,2,'0003-000000039',NULL,3,10,3,'group xfer another branch',NULL,NULL,NULL,NULL,'',NULL,NULL,0,NULL,NULL,'2010-07-29','2010-11-15','1.4',1,NULL,NULL,'2010-07-29',NULL,'2010-07-29',1,1,0,'GROUP',5),(40,1,'0003-000000040',NULL,3,4,4,'client xfer to another branch xxx','client xfer to another branch','xxx','',NULL,'','1988-09-09',1,0,NULL,39,'2010-07-29','2010-07-29','1.4.1',0,NULL,NULL,'2010-07-29','','2010-07-29',1,1,0,'CLIENT',5),(41,2,'0003-000000041',3,3,8,3,'can I take this off',NULL,NULL,NULL,NULL,'',NULL,NULL,0,NULL,NULL,'2010-07-29',NULL,'1.9',0,NULL,NULL,'2010-07-29',NULL,NULL,1,NULL,0,'GROUP',2),(42,2,'0003-000000042',4,3,9,3,'group w/o center hier LO change',NULL,NULL,NULL,NULL,'',NULL,NULL,0,NULL,NULL,'2010-07-29','2010-11-15','1.10',1,NULL,NULL,'2010-07-29',NULL,'2010-07-29',1,1,0,'GROUP',5),(43,1,'0003-000000043',4,3,3,3,'client for group w/o center hier LO change xxx','client for group w/o center hier LO change ','xxx','',NULL,'','1955-07-07',1,0,NULL,42,'2010-07-29','2010-07-29','1.10.1',0,NULL,NULL,'2010-07-29','','2010-07-29',1,1,0,'CLIENT',4),(44,1,'0003-000000044',4,3,3,3,'client w/o grp memb hier LO change xxx','client w/o grp memb hier LO change ','xxx','',NULL,'','1988-08-08',0,0,NULL,NULL,'2010-07-29','2010-07-29','1.11',0,NULL,NULL,'2010-07-29','','2010-07-29',1,1,0,'CLIENT',4),(45,1,'0003-000000045',NULL,3,4,4,'client w/o gr memb xfer to branch xxx','client w/o gr memb xfer to branch','xxx','',NULL,'','1988-08-08',0,0,NULL,NULL,'2010-07-29','2010-07-31','1.4',0,NULL,NULL,'2010-07-29','','2010-07-29',1,1,0,'CLIENT',4),(46,2,'0003-000000046',NULL,3,10,4,'group w/o center hier xfer branch',NULL,NULL,NULL,NULL,'',NULL,NULL,0,NULL,NULL,'2010-07-29','2010-11-15','1.5',1,NULL,NULL,'2010-07-29',NULL,'2010-07-29',1,1,0,'GROUP',5),(47,1,'0003-000000047',NULL,3,4,4,'client of group w/o center hier xfer branch xxx','client of group w/o center hier xfer branch ','xxx','',NULL,'','1990-04-04',1,0,NULL,46,'2010-07-29','2010-07-31','1.5.1',0,NULL,NULL,'2010-07-29','','2010-07-29',1,1,0,'CLIENT',5),(48,2,'0003-000000048',3,3,9,3,'group to be added back into center hierarchy',NULL,NULL,NULL,NULL,'',NULL,NULL,0,NULL,NULL,'2010-07-31','2010-11-15','1.12',0,NULL,NULL,'2010-07-31',NULL,'2010-07-31',1,1,0,'GROUP',3),(49,2,'0003-000000049',3,3,9,3,'group whatever',NULL,NULL,NULL,NULL,'',NULL,NULL,0,NULL,NULL,'2010-08-01','2010-11-15','1.13',2,NULL,NULL,'2010-08-01',NULL,'2010-08-01',1,1,0,'GROUP',5),(50,1,'0003-000000050',6,3,3,3,'client remove group membership xxx','client remove group membership','xxx','',NULL,'','1990-05-07',0,0,NULL,NULL,'2010-08-01','2010-08-04','1.16',0,NULL,NULL,'2010-08-01','','2010-08-01',1,1,0,'CLIENT',5),(51,1,'0003-000000051',3,3,3,3,'client add back to group hierarchy after xxx','client add back to group hierarchy after','xxx','',NULL,'','1988-08-08',1,0,NULL,5,'2010-08-01','2010-08-03','1.1.2.6',0,NULL,NULL,'2010-08-01','','2010-08-01',1,1,0,'CLIENT',6),(52,2,'0003-000000052',3,6,9,3,'group going back to a center hier',NULL,NULL,NULL,NULL,'',NULL,NULL,0,NULL,1,'2010-08-01','2010-11-15','1.1.4',0,NULL,NULL,'2010-08-01',NULL,'2010-08-01',1,1,0,'GROUP',4),(53,2,'0003-000000053',3,3,9,3,'generic group',NULL,NULL,NULL,NULL,'',NULL,NULL,0,NULL,NULL,'2010-08-04','2010-11-15','1.16',1,NULL,NULL,'2010-08-04',NULL,'2010-08-04',1,1,0,'GROUP',5),(54,1,'0003-000000054',6,3,3,3,'remove group membership xxx','remove group membership','xxx','',NULL,'','1990-06-07',0,0,NULL,NULL,'2010-08-04','2010-08-06','1.17',0,NULL,NULL,'2010-08-04','','2010-08-04',1,1,0,'CLIENT',5),(55,3,'0003-000000055',3,NULL,13,3,'center change to diff branch',NULL,NULL,NULL,NULL,'',NULL,NULL,0,NULL,NULL,'2010-08-07','2010-08-10','1.18',3,NULL,NULL,'2010-08-07',NULL,'2010-08-07',1,1,0,'CENTER',5),(56,2,'0003-000000056',4,3,9,3,'group for change to center in same branch',NULL,NULL,NULL,NULL,'',NULL,NULL,0,NULL,19,'2010-08-07','2010-11-15','1.3.5',0,NULL,NULL,'2010-08-07',NULL,'2010-08-07',1,1,0,'GROUP',8),(57,2,'0003-000000057',5,3,10,4,'group for change to center in diff branch',NULL,NULL,NULL,NULL,'',NULL,NULL,0,NULL,31,'2010-08-07','2010-11-15','1.3.1',0,NULL,NULL,'2010-08-07',NULL,'2010-08-07',1,1,0,'GROUP',4),(58,2,'0003-000000058',3,3,9,3,'group redo loans',NULL,NULL,NULL,NULL,'',NULL,NULL,0,NULL,25,'2010-08-20','2010-11-15','1.4.2',1,NULL,NULL,'2010-08-20',NULL,'2010-08-20',1,1,0,'GROUP',4),(59,1,'0003-000000059',3,3,3,3,'client redo loans xxx','client redo loans','xxx','',NULL,'','1990-08-08',1,0,NULL,58,'2010-08-20','2010-09-02','1.4.2.1',0,NULL,NULL,'2010-08-20','','2010-08-20',1,1,0,'CLIENT',5),(60,3,'0006-000000060',7,NULL,13,6,'Fee and Charge Testing Center',NULL,NULL,NULL,NULL,'',NULL,NULL,0,NULL,NULL,'2010-08-27',NULL,'1.1',1,NULL,NULL,'2010-08-27',NULL,'2010-08-27',1,NULL,0,'CENTER',3),(61,3,'0006-000000061',7,NULL,13,6,'any old center with a periodic center fee',NULL,NULL,NULL,NULL,'',NULL,NULL,0,NULL,NULL,'2010-08-27',NULL,'1.2',0,NULL,NULL,'2010-08-27',NULL,'2010-08-27',1,NULL,0,'CENTER',2),(62,2,'0006-000000062',7,7,9,6,'Group with lots of fees',NULL,NULL,NULL,NULL,'',NULL,NULL,0,NULL,60,'2010-08-27','2010-11-15','1.1.1',2,NULL,NULL,'2010-08-27',NULL,'2010-08-27',1,1,0,'GROUP',6),(63,1,'0006-000000063',7,7,3,6,'client charge anyone xxx','client charge anyone','xxx','',NULL,'','1977-08-08',1,0,NULL,62,'2010-08-27','2010-08-27','1.1.1.1',0,NULL,NULL,'2010-08-27','','2010-08-27',1,1,0,'CLIENT',4),(64,3,'0006-000000064',7,NULL,13,6,'center loan fees',NULL,NULL,NULL,NULL,'',NULL,NULL,0,NULL,NULL,'2010-08-28',NULL,'1.3',1,NULL,NULL,'2010-08-28',NULL,'2010-08-28',1,NULL,0,'CENTER',3),(65,2,'0006-000000065',7,7,9,6,'group for loan fees',NULL,NULL,NULL,NULL,'',NULL,NULL,0,NULL,64,'2010-08-28','2010-11-15','1.3.1',0,NULL,NULL,'2010-08-28',NULL,'2010-08-28',1,1,0,'GROUP',3),(66,2,'0003-000000066',NULL,4,10,4,'group w/o center hier xfer branch after mifos-3872',NULL,NULL,NULL,NULL,'',NULL,NULL,0,NULL,NULL,'2010-09-02','2010-11-15','1.6',0,NULL,NULL,'2010-09-02',NULL,'2010-09-02',1,1,0,'GROUP',4),(67,2,'0003-000000067',NULL,3,10,4,'group w/o center hier xfer branch after mifos-3872 -2',NULL,NULL,NULL,NULL,'',NULL,NULL,0,NULL,NULL,'2010-09-03','2010-09-03','1.20',1,NULL,NULL,'2010-09-03',NULL,'2010-09-03',1,1,0,'GROUP',7),(68,1,'0003-000000068',NULL,3,4,4,'another asdf asdf','another','asdf','asdf',NULL,'','1990-07-09',1,0,NULL,67,'2010-09-03','2010-09-03','1.20.1',0,NULL,NULL,'2010-09-03','','2010-09-03',1,1,0,'CLIENT',5),(69,2,'0003-000000069',5,3,10,4,'group for change to center in diff branch after mifos fix',NULL,NULL,NULL,NULL,'',NULL,NULL,0,NULL,11,'2010-09-04','2010-09-04','1.1.3',0,NULL,NULL,'2010-09-04',NULL,'2010-09-04',1,1,0,'GROUP',4),(70,2,'0003-000000070',5,3,10,4,'group for change to center in diff branch after mifos fix - 2',NULL,NULL,NULL,NULL,'',NULL,NULL,0,NULL,11,'2010-09-05','2010-09-05','1.1.4',0,NULL,NULL,'2010-09-05',NULL,'2010-09-05',1,1,0,'GROUP',4),(71,2,'0003-000000071',NULL,3,10,4,'group w/o center hier xfer branch after mifos-3872 -2 -2',NULL,NULL,NULL,NULL,'',NULL,NULL,0,NULL,NULL,'2010-09-05','2010-09-05','1.20',0,NULL,NULL,'2010-09-05',NULL,'2010-09-05',1,1,0,'GROUP',5),(72,1,'0003-000000072',3,3,3,3,'another add client to group then remove group membership test x x','another add client to group then remove group membership test','x','',NULL,'','1990-09-09',1,0,NULL,35,'2010-09-06','2010-09-06','1.4.1.3',0,NULL,NULL,'2010-09-06','','2010-09-06',1,1,0,'CLIENT',6),(73,1,'0003-000000073',3,4,2,3,'client on its own d','client on its own','d','',NULL,'','1990-09-09',1,0,NULL,35,'2010-09-06','2010-09-06','1.4.1.4',0,NULL,NULL,'2010-09-06','',NULL,1,1,0,'CLIENT',3),(74,1,'0004-000000074',5,5,2,4,'client on own and left on own x','client on own and left on own','x','',NULL,'','1988-09-09',0,0,NULL,NULL,'2010-09-06',NULL,'1.21',0,NULL,NULL,'2010-09-06','',NULL,1,NULL,0,'CLIENT',2),(75,1,'0006-000000075',7,7,5,6,'Will be deleted Very soon','Will be deleted','Very soon','',NULL,'','1965-03-27',0,0,NULL,NULL,'2011-01-13','2011-01-13','1.4',0,NULL,NULL,'2011-01-13','',NULL,1,1,0,'CLIENT',3),(76,1,'0006-000000076',7,7,6,6,'She2\'ll also be deleted Very2 soon','She2\'ll also be deleted','Very2 soon','',NULL,'','1970-01-14',1,0,NULL,62,'2011-01-13','2011-01-13','1.1.1.2',0,NULL,NULL,'1970-01-14','','2011-01-13',1,1,1,'CLIENT',5);
/*!40000 ALTER TABLE `customer` ENABLE KEYS */;
UNLOCK TABLES;

--
-- Table structure for table `customer_account`
--

DROP TABLE IF EXISTS `customer_account`;
/*!40101 SET @saved_cs_client     = @@character_set_client */;
/*!40101 SET character_set_client = utf8 */;
CREATE TABLE `customer_account` (
  `account_id` int(11) NOT NULL,
  PRIMARY KEY (`account_id`),
  CONSTRAINT `customer_account_ibfk_1` FOREIGN KEY (`account_id`) REFERENCES `account` (`account_id`) ON DELETE NO ACTION ON UPDATE NO ACTION
) ENGINE=InnoDB DEFAULT CHARSET=utf8;
/*!40101 SET character_set_client = @saved_cs_client */;

--
-- Dumping data for table `customer_account`
--

LOCK TABLES `customer_account` WRITE;
/*!40000 ALTER TABLE `customer_account` DISABLE KEYS */;
INSERT INTO `customer_account` VALUES (1),(2),(3),(5),(9),(10),(12),(18),(19),(22),(25),(26),(27),(28),(29),(33),(35),(37),(39),(40),(41),(42),(43),(45),(48),(49),(50),(51),(54),(57),(60),(62),(63),(65),(68),(69),(70),(71),(72),(73),(74),(75),(77),(79),(81),(83),(85),(87),(89),(90),(92),(94),(96),(97),(98),(99),(101),(103),(104),(105),(106),(107),(108),(110),(111),(113),(114),(115),(117),(118),(119),(120),(121),(122),(123),(124);
/*!40000 ALTER TABLE `customer_account` ENABLE KEYS */;
UNLOCK TABLES;

--
-- Table structure for table `customer_account_activity`
--

DROP TABLE IF EXISTS `customer_account_activity`;
/*!40101 SET @saved_cs_client     = @@character_set_client */;
/*!40101 SET character_set_client = utf8 */;
CREATE TABLE `customer_account_activity` (
  `customer_account_activity_id` int(11) NOT NULL AUTO_INCREMENT,
  `account_id` int(11) NOT NULL,
  `description` varchar(200) NOT NULL,
  `amount` decimal(21,4) DEFAULT NULL,
  `fee_amount_currency_id` smallint(6) DEFAULT NULL,
  `created_date` date NOT NULL,
  `created_by` smallint(6) DEFAULT NULL,
  PRIMARY KEY (`customer_account_activity_id`),
  KEY `account_id` (`account_id`),
  KEY `fee_amount_currency_id` (`fee_amount_currency_id`),
  KEY `created_by` (`created_by`),
  CONSTRAINT `customer_account_activity_ibfk_1` FOREIGN KEY (`account_id`) REFERENCES `account` (`account_id`) ON DELETE NO ACTION ON UPDATE NO ACTION,
  CONSTRAINT `customer_account_activity_ibfk_2` FOREIGN KEY (`fee_amount_currency_id`) REFERENCES `currency` (`currency_id`) ON DELETE NO ACTION ON UPDATE NO ACTION,
  CONSTRAINT `customer_account_activity_ibfk_3` FOREIGN KEY (`created_by`) REFERENCES `personnel` (`personnel_id`) ON DELETE NO ACTION ON UPDATE NO ACTION
) ENGINE=InnoDB AUTO_INCREMENT=9 DEFAULT CHARSET=utf8;
/*!40101 SET character_set_client = @saved_cs_client */;

--
-- Dumping data for table `customer_account_activity`
--

LOCK TABLES `customer_account_activity` WRITE;
/*!40000 ALTER TABLE `customer_account_activity` DISABLE KEYS */;
INSERT INTO `customer_account_activity` VALUES (1,106,'Payment rcvd.','10.0000',2,'2010-08-27',1),(2,107,'Payment rcvd.','90.0000',2,'2010-08-27',1),(3,107,'Amnt waived','60.0000',2,'2010-08-27',1),(4,107,'Amnt Adjusted','90.0000',2,'2010-08-27',1),(5,107,'Misc fees applied','2.0000',2,'2010-08-27',1),(6,107,'Misc penalty applied','4.0000',2,'2010-08-27',1),(7,107,'Group Fee One Time Upfront 30 applied','33.0000',2,'2010-08-27',1),(8,107,'Payment rcvd.','129.0000',2,'2010-08-27',1);
/*!40000 ALTER TABLE `customer_account_activity` ENABLE KEYS */;
UNLOCK TABLES;

--
-- Table structure for table `customer_address_detail`
--

DROP TABLE IF EXISTS `customer_address_detail`;
/*!40101 SET @saved_cs_client     = @@character_set_client */;
/*!40101 SET character_set_client = utf8 */;
CREATE TABLE `customer_address_detail` (
  `customer_address_id` int(11) NOT NULL AUTO_INCREMENT,
  `customer_id` int(11) DEFAULT NULL,
  `locale_id` smallint(6) DEFAULT NULL,
  `address_name` varchar(100) DEFAULT NULL,
  `line_1` varchar(200) DEFAULT NULL,
  `line_2` varchar(200) DEFAULT NULL,
  `line_3` varchar(200) DEFAULT NULL,
  `city` varchar(100) DEFAULT NULL,
  `state` varchar(100) DEFAULT NULL,
  `country` varchar(100) DEFAULT NULL,
  `zip` varchar(20) DEFAULT NULL,
  `address_status` smallint(6) DEFAULT NULL,
  `phone_number` varchar(20) DEFAULT NULL,
  `phone_number_stripped` varchar(20) DEFAULT NULL,
  PRIMARY KEY (`customer_address_id`),
  KEY `locale_id` (`locale_id`),
  KEY `cust_address_idx` (`customer_id`),
  CONSTRAINT `customer_address_detail_ibfk_1` FOREIGN KEY (`customer_id`) REFERENCES `customer` (`customer_id`) ON DELETE NO ACTION ON UPDATE NO ACTION,
  CONSTRAINT `customer_address_detail_ibfk_2` FOREIGN KEY (`locale_id`) REFERENCES `supported_locale` (`locale_id`) ON DELETE NO ACTION ON UPDATE NO ACTION
) ENGINE=InnoDB AUTO_INCREMENT=77 DEFAULT CHARSET=utf8;
/*!40101 SET character_set_client = @saved_cs_client */;

--
-- Dumping data for table `customer_address_detail`
--

LOCK TABLES `customer_address_detail` WRITE;
/*!40000 ALTER TABLE `customer_address_detail` DISABLE KEYS */;
INSERT INTO `customer_address_detail` VALUES (1,1,NULL,NULL,'center road','','','','','','',NULL,'',NULL),(2,2,NULL,NULL,'','','','','','','',NULL,'',NULL),(3,3,NULL,NULL,'','','','','','','',NULL,'',NULL),(4,4,NULL,NULL,'','','','','','','',NULL,'111222333',NULL),(5,5,NULL,NULL,'','','','','','','',NULL,'',NULL),(6,6,NULL,NULL,'','','','','','','',NULL,'254321654987',NULL),(7,7,NULL,NULL,'','','','','','','',NULL,'',NULL),(8,8,NULL,NULL,'','','','','','','',NULL,'',NULL),(9,9,NULL,NULL,'','','','','','','',NULL,'',NULL),(10,10,NULL,NULL,'','','','','','','',NULL,'',NULL),(11,11,NULL,NULL,'','','','','','','',NULL,'',NULL),(12,12,NULL,NULL,'','','','','','','',NULL,'',NULL),(13,13,NULL,NULL,'','','','','','','',NULL,'',NULL),(14,14,NULL,NULL,'','','','','','','',NULL,'',NULL),(15,15,NULL,NULL,'','','','','','','',NULL,'',NULL),(16,16,NULL,NULL,'','','','','','','',NULL,'',NULL),(17,17,NULL,NULL,'','','','','','','',NULL,'',NULL),(18,18,NULL,NULL,'','','','','','','',NULL,'',NULL),(19,19,NULL,NULL,'','','','','','','',NULL,'',NULL),(20,20,NULL,NULL,'','','','','','','',NULL,'',NULL),(21,21,NULL,NULL,'','','','','','','',NULL,'',NULL),(22,22,NULL,NULL,'','','','','','','',NULL,'',NULL),(23,23,NULL,NULL,'','','','','','','',NULL,'',NULL),(24,24,NULL,NULL,'','','','','','','',NULL,'',NULL),(25,25,NULL,NULL,'','','','','','','',NULL,'',''),(26,26,NULL,NULL,'','','','','','','',NULL,'',NULL),(27,27,NULL,NULL,'','','','','','','',NULL,'',NULL),(28,28,NULL,NULL,'','','','','','','',NULL,'',NULL),(29,29,NULL,NULL,'','','','','','','',NULL,'+444555666',NULL),(30,30,NULL,NULL,'','','','','','','',NULL,'435',NULL),(31,31,NULL,NULL,'','','','','','','',NULL,'',NULL),(32,32,NULL,NULL,'','','','','','','',NULL,'',NULL),(33,33,NULL,NULL,'','','','','','','',NULL,'',NULL),(34,34,NULL,NULL,'','','','','','','',NULL,'',NULL),(35,35,NULL,NULL,'','','','','','','',NULL,'',''),(36,36,NULL,NULL,'','','','','','','',NULL,'',NULL),(37,37,NULL,NULL,'','','','','','','',NULL,'',NULL),(38,38,NULL,NULL,'','','','','','','',NULL,'',NULL),(39,39,NULL,NULL,'','','','','','','',NULL,'',NULL),(40,40,NULL,NULL,'','','','','','','',NULL,'',NULL),(41,41,NULL,NULL,'','','','','','','',NULL,'',NULL),(42,42,NULL,NULL,'','','','','','','',NULL,'',NULL),(43,43,NULL,NULL,'','','','','','','',NULL,'',NULL),(44,44,NULL,NULL,'','','','','','','',NULL,'',NULL),(45,45,NULL,NULL,'','','','','','','',NULL,'',NULL),(46,46,NULL,NULL,'','','','','','','',NULL,'',NULL),(47,47,NULL,NULL,'','','','','','','',NULL,'',NULL),(48,48,NULL,NULL,'','','','','','','',NULL,'',NULL),(49,49,NULL,NULL,'','','','','','','',NULL,'',NULL),(50,50,NULL,NULL,'','','','','','','',NULL,'',NULL),(51,51,NULL,NULL,'','','','','','','',NULL,'',NULL),(52,52,NULL,NULL,'','','','','','','',NULL,'',NULL),(53,53,NULL,NULL,'','','','','','','',NULL,'',NULL),(54,54,NULL,NULL,'','','','','','','',NULL,'',NULL),(55,55,NULL,NULL,'','','','','','','',NULL,'',NULL),(56,56,NULL,NULL,'','','','','','','',NULL,'',NULL),(57,57,NULL,NULL,'','','','','','','',NULL,'',NULL),(58,58,NULL,NULL,'','','','','','','',NULL,'',NULL),(59,59,NULL,NULL,'','','','','','','',NULL,'',NULL),(60,60,NULL,NULL,'','','','','','','',NULL,'',NULL),(61,61,NULL,NULL,'','','','','','','',NULL,'',NULL),(62,62,NULL,NULL,'','','','','','','',NULL,'',''),(63,63,NULL,NULL,'','','','','','','',NULL,'',NULL),(64,64,NULL,NULL,'','','','','','','',NULL,'',NULL),(65,65,NULL,NULL,'','','','','','','',NULL,'',NULL),(66,66,NULL,NULL,'','','','','','','',NULL,'',''),(67,67,NULL,NULL,'','','','','','','',NULL,'',''),(68,68,NULL,NULL,'','','','','','','',NULL,'',''),(69,69,NULL,NULL,'','','','','','','',NULL,'',''),(70,70,NULL,NULL,'','','','','','','',NULL,'',''),(71,71,NULL,NULL,'','','','','','','',NULL,'',''),(72,72,NULL,NULL,'','','','','','','',NULL,'',''),(73,73,NULL,NULL,'','','','','','','',NULL,'',''),(74,74,NULL,NULL,'','','','','','','',NULL,'',''),(75,75,NULL,NULL,'','','','','','','',NULL,'',''),(76,76,NULL,NULL,'','','','','','','',NULL,'','');
/*!40000 ALTER TABLE `customer_address_detail` ENABLE KEYS */;
UNLOCK TABLES;

--
-- Table structure for table `customer_attendance`
--

DROP TABLE IF EXISTS `customer_attendance`;
/*!40101 SET @saved_cs_client     = @@character_set_client */;
/*!40101 SET character_set_client = utf8 */;
CREATE TABLE `customer_attendance` (
  `id` int(11) NOT NULL AUTO_INCREMENT,
  `meeting_date` date NOT NULL,
  `customer_id` int(11) NOT NULL,
  `attendance` smallint(6) DEFAULT NULL,
  PRIMARY KEY (`id`),
  KEY `customer_id` (`customer_id`),
  KEY `customer_attendance_meeting_date_idx` (`meeting_date`,`customer_id`),
  CONSTRAINT `customer_attendance_ibfk_1` FOREIGN KEY (`customer_id`) REFERENCES `customer` (`customer_id`) ON DELETE NO ACTION ON UPDATE NO ACTION
) ENGINE=InnoDB AUTO_INCREMENT=2 DEFAULT CHARSET=utf8;
/*!40101 SET character_set_client = @saved_cs_client */;

--
-- Dumping data for table `customer_attendance`
--

LOCK TABLES `customer_attendance` WRITE;
/*!40000 ALTER TABLE `customer_attendance` DISABLE KEYS */;
INSERT INTO `customer_attendance` VALUES (1,'2010-08-27',63,1);
/*!40000 ALTER TABLE `customer_attendance` ENABLE KEYS */;
UNLOCK TABLES;

--
-- Table structure for table `customer_attendance_types`
--

DROP TABLE IF EXISTS `customer_attendance_types`;
/*!40101 SET @saved_cs_client     = @@character_set_client */;
/*!40101 SET character_set_client = utf8 */;
CREATE TABLE `customer_attendance_types` (
  `attendance_id` smallint(6) NOT NULL AUTO_INCREMENT,
  `attendance_lookup_id` int(11) NOT NULL,
  `description` varchar(50) DEFAULT NULL,
  PRIMARY KEY (`attendance_id`),
  KEY `attendance_lookup_id` (`attendance_lookup_id`),
  CONSTRAINT `customer_attendance_types_ibfk_1` FOREIGN KEY (`attendance_lookup_id`) REFERENCES `lookup_value` (`lookup_id`) ON DELETE NO ACTION ON UPDATE NO ACTION
) ENGINE=InnoDB AUTO_INCREMENT=5 DEFAULT CHARSET=utf8;
/*!40101 SET character_set_client = @saved_cs_client */;

--
-- Dumping data for table `customer_attendance_types`
--

LOCK TABLES `customer_attendance_types` WRITE;
/*!40000 ALTER TABLE `customer_attendance_types` DISABLE KEYS */;
INSERT INTO `customer_attendance_types` VALUES (1,194,'Present'),(2,195,'Absent'),(3,196,'Approved leave'),(4,197,'Late');
/*!40000 ALTER TABLE `customer_attendance_types` ENABLE KEYS */;
UNLOCK TABLES;

--
-- Table structure for table `customer_checklist`
--

DROP TABLE IF EXISTS `customer_checklist`;
/*!40101 SET @saved_cs_client     = @@character_set_client */;
/*!40101 SET character_set_client = utf8 */;
CREATE TABLE `customer_checklist` (
  `checklist_id` smallint(6) NOT NULL,
  `level_id` smallint(6) NOT NULL,
  `customer_status_id` smallint(6) NOT NULL,
  PRIMARY KEY (`checklist_id`),
  KEY `level_id` (`level_id`),
  KEY `customer_status_id` (`customer_status_id`),
  CONSTRAINT `customer_checklist_ibfk_1` FOREIGN KEY (`checklist_id`) REFERENCES `checklist` (`checklist_id`) ON DELETE NO ACTION ON UPDATE NO ACTION,
  CONSTRAINT `customer_checklist_ibfk_2` FOREIGN KEY (`level_id`) REFERENCES `customer_level` (`level_id`) ON DELETE NO ACTION ON UPDATE NO ACTION,
  CONSTRAINT `customer_checklist_ibfk_3` FOREIGN KEY (`customer_status_id`) REFERENCES `customer_state` (`status_id`) ON DELETE NO ACTION ON UPDATE NO ACTION
) ENGINE=InnoDB DEFAULT CHARSET=utf8;
/*!40101 SET character_set_client = @saved_cs_client */;

--
-- Dumping data for table `customer_checklist`
--

LOCK TABLES `customer_checklist` WRITE;
/*!40000 ALTER TABLE `customer_checklist` DISABLE KEYS */;
/*!40000 ALTER TABLE `customer_checklist` ENABLE KEYS */;
UNLOCK TABLES;

--
-- Table structure for table `customer_custom_field`
--

DROP TABLE IF EXISTS `customer_custom_field`;
/*!40101 SET @saved_cs_client     = @@character_set_client */;
/*!40101 SET character_set_client = utf8 */;
CREATE TABLE `customer_custom_field` (
  `customer_customfield_id` int(11) NOT NULL AUTO_INCREMENT,
  `customer_id` int(11) NOT NULL,
  `field_id` smallint(6) NOT NULL,
  `field_value` varchar(200) DEFAULT NULL,
  PRIMARY KEY (`customer_customfield_id`),
  KEY `field_id` (`field_id`),
  KEY `customer_id` (`customer_id`),
  CONSTRAINT `customer_custom_field_ibfk_1` FOREIGN KEY (`field_id`) REFERENCES `custom_field_definition` (`field_id`) ON DELETE NO ACTION ON UPDATE NO ACTION,
  CONSTRAINT `customer_custom_field_ibfk_2` FOREIGN KEY (`customer_id`) REFERENCES `customer` (`customer_id`) ON DELETE NO ACTION ON UPDATE NO ACTION
) ENGINE=InnoDB DEFAULT CHARSET=utf8;
/*!40101 SET character_set_client = @saved_cs_client */;

--
-- Dumping data for table `customer_custom_field`
--

LOCK TABLES `customer_custom_field` WRITE;
/*!40000 ALTER TABLE `customer_custom_field` DISABLE KEYS */;
/*!40000 ALTER TABLE `customer_custom_field` ENABLE KEYS */;
UNLOCK TABLES;

--
-- Table structure for table `customer_detail`
--

DROP TABLE IF EXISTS `customer_detail`;
/*!40101 SET @saved_cs_client     = @@character_set_client */;
/*!40101 SET character_set_client = utf8 */;
CREATE TABLE `customer_detail` (
  `customer_id` int(11) NOT NULL,
  `ethinicity` int(11) DEFAULT NULL,
  `citizenship` int(11) DEFAULT NULL,
  `handicapped` int(11) DEFAULT NULL,
  `business_activities` int(11) DEFAULT NULL,
  `marital_status` int(11) DEFAULT NULL,
  `education_level` int(11) DEFAULT NULL,
  `num_children` smallint(6) DEFAULT NULL,
  `gender` smallint(6) DEFAULT NULL,
  `date_started` date DEFAULT NULL,
  `handicapped_details` varchar(200) DEFAULT NULL,
  `poverty_status` int(11) DEFAULT NULL,
  `poverty_lhood_pct` decimal(21,4) DEFAULT NULL,
  PRIMARY KEY (`customer_id`),
  KEY `citizenship` (`citizenship`),
  KEY `education_level` (`education_level`),
  KEY `ethinicity` (`ethinicity`),
  KEY `handicapped` (`handicapped`),
  KEY `marital_status` (`marital_status`),
  KEY `poverty_status` (`poverty_status`),
  CONSTRAINT `customer_detail_ibfk_1` FOREIGN KEY (`customer_id`) REFERENCES `customer` (`customer_id`) ON DELETE NO ACTION ON UPDATE NO ACTION,
  CONSTRAINT `customer_detail_ibfk_2` FOREIGN KEY (`citizenship`) REFERENCES `lookup_value` (`lookup_id`) ON DELETE NO ACTION ON UPDATE NO ACTION,
  CONSTRAINT `customer_detail_ibfk_3` FOREIGN KEY (`education_level`) REFERENCES `lookup_value` (`lookup_id`) ON DELETE NO ACTION ON UPDATE NO ACTION,
  CONSTRAINT `customer_detail_ibfk_4` FOREIGN KEY (`ethinicity`) REFERENCES `lookup_value` (`lookup_id`) ON DELETE NO ACTION ON UPDATE NO ACTION,
  CONSTRAINT `customer_detail_ibfk_5` FOREIGN KEY (`handicapped`) REFERENCES `lookup_value` (`lookup_id`) ON DELETE NO ACTION ON UPDATE NO ACTION,
  CONSTRAINT `customer_detail_ibfk_6` FOREIGN KEY (`marital_status`) REFERENCES `lookup_value` (`lookup_id`) ON DELETE NO ACTION ON UPDATE NO ACTION,
  CONSTRAINT `customer_detail_ibfk_7` FOREIGN KEY (`poverty_status`) REFERENCES `lookup_value` (`lookup_id`) ON DELETE NO ACTION ON UPDATE NO ACTION
) ENGINE=InnoDB DEFAULT CHARSET=utf8;
/*!40101 SET character_set_client = @saved_cs_client */;

--
-- Dumping data for table `customer_detail`
--

LOCK TABLES `customer_detail` WRITE;
/*!40000 ALTER TABLE `customer_detail` DISABLE KEYS */;
INSERT INTO `customer_detail` VALUES (3,NULL,NULL,NULL,NULL,NULL,NULL,NULL,50,NULL,NULL,41,NULL),(4,NULL,NULL,NULL,NULL,NULL,NULL,NULL,49,NULL,NULL,42,NULL),(6,NULL,NULL,NULL,NULL,NULL,NULL,NULL,50,NULL,NULL,42,NULL),(7,NULL,NULL,NULL,NULL,NULL,NULL,NULL,49,NULL,NULL,42,NULL),(9,NULL,NULL,NULL,NULL,NULL,NULL,NULL,50,NULL,NULL,42,NULL),(10,NULL,NULL,NULL,NULL,NULL,NULL,NULL,49,NULL,NULL,42,NULL),(13,NULL,NULL,NULL,NULL,NULL,NULL,NULL,50,NULL,NULL,42,NULL),(14,NULL,NULL,NULL,NULL,NULL,NULL,NULL,50,NULL,NULL,42,NULL),(16,NULL,NULL,NULL,NULL,NULL,NULL,NULL,50,NULL,NULL,41,NULL),(17,NULL,NULL,NULL,NULL,NULL,NULL,NULL,50,NULL,NULL,42,NULL),(18,NULL,NULL,NULL,NULL,NULL,NULL,NULL,49,NULL,NULL,42,NULL),(23,NULL,NULL,NULL,NULL,NULL,NULL,NULL,50,NULL,NULL,43,NULL),(24,NULL,NULL,NULL,NULL,NULL,NULL,NULL,49,NULL,NULL,42,NULL),(28,NULL,NULL,NULL,NULL,NULL,NULL,NULL,49,NULL,NULL,42,NULL),(30,NULL,NULL,NULL,NULL,NULL,NULL,NULL,49,NULL,NULL,41,NULL),(34,NULL,NULL,NULL,NULL,NULL,NULL,NULL,50,NULL,NULL,41,NULL),(36,643,645,649,651,633,647,NULL,50,NULL,NULL,41,NULL),(38,NULL,NULL,NULL,NULL,NULL,NULL,NULL,49,NULL,NULL,42,NULL),(40,NULL,NULL,NULL,NULL,NULL,NULL,NULL,50,NULL,NULL,41,NULL),(43,NULL,NULL,NULL,NULL,NULL,NULL,NULL,50,NULL,NULL,42,NULL),(44,NULL,NULL,NULL,NULL,NULL,NULL,NULL,50,NULL,NULL,41,NULL),(45,NULL,NULL,NULL,NULL,NULL,NULL,NULL,49,NULL,NULL,42,NULL),(47,NULL,NULL,NULL,NULL,NULL,NULL,NULL,50,NULL,NULL,41,NULL),(50,NULL,NULL,NULL,NULL,NULL,NULL,NULL,50,NULL,NULL,41,NULL),(51,NULL,NULL,NULL,NULL,NULL,NULL,NULL,50,NULL,NULL,41,NULL),(54,NULL,NULL,NULL,NULL,NULL,NULL,NULL,50,NULL,NULL,41,NULL),(59,641,644,648,650,634,646,7,50,NULL,NULL,41,NULL),(63,NULL,NULL,NULL,NULL,NULL,NULL,NULL,50,NULL,NULL,42,NULL),(68,641,644,NULL,650,NULL,646,NULL,49,NULL,NULL,41,NULL),(72,NULL,NULL,NULL,NULL,NULL,NULL,NULL,50,NULL,NULL,42,NULL),(73,NULL,NULL,NULL,NULL,NULL,NULL,NULL,50,NULL,NULL,41,NULL),(74,NULL,NULL,NULL,NULL,NULL,NULL,NULL,50,NULL,NULL,41,NULL),(75,NULL,NULL,NULL,NULL,NULL,NULL,NULL,49,NULL,NULL,41,NULL),(76,NULL,NULL,NULL,NULL,NULL,NULL,NULL,50,NULL,NULL,42,NULL);
/*!40000 ALTER TABLE `customer_detail` ENABLE KEYS */;
UNLOCK TABLES;

--
-- Table structure for table `customer_family_detail`
--

DROP TABLE IF EXISTS `customer_family_detail`;
/*!40101 SET @saved_cs_client     = @@character_set_client */;
/*!40101 SET character_set_client = utf8 */;
CREATE TABLE `customer_family_detail` (
  `customer_family_id` int(11) NOT NULL AUTO_INCREMENT,
  `customer_id` int(11) DEFAULT NULL,
  `customer_name_id` int(11) DEFAULT NULL,
  `relationship` smallint(6) DEFAULT NULL,
  `gender` smallint(6) DEFAULT NULL,
  `date_of_birth` date DEFAULT NULL,
  `living_status` smallint(6) DEFAULT NULL,
  PRIMARY KEY (`customer_family_id`),
  KEY `customer_id` (`customer_id`),
  KEY `customer_name_id` (`customer_name_id`),
  CONSTRAINT `customer_family_detail_ibfk_1` FOREIGN KEY (`customer_id`) REFERENCES `customer` (`customer_id`) ON DELETE NO ACTION ON UPDATE NO ACTION,
  CONSTRAINT `customer_family_detail_ibfk_2` FOREIGN KEY (`customer_name_id`) REFERENCES `customer_name_detail` (`customer_name_id`) ON DELETE NO ACTION ON UPDATE NO ACTION
) ENGINE=InnoDB DEFAULT CHARSET=utf8;
/*!40101 SET character_set_client = @saved_cs_client */;

--
-- Dumping data for table `customer_family_detail`
--

LOCK TABLES `customer_family_detail` WRITE;
/*!40000 ALTER TABLE `customer_family_detail` DISABLE KEYS */;
/*!40000 ALTER TABLE `customer_family_detail` ENABLE KEYS */;
UNLOCK TABLES;

--
-- Table structure for table `customer_fee_schedule`
--

DROP TABLE IF EXISTS `customer_fee_schedule`;
/*!40101 SET @saved_cs_client     = @@character_set_client */;
/*!40101 SET character_set_client = utf8 */;
CREATE TABLE `customer_fee_schedule` (
  `account_fees_detail_id` int(11) NOT NULL AUTO_INCREMENT,
  `id` int(11) NOT NULL,
  `installment_id` int(11) NOT NULL,
  `fee_id` smallint(6) NOT NULL,
  `account_fee_id` int(11) NOT NULL,
  `amount` decimal(21,4) DEFAULT NULL,
  `amount_currency_id` smallint(6) DEFAULT NULL,
  `amount_paid` decimal(21,4) DEFAULT NULL,
  `amount_paid_currency_id` smallint(6) DEFAULT NULL,
  `version_no` int(11) NOT NULL,
  PRIMARY KEY (`account_fees_detail_id`),
  KEY `id` (`id`),
  KEY `amount_currency_id` (`amount_currency_id`),
  KEY `amount_paid_currency_id` (`amount_paid_currency_id`),
  KEY `fee_id` (`fee_id`),
  KEY `account_fee_id` (`account_fee_id`),
  CONSTRAINT `customer_fee_schedule_ibfk_1` FOREIGN KEY (`id`) REFERENCES `customer_schedule` (`id`) ON DELETE NO ACTION ON UPDATE NO ACTION,
  CONSTRAINT `customer_fee_schedule_ibfk_2` FOREIGN KEY (`amount_currency_id`) REFERENCES `currency` (`currency_id`) ON DELETE NO ACTION ON UPDATE NO ACTION,
  CONSTRAINT `customer_fee_schedule_ibfk_3` FOREIGN KEY (`amount_paid_currency_id`) REFERENCES `currency` (`currency_id`) ON DELETE NO ACTION ON UPDATE NO ACTION,
  CONSTRAINT `customer_fee_schedule_ibfk_4` FOREIGN KEY (`fee_id`) REFERENCES `fees` (`fee_id`),
  CONSTRAINT `customer_fee_schedule_ibfk_5` FOREIGN KEY (`account_fee_id`) REFERENCES `account_fees` (`account_fee_id`)
) ENGINE=InnoDB AUTO_INCREMENT=134 DEFAULT CHARSET=utf8;
/*!40101 SET character_set_client = @saved_cs_client */;

--
-- Dumping data for table `customer_fee_schedule`
--

LOCK TABLES `customer_fee_schedule` WRITE;
/*!40000 ALTER TABLE `customer_fee_schedule` DISABLE KEYS */;
INSERT INTO `customer_fee_schedule` VALUES (1,591,1,1,1,'10.0000',2,'10.0000',2,1),(2,592,2,1,1,'10.0000',2,'0.0000',2,0),(3,593,3,1,1,'10.0000',2,'0.0000',2,0),(4,594,4,1,1,'10.0000',2,'0.0000',2,0),(5,595,5,1,1,'10.0000',2,'0.0000',2,0),(6,596,6,1,1,'10.0000',2,'0.0000',2,0),(7,597,7,1,1,'10.0000',2,'0.0000',2,0),(8,598,8,1,1,'10.0000',2,'0.0000',2,0),(9,599,9,1,1,'10.0000',2,'0.0000',2,0),(10,600,10,1,1,'10.0000',2,'0.0000',2,0),(11,601,1,2,4,'20.0000',2,'20.0000',2,3),(12,601,1,3,3,'30.0000',2,'30.0000',2,3),(13,601,1,4,2,'40.0000',2,'40.0000',2,3),(14,602,2,4,2,'0.0000',2,'0.0000',2,1),(15,602,2,2,4,'0.0000',2,'0.0000',2,1),(16,603,3,2,4,'20.0000',2,'0.0000',2,0),(17,603,3,4,2,'40.0000',2,'0.0000',2,0),(18,604,4,2,4,'20.0000',2,'0.0000',2,0),(19,604,4,4,2,'40.0000',2,'0.0000',2,0),(20,605,5,2,4,'20.0000',2,'0.0000',2,0),(21,605,5,4,2,'40.0000',2,'0.0000',2,0),(22,606,6,4,2,'40.0000',2,'0.0000',2,0),(23,606,6,2,4,'20.0000',2,'0.0000',2,0),(24,607,7,2,4,'20.0000',2,'0.0000',2,0),(25,607,7,4,2,'40.0000',2,'0.0000',2,0),(26,608,8,4,2,'40.0000',2,'0.0000',2,0),(27,608,8,2,4,'20.0000',2,'0.0000',2,0),(28,609,9,2,4,'20.0000',2,'0.0000',2,0),(29,609,9,4,2,'40.0000',2,'0.0000',2,0),(30,610,10,2,4,'20.0000',2,'0.0000',2,0),(31,610,10,4,2,'40.0000',2,'0.0000',2,0),(32,601,1,3,5,'33.0000',2,'33.0000',2,1),(33,631,1,4,6,'40.0000',2,'0.0000',2,0),(34,632,2,4,6,'40.0000',2,'0.0000',2,0),(35,633,3,4,6,'40.0000',2,'0.0000',2,0),(36,634,4,4,6,'40.0000',2,'0.0000',2,0),(37,635,5,4,6,'40.0000',2,'0.0000',2,0),(38,636,6,4,6,'40.0000',2,'0.0000',2,0),(39,637,7,4,6,'40.0000',2,'0.0000',2,0),(40,638,8,4,6,'40.0000',2,'0.0000',2,0),(41,639,9,4,6,'40.0000',2,'0.0000',2,0),(42,640,10,4,6,'40.0000',2,'0.0000',2,0),(43,641,1,3,11,'30.0000',2,'0.0000',2,0),(44,641,1,4,12,'40.0000',2,'0.0000',2,0),(45,642,2,4,12,'40.0000',2,'0.0000',2,0),(46,643,3,4,12,'40.0000',2,'0.0000',2,0),(47,644,4,4,12,'40.0000',2,'0.0000',2,0),(48,645,5,4,12,'40.0000',2,'0.0000',2,0),(49,646,6,4,12,'40.0000',2,'0.0000',2,0),(50,647,7,4,12,'40.0000',2,'0.0000',2,0),(51,648,8,4,12,'40.0000',2,'0.0000',2,0),(52,649,9,4,12,'40.0000',2,'0.0000',2,0),(53,650,10,4,12,'40.0000',2,'0.0000',2,0),(54,1181,11,1,1,'10.0000',2,'0.0000',2,0),(55,1182,12,1,1,'10.0000',2,'0.0000',2,0),(56,1183,13,1,1,'10.0000',2,'0.0000',2,0),(57,1184,14,1,1,'10.0000',2,'0.0000',2,0),(58,1185,15,1,1,'10.0000',2,'0.0000',2,0),(59,1186,16,1,1,'10.0000',2,'0.0000',2,0),(60,1187,17,1,1,'10.0000',2,'0.0000',2,0),(61,1188,18,1,1,'10.0000',2,'0.0000',2,0),(62,1189,19,1,1,'10.0000',2,'0.0000',2,0),(63,1190,20,1,1,'10.0000',2,'0.0000',2,0),(64,1191,11,4,2,'40.0000',2,'0.0000',2,0),(65,1191,11,2,4,'20.0000',2,'0.0000',2,0),(66,1192,12,4,2,'40.0000',2,'0.0000',2,0),(67,1192,12,2,4,'20.0000',2,'0.0000',2,0),(68,1193,13,4,2,'40.0000',2,'0.0000',2,0),(69,1193,13,2,4,'20.0000',2,'0.0000',2,0),(70,1194,14,2,4,'20.0000',2,'0.0000',2,0),(71,1194,14,4,2,'40.0000',2,'0.0000',2,0),(72,1195,15,2,4,'20.0000',2,'0.0000',2,0),(73,1195,15,4,2,'40.0000',2,'0.0000',2,0),(74,1196,16,4,2,'40.0000',2,'0.0000',2,0),(75,1196,16,2,4,'20.0000',2,'0.0000',2,0),(76,1197,17,4,2,'40.0000',2,'0.0000',2,0),(77,1197,17,2,4,'20.0000',2,'0.0000',2,0),(78,1198,18,4,2,'40.0000',2,'0.0000',2,0),(79,1198,18,2,4,'20.0000',2,'0.0000',2,0),(80,1199,19,2,4,'20.0000',2,'0.0000',2,0),(81,1199,19,4,2,'40.0000',2,'0.0000',2,0),(82,1200,20,4,2,'40.0000',2,'0.0000',2,0),(83,1200,20,2,4,'20.0000',2,'0.0000',2,0),(84,1221,11,4,6,'40.0000',2,'0.0000',2,0),(85,1222,12,4,6,'40.0000',2,'0.0000',2,0),(86,1223,13,4,6,'40.0000',2,'0.0000',2,0),(87,1224,14,4,6,'40.0000',2,'0.0000',2,0),(88,1225,15,4,6,'40.0000',2,'0.0000',2,0),(89,1226,16,4,6,'40.0000',2,'0.0000',2,0),(90,1227,17,4,6,'40.0000',2,'0.0000',2,0),(91,1228,18,4,6,'40.0000',2,'0.0000',2,0),(92,1229,19,4,6,'40.0000',2,'0.0000',2,0),(93,1230,20,4,6,'40.0000',2,'0.0000',2,0),(94,1451,1,4,13,'40.0000',2,'0.0000',2,0),(95,1452,2,4,13,'40.0000',2,'0.0000',2,0),(96,1453,3,4,13,'40.0000',2,'0.0000',2,0),(97,1454,4,4,13,'40.0000',2,'0.0000',2,0),(98,1455,5,4,13,'40.0000',2,'0.0000',2,0),(99,1456,6,4,13,'40.0000',2,'0.0000',2,0),(100,1457,7,4,13,'40.0000',2,'0.0000',2,0),(101,1458,8,4,13,'40.0000',2,'0.0000',2,0),(102,1459,9,4,13,'40.0000',2,'0.0000',2,0),(103,1460,10,4,13,'40.0000',2,'0.0000',2,0),(104,1471,1,4,14,'40.0000',2,'0.0000',2,0),(105,1472,2,4,14,'40.0000',2,'0.0000',2,0),(106,1473,3,4,14,'40.0000',2,'0.0000',2,0),(107,1474,4,4,14,'40.0000',2,'0.0000',2,0),(108,1475,5,4,14,'40.0000',2,'0.0000',2,0),(109,1476,6,4,14,'40.0000',2,'0.0000',2,0),(110,1477,7,4,14,'40.0000',2,'0.0000',2,0),(111,1478,8,4,14,'40.0000',2,'0.0000',2,0),(112,1479,9,4,14,'40.0000',2,'0.0000',2,0),(113,1480,10,4,14,'40.0000',2,'0.0000',2,0),(114,1481,1,4,15,'40.0000',2,'0.0000',2,0),(115,1482,2,4,15,'40.0000',2,'0.0000',2,0),(116,1483,3,4,15,'40.0000',2,'0.0000',2,0),(117,1484,4,4,15,'40.0000',2,'0.0000',2,0),(118,1485,5,4,15,'40.0000',2,'0.0000',2,0),(119,1486,6,4,15,'40.0000',2,'0.0000',2,0),(120,1487,7,4,15,'40.0000',2,'0.0000',2,0),(121,1488,8,4,15,'40.0000',2,'0.0000',2,0),(122,1489,9,4,15,'40.0000',2,'0.0000',2,0),(123,1490,10,4,15,'40.0000',2,'0.0000',2,0),(124,1491,1,4,16,'40.0000',2,'0.0000',2,0),(125,1492,2,4,16,'40.0000',2,'0.0000',2,0),(126,1493,3,4,16,'40.0000',2,'0.0000',2,0),(127,1494,4,4,16,'40.0000',2,'0.0000',2,0),(128,1495,5,4,16,'40.0000',2,'0.0000',2,0),(129,1496,6,4,16,'40.0000',2,'0.0000',2,0),(130,1497,7,4,16,'40.0000',2,'0.0000',2,0),(131,1498,8,4,16,'40.0000',2,'0.0000',2,0),(132,1499,9,4,16,'40.0000',2,'0.0000',2,0),(133,1500,10,4,16,'40.0000',2,'0.0000',2,0);
/*!40000 ALTER TABLE `customer_fee_schedule` ENABLE KEYS */;
UNLOCK TABLES;

--
-- Table structure for table `customer_flag_detail`
--

DROP TABLE IF EXISTS `customer_flag_detail`;
/*!40101 SET @saved_cs_client     = @@character_set_client */;
/*!40101 SET character_set_client = utf8 */;
CREATE TABLE `customer_flag_detail` (
  `customer_flag_id` int(11) NOT NULL AUTO_INCREMENT,
  `customer_id` int(11) NOT NULL,
  `flag_id` smallint(6) NOT NULL,
  `created_by` smallint(6) DEFAULT NULL,
  `created_date` date DEFAULT NULL,
  `version_no` int(11) DEFAULT NULL,
  PRIMARY KEY (`customer_flag_id`),
  KEY `customer_id` (`customer_id`),
  KEY `flag_id` (`flag_id`),
  KEY `created_by` (`created_by`),
  CONSTRAINT `customer_flag_detail_ibfk_1` FOREIGN KEY (`customer_id`) REFERENCES `customer` (`customer_id`) ON DELETE NO ACTION ON UPDATE NO ACTION,
  CONSTRAINT `customer_flag_detail_ibfk_2` FOREIGN KEY (`flag_id`) REFERENCES `customer_state_flag` (`flag_id`) ON DELETE NO ACTION ON UPDATE NO ACTION,
  CONSTRAINT `customer_flag_detail_ibfk_3` FOREIGN KEY (`created_by`) REFERENCES `personnel` (`personnel_id`) ON DELETE NO ACTION ON UPDATE NO ACTION
) ENGINE=InnoDB AUTO_INCREMENT=3 DEFAULT CHARSET=utf8;
/*!40101 SET character_set_client = @saved_cs_client */;

--
-- Dumping data for table `customer_flag_detail`
--

LOCK TABLES `customer_flag_detail` WRITE;
/*!40000 ALTER TABLE `customer_flag_detail` DISABLE KEYS */;
INSERT INTO `customer_flag_detail` VALUES (1,75,5,1,'2011-01-13',NULL),(2,76,8,1,'2011-01-13',NULL);
/*!40000 ALTER TABLE `customer_flag_detail` ENABLE KEYS */;
UNLOCK TABLES;

--
-- Table structure for table `customer_hierarchy`
--

DROP TABLE IF EXISTS `customer_hierarchy`;
/*!40101 SET @saved_cs_client     = @@character_set_client */;
/*!40101 SET character_set_client = utf8 */;
CREATE TABLE `customer_hierarchy` (
  `hierarchy_id` int(11) NOT NULL AUTO_INCREMENT,
  `parent_id` int(11) NOT NULL,
  `customer_id` int(11) DEFAULT NULL,
  `status` smallint(6) DEFAULT NULL,
  `start_date` date DEFAULT NULL,
  `end_date` date DEFAULT NULL,
  `updated_by` smallint(6) DEFAULT NULL,
  `updated_date` date DEFAULT NULL,
  PRIMARY KEY (`hierarchy_id`),
  KEY `parent_id` (`parent_id`),
  KEY `updated_by` (`updated_by`),
  KEY `cust_hierarchy_idx` (`customer_id`,`status`),
  CONSTRAINT `customer_hierarchy_ibfk_1` FOREIGN KEY (`customer_id`) REFERENCES `customer` (`customer_id`) ON DELETE NO ACTION ON UPDATE NO ACTION,
  CONSTRAINT `customer_hierarchy_ibfk_2` FOREIGN KEY (`parent_id`) REFERENCES `customer` (`customer_id`) ON DELETE NO ACTION ON UPDATE NO ACTION,
  CONSTRAINT `customer_hierarchy_ibfk_3` FOREIGN KEY (`updated_by`) REFERENCES `personnel` (`personnel_id`) ON DELETE NO ACTION ON UPDATE NO ACTION
) ENGINE=InnoDB AUTO_INCREMENT=61 DEFAULT CHARSET=utf8;
/*!40101 SET character_set_client = @saved_cs_client */;

--
-- Dumping data for table `customer_hierarchy`
--

LOCK TABLES `customer_hierarchy` WRITE;
/*!40000 ALTER TABLE `customer_hierarchy` DISABLE KEYS */;
INSERT INTO `customer_hierarchy` VALUES (1,1,2,1,'2010-07-02',NULL,NULL,NULL),(2,2,3,0,'2010-07-02','2010-07-21',1,'2010-07-21'),(3,2,4,1,'2010-07-02',NULL,NULL,NULL),(4,1,5,1,'2010-07-03',NULL,NULL,NULL),(5,5,6,1,'2010-07-03',NULL,NULL,NULL),(6,5,7,1,'2010-07-03',NULL,NULL,NULL),(7,1,8,1,'2010-07-05',NULL,NULL,NULL),(8,8,9,1,'2010-07-05',NULL,NULL,NULL),(9,11,12,1,'2010-07-20',NULL,NULL,NULL),(10,12,13,1,'2010-07-20',NULL,NULL,NULL),(11,12,14,1,'2010-07-21',NULL,NULL,NULL),(12,11,15,1,'2010-07-21',NULL,NULL,NULL),(13,5,3,1,'2010-07-21',NULL,NULL,NULL),(14,2,16,0,'2010-07-21','2010-07-21',1,'2010-07-21'),(15,5,16,1,'2010-07-21',NULL,NULL,NULL),(16,2,17,0,'2010-07-21','2010-07-22',1,'2010-07-22'),(17,5,17,1,'2010-07-22',NULL,NULL,NULL),(18,2,18,0,'2010-07-22','2010-07-25',1,'2010-07-25'),(19,19,20,1,'2010-07-22',NULL,NULL,NULL),(20,19,21,1,'2010-07-22',NULL,NULL,NULL),(21,19,22,1,'2010-07-22',NULL,NULL,NULL),(22,2,23,0,'2010-07-22','2010-07-23',1,'2010-07-23'),(23,2,24,0,'2010-07-22','2010-07-24',1,'2010-07-24'),(24,20,23,1,'2010-07-23',NULL,NULL,NULL),(25,12,24,1,'2010-07-24',NULL,NULL,NULL),(26,2,18,0,'2010-07-25','2010-08-01',1,'2010-08-01'),(27,29,30,1,'2010-07-25',NULL,NULL,NULL),(28,32,33,1,'2010-07-25',NULL,NULL,NULL),(29,33,34,1,'2010-07-25',NULL,NULL,NULL),(30,25,35,1,'2010-07-29',NULL,NULL,NULL),(31,35,36,1,'2010-07-29',NULL,NULL,NULL),(32,37,38,1,'2010-07-29',NULL,NULL,NULL),(33,19,37,1,'2010-07-29',NULL,NULL,NULL),(34,39,40,1,'2010-07-29',NULL,NULL,NULL),(35,42,43,1,'2010-07-29',NULL,NULL,NULL),(36,46,47,1,'2010-07-29',NULL,NULL,NULL),(37,2,18,1,'2010-08-01',NULL,NULL,NULL),(38,49,50,1,'2010-08-01',NULL,NULL,NULL),(39,49,51,0,'2010-08-01','2010-08-03',1,'2010-08-03'),(40,5,51,1,'2010-08-03',NULL,NULL,NULL),(41,53,54,1,'2010-08-04',NULL,NULL,NULL),(42,1,52,1,'2010-08-07',NULL,NULL,NULL),(43,55,56,0,'2010-08-07','2010-08-10',1,'2010-08-10'),(44,55,57,0,'2010-08-07','2010-08-10',1,'2010-08-10'),(45,19,56,1,'2010-08-10',NULL,NULL,NULL),(46,31,57,1,'2010-08-10',NULL,NULL,NULL),(47,25,58,1,'2010-08-20',NULL,NULL,NULL),(48,58,59,1,'2010-08-20',NULL,NULL,NULL),(49,60,62,1,'2010-08-27',NULL,NULL,NULL),(50,62,63,1,'2010-08-27',NULL,NULL,NULL),(51,64,65,1,'2010-08-28',NULL,NULL,NULL),(52,67,68,1,'2010-09-03',NULL,NULL,NULL),(53,25,69,0,'2010-09-04','2010-09-04',1,'2010-09-04'),(54,11,69,1,'2010-09-04',NULL,NULL,NULL),(55,25,70,0,'2010-09-05','2010-09-05',1,'2010-09-05'),(56,11,70,1,'2010-09-05',NULL,NULL,NULL),(57,35,72,0,'2010-09-06','2010-09-06',1,'2010-09-06'),(58,35,72,1,'2010-09-06',NULL,NULL,NULL),(59,35,73,1,'2010-09-06',NULL,NULL,NULL),(60,62,76,1,'2011-01-13',NULL,NULL,NULL);
/*!40000 ALTER TABLE `customer_hierarchy` ENABLE KEYS */;
UNLOCK TABLES;

--
-- Table structure for table `customer_historical_data`
--

DROP TABLE IF EXISTS `customer_historical_data`;
/*!40101 SET @saved_cs_client     = @@character_set_client */;
/*!40101 SET character_set_client = utf8 */;
CREATE TABLE `customer_historical_data` (
  `historical_id` smallint(6) NOT NULL AUTO_INCREMENT,
  `customer_id` int(11) NOT NULL,
  `product_name` varchar(100) DEFAULT NULL,
  `loan_amount` decimal(21,4) DEFAULT NULL,
  `loan_amount_currency_id` smallint(6) DEFAULT NULL,
  `total_amount_paid` decimal(21,4) DEFAULT NULL,
  `total_amount_paid_currency_id` smallint(6) DEFAULT NULL,
  `interest_paid` decimal(21,4) DEFAULT NULL,
  `interest_paid_currency_id` smallint(6) DEFAULT NULL,
  `missed_payments_count` int(11) DEFAULT NULL,
  `total_payments_count` int(11) DEFAULT NULL,
  `notes` varchar(500) DEFAULT NULL,
  `loan_cycle_number` int(11) DEFAULT NULL,
  `created_by` smallint(6) DEFAULT NULL,
  `updated_by` smallint(6) DEFAULT NULL,
  `created_date` date DEFAULT NULL,
  `updated_date` date DEFAULT NULL,
  `version_no` int(11) DEFAULT NULL,
  PRIMARY KEY (`historical_id`),
  KEY `customer_id` (`customer_id`),
  CONSTRAINT `customer_historical_data_ibfk_1` FOREIGN KEY (`customer_id`) REFERENCES `customer` (`customer_id`) ON DELETE NO ACTION ON UPDATE NO ACTION
) ENGINE=InnoDB DEFAULT CHARSET=utf8;
/*!40101 SET character_set_client = @saved_cs_client */;

--
-- Dumping data for table `customer_historical_data`
--

LOCK TABLES `customer_historical_data` WRITE;
/*!40000 ALTER TABLE `customer_historical_data` DISABLE KEYS */;
/*!40000 ALTER TABLE `customer_historical_data` ENABLE KEYS */;
UNLOCK TABLES;

--
-- Table structure for table `customer_level`
--

DROP TABLE IF EXISTS `customer_level`;
/*!40101 SET @saved_cs_client     = @@character_set_client */;
/*!40101 SET character_set_client = utf8 */;
CREATE TABLE `customer_level` (
  `level_id` smallint(6) NOT NULL,
  `parent_level_id` smallint(6) DEFAULT NULL,
  `level_name_id` smallint(6) NOT NULL,
  `interaction_flag` smallint(6) DEFAULT NULL,
  `max_child_count` smallint(6) NOT NULL,
  `max_instance_count` smallint(6) NOT NULL,
  PRIMARY KEY (`level_id`),
  KEY `parent_level_id` (`parent_level_id`),
  KEY `level_name_id` (`level_name_id`),
  CONSTRAINT `customer_level_ibfk_1` FOREIGN KEY (`parent_level_id`) REFERENCES `customer_level` (`level_id`) ON DELETE NO ACTION ON UPDATE NO ACTION,
  CONSTRAINT `customer_level_ibfk_2` FOREIGN KEY (`level_name_id`) REFERENCES `lookup_entity` (`entity_id`) ON DELETE NO ACTION ON UPDATE NO ACTION
) ENGINE=InnoDB DEFAULT CHARSET=utf8;
/*!40101 SET character_set_client = @saved_cs_client */;

--
-- Dumping data for table `customer_level`
--

LOCK TABLES `customer_level` WRITE;
/*!40000 ALTER TABLE `customer_level` DISABLE KEYS */;
INSERT INTO `customer_level` VALUES (1,2,13,NULL,1,30),(2,3,12,NULL,2,12),(3,NULL,11,NULL,4,10);
/*!40000 ALTER TABLE `customer_level` ENABLE KEYS */;
UNLOCK TABLES;

--
-- Table structure for table `customer_loan_account_detail`
--

DROP TABLE IF EXISTS `customer_loan_account_detail`;
/*!40101 SET @saved_cs_client     = @@character_set_client */;
/*!40101 SET character_set_client = utf8 */;
CREATE TABLE `customer_loan_account_detail` (
  `account_trxn_id` int(11) NOT NULL,
  `account_id` int(11) NOT NULL,
  `currency_id` smallint(6) DEFAULT NULL,
  `installment_number` smallint(6) NOT NULL,
  `due_date` date NOT NULL,
  `principal` decimal(21,4) NOT NULL,
  `principal_currency_id` smallint(6) NOT NULL,
  `interest` decimal(21,4) NOT NULL,
  `interest_currency_id` smallint(6) NOT NULL,
  `penalty` decimal(21,4) NOT NULL,
  `penalty_currency_id` smallint(6) NOT NULL,
  KEY `account_trxn_id` (`account_trxn_id`),
  KEY `currency_id` (`currency_id`),
  KEY `principal_currency_id` (`principal_currency_id`),
  KEY `interest_currency_id` (`interest_currency_id`),
  KEY `penalty_currency_id` (`penalty_currency_id`),
  KEY `account_id` (`account_id`),
  CONSTRAINT `customer_loan_account_detail_ibfk_1` FOREIGN KEY (`account_trxn_id`) REFERENCES `account_trxn` (`account_trxn_id`) ON DELETE NO ACTION ON UPDATE NO ACTION,
  CONSTRAINT `customer_loan_account_detail_ibfk_2` FOREIGN KEY (`currency_id`) REFERENCES `currency` (`currency_id`) ON DELETE NO ACTION ON UPDATE NO ACTION,
  CONSTRAINT `customer_loan_account_detail_ibfk_3` FOREIGN KEY (`principal_currency_id`) REFERENCES `currency` (`currency_id`) ON DELETE NO ACTION ON UPDATE NO ACTION,
  CONSTRAINT `customer_loan_account_detail_ibfk_4` FOREIGN KEY (`interest_currency_id`) REFERENCES `currency` (`currency_id`) ON DELETE NO ACTION ON UPDATE NO ACTION,
  CONSTRAINT `customer_loan_account_detail_ibfk_5` FOREIGN KEY (`penalty_currency_id`) REFERENCES `currency` (`currency_id`) ON DELETE NO ACTION ON UPDATE NO ACTION,
  CONSTRAINT `customer_loan_account_detail_ibfk_6` FOREIGN KEY (`account_id`) REFERENCES `loan_account` (`account_id`) ON DELETE NO ACTION ON UPDATE NO ACTION
) ENGINE=InnoDB DEFAULT CHARSET=utf8;
/*!40101 SET character_set_client = @saved_cs_client */;

--
-- Dumping data for table `customer_loan_account_detail`
--

LOCK TABLES `customer_loan_account_detail` WRITE;
/*!40000 ALTER TABLE `customer_loan_account_detail` DISABLE KEYS */;
/*!40000 ALTER TABLE `customer_loan_account_detail` ENABLE KEYS */;
UNLOCK TABLES;

--
-- Table structure for table `customer_meeting`
--

DROP TABLE IF EXISTS `customer_meeting`;
/*!40101 SET @saved_cs_client     = @@character_set_client */;
/*!40101 SET character_set_client = utf8 */;
CREATE TABLE `customer_meeting` (
  `customer_meeting_id` int(11) NOT NULL AUTO_INCREMENT,
  `meeting_id` int(11) NOT NULL,
  `customer_id` int(11) NOT NULL,
  PRIMARY KEY (`customer_meeting_id`),
  KEY `meeting_id` (`meeting_id`),
  KEY `customer_meeting_idx` (`customer_id`),
  CONSTRAINT `customer_meeting_ibfk_1` FOREIGN KEY (`customer_id`) REFERENCES `customer` (`customer_id`) ON DELETE NO ACTION ON UPDATE NO ACTION,
  CONSTRAINT `customer_meeting_ibfk_2` FOREIGN KEY (`meeting_id`) REFERENCES `meeting` (`meeting_id`) ON DELETE NO ACTION ON UPDATE NO ACTION
) ENGINE=InnoDB AUTO_INCREMENT=76 DEFAULT CHARSET=utf8;
/*!40101 SET character_set_client = @saved_cs_client */;

--
-- Dumping data for table `customer_meeting`
--

LOCK TABLES `customer_meeting` WRITE;
/*!40000 ALTER TABLE `customer_meeting` DISABLE KEYS */;
INSERT INTO `customer_meeting` VALUES (1,1,1),(2,1,2),(3,1,3),(4,1,4),(5,1,5),(6,1,6),(7,1,7),(8,1,8),(9,1,9),(10,20,10),(11,23,11),(12,23,12),(13,23,13),(14,23,14),(15,23,15),(16,1,16),(17,1,17),(18,1,18),(19,30,19),(20,30,20),(21,30,21),(22,30,22),(23,30,23),(24,23,24),(25,34,25),(26,35,26),(27,36,27),(28,37,28),(29,40,29),(30,40,30),(31,50,31),(32,52,32),(33,52,33),(34,52,34),(35,34,35),(36,34,36),(37,56,37),(38,56,38),(39,57,39),(40,57,40),(41,58,42),(42,58,43),(43,61,44),(44,63,45),(45,65,46),(46,65,47),(47,68,48),(48,70,49),(49,70,50),(50,1,51),(51,73,52),(52,75,53),(53,75,54),(54,76,55),(55,76,56),(56,76,57),(57,34,58),(58,34,59),(59,80,60),(60,81,61),(61,80,62),(62,80,63),(63,85,64),(64,85,65),(65,88,66),(66,89,67),(67,89,68),(68,23,69),(69,23,70),(70,90,71),(71,34,72),(72,34,73),(73,92,74),(74,93,75),(75,80,76);
/*!40000 ALTER TABLE `customer_meeting` ENABLE KEYS */;
UNLOCK TABLES;

--
-- Table structure for table `customer_meeting_detail`
--

DROP TABLE IF EXISTS `customer_meeting_detail`;
/*!40101 SET @saved_cs_client     = @@character_set_client */;
/*!40101 SET character_set_client = utf8 */;
CREATE TABLE `customer_meeting_detail` (
  `meeting_id` int(11) NOT NULL,
  `details_id` int(11) NOT NULL,
  PRIMARY KEY (`meeting_id`,`details_id`),
  KEY `details_id` (`details_id`),
  CONSTRAINT `customer_meeting_detail_ibfk_1` FOREIGN KEY (`meeting_id`) REFERENCES `customer_meeting` (`customer_meeting_id`) ON DELETE NO ACTION ON UPDATE NO ACTION,
  CONSTRAINT `customer_meeting_detail_ibfk_2` FOREIGN KEY (`details_id`) REFERENCES `recurrence_detail` (`details_id`) ON DELETE NO ACTION ON UPDATE NO ACTION
) ENGINE=InnoDB DEFAULT CHARSET=utf8;
/*!40101 SET character_set_client = @saved_cs_client */;

--
-- Dumping data for table `customer_meeting_detail`
--

LOCK TABLES `customer_meeting_detail` WRITE;
/*!40000 ALTER TABLE `customer_meeting_detail` DISABLE KEYS */;
/*!40000 ALTER TABLE `customer_meeting_detail` ENABLE KEYS */;
UNLOCK TABLES;

--
-- Table structure for table `customer_movement`
--

DROP TABLE IF EXISTS `customer_movement`;
/*!40101 SET @saved_cs_client     = @@character_set_client */;
/*!40101 SET character_set_client = utf8 */;
CREATE TABLE `customer_movement` (
  `customer_movement_id` int(11) NOT NULL AUTO_INCREMENT,
  `customer_id` int(11) DEFAULT NULL,
  `personnel_id` smallint(6) DEFAULT NULL,
  `office_id` smallint(6) NOT NULL,
  `status` smallint(6) DEFAULT NULL,
  `start_date` date DEFAULT NULL,
  `end_date` date DEFAULT NULL,
  `updated_by` smallint(6) DEFAULT NULL,
  `updated_date` date DEFAULT NULL,
  PRIMARY KEY (`customer_movement_id`),
  KEY `office_id` (`office_id`),
  KEY `personnel_id` (`personnel_id`),
  KEY `updated_by` (`updated_by`),
  KEY `cust_movement_idx` (`customer_id`,`status`),
  CONSTRAINT `customer_movement_ibfk_1` FOREIGN KEY (`customer_id`) REFERENCES `customer` (`customer_id`) ON DELETE NO ACTION ON UPDATE NO ACTION,
  CONSTRAINT `customer_movement_ibfk_2` FOREIGN KEY (`office_id`) REFERENCES `office` (`office_id`) ON DELETE NO ACTION ON UPDATE NO ACTION,
  CONSTRAINT `customer_movement_ibfk_3` FOREIGN KEY (`personnel_id`) REFERENCES `personnel` (`personnel_id`) ON DELETE NO ACTION ON UPDATE NO ACTION,
  CONSTRAINT `customer_movement_ibfk_4` FOREIGN KEY (`updated_by`) REFERENCES `personnel` (`personnel_id`) ON DELETE NO ACTION ON UPDATE NO ACTION
) ENGINE=InnoDB AUTO_INCREMENT=30 DEFAULT CHARSET=utf8;
/*!40101 SET character_set_client = @saved_cs_client */;

--
-- Dumping data for table `customer_movement`
--

LOCK TABLES `customer_movement` WRITE;
/*!40000 ALTER TABLE `customer_movement` DISABLE KEYS */;
INSERT INTO `customer_movement` VALUES (1,24,NULL,3,0,'2010-07-22','2010-07-24',1,'2010-07-24'),(2,24,NULL,4,1,'2010-07-24',NULL,NULL,NULL),(3,18,NULL,4,0,'2010-07-25','2010-07-25',1,'2010-07-25'),(4,18,NULL,3,0,'2010-07-22','2010-07-25',1,'2010-07-25'),(5,18,NULL,3,1,'2010-07-25',NULL,NULL,NULL),(6,39,NULL,4,1,'2010-07-29',NULL,NULL,NULL),(7,39,NULL,3,0,'2010-07-29','2010-07-29',1,'2010-07-29'),(8,40,NULL,4,1,'2010-07-29',NULL,NULL,NULL),(9,40,NULL,3,0,'2010-07-29','2010-07-29',1,'2010-07-29'),(10,45,NULL,3,0,'2010-07-29','2010-07-31',1,'2010-07-31'),(11,45,NULL,4,1,'2010-07-31',NULL,NULL,NULL),(12,46,NULL,4,1,'2010-07-31',NULL,NULL,NULL),(13,46,NULL,3,0,'2010-07-29','2010-07-31',1,'2010-07-31'),(14,47,NULL,4,1,'2010-07-31',NULL,NULL,NULL),(15,47,NULL,3,0,'2010-07-29','2010-07-31',1,'2010-07-31'),(16,57,NULL,3,0,'2010-08-07','2010-08-10',1,'2010-08-10'),(17,57,NULL,4,1,'2010-08-10',NULL,NULL,NULL),(18,66,NULL,3,0,'2010-09-02','2010-09-02',1,'2010-09-02'),(19,66,NULL,4,1,'2010-09-02',NULL,NULL,NULL),(20,67,NULL,4,1,'2010-09-03',NULL,NULL,NULL),(21,67,NULL,3,0,'2010-09-03','2010-09-03',1,'2010-09-03'),(22,68,NULL,4,1,'2010-09-03',NULL,NULL,NULL),(23,68,NULL,3,0,'2010-09-03','2010-09-03',1,'2010-09-03'),(24,69,NULL,3,0,'2010-09-04','2010-09-04',1,'2010-09-04'),(25,69,NULL,4,1,'2010-09-04',NULL,NULL,NULL),(26,70,NULL,3,0,'2010-09-05','2010-09-05',1,'2010-09-05'),(27,70,NULL,4,1,'2010-09-05',NULL,NULL,NULL),(28,71,NULL,3,0,'2010-09-05','2010-09-05',1,'2010-09-05'),(29,71,NULL,4,1,'2010-09-05',NULL,NULL,NULL);
/*!40000 ALTER TABLE `customer_movement` ENABLE KEYS */;
UNLOCK TABLES;

--
-- Table structure for table `customer_name_detail`
--

DROP TABLE IF EXISTS `customer_name_detail`;
/*!40101 SET @saved_cs_client     = @@character_set_client */;
/*!40101 SET character_set_client = utf8 */;
CREATE TABLE `customer_name_detail` (
  `customer_name_id` int(11) NOT NULL AUTO_INCREMENT,
  `customer_id` int(11) DEFAULT NULL,
  `name_type` smallint(6) DEFAULT NULL,
  `locale_id` smallint(6) DEFAULT NULL,
  `salutation` int(11) DEFAULT NULL,
  `first_name` varchar(100) NOT NULL,
  `middle_name` varchar(100) DEFAULT NULL,
  `last_name` varchar(100) NOT NULL,
  `second_last_name` varchar(100) DEFAULT NULL,
  `second_middle_name` varchar(100) DEFAULT NULL,
  `display_name` varchar(200) DEFAULT NULL,
  PRIMARY KEY (`customer_name_id`),
  KEY `salutation` (`salutation`),
  KEY `locale_id` (`locale_id`),
  KEY `cust_name_idx` (`customer_id`),
  CONSTRAINT `customer_name_detail_ibfk_1` FOREIGN KEY (`customer_id`) REFERENCES `customer` (`customer_id`) ON DELETE NO ACTION ON UPDATE NO ACTION,
  CONSTRAINT `customer_name_detail_ibfk_2` FOREIGN KEY (`salutation`) REFERENCES `lookup_value` (`lookup_id`) ON DELETE NO ACTION ON UPDATE NO ACTION,
  CONSTRAINT `customer_name_detail_ibfk_3` FOREIGN KEY (`locale_id`) REFERENCES `supported_locale` (`locale_id`) ON DELETE NO ACTION ON UPDATE NO ACTION
) ENGINE=InnoDB AUTO_INCREMENT=69 DEFAULT CHARSET=utf8;
/*!40101 SET character_set_client = @saved_cs_client */;

--
-- Dumping data for table `customer_name_detail`
--

LOCK TABLES `customer_name_detail` WRITE;
/*!40000 ALTER TABLE `customer_name_detail` DISABLE KEYS */;
INSERT INTO `customer_name_detail` VALUES (1,3,3,NULL,630,'client dw1 1 1','','zeppelin','',NULL,'client dw1 1 1 zeppelin'),(2,3,1,NULL,NULL,'d','','d','',NULL,'d d'),(3,4,1,NULL,NULL,'d','','d','',NULL,'d d'),(4,4,3,NULL,630,'client dw1 1 2','','another','',NULL,'client dw1 1 2 another'),(5,6,3,NULL,631,'client dw1 2 1','','xxx','',NULL,'client dw1 2 1 xxx'),(6,6,1,NULL,NULL,'d','','d','',NULL,'d d'),(7,7,3,NULL,630,'client dw1 2 2','','xxx','',NULL,'client dw1 2 2 xxx'),(8,7,1,NULL,NULL,'d','','d','',NULL,'d d'),(9,9,1,NULL,NULL,'d','','d','',NULL,'d d'),(10,9,3,NULL,631,'client dw1 3 1','','xxx','',NULL,'client dw1 3 1 xxx'),(11,10,1,NULL,NULL,'s','','s','',NULL,'s s'),(12,10,3,NULL,630,'br1 no group memb 1','','xxx','',NULL,'br1 no group memb 1 xxx'),(13,13,3,NULL,631,'br2 client 1','','xxx','',NULL,'br2 client 1 xxx'),(14,13,1,NULL,NULL,'d','','d','',NULL,'d d'),(15,14,3,NULL,631,'br2 client 2','','xxx','',NULL,'br2 client 2 xxx'),(16,14,1,NULL,NULL,'d','','d','',NULL,'d d'),(17,16,3,NULL,631,'xfer to gr in center (if on same day)','','xxx','',NULL,'xfer to gr in center (if on same day) xxx'),(18,16,1,NULL,NULL,'d','','d','',NULL,'d d'),(19,17,3,NULL,631,'xfer to gr in center','','xxx','',NULL,'xfer to gr in center xxx'),(20,17,1,NULL,NULL,'d','','d','',NULL,'d d'),(21,18,1,NULL,NULL,'d','','d','',NULL,'d d'),(22,18,3,NULL,631,'lose group membership','','xxx','',NULL,'lose group membership xxx'),(23,23,1,NULL,NULL,'d','','d','',NULL,'d d'),(24,23,3,NULL,631,'xfer to gr in same branch','','xxx','',NULL,'xfer to gr in same branch xxx'),(25,24,1,NULL,NULL,'d','','d','',NULL,'d d'),(26,24,3,NULL,630,'xfer to gr in different branch','','xxx','',NULL,'xfer to gr in different branch xxx'),(27,28,1,NULL,NULL,'d','','d','',NULL,'d d'),(28,28,3,NULL,630,'client w/o group mem','','xxx','',NULL,'client w/o group mem xxx'),(29,30,1,NULL,NULL,'d','','d','',NULL,'d d'),(30,30,3,NULL,630,'client of group w/o center','','xxx','',NULL,'client of group w/o center xxx'),(31,34,1,NULL,NULL,'d','','d','',NULL,'d d'),(32,34,3,NULL,631,'client for center LO change','','xxx','',NULL,'client for center LO change xxx'),(33,36,3,NULL,631,'client group move out of center?','','xxx','',NULL,'client group move out of center? xxx'),(34,36,1,NULL,NULL,'d','','d','',NULL,'d d'),(35,38,3,NULL,630,'client group standalone','','xxx','',NULL,'client group standalone xxx'),(36,38,1,NULL,NULL,'d','','d','',NULL,'d d'),(37,40,1,NULL,NULL,'d','','d','',NULL,'d d'),(38,40,3,NULL,631,'client xfer to another branch','','xxx','',NULL,'client xfer to another branch xxx'),(39,43,3,NULL,631,'client for group w/o center hier LO change ','','xxx','',NULL,'client for group w/o center hier LO change xxx'),(40,43,1,NULL,NULL,'s','','s','',NULL,'s s'),(41,44,1,NULL,NULL,'a','','a','',NULL,'a a'),(42,44,3,NULL,631,'client w/o grp memb hier LO change ','','xxx','',NULL,'client w/o grp memb hier LO change xxx'),(43,45,1,NULL,NULL,'d','','d','',NULL,'d d'),(44,45,3,NULL,631,'client w/o gr memb xfer to branch','','xxx','',NULL,'client w/o gr memb xfer to branch xxx'),(45,47,1,NULL,NULL,'d','','d','',NULL,'d d'),(46,47,3,NULL,631,'client of group w/o center hier xfer branch ','','xxx','',NULL,'client of group w/o center hier xfer branch xxx'),(47,50,3,NULL,630,'client remove group membership','','xxx','',NULL,'client remove group membership xxx'),(48,50,1,NULL,NULL,'a','','a','',NULL,'a a'),(49,51,3,NULL,631,'client add back to group hierarchy after','','xxx','',NULL,'client add back to group hierarchy after xxx'),(50,51,1,NULL,NULL,'d','','d','',NULL,'d d'),(51,54,3,NULL,631,'remove group membership','','xxx','',NULL,'remove group membership xxx'),(52,54,1,NULL,NULL,'d','','d','',NULL,'d d'),(53,59,3,NULL,631,'client redo loans','','xxx','',NULL,'client redo loans xxx'),(54,59,1,NULL,NULL,'d','','d','',NULL,'d d'),(55,63,3,NULL,631,'client charge anyone','','xxx','',NULL,'client charge anyone xxx'),(56,63,1,NULL,NULL,'dff','','dfdf','',NULL,'dff dfdf'),(57,68,1,NULL,NULL,'d','','d','',NULL,'d d'),(58,68,3,NULL,630,'another','','asdf','asdf',NULL,'another asdf asdf'),(59,72,1,NULL,NULL,'f','','f','',NULL,'f f'),(60,72,3,NULL,631,'another add client to group then remove group membership test','x','x','',NULL,'another add client to group then remove group membership test x x'),(61,73,1,NULL,NULL,'f','','f','',NULL,'f f'),(62,73,3,NULL,631,'client on its own','','d','',NULL,'client on its own d'),(63,74,1,NULL,NULL,'s','','s','',NULL,'s s'),(64,74,3,NULL,631,'client on own and left on own','','x','',NULL,'client on own and left on own x'),(65,75,3,NULL,630,'Will be deleted','','Very soon','',NULL,'Will be deleted Very soon'),(66,75,1,NULL,NULL,'She\'ll also be deleted','','Very soon','',NULL,'She\'ll also be deleted Very soon'),(67,76,2,NULL,NULL,'He\'ll also be deleted','','Very2 soon','',NULL,'He\'ll also be deleted Very2 soon'),(68,76,3,NULL,631,'She2\'ll also be deleted','','Very2 soon','',NULL,'She2\'ll also be deleted Very2 soon');
/*!40000 ALTER TABLE `customer_name_detail` ENABLE KEYS */;
UNLOCK TABLES;

--
-- Table structure for table `customer_note`
--

DROP TABLE IF EXISTS `customer_note`;
/*!40101 SET @saved_cs_client     = @@character_set_client */;
/*!40101 SET character_set_client = utf8 */;
CREATE TABLE `customer_note` (
  `comment_id` int(11) NOT NULL AUTO_INCREMENT,
  `customer_id` int(11) NOT NULL,
  `field_officer_id` smallint(6) NOT NULL,
  `comment_date` date NOT NULL,
  `comment` varchar(500) NOT NULL,
  PRIMARY KEY (`comment_id`),
  KEY `field_officer_id` (`field_officer_id`),
  KEY `cust_note_idx` (`customer_id`),
  CONSTRAINT `customer_note_ibfk_1` FOREIGN KEY (`customer_id`) REFERENCES `customer` (`customer_id`) ON DELETE NO ACTION ON UPDATE NO ACTION,
  CONSTRAINT `customer_note_ibfk_2` FOREIGN KEY (`field_officer_id`) REFERENCES `personnel` (`personnel_id`) ON DELETE NO ACTION ON UPDATE NO ACTION
) ENGINE=InnoDB AUTO_INCREMENT=72 DEFAULT CHARSET=utf8;
/*!40101 SET character_set_client = @saved_cs_client */;

--
-- Dumping data for table `customer_note`
--

LOCK TABLES `customer_note` WRITE;
/*!40000 ALTER TABLE `customer_note` DISABLE KEYS */;
INSERT INTO `customer_note` VALUES (1,2,1,'2010-07-02','asf'),(2,3,1,'2010-07-02','dfdf'),(3,4,1,'2010-07-02','a'),(4,5,1,'2010-07-03','sdf'),(5,6,1,'2010-07-03','fdfd'),(6,7,1,'2010-07-03','as'),(7,8,1,'2010-07-05','ff'),(8,9,1,'2010-07-05','adsf'),(9,10,1,'2010-07-18','h'),(10,12,1,'2010-07-20','f'),(11,13,1,'2010-07-20','f'),(12,14,1,'2010-07-21','d'),(13,15,1,'2010-07-21','asf'),(14,16,1,'2010-07-21','dfdf'),(15,17,1,'2010-07-21','d'),(16,18,1,'2010-07-22','dfdff'),(17,20,1,'2010-07-22','asdf'),(18,21,1,'2010-07-22','asdf'),(19,22,1,'2010-07-22','asf'),(20,23,1,'2010-07-22','asdf'),(21,24,1,'2010-07-22','sdfdf'),(22,18,1,'2010-07-25',''),(23,18,1,'2010-07-25','df'),(24,26,1,'2010-07-25','dfdf'),(25,27,1,'2010-07-25',' d'),(26,28,1,'2010-07-25','dd'),(27,29,1,'2010-07-25','asdf'),(28,30,1,'2010-07-25','d'),(29,33,1,'2010-07-25','f'),(30,34,1,'2010-07-25','f'),(31,35,1,'2010-07-29','asdf'),(32,36,1,'2010-07-29','asf'),(33,37,1,'2010-07-29','fdfd'),(34,38,1,'2010-07-29','dfd'),(35,39,1,'2010-07-29','ff'),(36,40,1,'2010-07-29','df'),(37,42,1,'2010-07-29','fgfgfg'),(38,43,1,'2010-07-29','asf'),(39,44,1,'2010-07-29','qq'),(40,45,1,'2010-07-29','asdf'),(41,46,1,'2010-07-29','asdf'),(42,47,1,'2010-07-29','asf'),(43,48,1,'2010-07-31','sdf'),(44,18,1,'2010-08-01','sdfdfdf'),(45,49,1,'2010-08-01','a'),(46,50,1,'2010-08-01','asdf'),(47,51,1,'2010-08-01','f'),(48,51,1,'2010-08-01','dddd'),(49,52,1,'2010-08-01','asdf'),(50,50,1,'2010-08-04','d'),(51,53,1,'2010-08-04','asdf'),(52,54,1,'2010-08-04','d'),(53,54,1,'2010-08-06','dddd'),(54,56,1,'2010-08-07','fdf'),(55,57,1,'2010-08-07','asf'),(56,58,1,'2010-08-20','asf'),(57,59,1,'2010-08-20','dd'),(58,62,1,'2010-08-27','ff'),(59,63,1,'2010-08-27','kjkj'),(60,65,1,'2010-08-28','zxcv'),(61,66,1,'2010-09-02','sdf'),(62,67,1,'2010-09-03','asdf'),(63,68,1,'2010-09-03','df'),(64,69,1,'2010-09-04','asf'),(65,70,1,'2010-09-05','asdff'),(66,71,1,'2010-09-05','asdf'),(67,72,1,'2010-09-06','asdf'),(68,72,1,'2010-09-06','df'),(69,75,1,'2011-01-13','cancelled before approval'),(70,76,1,'2011-01-13','activated'),(71,76,1,'2011-01-13','closed after approval, then blacklisted');
/*!40000 ALTER TABLE `customer_note` ENABLE KEYS */;
UNLOCK TABLES;

--
-- Table structure for table `customer_picture`
--

DROP TABLE IF EXISTS `customer_picture`;
/*!40101 SET @saved_cs_client     = @@character_set_client */;
/*!40101 SET character_set_client = utf8 */;
CREATE TABLE `customer_picture` (
  `picture_id` int(11) NOT NULL AUTO_INCREMENT,
  `customer_id` int(11) NOT NULL,
  `picture` blob,
  PRIMARY KEY (`picture_id`),
  KEY `customer_id` (`customer_id`),
  CONSTRAINT `customer_picture_ibfk_1` FOREIGN KEY (`customer_id`) REFERENCES `customer` (`customer_id`) ON DELETE NO ACTION ON UPDATE NO ACTION
) ENGINE=InnoDB AUTO_INCREMENT=35 DEFAULT CHARSET=utf8;
/*!40101 SET character_set_client = @saved_cs_client */;

--
-- Dumping data for table `customer_picture`
--

LOCK TABLES `customer_picture` WRITE;
/*!40000 ALTER TABLE `customer_picture` DISABLE KEYS */;
INSERT INTO `customer_picture` VALUES (1,3,NULL),(2,4,NULL),(3,6,NULL),(4,7,NULL),(5,9,NULL),(6,10,NULL),(7,13,NULL),(8,14,NULL),(9,16,NULL),(10,17,NULL),(11,18,NULL),(12,23,NULL),(13,24,NULL),(14,28,NULL),(15,30,NULL),(16,34,NULL),(17,36,NULL),(18,38,NULL),(19,40,NULL),(20,43,NULL),(21,44,NULL),(22,45,NULL),(23,47,NULL),(24,50,NULL),(25,51,NULL),(26,54,NULL),(27,59,NULL),(28,63,NULL),(29,68,NULL),(30,72,NULL),(31,73,NULL),(32,74,NULL),(33,75,NULL),(34,76,NULL);
/*!40000 ALTER TABLE `customer_picture` ENABLE KEYS */;
UNLOCK TABLES;

--
-- Table structure for table `customer_position`
--

DROP TABLE IF EXISTS `customer_position`;
/*!40101 SET @saved_cs_client     = @@character_set_client */;
/*!40101 SET character_set_client = utf8 */;
CREATE TABLE `customer_position` (
  `customer_position_id` int(11) NOT NULL AUTO_INCREMENT,
  `position_id` int(11) NOT NULL,
  `customer_id` int(11) DEFAULT NULL,
  `parent_customer_id` int(11) DEFAULT NULL,
  `version_no` int(11) DEFAULT NULL,
  PRIMARY KEY (`customer_position_id`),
  UNIQUE KEY `cust_position_idx` (`customer_id`,`position_id`),
  KEY `parent_customer_id` (`parent_customer_id`),
  CONSTRAINT `customer_position_ibfk_1` FOREIGN KEY (`customer_id`) REFERENCES `customer` (`customer_id`) ON DELETE NO ACTION ON UPDATE NO ACTION,
  CONSTRAINT `customer_position_ibfk_2` FOREIGN KEY (`parent_customer_id`) REFERENCES `customer` (`customer_id`) ON DELETE NO ACTION ON UPDATE NO ACTION
) ENGINE=InnoDB AUTO_INCREMENT=13 DEFAULT CHARSET=utf8;
/*!40101 SET character_set_client = @saved_cs_client */;

--
-- Dumping data for table `customer_position`
--

LOCK TABLES `customer_position` WRITE;
/*!40000 ALTER TABLE `customer_position` DISABLE KEYS */;
INSERT INTO `customer_position` VALUES (1,4,NULL,32,NULL),(2,2,NULL,32,NULL),(3,1,NULL,32,NULL),(4,3,NULL,32,NULL),(5,4,NULL,22,NULL),(6,3,NULL,22,NULL),(7,4,NULL,42,NULL),(8,3,NULL,42,NULL),(9,3,NULL,56,NULL),(10,1,NULL,56,NULL),(11,4,NULL,56,NULL),(12,2,NULL,56,NULL);
/*!40000 ALTER TABLE `customer_position` ENABLE KEYS */;
UNLOCK TABLES;

--
-- Table structure for table `customer_program`
--

DROP TABLE IF EXISTS `customer_program`;
/*!40101 SET @saved_cs_client     = @@character_set_client */;
/*!40101 SET character_set_client = utf8 */;
CREATE TABLE `customer_program` (
  `program_id` int(11) NOT NULL,
  `customer_id` int(11) NOT NULL,
  `version_no` int(11) NOT NULL,
  PRIMARY KEY (`program_id`,`customer_id`),
  KEY `customer_id` (`customer_id`),
  CONSTRAINT `customer_program_ibfk_1` FOREIGN KEY (`customer_id`) REFERENCES `customer` (`customer_id`) ON DELETE NO ACTION ON UPDATE NO ACTION,
  CONSTRAINT `customer_program_ibfk_2` FOREIGN KEY (`program_id`) REFERENCES `program` (`program_id`) ON DELETE NO ACTION ON UPDATE NO ACTION
) ENGINE=InnoDB DEFAULT CHARSET=utf8;
/*!40101 SET character_set_client = @saved_cs_client */;

--
-- Dumping data for table `customer_program`
--

LOCK TABLES `customer_program` WRITE;
/*!40000 ALTER TABLE `customer_program` DISABLE KEYS */;
/*!40000 ALTER TABLE `customer_program` ENABLE KEYS */;
UNLOCK TABLES;

--
-- Table structure for table `customer_schedule`
--

DROP TABLE IF EXISTS `customer_schedule`;
/*!40101 SET @saved_cs_client     = @@character_set_client */;
/*!40101 SET character_set_client = utf8 */;
CREATE TABLE `customer_schedule` (
  `id` int(11) NOT NULL AUTO_INCREMENT,
  `account_id` int(11) NOT NULL,
  `customer_id` int(11) NOT NULL,
  `currency_id` smallint(6) DEFAULT NULL,
  `action_date` date DEFAULT NULL,
  `misc_fees` decimal(21,4) DEFAULT NULL,
  `misc_fees_currency_id` smallint(6) DEFAULT NULL,
  `misc_fees_paid` decimal(21,4) DEFAULT NULL,
  `misc_fees_paid_currency_id` smallint(6) DEFAULT NULL,
  `misc_penalty` decimal(21,4) DEFAULT NULL,
  `misc_penalty_currency_id` smallint(6) DEFAULT NULL,
  `misc_penalty_paid` decimal(21,4) DEFAULT NULL,
  `misc_penalty_paid_currency_id` smallint(6) DEFAULT NULL,
  `payment_status` smallint(6) NOT NULL,
  `installment_id` smallint(6) NOT NULL,
  `payment_date` date DEFAULT NULL,
  `parent_flag` smallint(6) DEFAULT NULL,
  `version_no` int(11) NOT NULL,
  PRIMARY KEY (`id`),
  KEY `account_id` (`account_id`),
  KEY `currency_id` (`currency_id`),
  KEY `customer_schedule_action_date_idx` (`customer_id`,`action_date`,`payment_status`),
  CONSTRAINT `customer_schedule_ibfk_1` FOREIGN KEY (`account_id`) REFERENCES `account` (`account_id`) ON DELETE NO ACTION ON UPDATE NO ACTION,
  CONSTRAINT `customer_schedule_ibfk_2` FOREIGN KEY (`currency_id`) REFERENCES `currency` (`currency_id`) ON DELETE NO ACTION ON UPDATE NO ACTION,
  CONSTRAINT `customer_schedule_ibfk_3` FOREIGN KEY (`customer_id`) REFERENCES `customer` (`customer_id`) ON DELETE NO ACTION ON UPDATE NO ACTION
) ENGINE=InnoDB AUTO_INCREMENT=1521 DEFAULT CHARSET=utf8;
/*!40101 SET character_set_client = @saved_cs_client */;

--
-- Dumping data for table `customer_schedule`
--

LOCK TABLES `customer_schedule` WRITE;
/*!40000 ALTER TABLE `customer_schedule` DISABLE KEYS */;
INSERT INTO `customer_schedule` VALUES (1,1,1,NULL,'2010-07-01','0.0000',2,'0.0000',2,'0.0000',2,'0.0000',2,0,1,NULL,NULL,0),(2,1,1,NULL,'2010-07-08','0.0000',2,'0.0000',2,'0.0000',2,'0.0000',2,0,2,NULL,NULL,0),(3,1,1,NULL,'2010-07-15','0.0000',2,'0.0000',2,'0.0000',2,'0.0000',2,0,3,NULL,NULL,0),(4,1,1,NULL,'2010-07-22','0.0000',2,'0.0000',2,'0.0000',2,'0.0000',2,0,4,NULL,NULL,0),(5,1,1,NULL,'2010-07-29','0.0000',2,'0.0000',2,'0.0000',2,'0.0000',2,0,5,NULL,NULL,0),(6,1,1,NULL,'2010-08-05','0.0000',2,'0.0000',2,'0.0000',2,'0.0000',2,0,6,NULL,NULL,0),(7,1,1,NULL,'2010-08-12','0.0000',2,'0.0000',2,'0.0000',2,'0.0000',2,0,7,NULL,NULL,0),(8,1,1,NULL,'2010-08-19','0.0000',2,'0.0000',2,'0.0000',2,'0.0000',2,0,8,NULL,NULL,0),(9,1,1,NULL,'2010-08-26','0.0000',2,'0.0000',2,'0.0000',2,'0.0000',2,0,9,NULL,NULL,0),(10,1,1,NULL,'2010-09-02','0.0000',2,'0.0000',2,'0.0000',2,'0.0000',2,0,10,NULL,NULL,0),(11,2,2,NULL,'2010-07-08','0.0000',2,'0.0000',2,'0.0000',2,'0.0000',2,0,1,NULL,NULL,0),(12,2,2,NULL,'2010-07-15','0.0000',2,'0.0000',2,'0.0000',2,'0.0000',2,0,2,NULL,NULL,0),(13,2,2,NULL,'2010-07-22','0.0000',2,'0.0000',2,'0.0000',2,'0.0000',2,0,3,NULL,NULL,0),(14,2,2,NULL,'2010-07-29','0.0000',2,'0.0000',2,'0.0000',2,'0.0000',2,0,4,NULL,NULL,0),(15,2,2,NULL,'2010-08-05','0.0000',2,'0.0000',2,'0.0000',2,'0.0000',2,0,5,NULL,NULL,0),(16,2,2,NULL,'2010-08-12','0.0000',2,'0.0000',2,'0.0000',2,'0.0000',2,0,6,NULL,NULL,0),(17,2,2,NULL,'2010-08-19','0.0000',2,'0.0000',2,'0.0000',2,'0.0000',2,0,7,NULL,NULL,0),(18,2,2,NULL,'2010-08-26','0.0000',2,'0.0000',2,'0.0000',2,'0.0000',2,0,8,NULL,NULL,0),(19,2,2,NULL,'2010-09-02','0.0000',2,'0.0000',2,'0.0000',2,'0.0000',2,0,9,NULL,NULL,0),(20,2,2,NULL,'2010-09-09','0.0000',2,'0.0000',2,'0.0000',2,'0.0000',2,0,10,NULL,NULL,0),(21,3,3,NULL,'2010-07-08','0.0000',2,'0.0000',2,'0.0000',2,'0.0000',2,0,1,NULL,NULL,0),(22,3,3,NULL,'2010-07-15','0.0000',2,'0.0000',2,'0.0000',2,'0.0000',2,0,2,NULL,NULL,0),(23,3,3,NULL,'2010-07-22','0.0000',2,'0.0000',2,'0.0000',2,'0.0000',2,0,3,NULL,NULL,0),(24,3,3,NULL,'2010-07-29','0.0000',2,'0.0000',2,'0.0000',2,'0.0000',2,0,4,NULL,NULL,0),(25,3,3,NULL,'2010-08-05','0.0000',2,'0.0000',2,'0.0000',2,'0.0000',2,0,5,NULL,NULL,0),(26,3,3,NULL,'2010-08-12','0.0000',2,'0.0000',2,'0.0000',2,'0.0000',2,0,6,NULL,NULL,0),(27,3,3,NULL,'2010-08-19','0.0000',2,'0.0000',2,'0.0000',2,'0.0000',2,0,7,NULL,NULL,0),(28,3,3,NULL,'2010-08-26','0.0000',2,'0.0000',2,'0.0000',2,'0.0000',2,0,8,NULL,NULL,0),(29,3,3,NULL,'2010-09-02','0.0000',2,'0.0000',2,'0.0000',2,'0.0000',2,0,9,NULL,NULL,0),(30,3,3,NULL,'2010-09-09','0.0000',2,'0.0000',2,'0.0000',2,'0.0000',2,0,10,NULL,NULL,0),(31,5,4,NULL,'2010-07-08','0.0000',2,'0.0000',2,'0.0000',2,'0.0000',2,0,1,NULL,NULL,0),(32,5,4,NULL,'2010-07-15','0.0000',2,'0.0000',2,'0.0000',2,'0.0000',2,0,2,NULL,NULL,0),(33,5,4,NULL,'2010-07-22','0.0000',2,'0.0000',2,'0.0000',2,'0.0000',2,0,3,NULL,NULL,0),(34,5,4,NULL,'2010-07-29','0.0000',2,'0.0000',2,'0.0000',2,'0.0000',2,0,4,NULL,NULL,0),(35,5,4,NULL,'2010-08-05','0.0000',2,'0.0000',2,'0.0000',2,'0.0000',2,0,5,NULL,NULL,0),(36,5,4,NULL,'2010-08-12','0.0000',2,'0.0000',2,'0.0000',2,'0.0000',2,0,6,NULL,NULL,0),(37,5,4,NULL,'2010-08-19','0.0000',2,'0.0000',2,'0.0000',2,'0.0000',2,0,7,NULL,NULL,0),(38,5,4,NULL,'2010-08-26','0.0000',2,'0.0000',2,'0.0000',2,'0.0000',2,0,8,NULL,NULL,0),(39,5,4,NULL,'2010-09-02','0.0000',2,'0.0000',2,'0.0000',2,'0.0000',2,0,9,NULL,NULL,0),(40,5,4,NULL,'2010-09-09','0.0000',2,'0.0000',2,'0.0000',2,'0.0000',2,0,10,NULL,NULL,0),(41,9,5,NULL,'2010-07-08','0.0000',2,'0.0000',2,'0.0000',2,'0.0000',2,0,1,NULL,NULL,0),(42,9,5,NULL,'2010-07-15','0.0000',2,'0.0000',2,'0.0000',2,'0.0000',2,0,2,NULL,NULL,0),(43,9,5,NULL,'2010-07-22','0.0000',2,'0.0000',2,'0.0000',2,'0.0000',2,0,3,NULL,NULL,0),(44,9,5,NULL,'2010-07-29','0.0000',2,'0.0000',2,'0.0000',2,'0.0000',2,0,4,NULL,NULL,0),(45,9,5,NULL,'2010-08-05','0.0000',2,'0.0000',2,'0.0000',2,'0.0000',2,0,5,NULL,NULL,0),(46,9,5,NULL,'2010-08-12','0.0000',2,'0.0000',2,'0.0000',2,'0.0000',2,0,6,NULL,NULL,0),(47,9,5,NULL,'2010-08-19','0.0000',2,'0.0000',2,'0.0000',2,'0.0000',2,0,7,NULL,NULL,0),(48,9,5,NULL,'2010-08-26','0.0000',2,'0.0000',2,'0.0000',2,'0.0000',2,0,8,NULL,NULL,0),(49,9,5,NULL,'2010-09-02','0.0000',2,'0.0000',2,'0.0000',2,'0.0000',2,0,9,NULL,NULL,0),(50,9,5,NULL,'2010-09-09','0.0000',2,'0.0000',2,'0.0000',2,'0.0000',2,0,10,NULL,NULL,0),(51,10,6,NULL,'2010-07-08','0.0000',2,'0.0000',2,'0.0000',2,'0.0000',2,0,1,NULL,NULL,0),(52,10,6,NULL,'2010-07-15','0.0000',2,'0.0000',2,'0.0000',2,'0.0000',2,0,2,NULL,NULL,0),(53,10,6,NULL,'2010-07-22','0.0000',2,'0.0000',2,'0.0000',2,'0.0000',2,0,3,NULL,NULL,0),(54,10,6,NULL,'2010-07-29','0.0000',2,'0.0000',2,'0.0000',2,'0.0000',2,0,4,NULL,NULL,0),(55,10,6,NULL,'2010-08-05','0.0000',2,'0.0000',2,'0.0000',2,'0.0000',2,0,5,NULL,NULL,0),(56,10,6,NULL,'2010-08-12','0.0000',2,'0.0000',2,'0.0000',2,'0.0000',2,0,6,NULL,NULL,0),(57,10,6,NULL,'2010-08-19','0.0000',2,'0.0000',2,'0.0000',2,'0.0000',2,0,7,NULL,NULL,0),(58,10,6,NULL,'2010-08-26','0.0000',2,'0.0000',2,'0.0000',2,'0.0000',2,0,8,NULL,NULL,0),(59,10,6,NULL,'2010-09-02','0.0000',2,'0.0000',2,'0.0000',2,'0.0000',2,0,9,NULL,NULL,0),(60,10,6,NULL,'2010-09-09','0.0000',2,'0.0000',2,'0.0000',2,'0.0000',2,0,10,NULL,NULL,0),(61,12,7,NULL,'2010-07-08','0.0000',2,'0.0000',2,'0.0000',2,'0.0000',2,0,1,NULL,NULL,0),(62,12,7,NULL,'2010-07-15','0.0000',2,'0.0000',2,'0.0000',2,'0.0000',2,0,2,NULL,NULL,0),(63,12,7,NULL,'2010-07-22','0.0000',2,'0.0000',2,'0.0000',2,'0.0000',2,0,3,NULL,NULL,0),(64,12,7,NULL,'2010-07-29','0.0000',2,'0.0000',2,'0.0000',2,'0.0000',2,0,4,NULL,NULL,0),(65,12,7,NULL,'2010-08-05','0.0000',2,'0.0000',2,'0.0000',2,'0.0000',2,0,5,NULL,NULL,0),(66,12,7,NULL,'2010-08-12','0.0000',2,'0.0000',2,'0.0000',2,'0.0000',2,0,6,NULL,NULL,0),(67,12,7,NULL,'2010-08-19','0.0000',2,'0.0000',2,'0.0000',2,'0.0000',2,0,7,NULL,NULL,0),(68,12,7,NULL,'2010-08-26','0.0000',2,'0.0000',2,'0.0000',2,'0.0000',2,0,8,NULL,NULL,0),(69,12,7,NULL,'2010-09-02','0.0000',2,'0.0000',2,'0.0000',2,'0.0000',2,0,9,NULL,NULL,0),(70,12,7,NULL,'2010-09-09','0.0000',2,'0.0000',2,'0.0000',2,'0.0000',2,0,10,NULL,NULL,0),(71,18,8,NULL,'2010-07-08','0.0000',2,'0.0000',2,'0.0000',2,'0.0000',2,0,1,NULL,NULL,0),(72,18,8,NULL,'2010-07-15','0.0000',2,'0.0000',2,'0.0000',2,'0.0000',2,0,2,NULL,NULL,0),(73,18,8,NULL,'2010-07-22','0.0000',2,'0.0000',2,'0.0000',2,'0.0000',2,0,3,NULL,NULL,0),(74,18,8,NULL,'2010-07-29','0.0000',2,'0.0000',2,'0.0000',2,'0.0000',2,0,4,NULL,NULL,0),(75,18,8,NULL,'2010-08-05','0.0000',2,'0.0000',2,'0.0000',2,'0.0000',2,0,5,NULL,NULL,0),(76,18,8,NULL,'2010-08-12','0.0000',2,'0.0000',2,'0.0000',2,'0.0000',2,0,6,NULL,NULL,0),(77,18,8,NULL,'2010-08-19','0.0000',2,'0.0000',2,'0.0000',2,'0.0000',2,0,7,NULL,NULL,0),(78,18,8,NULL,'2010-08-26','0.0000',2,'0.0000',2,'0.0000',2,'0.0000',2,0,8,NULL,NULL,0),(79,18,8,NULL,'2010-09-02','0.0000',2,'0.0000',2,'0.0000',2,'0.0000',2,0,9,NULL,NULL,0),(80,18,8,NULL,'2010-09-09','0.0000',2,'0.0000',2,'0.0000',2,'0.0000',2,0,10,NULL,NULL,0),(81,19,9,NULL,'2010-07-08','0.0000',2,'0.0000',2,'0.0000',2,'0.0000',2,0,1,NULL,NULL,0),(82,19,9,NULL,'2010-07-15','0.0000',2,'0.0000',2,'0.0000',2,'0.0000',2,0,2,NULL,NULL,0),(83,19,9,NULL,'2010-07-22','0.0000',2,'0.0000',2,'0.0000',2,'0.0000',2,0,3,NULL,NULL,0),(84,19,9,NULL,'2010-07-29','0.0000',2,'0.0000',2,'0.0000',2,'0.0000',2,0,4,NULL,NULL,0),(85,19,9,NULL,'2010-08-05','0.0000',2,'0.0000',2,'0.0000',2,'0.0000',2,0,5,NULL,NULL,0),(86,19,9,NULL,'2010-08-12','0.0000',2,'0.0000',2,'0.0000',2,'0.0000',2,0,6,NULL,NULL,0),(87,19,9,NULL,'2010-08-19','0.0000',2,'0.0000',2,'0.0000',2,'0.0000',2,0,7,NULL,NULL,0),(88,19,9,NULL,'2010-08-26','0.0000',2,'0.0000',2,'0.0000',2,'0.0000',2,0,8,NULL,NULL,0),(89,19,9,NULL,'2010-09-02','0.0000',2,'0.0000',2,'0.0000',2,'0.0000',2,0,9,NULL,NULL,0),(90,19,9,NULL,'2010-09-09','0.0000',2,'0.0000',2,'0.0000',2,'0.0000',2,0,10,NULL,NULL,0),(91,22,10,NULL,'2010-07-24','0.0000',2,'0.0000',2,'0.0000',2,'0.0000',2,0,1,NULL,NULL,0),(92,22,10,NULL,'2010-07-31','0.0000',2,'0.0000',2,'0.0000',2,'0.0000',2,0,2,NULL,NULL,0),(93,22,10,NULL,'2010-08-07','0.0000',2,'0.0000',2,'0.0000',2,'0.0000',2,0,3,NULL,NULL,0),(94,22,10,NULL,'2010-08-14','0.0000',2,'0.0000',2,'0.0000',2,'0.0000',2,0,4,NULL,NULL,0),(95,22,10,NULL,'2010-08-21','0.0000',2,'0.0000',2,'0.0000',2,'0.0000',2,0,5,NULL,NULL,0),(96,22,10,NULL,'2010-08-28','0.0000',2,'0.0000',2,'0.0000',2,'0.0000',2,0,6,NULL,NULL,0),(97,22,10,NULL,'2010-09-04','0.0000',2,'0.0000',2,'0.0000',2,'0.0000',2,0,7,NULL,NULL,0),(98,22,10,NULL,'2010-09-11','0.0000',2,'0.0000',2,'0.0000',2,'0.0000',2,0,8,NULL,NULL,0),(99,22,10,NULL,'2010-09-18','0.0000',2,'0.0000',2,'0.0000',2,'0.0000',2,0,9,NULL,NULL,0),(100,22,10,NULL,'2010-09-25','0.0000',2,'0.0000',2,'0.0000',2,'0.0000',2,0,10,NULL,NULL,0),(101,25,11,NULL,'2010-07-20','0.0000',2,'0.0000',2,'0.0000',2,'0.0000',2,0,1,NULL,NULL,0),(102,25,11,NULL,'2010-07-27','0.0000',2,'0.0000',2,'0.0000',2,'0.0000',2,0,2,NULL,NULL,0),(103,25,11,NULL,'2010-08-03','0.0000',2,'0.0000',2,'0.0000',2,'0.0000',2,0,3,NULL,NULL,0),(104,25,11,NULL,'2010-08-10','0.0000',2,'0.0000',2,'0.0000',2,'0.0000',2,0,4,NULL,NULL,0),(105,25,11,NULL,'2010-08-17','0.0000',2,'0.0000',2,'0.0000',2,'0.0000',2,0,5,NULL,NULL,0),(106,25,11,NULL,'2010-08-24','0.0000',2,'0.0000',2,'0.0000',2,'0.0000',2,0,6,NULL,NULL,0),(107,25,11,NULL,'2010-08-31','0.0000',2,'0.0000',2,'0.0000',2,'0.0000',2,0,7,NULL,NULL,0),(108,25,11,NULL,'2010-09-07','0.0000',2,'0.0000',2,'0.0000',2,'0.0000',2,0,8,NULL,NULL,0),(109,25,11,NULL,'2010-09-14','0.0000',2,'0.0000',2,'0.0000',2,'0.0000',2,0,9,NULL,NULL,0),(110,25,11,NULL,'2010-09-21','0.0000',2,'0.0000',2,'0.0000',2,'0.0000',2,0,10,NULL,NULL,0),(111,26,12,NULL,'2010-07-20','0.0000',2,'0.0000',2,'0.0000',2,'0.0000',2,0,1,NULL,NULL,0),(112,26,12,NULL,'2010-07-27','0.0000',2,'0.0000',2,'0.0000',2,'0.0000',2,0,2,NULL,NULL,0),(113,26,12,NULL,'2010-08-03','0.0000',2,'0.0000',2,'0.0000',2,'0.0000',2,0,3,NULL,NULL,0),(114,26,12,NULL,'2010-08-10','0.0000',2,'0.0000',2,'0.0000',2,'0.0000',2,0,4,NULL,NULL,0),(115,26,12,NULL,'2010-08-17','0.0000',2,'0.0000',2,'0.0000',2,'0.0000',2,0,5,NULL,NULL,0),(116,26,12,NULL,'2010-08-24','0.0000',2,'0.0000',2,'0.0000',2,'0.0000',2,0,6,NULL,NULL,0),(117,26,12,NULL,'2010-08-31','0.0000',2,'0.0000',2,'0.0000',2,'0.0000',2,0,7,NULL,NULL,0),(118,26,12,NULL,'2010-09-07','0.0000',2,'0.0000',2,'0.0000',2,'0.0000',2,0,8,NULL,NULL,0),(119,26,12,NULL,'2010-09-14','0.0000',2,'0.0000',2,'0.0000',2,'0.0000',2,0,9,NULL,NULL,0),(120,26,12,NULL,'2010-09-21','0.0000',2,'0.0000',2,'0.0000',2,'0.0000',2,0,10,NULL,NULL,0),(121,27,13,NULL,'2010-07-20','0.0000',2,'0.0000',2,'0.0000',2,'0.0000',2,0,1,NULL,NULL,0),(122,27,13,NULL,'2010-07-27','0.0000',2,'0.0000',2,'0.0000',2,'0.0000',2,0,2,NULL,NULL,0),(123,27,13,NULL,'2010-08-03','0.0000',2,'0.0000',2,'0.0000',2,'0.0000',2,0,3,NULL,NULL,0),(124,27,13,NULL,'2010-08-10','0.0000',2,'0.0000',2,'0.0000',2,'0.0000',2,0,4,NULL,NULL,0),(125,27,13,NULL,'2010-08-17','0.0000',2,'0.0000',2,'0.0000',2,'0.0000',2,0,5,NULL,NULL,0),(126,27,13,NULL,'2010-08-24','0.0000',2,'0.0000',2,'0.0000',2,'0.0000',2,0,6,NULL,NULL,0),(127,27,13,NULL,'2010-08-31','0.0000',2,'0.0000',2,'0.0000',2,'0.0000',2,0,7,NULL,NULL,0),(128,27,13,NULL,'2010-09-07','0.0000',2,'0.0000',2,'0.0000',2,'0.0000',2,0,8,NULL,NULL,0),(129,27,13,NULL,'2010-09-14','0.0000',2,'0.0000',2,'0.0000',2,'0.0000',2,0,9,NULL,NULL,0),(130,27,13,NULL,'2010-09-21','0.0000',2,'0.0000',2,'0.0000',2,'0.0000',2,0,10,NULL,NULL,0),(131,28,14,NULL,'2010-07-27','0.0000',2,'0.0000',2,'0.0000',2,'0.0000',2,0,1,NULL,NULL,0),(132,28,14,NULL,'2010-08-03','0.0000',2,'0.0000',2,'0.0000',2,'0.0000',2,0,2,NULL,NULL,0),(133,28,14,NULL,'2010-08-10','0.0000',2,'0.0000',2,'0.0000',2,'0.0000',2,0,3,NULL,NULL,0),(134,28,14,NULL,'2010-08-17','0.0000',2,'0.0000',2,'0.0000',2,'0.0000',2,0,4,NULL,NULL,0),(135,28,14,NULL,'2010-08-24','0.0000',2,'0.0000',2,'0.0000',2,'0.0000',2,0,5,NULL,NULL,0),(136,28,14,NULL,'2010-08-31','0.0000',2,'0.0000',2,'0.0000',2,'0.0000',2,0,6,NULL,NULL,0),(137,28,14,NULL,'2010-09-07','0.0000',2,'0.0000',2,'0.0000',2,'0.0000',2,0,7,NULL,NULL,0),(138,28,14,NULL,'2010-09-14','0.0000',2,'0.0000',2,'0.0000',2,'0.0000',2,0,8,NULL,NULL,0),(139,28,14,NULL,'2010-09-21','0.0000',2,'0.0000',2,'0.0000',2,'0.0000',2,0,9,NULL,NULL,0),(140,28,14,NULL,'2010-09-28','0.0000',2,'0.0000',2,'0.0000',2,'0.0000',2,0,10,NULL,NULL,0),(141,29,15,NULL,'2010-07-27','0.0000',2,'0.0000',2,'0.0000',2,'0.0000',2,0,1,NULL,NULL,0),(142,29,15,NULL,'2010-08-03','0.0000',2,'0.0000',2,'0.0000',2,'0.0000',2,0,2,NULL,NULL,0),(143,29,15,NULL,'2010-08-10','0.0000',2,'0.0000',2,'0.0000',2,'0.0000',2,0,3,NULL,NULL,0),(144,29,15,NULL,'2010-08-17','0.0000',2,'0.0000',2,'0.0000',2,'0.0000',2,0,4,NULL,NULL,0),(145,29,15,NULL,'2010-08-24','0.0000',2,'0.0000',2,'0.0000',2,'0.0000',2,0,5,NULL,NULL,0),(146,29,15,NULL,'2010-08-31','0.0000',2,'0.0000',2,'0.0000',2,'0.0000',2,0,6,NULL,NULL,0),(147,29,15,NULL,'2010-09-07','0.0000',2,'0.0000',2,'0.0000',2,'0.0000',2,0,7,NULL,NULL,0),(148,29,15,NULL,'2010-09-14','0.0000',2,'0.0000',2,'0.0000',2,'0.0000',2,0,8,NULL,NULL,0),(149,29,15,NULL,'2010-09-21','0.0000',2,'0.0000',2,'0.0000',2,'0.0000',2,0,9,NULL,NULL,0),(150,29,15,NULL,'2010-09-28','0.0000',2,'0.0000',2,'0.0000',2,'0.0000',2,0,10,NULL,NULL,0),(151,33,16,NULL,'2010-07-22','0.0000',2,'0.0000',2,'0.0000',2,'0.0000',2,0,1,NULL,NULL,0),(152,33,16,NULL,'2010-07-29','0.0000',2,'0.0000',2,'0.0000',2,'0.0000',2,0,2,NULL,NULL,0),(153,33,16,NULL,'2010-08-05','0.0000',2,'0.0000',2,'0.0000',2,'0.0000',2,0,3,NULL,NULL,0),(154,33,16,NULL,'2010-08-12','0.0000',2,'0.0000',2,'0.0000',2,'0.0000',2,0,4,NULL,NULL,0),(155,33,16,NULL,'2010-08-19','0.0000',2,'0.0000',2,'0.0000',2,'0.0000',2,0,5,NULL,NULL,0),(156,33,16,NULL,'2010-08-26','0.0000',2,'0.0000',2,'0.0000',2,'0.0000',2,0,6,NULL,NULL,0),(157,33,16,NULL,'2010-09-02','0.0000',2,'0.0000',2,'0.0000',2,'0.0000',2,0,7,NULL,NULL,0),(158,33,16,NULL,'2010-09-09','0.0000',2,'0.0000',2,'0.0000',2,'0.0000',2,0,8,NULL,NULL,0),(159,33,16,NULL,'2010-09-16','0.0000',2,'0.0000',2,'0.0000',2,'0.0000',2,0,9,NULL,NULL,0),(160,33,16,NULL,'2010-09-23','0.0000',2,'0.0000',2,'0.0000',2,'0.0000',2,0,10,NULL,NULL,0),(161,35,17,NULL,'2010-07-22','0.0000',2,'0.0000',2,'0.0000',2,'0.0000',2,0,1,NULL,NULL,0),(162,35,17,NULL,'2010-07-29','0.0000',2,'0.0000',2,'0.0000',2,'0.0000',2,0,2,NULL,NULL,0),(163,35,17,NULL,'2010-08-05','0.0000',2,'0.0000',2,'0.0000',2,'0.0000',2,0,3,NULL,NULL,0),(164,35,17,NULL,'2010-08-12','0.0000',2,'0.0000',2,'0.0000',2,'0.0000',2,0,4,NULL,NULL,0),(165,35,17,NULL,'2010-08-19','0.0000',2,'0.0000',2,'0.0000',2,'0.0000',2,0,5,NULL,NULL,0),(166,35,17,NULL,'2010-08-26','0.0000',2,'0.0000',2,'0.0000',2,'0.0000',2,0,6,NULL,NULL,0),(167,35,17,NULL,'2010-09-02','0.0000',2,'0.0000',2,'0.0000',2,'0.0000',2,0,7,NULL,NULL,0),(168,35,17,NULL,'2010-09-09','0.0000',2,'0.0000',2,'0.0000',2,'0.0000',2,0,8,NULL,NULL,0),(169,35,17,NULL,'2010-09-16','0.0000',2,'0.0000',2,'0.0000',2,'0.0000',2,0,9,NULL,NULL,0),(170,35,17,NULL,'2010-09-23','0.0000',2,'0.0000',2,'0.0000',2,'0.0000',2,0,10,NULL,NULL,0),(171,37,18,NULL,'2010-07-22','0.0000',2,'0.0000',2,'0.0000',2,'0.0000',2,0,1,NULL,NULL,0),(172,37,18,NULL,'2010-07-29','0.0000',2,'0.0000',2,'0.0000',2,'0.0000',2,0,2,NULL,NULL,0),(173,37,18,NULL,'2010-08-05','0.0000',2,'0.0000',2,'0.0000',2,'0.0000',2,0,3,NULL,NULL,0),(174,37,18,NULL,'2010-08-12','0.0000',2,'0.0000',2,'0.0000',2,'0.0000',2,0,4,NULL,NULL,0),(175,37,18,NULL,'2010-08-19','0.0000',2,'0.0000',2,'0.0000',2,'0.0000',2,0,5,NULL,NULL,0),(176,37,18,NULL,'2010-08-26','0.0000',2,'0.0000',2,'0.0000',2,'0.0000',2,0,6,NULL,NULL,0),(177,37,18,NULL,'2010-09-02','0.0000',2,'0.0000',2,'0.0000',2,'0.0000',2,0,7,NULL,NULL,0),(178,37,18,NULL,'2010-09-09','0.0000',2,'0.0000',2,'0.0000',2,'0.0000',2,0,8,NULL,NULL,0),(179,37,18,NULL,'2010-09-16','0.0000',2,'0.0000',2,'0.0000',2,'0.0000',2,0,9,NULL,NULL,0),(180,37,18,NULL,'2010-09-23','0.0000',2,'0.0000',2,'0.0000',2,'0.0000',2,0,10,NULL,NULL,0),(181,39,19,NULL,'2010-07-22','0.0000',2,'0.0000',2,'0.0000',2,'0.0000',2,0,1,NULL,NULL,0),(182,39,19,NULL,'2010-07-29','0.0000',2,'0.0000',2,'0.0000',2,'0.0000',2,0,2,NULL,NULL,0),(183,39,19,NULL,'2010-08-05','0.0000',2,'0.0000',2,'0.0000',2,'0.0000',2,0,3,NULL,NULL,0),(184,39,19,NULL,'2010-08-12','0.0000',2,'0.0000',2,'0.0000',2,'0.0000',2,0,4,NULL,NULL,0),(185,39,19,NULL,'2010-08-19','0.0000',2,'0.0000',2,'0.0000',2,'0.0000',2,0,5,NULL,NULL,0),(186,39,19,NULL,'2010-08-26','0.0000',2,'0.0000',2,'0.0000',2,'0.0000',2,0,6,NULL,NULL,0),(187,39,19,NULL,'2010-09-02','0.0000',2,'0.0000',2,'0.0000',2,'0.0000',2,0,7,NULL,NULL,0),(188,39,19,NULL,'2010-09-09','0.0000',2,'0.0000',2,'0.0000',2,'0.0000',2,0,8,NULL,NULL,0),(189,39,19,NULL,'2010-09-16','0.0000',2,'0.0000',2,'0.0000',2,'0.0000',2,0,9,NULL,NULL,0),(190,39,19,NULL,'2010-09-23','0.0000',2,'0.0000',2,'0.0000',2,'0.0000',2,0,10,NULL,NULL,0),(191,40,20,NULL,'2010-07-22','0.0000',2,'0.0000',2,'0.0000',2,'0.0000',2,0,1,NULL,NULL,0),(192,40,20,NULL,'2010-07-29','0.0000',2,'0.0000',2,'0.0000',2,'0.0000',2,0,2,NULL,NULL,0),(193,40,20,NULL,'2010-08-05','0.0000',2,'0.0000',2,'0.0000',2,'0.0000',2,0,3,NULL,NULL,0),(194,40,20,NULL,'2010-08-12','0.0000',2,'0.0000',2,'0.0000',2,'0.0000',2,0,4,NULL,NULL,0),(195,40,20,NULL,'2010-08-19','0.0000',2,'0.0000',2,'0.0000',2,'0.0000',2,0,5,NULL,NULL,0),(196,40,20,NULL,'2010-08-26','0.0000',2,'0.0000',2,'0.0000',2,'0.0000',2,0,6,NULL,NULL,0),(197,40,20,NULL,'2010-09-02','0.0000',2,'0.0000',2,'0.0000',2,'0.0000',2,0,7,NULL,NULL,0),(198,40,20,NULL,'2010-09-09','0.0000',2,'0.0000',2,'0.0000',2,'0.0000',2,0,8,NULL,NULL,0),(199,40,20,NULL,'2010-09-16','0.0000',2,'0.0000',2,'0.0000',2,'0.0000',2,0,9,NULL,NULL,0),(200,40,20,NULL,'2010-09-23','0.0000',2,'0.0000',2,'0.0000',2,'0.0000',2,0,10,NULL,NULL,0),(201,41,21,NULL,'2010-07-22','0.0000',2,'0.0000',2,'0.0000',2,'0.0000',2,0,1,NULL,NULL,0),(202,41,21,NULL,'2010-07-29','0.0000',2,'0.0000',2,'0.0000',2,'0.0000',2,0,2,NULL,NULL,0),(203,41,21,NULL,'2010-08-05','0.0000',2,'0.0000',2,'0.0000',2,'0.0000',2,0,3,NULL,NULL,0),(204,41,21,NULL,'2010-08-12','0.0000',2,'0.0000',2,'0.0000',2,'0.0000',2,0,4,NULL,NULL,0),(205,41,21,NULL,'2010-08-19','0.0000',2,'0.0000',2,'0.0000',2,'0.0000',2,0,5,NULL,NULL,0),(206,41,21,NULL,'2010-08-26','0.0000',2,'0.0000',2,'0.0000',2,'0.0000',2,0,6,NULL,NULL,0),(207,41,21,NULL,'2010-09-02','0.0000',2,'0.0000',2,'0.0000',2,'0.0000',2,0,7,NULL,NULL,0),(208,41,21,NULL,'2010-09-09','0.0000',2,'0.0000',2,'0.0000',2,'0.0000',2,0,8,NULL,NULL,0),(209,41,21,NULL,'2010-09-16','0.0000',2,'0.0000',2,'0.0000',2,'0.0000',2,0,9,NULL,NULL,0),(210,41,21,NULL,'2010-09-23','0.0000',2,'0.0000',2,'0.0000',2,'0.0000',2,0,10,NULL,NULL,0),(211,42,22,NULL,'2010-07-22','0.0000',2,'0.0000',2,'0.0000',2,'0.0000',2,0,1,NULL,NULL,0),(212,42,22,NULL,'2010-07-29','0.0000',2,'0.0000',2,'0.0000',2,'0.0000',2,0,2,NULL,NULL,0),(213,42,22,NULL,'2010-08-05','0.0000',2,'0.0000',2,'0.0000',2,'0.0000',2,0,3,NULL,NULL,0),(214,42,22,NULL,'2010-08-12','0.0000',2,'0.0000',2,'0.0000',2,'0.0000',2,0,4,NULL,NULL,0),(215,42,22,NULL,'2010-08-19','0.0000',2,'0.0000',2,'0.0000',2,'0.0000',2,0,5,NULL,NULL,0),(216,42,22,NULL,'2010-08-26','0.0000',2,'0.0000',2,'0.0000',2,'0.0000',2,0,6,NULL,NULL,0),(217,42,22,NULL,'2010-09-02','0.0000',2,'0.0000',2,'0.0000',2,'0.0000',2,0,7,NULL,NULL,0),(218,42,22,NULL,'2010-09-09','0.0000',2,'0.0000',2,'0.0000',2,'0.0000',2,0,8,NULL,NULL,0),(219,42,22,NULL,'2010-09-16','0.0000',2,'0.0000',2,'0.0000',2,'0.0000',2,0,9,NULL,NULL,0),(220,42,22,NULL,'2010-09-23','0.0000',2,'0.0000',2,'0.0000',2,'0.0000',2,0,10,NULL,NULL,0),(221,43,23,NULL,'2010-07-22','0.0000',2,'0.0000',2,'0.0000',2,'0.0000',2,0,1,NULL,NULL,0),(222,43,23,NULL,'2010-07-29','0.0000',2,'0.0000',2,'0.0000',2,'0.0000',2,0,2,NULL,NULL,0),(223,43,23,NULL,'2010-08-05','0.0000',2,'0.0000',2,'0.0000',2,'0.0000',2,0,3,NULL,NULL,0),(224,43,23,NULL,'2010-08-12','0.0000',2,'0.0000',2,'0.0000',2,'0.0000',2,0,4,NULL,NULL,0),(225,43,23,NULL,'2010-08-19','0.0000',2,'0.0000',2,'0.0000',2,'0.0000',2,0,5,NULL,NULL,0),(226,43,23,NULL,'2010-08-26','0.0000',2,'0.0000',2,'0.0000',2,'0.0000',2,0,6,NULL,NULL,0),(227,43,23,NULL,'2010-09-02','0.0000',2,'0.0000',2,'0.0000',2,'0.0000',2,0,7,NULL,NULL,0),(228,43,23,NULL,'2010-09-09','0.0000',2,'0.0000',2,'0.0000',2,'0.0000',2,0,8,NULL,NULL,0),(229,43,23,NULL,'2010-09-16','0.0000',2,'0.0000',2,'0.0000',2,'0.0000',2,0,9,NULL,NULL,0),(230,43,23,NULL,'2010-09-23','0.0000',2,'0.0000',2,'0.0000',2,'0.0000',2,0,10,NULL,NULL,0),(231,45,24,NULL,'2010-07-22','0.0000',2,'0.0000',2,'0.0000',2,'0.0000',2,0,1,NULL,NULL,0),(232,45,24,NULL,'2010-07-27','0.0000',2,'0.0000',2,'0.0000',2,'0.0000',2,0,2,NULL,NULL,1),(233,45,24,NULL,'2010-08-03','0.0000',2,'0.0000',2,'0.0000',2,'0.0000',2,0,3,NULL,NULL,1),(234,45,24,NULL,'2010-08-10','0.0000',2,'0.0000',2,'0.0000',2,'0.0000',2,0,4,NULL,NULL,1),(235,45,24,NULL,'2010-08-17','0.0000',2,'0.0000',2,'0.0000',2,'0.0000',2,0,5,NULL,NULL,1),(236,45,24,NULL,'2010-08-24','0.0000',2,'0.0000',2,'0.0000',2,'0.0000',2,0,6,NULL,NULL,1),(237,45,24,NULL,'2010-08-31','0.0000',2,'0.0000',2,'0.0000',2,'0.0000',2,0,7,NULL,NULL,1),(238,45,24,NULL,'2010-09-07','0.0000',2,'0.0000',2,'0.0000',2,'0.0000',2,0,8,NULL,NULL,1),(239,45,24,NULL,'2010-09-14','0.0000',2,'0.0000',2,'0.0000',2,'0.0000',2,0,9,NULL,NULL,1),(240,45,24,NULL,'2010-09-21','0.0000',2,'0.0000',2,'0.0000',2,'0.0000',2,0,10,NULL,NULL,1),(241,48,25,NULL,'2010-07-28','0.0000',2,'0.0000',2,'0.0000',2,'0.0000',2,0,1,NULL,NULL,0),(242,48,25,NULL,'2010-08-04','0.0000',2,'0.0000',2,'0.0000',2,'0.0000',2,0,2,NULL,NULL,0),(243,48,25,NULL,'2010-08-11','0.0000',2,'0.0000',2,'0.0000',2,'0.0000',2,0,3,NULL,NULL,0),(244,48,25,NULL,'2010-08-18','0.0000',2,'0.0000',2,'0.0000',2,'0.0000',2,0,4,NULL,NULL,0),(245,48,25,NULL,'2010-08-25','0.0000',2,'0.0000',2,'0.0000',2,'0.0000',2,0,5,NULL,NULL,0),(246,48,25,NULL,'2010-09-01','0.0000',2,'0.0000',2,'0.0000',2,'0.0000',2,0,6,NULL,NULL,0),(247,48,25,NULL,'2010-09-08','0.0000',2,'0.0000',2,'0.0000',2,'0.0000',2,0,7,NULL,NULL,0),(248,48,25,NULL,'2010-09-15','0.0000',2,'0.0000',2,'0.0000',2,'0.0000',2,0,8,NULL,NULL,0),(249,48,25,NULL,'2010-09-22','0.0000',2,'0.0000',2,'0.0000',2,'0.0000',2,0,9,NULL,NULL,0),(250,48,25,NULL,'2010-09-29','0.0000',2,'0.0000',2,'0.0000',2,'0.0000',2,0,10,NULL,NULL,0),(251,49,26,NULL,'2010-07-27','0.0000',2,'0.0000',2,'0.0000',2,'0.0000',2,0,1,NULL,NULL,0),(252,49,26,NULL,'2010-08-03','0.0000',2,'0.0000',2,'0.0000',2,'0.0000',2,0,2,NULL,NULL,0),(253,49,26,NULL,'2010-08-10','0.0000',2,'0.0000',2,'0.0000',2,'0.0000',2,0,3,NULL,NULL,0),(254,49,26,NULL,'2010-08-17','0.0000',2,'0.0000',2,'0.0000',2,'0.0000',2,0,4,NULL,NULL,0),(255,49,26,NULL,'2010-08-24','0.0000',2,'0.0000',2,'0.0000',2,'0.0000',2,0,5,NULL,NULL,0),(256,49,26,NULL,'2010-08-31','0.0000',2,'0.0000',2,'0.0000',2,'0.0000',2,0,6,NULL,NULL,0),(257,49,26,NULL,'2010-09-07','0.0000',2,'0.0000',2,'0.0000',2,'0.0000',2,0,7,NULL,NULL,0),(258,49,26,NULL,'2010-09-14','0.0000',2,'0.0000',2,'0.0000',2,'0.0000',2,0,8,NULL,NULL,0),(259,49,26,NULL,'2010-09-21','0.0000',2,'0.0000',2,'0.0000',2,'0.0000',2,0,9,NULL,NULL,0),(260,49,26,NULL,'2010-09-28','0.0000',2,'0.0000',2,'0.0000',2,'0.0000',2,0,10,NULL,NULL,0),(261,50,27,NULL,'2010-07-28','0.0000',2,'0.0000',2,'0.0000',2,'0.0000',2,0,1,NULL,NULL,0),(262,50,27,NULL,'2010-08-11','0.0000',2,'0.0000',2,'0.0000',2,'0.0000',2,0,2,NULL,NULL,0),(263,50,27,NULL,'2010-08-25','0.0000',2,'0.0000',2,'0.0000',2,'0.0000',2,0,3,NULL,NULL,0),(264,50,27,NULL,'2010-09-08','0.0000',2,'0.0000',2,'0.0000',2,'0.0000',2,0,4,NULL,NULL,0),(265,50,27,NULL,'2010-09-22','0.0000',2,'0.0000',2,'0.0000',2,'0.0000',2,0,5,NULL,NULL,0),(266,50,27,NULL,'2010-10-06','0.0000',2,'0.0000',2,'0.0000',2,'0.0000',2,0,6,NULL,NULL,0),(267,50,27,NULL,'2010-10-20','0.0000',2,'0.0000',2,'0.0000',2,'0.0000',2,0,7,NULL,NULL,0),(268,50,27,NULL,'2010-11-03','0.0000',2,'0.0000',2,'0.0000',2,'0.0000',2,0,8,NULL,NULL,0),(269,50,27,NULL,'2010-11-17','0.0000',2,'0.0000',2,'0.0000',2,'0.0000',2,0,9,NULL,NULL,0),(270,50,27,NULL,'2010-12-01','0.0000',2,'0.0000',2,'0.0000',2,'0.0000',2,0,10,NULL,NULL,0),(271,51,28,NULL,'2010-07-29','0.0000',2,'0.0000',2,'0.0000',2,'0.0000',2,0,1,NULL,NULL,0),(272,51,28,NULL,'2010-08-05','0.0000',2,'0.0000',2,'0.0000',2,'0.0000',2,0,2,NULL,NULL,0),(273,51,28,NULL,'2010-08-12','0.0000',2,'0.0000',2,'0.0000',2,'0.0000',2,0,3,NULL,NULL,0),(274,51,28,NULL,'2010-08-19','0.0000',2,'0.0000',2,'0.0000',2,'0.0000',2,0,4,NULL,NULL,0),(275,51,28,NULL,'2010-08-26','0.0000',2,'0.0000',2,'0.0000',2,'0.0000',2,0,5,NULL,NULL,0),(276,51,28,NULL,'2010-09-02','0.0000',2,'0.0000',2,'0.0000',2,'0.0000',2,0,6,NULL,NULL,0),(277,51,28,NULL,'2010-09-09','0.0000',2,'0.0000',2,'0.0000',2,'0.0000',2,0,7,NULL,NULL,0),(278,51,28,NULL,'2010-09-16','0.0000',2,'0.0000',2,'0.0000',2,'0.0000',2,0,8,NULL,NULL,0),(279,51,28,NULL,'2010-09-23','0.0000',2,'0.0000',2,'0.0000',2,'0.0000',2,0,9,NULL,NULL,0),(280,51,28,NULL,'2010-09-30','0.0000',2,'0.0000',2,'0.0000',2,'0.0000',2,0,10,NULL,NULL,0),(281,54,29,NULL,'2010-07-28','0.0000',2,'0.0000',2,'0.0000',2,'0.0000',2,0,1,NULL,NULL,0),(282,54,29,NULL,'2010-08-04','0.0000',2,'0.0000',2,'0.0000',2,'0.0000',2,0,2,NULL,NULL,0),(283,54,29,NULL,'2010-08-11','0.0000',2,'0.0000',2,'0.0000',2,'0.0000',2,0,3,NULL,NULL,0),(284,54,29,NULL,'2010-08-18','0.0000',2,'0.0000',2,'0.0000',2,'0.0000',2,0,4,NULL,NULL,0),(285,54,29,NULL,'2010-08-25','0.0000',2,'0.0000',2,'0.0000',2,'0.0000',2,0,5,NULL,NULL,0),(286,54,29,NULL,'2010-09-01','0.0000',2,'0.0000',2,'0.0000',2,'0.0000',2,0,6,NULL,NULL,0),(287,54,29,NULL,'2010-09-08','0.0000',2,'0.0000',2,'0.0000',2,'0.0000',2,0,7,NULL,NULL,0),(288,54,29,NULL,'2010-09-15','0.0000',2,'0.0000',2,'0.0000',2,'0.0000',2,0,8,NULL,NULL,0),(289,54,29,NULL,'2010-09-22','0.0000',2,'0.0000',2,'0.0000',2,'0.0000',2,0,9,NULL,NULL,0),(290,54,29,NULL,'2010-09-29','0.0000',2,'0.0000',2,'0.0000',2,'0.0000',2,0,10,NULL,NULL,0),(291,57,30,NULL,'2010-07-28','0.0000',2,'0.0000',2,'0.0000',2,'0.0000',2,0,1,NULL,NULL,0),(292,57,30,NULL,'2010-08-04','0.0000',2,'0.0000',2,'0.0000',2,'0.0000',2,0,2,NULL,NULL,0),(293,57,30,NULL,'2010-08-11','0.0000',2,'0.0000',2,'0.0000',2,'0.0000',2,0,3,NULL,NULL,0),(294,57,30,NULL,'2010-08-18','0.0000',2,'0.0000',2,'0.0000',2,'0.0000',2,0,4,NULL,NULL,0),(295,57,30,NULL,'2010-08-25','0.0000',2,'0.0000',2,'0.0000',2,'0.0000',2,0,5,NULL,NULL,0),(296,57,30,NULL,'2010-09-01','0.0000',2,'0.0000',2,'0.0000',2,'0.0000',2,0,6,NULL,NULL,0),(297,57,30,NULL,'2010-09-08','0.0000',2,'0.0000',2,'0.0000',2,'0.0000',2,0,7,NULL,NULL,0),(298,57,30,NULL,'2010-09-15','0.0000',2,'0.0000',2,'0.0000',2,'0.0000',2,0,8,NULL,NULL,0),(299,57,30,NULL,'2010-09-22','0.0000',2,'0.0000',2,'0.0000',2,'0.0000',2,0,9,NULL,NULL,0),(300,57,30,NULL,'2010-09-29','0.0000',2,'0.0000',2,'0.0000',2,'0.0000',2,0,10,NULL,NULL,0),(301,60,31,NULL,'2010-07-27','0.0000',2,'0.0000',2,'0.0000',2,'0.0000',2,0,1,NULL,NULL,0),(302,60,31,NULL,'2010-08-03','0.0000',2,'0.0000',2,'0.0000',2,'0.0000',2,0,2,NULL,NULL,0),(303,60,31,NULL,'2010-08-10','0.0000',2,'0.0000',2,'0.0000',2,'0.0000',2,0,3,NULL,NULL,0),(304,60,31,NULL,'2010-08-17','0.0000',2,'0.0000',2,'0.0000',2,'0.0000',2,0,4,NULL,NULL,0),(305,60,31,NULL,'2010-08-24','0.0000',2,'0.0000',2,'0.0000',2,'0.0000',2,0,5,NULL,NULL,0),(306,60,31,NULL,'2010-08-31','0.0000',2,'0.0000',2,'0.0000',2,'0.0000',2,0,6,NULL,NULL,0),(307,60,31,NULL,'2010-09-07','0.0000',2,'0.0000',2,'0.0000',2,'0.0000',2,0,7,NULL,NULL,0),(308,60,31,NULL,'2010-09-14','0.0000',2,'0.0000',2,'0.0000',2,'0.0000',2,0,8,NULL,NULL,0),(309,60,31,NULL,'2010-09-21','0.0000',2,'0.0000',2,'0.0000',2,'0.0000',2,0,9,NULL,NULL,0),(310,60,31,NULL,'2010-09-28','0.0000',2,'0.0000',2,'0.0000',2,'0.0000',2,0,10,NULL,NULL,0),(311,62,32,NULL,'2010-07-28','0.0000',2,'0.0000',2,'0.0000',2,'0.0000',2,0,1,NULL,NULL,0),(312,62,32,NULL,'2010-08-04','0.0000',2,'0.0000',2,'0.0000',2,'0.0000',2,0,2,NULL,NULL,0),(313,62,32,NULL,'2010-08-11','0.0000',2,'0.0000',2,'0.0000',2,'0.0000',2,0,3,NULL,NULL,0),(314,62,32,NULL,'2010-08-18','0.0000',2,'0.0000',2,'0.0000',2,'0.0000',2,0,4,NULL,NULL,0),(315,62,32,NULL,'2010-08-25','0.0000',2,'0.0000',2,'0.0000',2,'0.0000',2,0,5,NULL,NULL,0),(316,62,32,NULL,'2010-09-01','0.0000',2,'0.0000',2,'0.0000',2,'0.0000',2,0,6,NULL,NULL,0),(317,62,32,NULL,'2010-09-08','0.0000',2,'0.0000',2,'0.0000',2,'0.0000',2,0,7,NULL,NULL,0),(318,62,32,NULL,'2010-09-15','0.0000',2,'0.0000',2,'0.0000',2,'0.0000',2,0,8,NULL,NULL,0),(319,62,32,NULL,'2010-09-22','0.0000',2,'0.0000',2,'0.0000',2,'0.0000',2,0,9,NULL,NULL,0),(320,62,32,NULL,'2010-09-29','0.0000',2,'0.0000',2,'0.0000',2,'0.0000',2,0,10,NULL,NULL,0),(321,63,33,NULL,'2010-07-28','0.0000',2,'0.0000',2,'0.0000',2,'0.0000',2,0,1,NULL,NULL,0),(322,63,33,NULL,'2010-08-04','0.0000',2,'0.0000',2,'0.0000',2,'0.0000',2,0,2,NULL,NULL,0),(323,63,33,NULL,'2010-08-11','0.0000',2,'0.0000',2,'0.0000',2,'0.0000',2,0,3,NULL,NULL,0),(324,63,33,NULL,'2010-08-18','0.0000',2,'0.0000',2,'0.0000',2,'0.0000',2,0,4,NULL,NULL,0),(325,63,33,NULL,'2010-08-25','0.0000',2,'0.0000',2,'0.0000',2,'0.0000',2,0,5,NULL,NULL,0),(326,63,33,NULL,'2010-09-01','0.0000',2,'0.0000',2,'0.0000',2,'0.0000',2,0,6,NULL,NULL,0),(327,63,33,NULL,'2010-09-08','0.0000',2,'0.0000',2,'0.0000',2,'0.0000',2,0,7,NULL,NULL,0),(328,63,33,NULL,'2010-09-15','0.0000',2,'0.0000',2,'0.0000',2,'0.0000',2,0,8,NULL,NULL,0),(329,63,33,NULL,'2010-09-22','0.0000',2,'0.0000',2,'0.0000',2,'0.0000',2,0,9,NULL,NULL,0),(330,63,33,NULL,'2010-09-29','0.0000',2,'0.0000',2,'0.0000',2,'0.0000',2,0,10,NULL,NULL,0),(331,65,34,NULL,'2010-07-28','0.0000',2,'0.0000',2,'0.0000',2,'0.0000',2,0,1,NULL,NULL,0),(332,65,34,NULL,'2010-08-04','0.0000',2,'0.0000',2,'0.0000',2,'0.0000',2,0,2,NULL,NULL,0),(333,65,34,NULL,'2010-08-11','0.0000',2,'0.0000',2,'0.0000',2,'0.0000',2,0,3,NULL,NULL,0),(334,65,34,NULL,'2010-08-18','0.0000',2,'0.0000',2,'0.0000',2,'0.0000',2,0,4,NULL,NULL,0),(335,65,34,NULL,'2010-08-25','0.0000',2,'0.0000',2,'0.0000',2,'0.0000',2,0,5,NULL,NULL,0),(336,65,34,NULL,'2010-09-01','0.0000',2,'0.0000',2,'0.0000',2,'0.0000',2,0,6,NULL,NULL,0),(337,65,34,NULL,'2010-09-08','0.0000',2,'0.0000',2,'0.0000',2,'0.0000',2,0,7,NULL,NULL,0),(338,65,34,NULL,'2010-09-15','0.0000',2,'0.0000',2,'0.0000',2,'0.0000',2,0,8,NULL,NULL,0),(339,65,34,NULL,'2010-09-22','0.0000',2,'0.0000',2,'0.0000',2,'0.0000',2,0,9,NULL,NULL,0),(340,65,34,NULL,'2010-09-29','0.0000',2,'0.0000',2,'0.0000',2,'0.0000',2,0,10,NULL,NULL,0),(341,68,35,NULL,'2010-08-04','0.0000',2,'0.0000',2,'0.0000',2,'0.0000',2,0,1,NULL,NULL,0),(342,68,35,NULL,'2010-08-11','0.0000',2,'0.0000',2,'0.0000',2,'0.0000',2,0,2,NULL,NULL,0),(343,68,35,NULL,'2010-08-18','0.0000',2,'0.0000',2,'0.0000',2,'0.0000',2,0,3,NULL,NULL,0),(344,68,35,NULL,'2010-08-25','0.0000',2,'0.0000',2,'0.0000',2,'0.0000',2,0,4,NULL,NULL,0),(345,68,35,NULL,'2010-09-01','0.0000',2,'0.0000',2,'0.0000',2,'0.0000',2,0,5,NULL,NULL,0),(346,68,35,NULL,'2010-09-08','0.0000',2,'0.0000',2,'0.0000',2,'0.0000',2,0,6,NULL,NULL,0),(347,68,35,NULL,'2010-09-15','0.0000',2,'0.0000',2,'0.0000',2,'0.0000',2,0,7,NULL,NULL,0),(348,68,35,NULL,'2010-09-22','0.0000',2,'0.0000',2,'0.0000',2,'0.0000',2,0,8,NULL,NULL,0),(349,68,35,NULL,'2010-09-29','0.0000',2,'0.0000',2,'0.0000',2,'0.0000',2,0,9,NULL,NULL,0),(350,68,35,NULL,'2010-10-06','0.0000',2,'0.0000',2,'0.0000',2,'0.0000',2,0,10,NULL,NULL,0),(351,69,36,NULL,'2010-08-04','0.0000',2,'0.0000',2,'0.0000',2,'0.0000',2,0,1,NULL,NULL,0),(352,69,36,NULL,'2010-08-11','0.0000',2,'0.0000',2,'0.0000',2,'0.0000',2,0,2,NULL,NULL,0),(353,69,36,NULL,'2010-08-18','0.0000',2,'0.0000',2,'0.0000',2,'0.0000',2,0,3,NULL,NULL,0),(354,69,36,NULL,'2010-08-25','0.0000',2,'0.0000',2,'0.0000',2,'0.0000',2,0,4,NULL,NULL,0),(355,69,36,NULL,'2010-09-01','0.0000',2,'0.0000',2,'0.0000',2,'0.0000',2,0,5,NULL,NULL,0),(356,69,36,NULL,'2010-09-08','0.0000',2,'0.0000',2,'0.0000',2,'0.0000',2,0,6,NULL,NULL,0),(357,69,36,NULL,'2010-09-15','0.0000',2,'0.0000',2,'0.0000',2,'0.0000',2,0,7,NULL,NULL,0),(358,69,36,NULL,'2010-09-22','0.0000',2,'0.0000',2,'0.0000',2,'0.0000',2,0,8,NULL,NULL,0),(359,69,36,NULL,'2010-09-29','0.0000',2,'0.0000',2,'0.0000',2,'0.0000',2,0,9,NULL,NULL,0),(360,69,36,NULL,'2010-10-06','0.0000',2,'0.0000',2,'0.0000',2,'0.0000',2,0,10,NULL,NULL,0),(361,70,37,NULL,'2010-08-05','0.0000',2,'0.0000',2,'0.0000',2,'0.0000',2,0,1,NULL,NULL,1),(362,70,37,NULL,'2010-08-12','0.0000',2,'0.0000',2,'0.0000',2,'0.0000',2,0,2,NULL,NULL,1),(363,70,37,NULL,'2010-08-19','0.0000',2,'0.0000',2,'0.0000',2,'0.0000',2,0,3,NULL,NULL,1),(364,70,37,NULL,'2010-08-26','0.0000',2,'0.0000',2,'0.0000',2,'0.0000',2,0,4,NULL,NULL,1),(365,70,37,NULL,'2010-09-02','0.0000',2,'0.0000',2,'0.0000',2,'0.0000',2,0,5,NULL,NULL,1),(366,70,37,NULL,'2010-09-09','0.0000',2,'0.0000',2,'0.0000',2,'0.0000',2,0,6,NULL,NULL,1),(367,70,37,NULL,'2010-09-16','0.0000',2,'0.0000',2,'0.0000',2,'0.0000',2,0,7,NULL,NULL,1),(368,70,37,NULL,'2010-09-23','0.0000',2,'0.0000',2,'0.0000',2,'0.0000',2,0,8,NULL,NULL,1),(369,70,37,NULL,'2010-09-30','0.0000',2,'0.0000',2,'0.0000',2,'0.0000',2,0,9,NULL,NULL,1),(370,70,37,NULL,'2010-10-07','0.0000',2,'0.0000',2,'0.0000',2,'0.0000',2,0,10,NULL,NULL,1),(371,71,38,NULL,'2010-08-05','0.0000',2,'0.0000',2,'0.0000',2,'0.0000',2,0,1,NULL,NULL,1),(372,71,38,NULL,'2010-08-12','0.0000',2,'0.0000',2,'0.0000',2,'0.0000',2,0,2,NULL,NULL,1),(373,71,38,NULL,'2010-08-19','0.0000',2,'0.0000',2,'0.0000',2,'0.0000',2,0,3,NULL,NULL,1),(374,71,38,NULL,'2010-08-26','0.0000',2,'0.0000',2,'0.0000',2,'0.0000',2,0,4,NULL,NULL,1),(375,71,38,NULL,'2010-09-02','0.0000',2,'0.0000',2,'0.0000',2,'0.0000',2,0,5,NULL,NULL,1),(376,71,38,NULL,'2010-09-09','0.0000',2,'0.0000',2,'0.0000',2,'0.0000',2,0,6,NULL,NULL,1),(377,71,38,NULL,'2010-09-16','0.0000',2,'0.0000',2,'0.0000',2,'0.0000',2,0,7,NULL,NULL,1),(378,71,38,NULL,'2010-09-23','0.0000',2,'0.0000',2,'0.0000',2,'0.0000',2,0,8,NULL,NULL,1),(379,71,38,NULL,'2010-09-30','0.0000',2,'0.0000',2,'0.0000',2,'0.0000',2,0,9,NULL,NULL,1),(380,71,38,NULL,'2010-10-07','0.0000',2,'0.0000',2,'0.0000',2,'0.0000',2,0,10,NULL,NULL,1),(381,72,39,NULL,'2010-08-04','0.0000',2,'0.0000',2,'0.0000',2,'0.0000',2,0,1,NULL,NULL,0),(382,72,39,NULL,'2010-08-11','0.0000',2,'0.0000',2,'0.0000',2,'0.0000',2,0,2,NULL,NULL,0),(383,72,39,NULL,'2010-08-18','0.0000',2,'0.0000',2,'0.0000',2,'0.0000',2,0,3,NULL,NULL,0),(384,72,39,NULL,'2010-08-25','0.0000',2,'0.0000',2,'0.0000',2,'0.0000',2,0,4,NULL,NULL,0),(385,72,39,NULL,'2010-09-01','0.0000',2,'0.0000',2,'0.0000',2,'0.0000',2,0,5,NULL,NULL,0),(386,72,39,NULL,'2010-09-08','0.0000',2,'0.0000',2,'0.0000',2,'0.0000',2,0,6,NULL,NULL,0),(387,72,39,NULL,'2010-09-15','0.0000',2,'0.0000',2,'0.0000',2,'0.0000',2,0,7,NULL,NULL,0),(388,72,39,NULL,'2010-09-22','0.0000',2,'0.0000',2,'0.0000',2,'0.0000',2,0,8,NULL,NULL,0),(389,72,39,NULL,'2010-09-29','0.0000',2,'0.0000',2,'0.0000',2,'0.0000',2,0,9,NULL,NULL,0),(390,72,39,NULL,'2010-10-06','0.0000',2,'0.0000',2,'0.0000',2,'0.0000',2,0,10,NULL,NULL,0),(391,73,40,NULL,'2010-08-04','0.0000',2,'0.0000',2,'0.0000',2,'0.0000',2,0,1,NULL,NULL,0),(392,73,40,NULL,'2010-08-11','0.0000',2,'0.0000',2,'0.0000',2,'0.0000',2,0,2,NULL,NULL,0),(393,73,40,NULL,'2010-08-18','0.0000',2,'0.0000',2,'0.0000',2,'0.0000',2,0,3,NULL,NULL,0),(394,73,40,NULL,'2010-08-25','0.0000',2,'0.0000',2,'0.0000',2,'0.0000',2,0,4,NULL,NULL,0),(395,73,40,NULL,'2010-09-01','0.0000',2,'0.0000',2,'0.0000',2,'0.0000',2,0,5,NULL,NULL,0),(396,73,40,NULL,'2010-09-08','0.0000',2,'0.0000',2,'0.0000',2,'0.0000',2,0,6,NULL,NULL,0),(397,73,40,NULL,'2010-09-15','0.0000',2,'0.0000',2,'0.0000',2,'0.0000',2,0,7,NULL,NULL,0),(398,73,40,NULL,'2010-09-22','0.0000',2,'0.0000',2,'0.0000',2,'0.0000',2,0,8,NULL,NULL,0),(399,73,40,NULL,'2010-09-29','0.0000',2,'0.0000',2,'0.0000',2,'0.0000',2,0,9,NULL,NULL,0),(400,73,40,NULL,'2010-10-06','0.0000',2,'0.0000',2,'0.0000',2,'0.0000',2,0,10,NULL,NULL,0),(401,75,42,NULL,'2010-08-02','0.0000',2,'0.0000',2,'0.0000',2,'0.0000',2,0,1,NULL,NULL,0),(402,75,42,NULL,'2010-08-09','0.0000',2,'0.0000',2,'0.0000',2,'0.0000',2,0,2,NULL,NULL,0),(403,75,42,NULL,'2010-08-16','0.0000',2,'0.0000',2,'0.0000',2,'0.0000',2,0,3,NULL,NULL,0),(404,75,42,NULL,'2010-08-23','0.0000',2,'0.0000',2,'0.0000',2,'0.0000',2,0,4,NULL,NULL,0),(405,75,42,NULL,'2010-08-30','0.0000',2,'0.0000',2,'0.0000',2,'0.0000',2,0,5,NULL,NULL,0),(406,75,42,NULL,'2010-09-06','0.0000',2,'0.0000',2,'0.0000',2,'0.0000',2,0,6,NULL,NULL,0),(407,75,42,NULL,'2010-09-13','0.0000',2,'0.0000',2,'0.0000',2,'0.0000',2,0,7,NULL,NULL,0),(408,75,42,NULL,'2010-09-20','0.0000',2,'0.0000',2,'0.0000',2,'0.0000',2,0,8,NULL,NULL,0),(409,75,42,NULL,'2010-09-27','0.0000',2,'0.0000',2,'0.0000',2,'0.0000',2,0,9,NULL,NULL,0),(410,75,42,NULL,'2010-10-04','0.0000',2,'0.0000',2,'0.0000',2,'0.0000',2,0,10,NULL,NULL,0),(411,77,43,NULL,'2010-08-02','0.0000',2,'0.0000',2,'0.0000',2,'0.0000',2,0,1,NULL,NULL,0),(412,77,43,NULL,'2010-08-09','0.0000',2,'0.0000',2,'0.0000',2,'0.0000',2,0,2,NULL,NULL,0),(413,77,43,NULL,'2010-08-16','0.0000',2,'0.0000',2,'0.0000',2,'0.0000',2,0,3,NULL,NULL,0),(414,77,43,NULL,'2010-08-23','0.0000',2,'0.0000',2,'0.0000',2,'0.0000',2,0,4,NULL,NULL,0),(415,77,43,NULL,'2010-08-30','0.0000',2,'0.0000',2,'0.0000',2,'0.0000',2,0,5,NULL,NULL,0),(416,77,43,NULL,'2010-09-06','0.0000',2,'0.0000',2,'0.0000',2,'0.0000',2,0,6,NULL,NULL,0),(417,77,43,NULL,'2010-09-13','0.0000',2,'0.0000',2,'0.0000',2,'0.0000',2,0,7,NULL,NULL,0),(418,77,43,NULL,'2010-09-20','0.0000',2,'0.0000',2,'0.0000',2,'0.0000',2,0,8,NULL,NULL,0),(419,77,43,NULL,'2010-09-27','0.0000',2,'0.0000',2,'0.0000',2,'0.0000',2,0,9,NULL,NULL,0),(420,77,43,NULL,'2010-10-04','0.0000',2,'0.0000',2,'0.0000',2,'0.0000',2,0,10,NULL,NULL,0),(421,79,44,NULL,'2010-08-04','0.0000',2,'0.0000',2,'0.0000',2,'0.0000',2,0,1,NULL,NULL,0),(422,79,44,NULL,'2010-08-11','0.0000',2,'0.0000',2,'0.0000',2,'0.0000',2,0,2,NULL,NULL,0),(423,79,44,NULL,'2010-08-18','0.0000',2,'0.0000',2,'0.0000',2,'0.0000',2,0,3,NULL,NULL,0),(424,79,44,NULL,'2010-08-25','0.0000',2,'0.0000',2,'0.0000',2,'0.0000',2,0,4,NULL,NULL,0),(425,79,44,NULL,'2010-09-01','0.0000',2,'0.0000',2,'0.0000',2,'0.0000',2,0,5,NULL,NULL,0),(426,79,44,NULL,'2010-09-08','0.0000',2,'0.0000',2,'0.0000',2,'0.0000',2,0,6,NULL,NULL,0),(427,79,44,NULL,'2010-09-15','0.0000',2,'0.0000',2,'0.0000',2,'0.0000',2,0,7,NULL,NULL,0),(428,79,44,NULL,'2010-09-22','0.0000',2,'0.0000',2,'0.0000',2,'0.0000',2,0,8,NULL,NULL,0),(429,79,44,NULL,'2010-09-29','0.0000',2,'0.0000',2,'0.0000',2,'0.0000',2,0,9,NULL,NULL,0),(430,79,44,NULL,'2010-10-06','0.0000',2,'0.0000',2,'0.0000',2,'0.0000',2,0,10,NULL,NULL,0),(431,81,45,NULL,'2010-08-04','0.0000',2,'0.0000',2,'0.0000',2,'0.0000',2,0,1,NULL,NULL,0),(432,81,45,NULL,'2010-08-11','0.0000',2,'0.0000',2,'0.0000',2,'0.0000',2,0,2,NULL,NULL,0),(433,81,45,NULL,'2010-08-18','0.0000',2,'0.0000',2,'0.0000',2,'0.0000',2,0,3,NULL,NULL,0),(434,81,45,NULL,'2010-08-25','0.0000',2,'0.0000',2,'0.0000',2,'0.0000',2,0,4,NULL,NULL,0),(435,81,45,NULL,'2010-09-01','0.0000',2,'0.0000',2,'0.0000',2,'0.0000',2,0,5,NULL,NULL,0),(436,81,45,NULL,'2010-09-08','0.0000',2,'0.0000',2,'0.0000',2,'0.0000',2,0,6,NULL,NULL,0),(437,81,45,NULL,'2010-09-15','0.0000',2,'0.0000',2,'0.0000',2,'0.0000',2,0,7,NULL,NULL,0),(438,81,45,NULL,'2010-09-22','0.0000',2,'0.0000',2,'0.0000',2,'0.0000',2,0,8,NULL,NULL,0),(439,81,45,NULL,'2010-09-29','0.0000',2,'0.0000',2,'0.0000',2,'0.0000',2,0,9,NULL,NULL,0),(440,81,45,NULL,'2010-10-06','0.0000',2,'0.0000',2,'0.0000',2,'0.0000',2,0,10,NULL,NULL,0),(441,83,46,NULL,'2010-08-04','0.0000',2,'0.0000',2,'0.0000',2,'0.0000',2,0,1,NULL,NULL,1),(442,83,46,NULL,'2010-08-11','0.0000',2,'0.0000',2,'0.0000',2,'0.0000',2,0,2,NULL,NULL,1),(443,83,46,NULL,'2010-08-18','0.0000',2,'0.0000',2,'0.0000',2,'0.0000',2,0,3,NULL,NULL,1),(444,83,46,NULL,'2010-08-25','0.0000',2,'0.0000',2,'0.0000',2,'0.0000',2,0,4,NULL,NULL,1),(445,83,46,NULL,'2010-09-01','0.0000',2,'0.0000',2,'0.0000',2,'0.0000',2,0,5,NULL,NULL,1),(446,83,46,NULL,'2010-09-08','0.0000',2,'0.0000',2,'0.0000',2,'0.0000',2,0,6,NULL,NULL,1),(447,83,46,NULL,'2010-09-15','0.0000',2,'0.0000',2,'0.0000',2,'0.0000',2,0,7,NULL,NULL,1),(448,83,46,NULL,'2010-09-22','0.0000',2,'0.0000',2,'0.0000',2,'0.0000',2,0,8,NULL,NULL,1),(449,83,46,NULL,'2010-09-29','0.0000',2,'0.0000',2,'0.0000',2,'0.0000',2,0,9,NULL,NULL,1),(450,83,46,NULL,'2010-10-06','0.0000',2,'0.0000',2,'0.0000',2,'0.0000',2,0,10,NULL,NULL,1),(451,85,47,NULL,'2010-08-04','0.0000',2,'0.0000',2,'0.0000',2,'0.0000',2,0,1,NULL,NULL,1),(452,85,47,NULL,'2010-08-11','0.0000',2,'0.0000',2,'0.0000',2,'0.0000',2,0,2,NULL,NULL,1),(453,85,47,NULL,'2010-08-18','0.0000',2,'0.0000',2,'0.0000',2,'0.0000',2,0,3,NULL,NULL,1),(454,85,47,NULL,'2010-08-25','0.0000',2,'0.0000',2,'0.0000',2,'0.0000',2,0,4,NULL,NULL,1),(455,85,47,NULL,'2010-09-01','0.0000',2,'0.0000',2,'0.0000',2,'0.0000',2,0,5,NULL,NULL,1),(456,85,47,NULL,'2010-09-08','0.0000',2,'0.0000',2,'0.0000',2,'0.0000',2,0,6,NULL,NULL,1),(457,85,47,NULL,'2010-09-15','0.0000',2,'0.0000',2,'0.0000',2,'0.0000',2,0,7,NULL,NULL,1),(458,85,47,NULL,'2010-09-22','0.0000',2,'0.0000',2,'0.0000',2,'0.0000',2,0,8,NULL,NULL,1),(459,85,47,NULL,'2010-09-29','0.0000',2,'0.0000',2,'0.0000',2,'0.0000',2,0,9,NULL,NULL,1),(460,85,47,NULL,'2010-10-06','0.0000',2,'0.0000',2,'0.0000',2,'0.0000',2,0,10,NULL,NULL,1),(461,87,48,NULL,'2010-08-02','0.0000',2,'0.0000',2,'0.0000',2,'0.0000',2,0,1,NULL,NULL,0),(462,87,48,NULL,'2010-08-09','0.0000',2,'0.0000',2,'0.0000',2,'0.0000',2,0,2,NULL,NULL,0),(463,87,48,NULL,'2010-08-16','0.0000',2,'0.0000',2,'0.0000',2,'0.0000',2,0,3,NULL,NULL,0),(464,87,48,NULL,'2010-08-23','0.0000',2,'0.0000',2,'0.0000',2,'0.0000',2,0,4,NULL,NULL,0),(465,87,48,NULL,'2010-08-30','0.0000',2,'0.0000',2,'0.0000',2,'0.0000',2,0,5,NULL,NULL,0),(466,87,48,NULL,'2010-09-06','0.0000',2,'0.0000',2,'0.0000',2,'0.0000',2,0,6,NULL,NULL,0),(467,87,48,NULL,'2010-09-13','0.0000',2,'0.0000',2,'0.0000',2,'0.0000',2,0,7,NULL,NULL,0),(468,87,48,NULL,'2010-09-20','0.0000',2,'0.0000',2,'0.0000',2,'0.0000',2,0,8,NULL,NULL,0),(469,87,48,NULL,'2010-09-27','0.0000',2,'0.0000',2,'0.0000',2,'0.0000',2,0,9,NULL,NULL,0),(470,87,48,NULL,'2010-10-04','0.0000',2,'0.0000',2,'0.0000',2,'0.0000',2,0,10,NULL,NULL,0),(471,89,49,NULL,'2010-08-02','0.0000',2,'0.0000',2,'0.0000',2,'0.0000',2,0,1,NULL,NULL,0),(472,89,49,NULL,'2010-08-09','0.0000',2,'0.0000',2,'0.0000',2,'0.0000',2,0,2,NULL,NULL,0),(473,89,49,NULL,'2010-08-16','0.0000',2,'0.0000',2,'0.0000',2,'0.0000',2,0,3,NULL,NULL,0),(474,89,49,NULL,'2010-08-23','0.0000',2,'0.0000',2,'0.0000',2,'0.0000',2,0,4,NULL,NULL,0),(475,89,49,NULL,'2010-08-30','0.0000',2,'0.0000',2,'0.0000',2,'0.0000',2,0,5,NULL,NULL,0),(476,89,49,NULL,'2010-09-06','0.0000',2,'0.0000',2,'0.0000',2,'0.0000',2,0,6,NULL,NULL,0),(477,89,49,NULL,'2010-09-13','0.0000',2,'0.0000',2,'0.0000',2,'0.0000',2,0,7,NULL,NULL,0),(478,89,49,NULL,'2010-09-20','0.0000',2,'0.0000',2,'0.0000',2,'0.0000',2,0,8,NULL,NULL,0),(479,89,49,NULL,'2010-09-27','0.0000',2,'0.0000',2,'0.0000',2,'0.0000',2,0,9,NULL,NULL,0),(480,89,49,NULL,'2010-10-04','0.0000',2,'0.0000',2,'0.0000',2,'0.0000',2,0,10,NULL,NULL,0),(481,90,50,NULL,'2010-08-02','0.0000',2,'0.0000',2,'0.0000',2,'0.0000',2,0,1,NULL,NULL,0),(482,90,50,NULL,'2010-08-09','0.0000',2,'0.0000',2,'0.0000',2,'0.0000',2,0,2,NULL,NULL,0),(483,90,50,NULL,'2010-08-16','0.0000',2,'0.0000',2,'0.0000',2,'0.0000',2,0,3,NULL,NULL,0),(484,90,50,NULL,'2010-08-23','0.0000',2,'0.0000',2,'0.0000',2,'0.0000',2,0,4,NULL,NULL,0),(485,90,50,NULL,'2010-08-30','0.0000',2,'0.0000',2,'0.0000',2,'0.0000',2,0,5,NULL,NULL,0),(486,90,50,NULL,'2010-09-06','0.0000',2,'0.0000',2,'0.0000',2,'0.0000',2,0,6,NULL,NULL,0),(487,90,50,NULL,'2010-09-13','0.0000',2,'0.0000',2,'0.0000',2,'0.0000',2,0,7,NULL,NULL,0),(488,90,50,NULL,'2010-09-20','0.0000',2,'0.0000',2,'0.0000',2,'0.0000',2,0,8,NULL,NULL,0),(489,90,50,NULL,'2010-09-27','0.0000',2,'0.0000',2,'0.0000',2,'0.0000',2,0,9,NULL,NULL,0),(490,90,50,NULL,'2010-10-04','0.0000',2,'0.0000',2,'0.0000',2,'0.0000',2,0,10,NULL,NULL,0),(491,92,51,NULL,'2010-08-02','0.0000',2,'0.0000',2,'0.0000',2,'0.0000',2,0,1,NULL,NULL,0),(492,92,51,NULL,'2010-08-12','0.0000',2,'0.0000',2,'0.0000',2,'0.0000',2,0,2,NULL,NULL,1),(493,92,51,NULL,'2010-08-19','0.0000',2,'0.0000',2,'0.0000',2,'0.0000',2,0,3,NULL,NULL,1),(494,92,51,NULL,'2010-08-26','0.0000',2,'0.0000',2,'0.0000',2,'0.0000',2,0,4,NULL,NULL,1),(495,92,51,NULL,'2010-09-02','0.0000',2,'0.0000',2,'0.0000',2,'0.0000',2,0,5,NULL,NULL,1),(496,92,51,NULL,'2010-09-09','0.0000',2,'0.0000',2,'0.0000',2,'0.0000',2,0,6,NULL,NULL,1),(497,92,51,NULL,'2010-09-16','0.0000',2,'0.0000',2,'0.0000',2,'0.0000',2,0,7,NULL,NULL,1),(498,92,51,NULL,'2010-09-23','0.0000',2,'0.0000',2,'0.0000',2,'0.0000',2,0,8,NULL,NULL,1),(499,92,51,NULL,'2010-09-30','0.0000',2,'0.0000',2,'0.0000',2,'0.0000',2,0,9,NULL,NULL,1),(500,92,51,NULL,'2010-10-07','0.0000',2,'0.0000',2,'0.0000',2,'0.0000',2,0,10,NULL,NULL,1),(501,94,52,NULL,'2010-08-02','0.0000',2,'0.0000',2,'0.0000',2,'0.0000',2,0,1,NULL,NULL,0),(502,94,52,NULL,'2010-08-12','0.0000',2,'0.0000',2,'0.0000',2,'0.0000',2,0,2,NULL,NULL,1),(503,94,52,NULL,'2010-08-19','0.0000',2,'0.0000',2,'0.0000',2,'0.0000',2,0,3,NULL,NULL,1),(504,94,52,NULL,'2010-08-26','0.0000',2,'0.0000',2,'0.0000',2,'0.0000',2,0,4,NULL,NULL,1),(505,94,52,NULL,'2010-09-02','0.0000',2,'0.0000',2,'0.0000',2,'0.0000',2,0,5,NULL,NULL,1),(506,94,52,NULL,'2010-09-09','0.0000',2,'0.0000',2,'0.0000',2,'0.0000',2,0,6,NULL,NULL,1),(507,94,52,NULL,'2010-09-16','0.0000',2,'0.0000',2,'0.0000',2,'0.0000',2,0,7,NULL,NULL,1),(508,94,52,NULL,'2010-09-23','0.0000',2,'0.0000',2,'0.0000',2,'0.0000',2,0,8,NULL,NULL,1),(509,94,52,NULL,'2010-09-30','0.0000',2,'0.0000',2,'0.0000',2,'0.0000',2,0,9,NULL,NULL,1),(510,94,52,NULL,'2010-10-07','0.0000',2,'0.0000',2,'0.0000',2,'0.0000',2,0,10,NULL,NULL,1),(511,96,53,NULL,'2010-08-09','0.0000',2,'0.0000',2,'0.0000',2,'0.0000',2,0,1,NULL,NULL,0),(512,96,53,NULL,'2010-08-16','0.0000',2,'0.0000',2,'0.0000',2,'0.0000',2,0,2,NULL,NULL,0),(513,96,53,NULL,'2010-08-23','0.0000',2,'0.0000',2,'0.0000',2,'0.0000',2,0,3,NULL,NULL,0),(514,96,53,NULL,'2010-08-30','0.0000',2,'0.0000',2,'0.0000',2,'0.0000',2,0,4,NULL,NULL,0),(515,96,53,NULL,'2010-09-06','0.0000',2,'0.0000',2,'0.0000',2,'0.0000',2,0,5,NULL,NULL,0),(516,96,53,NULL,'2010-09-13','0.0000',2,'0.0000',2,'0.0000',2,'0.0000',2,0,6,NULL,NULL,0),(517,96,53,NULL,'2010-09-20','0.0000',2,'0.0000',2,'0.0000',2,'0.0000',2,0,7,NULL,NULL,0),(518,96,53,NULL,'2010-09-27','0.0000',2,'0.0000',2,'0.0000',2,'0.0000',2,0,8,NULL,NULL,0),(519,96,53,NULL,'2010-10-04','0.0000',2,'0.0000',2,'0.0000',2,'0.0000',2,0,9,NULL,NULL,0),(520,96,53,NULL,'2010-10-11','0.0000',2,'0.0000',2,'0.0000',2,'0.0000',2,0,10,NULL,NULL,0),(521,97,54,NULL,'2010-08-09','0.0000',2,'0.0000',2,'0.0000',2,'0.0000',2,0,1,NULL,NULL,0),(522,97,54,NULL,'2010-08-16','0.0000',2,'0.0000',2,'0.0000',2,'0.0000',2,0,2,NULL,NULL,0),(523,97,54,NULL,'2010-08-23','0.0000',2,'0.0000',2,'0.0000',2,'0.0000',2,0,3,NULL,NULL,0),(524,97,54,NULL,'2010-08-30','0.0000',2,'0.0000',2,'0.0000',2,'0.0000',2,0,4,NULL,NULL,0),(525,97,54,NULL,'2010-09-06','0.0000',2,'0.0000',2,'0.0000',2,'0.0000',2,0,5,NULL,NULL,0),(526,97,54,NULL,'2010-09-13','0.0000',2,'0.0000',2,'0.0000',2,'0.0000',2,0,6,NULL,NULL,0),(527,97,54,NULL,'2010-09-20','0.0000',2,'0.0000',2,'0.0000',2,'0.0000',2,0,7,NULL,NULL,0),(528,97,54,NULL,'2010-09-27','0.0000',2,'0.0000',2,'0.0000',2,'0.0000',2,0,8,NULL,NULL,0),(529,97,54,NULL,'2010-10-04','0.0000',2,'0.0000',2,'0.0000',2,'0.0000',2,0,9,NULL,NULL,0),(530,97,54,NULL,'2010-10-11','0.0000',2,'0.0000',2,'0.0000',2,'0.0000',2,0,10,NULL,NULL,0),(531,98,55,NULL,'2010-08-09','0.0000',2,'0.0000',2,'0.0000',2,'0.0000',2,0,1,NULL,NULL,0),(532,98,55,NULL,'2010-08-16','0.0000',2,'0.0000',2,'0.0000',2,'0.0000',2,0,2,NULL,NULL,0),(533,98,55,NULL,'2010-08-23','0.0000',2,'0.0000',2,'0.0000',2,'0.0000',2,0,3,NULL,NULL,0),(534,98,55,NULL,'2010-08-30','0.0000',2,'0.0000',2,'0.0000',2,'0.0000',2,0,4,NULL,NULL,0),(535,98,55,NULL,'2010-09-06','0.0000',2,'0.0000',2,'0.0000',2,'0.0000',2,0,5,NULL,NULL,0),(536,98,55,NULL,'2010-09-13','0.0000',2,'0.0000',2,'0.0000',2,'0.0000',2,0,6,NULL,NULL,0),(537,98,55,NULL,'2010-09-20','0.0000',2,'0.0000',2,'0.0000',2,'0.0000',2,0,7,NULL,NULL,0),(538,98,55,NULL,'2010-09-27','0.0000',2,'0.0000',2,'0.0000',2,'0.0000',2,0,8,NULL,NULL,0),(539,98,55,NULL,'2010-10-04','0.0000',2,'0.0000',2,'0.0000',2,'0.0000',2,0,9,NULL,NULL,0),(540,98,55,NULL,'2010-10-11','0.0000',2,'0.0000',2,'0.0000',2,'0.0000',2,0,10,NULL,NULL,0),(541,99,56,NULL,'2010-08-09','0.0000',2,'0.0000',2,'0.0000',2,'0.0000',2,0,1,NULL,NULL,0),(542,99,56,NULL,'2010-08-19','0.0000',2,'0.0000',2,'0.0000',2,'0.0000',2,0,2,NULL,NULL,1),(543,99,56,NULL,'2010-08-26','0.0000',2,'0.0000',2,'0.0000',2,'0.0000',2,0,3,NULL,NULL,1),(544,99,56,NULL,'2010-09-02','0.0000',2,'0.0000',2,'0.0000',2,'0.0000',2,0,4,NULL,NULL,1),(545,99,56,NULL,'2010-09-09','0.0000',2,'0.0000',2,'0.0000',2,'0.0000',2,0,5,NULL,NULL,1),(546,99,56,NULL,'2010-09-16','0.0000',2,'0.0000',2,'0.0000',2,'0.0000',2,0,6,NULL,NULL,1),(547,99,56,NULL,'2010-09-23','0.0000',2,'0.0000',2,'0.0000',2,'0.0000',2,0,7,NULL,NULL,1),(548,99,56,NULL,'2010-09-30','0.0000',2,'0.0000',2,'0.0000',2,'0.0000',2,0,8,NULL,NULL,1),(549,99,56,NULL,'2010-10-07','0.0000',2,'0.0000',2,'0.0000',2,'0.0000',2,0,9,NULL,NULL,1),(550,99,56,NULL,'2010-10-14','0.0000',2,'0.0000',2,'0.0000',2,'0.0000',2,0,10,NULL,NULL,1),(551,101,57,NULL,'2010-08-09','0.0000',2,'0.0000',2,'0.0000',2,'0.0000',2,0,1,NULL,NULL,0),(552,101,57,NULL,'2010-08-17','0.0000',2,'0.0000',2,'0.0000',2,'0.0000',2,0,2,NULL,NULL,1),(553,101,57,NULL,'2010-08-24','0.0000',2,'0.0000',2,'0.0000',2,'0.0000',2,0,3,NULL,NULL,1),(554,101,57,NULL,'2010-08-31','0.0000',2,'0.0000',2,'0.0000',2,'0.0000',2,0,4,NULL,NULL,1),(555,101,57,NULL,'2010-09-07','0.0000',2,'0.0000',2,'0.0000',2,'0.0000',2,0,5,NULL,NULL,1),(556,101,57,NULL,'2010-09-14','0.0000',2,'0.0000',2,'0.0000',2,'0.0000',2,0,6,NULL,NULL,1),(557,101,57,NULL,'2010-09-21','0.0000',2,'0.0000',2,'0.0000',2,'0.0000',2,0,7,NULL,NULL,1),(558,101,57,NULL,'2010-09-28','0.0000',2,'0.0000',2,'0.0000',2,'0.0000',2,0,8,NULL,NULL,1),(559,101,57,NULL,'2010-10-05','0.0000',2,'0.0000',2,'0.0000',2,'0.0000',2,0,9,NULL,NULL,1),(560,101,57,NULL,'2010-10-12','0.0000',2,'0.0000',2,'0.0000',2,'0.0000',2,0,10,NULL,NULL,1),(561,103,58,NULL,'2010-08-25','0.0000',2,'0.0000',2,'0.0000',2,'0.0000',2,0,1,NULL,NULL,0),(562,103,58,NULL,'2010-09-01','0.0000',2,'0.0000',2,'0.0000',2,'0.0000',2,0,2,NULL,NULL,0),(563,103,58,NULL,'2010-09-08','0.0000',2,'0.0000',2,'0.0000',2,'0.0000',2,0,3,NULL,NULL,0),(564,103,58,NULL,'2010-09-15','0.0000',2,'0.0000',2,'0.0000',2,'0.0000',2,0,4,NULL,NULL,0),(565,103,58,NULL,'2010-09-22','0.0000',2,'0.0000',2,'0.0000',2,'0.0000',2,0,5,NULL,NULL,0),(566,103,58,NULL,'2010-09-29','0.0000',2,'0.0000',2,'0.0000',2,'0.0000',2,0,6,NULL,NULL,0),(567,103,58,NULL,'2010-10-06','0.0000',2,'0.0000',2,'0.0000',2,'0.0000',2,0,7,NULL,NULL,0),(568,103,58,NULL,'2010-10-13','0.0000',2,'0.0000',2,'0.0000',2,'0.0000',2,0,8,NULL,NULL,0),(569,103,58,NULL,'2010-10-20','0.0000',2,'0.0000',2,'0.0000',2,'0.0000',2,0,9,NULL,NULL,0),(570,103,58,NULL,'2010-10-27','0.0000',2,'0.0000',2,'0.0000',2,'0.0000',2,0,10,NULL,NULL,0),(571,104,59,NULL,'2010-08-25','0.0000',2,'0.0000',2,'0.0000',2,'0.0000',2,0,1,NULL,NULL,0),(572,104,59,NULL,'2010-09-01','0.0000',2,'0.0000',2,'0.0000',2,'0.0000',2,0,2,NULL,NULL,0),(573,104,59,NULL,'2010-09-08','0.0000',2,'0.0000',2,'0.0000',2,'0.0000',2,0,3,NULL,NULL,0),(574,104,59,NULL,'2010-09-15','0.0000',2,'0.0000',2,'0.0000',2,'0.0000',2,0,4,NULL,NULL,0),(575,104,59,NULL,'2010-09-22','0.0000',2,'0.0000',2,'0.0000',2,'0.0000',2,0,5,NULL,NULL,0),(576,104,59,NULL,'2010-09-29','0.0000',2,'0.0000',2,'0.0000',2,'0.0000',2,0,6,NULL,NULL,0),(577,104,59,NULL,'2010-10-06','0.0000',2,'0.0000',2,'0.0000',2,'0.0000',2,0,7,NULL,NULL,0),(578,104,59,NULL,'2010-10-13','0.0000',2,'0.0000',2,'0.0000',2,'0.0000',2,0,8,NULL,NULL,0),(579,104,59,NULL,'2010-10-20','0.0000',2,'0.0000',2,'0.0000',2,'0.0000',2,0,9,NULL,NULL,0),(580,104,59,NULL,'2010-10-27','0.0000',2,'0.0000',2,'0.0000',2,'0.0000',2,0,10,NULL,NULL,0),(581,105,60,NULL,'2010-08-27','0.0000',2,'0.0000',2,'0.0000',2,'0.0000',2,0,1,NULL,NULL,0),(582,105,60,NULL,'2010-09-03','0.0000',2,'0.0000',2,'0.0000',2,'0.0000',2,0,2,NULL,NULL,0),(583,105,60,NULL,'2010-09-10','0.0000',2,'0.0000',2,'0.0000',2,'0.0000',2,0,3,NULL,NULL,0),(584,105,60,NULL,'2010-09-17','0.0000',2,'0.0000',2,'0.0000',2,'0.0000',2,0,4,NULL,NULL,0),(585,105,60,NULL,'2010-09-24','0.0000',2,'0.0000',2,'0.0000',2,'0.0000',2,0,5,NULL,NULL,0),(586,105,60,NULL,'2010-10-01','0.0000',2,'0.0000',2,'0.0000',2,'0.0000',2,0,6,NULL,NULL,0),(587,105,60,NULL,'2010-10-08','0.0000',2,'0.0000',2,'0.0000',2,'0.0000',2,0,7,NULL,NULL,0),(588,105,60,NULL,'2010-10-15','0.0000',2,'0.0000',2,'0.0000',2,'0.0000',2,0,8,NULL,NULL,0),(589,105,60,NULL,'2010-10-22','0.0000',2,'0.0000',2,'0.0000',2,'0.0000',2,0,9,NULL,NULL,0),(590,105,60,NULL,'2010-10-29','0.0000',2,'0.0000',2,'0.0000',2,'0.0000',2,0,10,NULL,NULL,0),(591,106,61,NULL,'2010-08-27','0.0000',2,'0.0000',2,'0.0000',2,'0.0000',2,1,1,'2010-08-27',NULL,1),(592,106,61,NULL,'2010-09-03','0.0000',2,'0.0000',2,'0.0000',2,'0.0000',2,0,2,NULL,NULL,0),(593,106,61,NULL,'2010-09-10','0.0000',2,'0.0000',2,'0.0000',2,'0.0000',2,0,3,NULL,NULL,0),(594,106,61,NULL,'2010-09-17','0.0000',2,'0.0000',2,'0.0000',2,'0.0000',2,0,4,NULL,NULL,0),(595,106,61,NULL,'2010-09-24','0.0000',2,'0.0000',2,'0.0000',2,'0.0000',2,0,5,NULL,NULL,0),(596,106,61,NULL,'2010-10-01','0.0000',2,'0.0000',2,'0.0000',2,'0.0000',2,0,6,NULL,NULL,0),(597,106,61,NULL,'2010-10-08','0.0000',2,'0.0000',2,'0.0000',2,'0.0000',2,0,7,NULL,NULL,0),(598,106,61,NULL,'2010-10-15','0.0000',2,'0.0000',2,'0.0000',2,'0.0000',2,0,8,NULL,NULL,0),(599,106,61,NULL,'2010-10-22','0.0000',2,'0.0000',2,'0.0000',2,'0.0000',2,0,9,NULL,NULL,0),(600,106,61,NULL,'2010-10-29','0.0000',2,'0.0000',2,'0.0000',2,'0.0000',2,0,10,NULL,NULL,0),(601,107,62,NULL,'2010-08-27','2.0000',2,'2.0000',2,'4.0000',2,'4.0000',2,1,1,'2010-08-27',NULL,6),(602,107,62,NULL,'2010-09-03','0.0000',2,'0.0000',2,'0.0000',2,'0.0000',2,0,2,NULL,NULL,0),(603,107,62,NULL,'2010-09-10','0.0000',2,'0.0000',2,'0.0000',2,'0.0000',2,0,3,NULL,NULL,0),(604,107,62,NULL,'2010-09-17','0.0000',2,'0.0000',2,'0.0000',2,'0.0000',2,0,4,NULL,NULL,0),(605,107,62,NULL,'2010-09-24','0.0000',2,'0.0000',2,'0.0000',2,'0.0000',2,0,5,NULL,NULL,0),(606,107,62,NULL,'2010-10-01','0.0000',2,'0.0000',2,'0.0000',2,'0.0000',2,0,6,NULL,NULL,0),(607,107,62,NULL,'2010-10-08','0.0000',2,'0.0000',2,'0.0000',2,'0.0000',2,0,7,NULL,NULL,0),(608,107,62,NULL,'2010-10-15','0.0000',2,'0.0000',2,'0.0000',2,'0.0000',2,0,8,NULL,NULL,0),(609,107,62,NULL,'2010-10-22','0.0000',2,'0.0000',2,'0.0000',2,'0.0000',2,0,9,NULL,NULL,0),(610,107,62,NULL,'2010-10-29','0.0000',2,'0.0000',2,'0.0000',2,'0.0000',2,0,10,NULL,NULL,0),(611,108,63,NULL,'2010-08-27','0.0000',2,'0.0000',2,'0.0000',2,'0.0000',2,0,1,NULL,NULL,0),(612,108,63,NULL,'2010-09-03','0.0000',2,'0.0000',2,'0.0000',2,'0.0000',2,0,2,NULL,NULL,0),(613,108,63,NULL,'2010-09-10','0.0000',2,'0.0000',2,'0.0000',2,'0.0000',2,0,3,NULL,NULL,0),(614,108,63,NULL,'2010-09-17','0.0000',2,'0.0000',2,'0.0000',2,'0.0000',2,0,4,NULL,NULL,0),(615,108,63,NULL,'2010-09-24','0.0000',2,'0.0000',2,'0.0000',2,'0.0000',2,0,5,NULL,NULL,0),(616,108,63,NULL,'2010-10-01','0.0000',2,'0.0000',2,'0.0000',2,'0.0000',2,0,6,NULL,NULL,0),(617,108,63,NULL,'2010-10-08','0.0000',2,'0.0000',2,'0.0000',2,'0.0000',2,0,7,NULL,NULL,0),(618,108,63,NULL,'2010-10-15','0.0000',2,'0.0000',2,'0.0000',2,'0.0000',2,0,8,NULL,NULL,0),(619,108,63,NULL,'2010-10-22','0.0000',2,'0.0000',2,'0.0000',2,'0.0000',2,0,9,NULL,NULL,0),(620,108,63,NULL,'2010-10-29','0.0000',2,'0.0000',2,'0.0000',2,'0.0000',2,0,10,NULL,NULL,0),(621,110,64,NULL,'2010-08-28','0.0000',2,'0.0000',2,'0.0000',2,'0.0000',2,0,1,NULL,NULL,0),(622,110,64,NULL,'2010-09-04','0.0000',2,'0.0000',2,'0.0000',2,'0.0000',2,0,2,NULL,NULL,0),(623,110,64,NULL,'2010-09-11','0.0000',2,'0.0000',2,'0.0000',2,'0.0000',2,0,3,NULL,NULL,0),(624,110,64,NULL,'2010-09-18','0.0000',2,'0.0000',2,'0.0000',2,'0.0000',2,0,4,NULL,NULL,0),(625,110,64,NULL,'2010-09-25','0.0000',2,'0.0000',2,'0.0000',2,'0.0000',2,0,5,NULL,NULL,0),(626,110,64,NULL,'2010-10-02','0.0000',2,'0.0000',2,'0.0000',2,'0.0000',2,0,6,NULL,NULL,0),(627,110,64,NULL,'2010-10-09','0.0000',2,'0.0000',2,'0.0000',2,'0.0000',2,0,7,NULL,NULL,0),(628,110,64,NULL,'2010-10-16','0.0000',2,'0.0000',2,'0.0000',2,'0.0000',2,0,8,NULL,NULL,0),(629,110,64,NULL,'2010-10-23','0.0000',2,'0.0000',2,'0.0000',2,'0.0000',2,0,9,NULL,NULL,0),(630,110,64,NULL,'2010-10-30','0.0000',2,'0.0000',2,'0.0000',2,'0.0000',2,0,10,NULL,NULL,0),(631,111,65,NULL,'2010-08-28','0.0000',2,'0.0000',2,'0.0000',2,'0.0000',2,0,1,NULL,NULL,0),(632,111,65,NULL,'2010-09-04','0.0000',2,'0.0000',2,'0.0000',2,'0.0000',2,0,2,NULL,NULL,0),(633,111,65,NULL,'2010-09-11','0.0000',2,'0.0000',2,'0.0000',2,'0.0000',2,0,3,NULL,NULL,0),(634,111,65,NULL,'2010-09-18','0.0000',2,'0.0000',2,'0.0000',2,'0.0000',2,0,4,NULL,NULL,0),(635,111,65,NULL,'2010-09-25','0.0000',2,'0.0000',2,'0.0000',2,'0.0000',2,0,5,NULL,NULL,0),(636,111,65,NULL,'2010-10-02','0.0000',2,'0.0000',2,'0.0000',2,'0.0000',2,0,6,NULL,NULL,0),(637,111,65,NULL,'2010-10-09','0.0000',2,'0.0000',2,'0.0000',2,'0.0000',2,0,7,NULL,NULL,0),(638,111,65,NULL,'2010-10-16','0.0000',2,'0.0000',2,'0.0000',2,'0.0000',2,0,8,NULL,NULL,0),(639,111,65,NULL,'2010-10-23','0.0000',2,'0.0000',2,'0.0000',2,'0.0000',2,0,9,NULL,NULL,0),(640,111,65,NULL,'2010-10-30','0.0000',2,'0.0000',2,'0.0000',2,'0.0000',2,0,10,NULL,NULL,0),(641,113,66,NULL,'2010-09-02','0.0000',2,'0.0000',2,'0.0000',2,'0.0000',2,0,1,NULL,NULL,0),(642,113,66,NULL,'2010-09-09','0.0000',2,'0.0000',2,'0.0000',2,'0.0000',2,0,2,NULL,NULL,0),(643,113,66,NULL,'2010-09-16','0.0000',2,'0.0000',2,'0.0000',2,'0.0000',2,0,3,NULL,NULL,0),(644,113,66,NULL,'2010-09-23','0.0000',2,'0.0000',2,'0.0000',2,'0.0000',2,0,4,NULL,NULL,0),(645,113,66,NULL,'2010-09-30','0.0000',2,'0.0000',2,'0.0000',2,'0.0000',2,0,5,NULL,NULL,0),(646,113,66,NULL,'2010-10-07','0.0000',2,'0.0000',2,'0.0000',2,'0.0000',2,0,6,NULL,NULL,0),(647,113,66,NULL,'2010-10-14','0.0000',2,'0.0000',2,'0.0000',2,'0.0000',2,0,7,NULL,NULL,0),(648,113,66,NULL,'2010-10-21','0.0000',2,'0.0000',2,'0.0000',2,'0.0000',2,0,8,NULL,NULL,0),(649,113,66,NULL,'2010-10-28','0.0000',2,'0.0000',2,'0.0000',2,'0.0000',2,0,9,NULL,NULL,0),(650,113,66,NULL,'2010-11-04','0.0000',2,'0.0000',2,'0.0000',2,'0.0000',2,0,10,NULL,NULL,0),(651,1,1,NULL,'2010-09-09','0.0000',2,'0.0000',2,'0.0000',2,'0.0000',2,0,11,NULL,NULL,0),(652,1,1,NULL,'2010-09-16','0.0000',2,'0.0000',2,'0.0000',2,'0.0000',2,0,12,NULL,NULL,0),(653,1,1,NULL,'2010-09-23','0.0000',2,'0.0000',2,'0.0000',2,'0.0000',2,0,13,NULL,NULL,0),(654,1,1,NULL,'2010-09-30','0.0000',2,'0.0000',2,'0.0000',2,'0.0000',2,0,14,NULL,NULL,0),(655,1,1,NULL,'2010-10-07','0.0000',2,'0.0000',2,'0.0000',2,'0.0000',2,0,15,NULL,NULL,0),(656,1,1,NULL,'2010-10-14','0.0000',2,'0.0000',2,'0.0000',2,'0.0000',2,0,16,NULL,NULL,0),(657,1,1,NULL,'2010-10-21','0.0000',2,'0.0000',2,'0.0000',2,'0.0000',2,0,17,NULL,NULL,0),(658,1,1,NULL,'2010-10-28','0.0000',2,'0.0000',2,'0.0000',2,'0.0000',2,0,18,NULL,NULL,0),(659,1,1,NULL,'2010-11-04','0.0000',2,'0.0000',2,'0.0000',2,'0.0000',2,0,19,NULL,NULL,0),(660,1,1,NULL,'2010-11-11','0.0000',2,'0.0000',2,'0.0000',2,'0.0000',2,0,20,NULL,NULL,0),(661,2,2,NULL,'2010-09-16','0.0000',2,'0.0000',2,'0.0000',2,'0.0000',2,0,11,NULL,NULL,0),(662,2,2,NULL,'2010-09-23','0.0000',2,'0.0000',2,'0.0000',2,'0.0000',2,0,12,NULL,NULL,0),(663,2,2,NULL,'2010-09-30','0.0000',2,'0.0000',2,'0.0000',2,'0.0000',2,0,13,NULL,NULL,0),(664,2,2,NULL,'2010-10-07','0.0000',2,'0.0000',2,'0.0000',2,'0.0000',2,0,14,NULL,NULL,0),(665,2,2,NULL,'2010-10-14','0.0000',2,'0.0000',2,'0.0000',2,'0.0000',2,0,15,NULL,NULL,0),(666,2,2,NULL,'2010-10-21','0.0000',2,'0.0000',2,'0.0000',2,'0.0000',2,0,16,NULL,NULL,0),(667,2,2,NULL,'2010-10-28','0.0000',2,'0.0000',2,'0.0000',2,'0.0000',2,0,17,NULL,NULL,0),(668,2,2,NULL,'2010-11-04','0.0000',2,'0.0000',2,'0.0000',2,'0.0000',2,0,18,NULL,NULL,0),(669,2,2,NULL,'2010-11-11','0.0000',2,'0.0000',2,'0.0000',2,'0.0000',2,0,19,NULL,NULL,0),(670,2,2,NULL,'2010-11-18','0.0000',2,'0.0000',2,'0.0000',2,'0.0000',2,0,20,NULL,NULL,0),(671,3,3,NULL,'2010-09-16','0.0000',2,'0.0000',2,'0.0000',2,'0.0000',2,0,11,NULL,NULL,0),(672,3,3,NULL,'2010-09-23','0.0000',2,'0.0000',2,'0.0000',2,'0.0000',2,0,12,NULL,NULL,0),(673,3,3,NULL,'2010-09-30','0.0000',2,'0.0000',2,'0.0000',2,'0.0000',2,0,13,NULL,NULL,0),(674,3,3,NULL,'2010-10-07','0.0000',2,'0.0000',2,'0.0000',2,'0.0000',2,0,14,NULL,NULL,0),(675,3,3,NULL,'2010-10-14','0.0000',2,'0.0000',2,'0.0000',2,'0.0000',2,0,15,NULL,NULL,0),(676,3,3,NULL,'2010-10-21','0.0000',2,'0.0000',2,'0.0000',2,'0.0000',2,0,16,NULL,NULL,0),(677,3,3,NULL,'2010-10-28','0.0000',2,'0.0000',2,'0.0000',2,'0.0000',2,0,17,NULL,NULL,0),(678,3,3,NULL,'2010-11-04','0.0000',2,'0.0000',2,'0.0000',2,'0.0000',2,0,18,NULL,NULL,0),(679,3,3,NULL,'2010-11-11','0.0000',2,'0.0000',2,'0.0000',2,'0.0000',2,0,19,NULL,NULL,0),(680,3,3,NULL,'2010-11-18','0.0000',2,'0.0000',2,'0.0000',2,'0.0000',2,0,20,NULL,NULL,0),(681,5,4,NULL,'2010-09-16','0.0000',2,'0.0000',2,'0.0000',2,'0.0000',2,0,11,NULL,NULL,0),(682,5,4,NULL,'2010-09-23','0.0000',2,'0.0000',2,'0.0000',2,'0.0000',2,0,12,NULL,NULL,0),(683,5,4,NULL,'2010-09-30','0.0000',2,'0.0000',2,'0.0000',2,'0.0000',2,0,13,NULL,NULL,0),(684,5,4,NULL,'2010-10-07','0.0000',2,'0.0000',2,'0.0000',2,'0.0000',2,0,14,NULL,NULL,0),(685,5,4,NULL,'2010-10-14','0.0000',2,'0.0000',2,'0.0000',2,'0.0000',2,0,15,NULL,NULL,0),(686,5,4,NULL,'2010-10-21','0.0000',2,'0.0000',2,'0.0000',2,'0.0000',2,0,16,NULL,NULL,0),(687,5,4,NULL,'2010-10-28','0.0000',2,'0.0000',2,'0.0000',2,'0.0000',2,0,17,NULL,NULL,0),(688,5,4,NULL,'2010-11-04','0.0000',2,'0.0000',2,'0.0000',2,'0.0000',2,0,18,NULL,NULL,0),(689,5,4,NULL,'2010-11-11','0.0000',2,'0.0000',2,'0.0000',2,'0.0000',2,0,19,NULL,NULL,0),(690,5,4,NULL,'2010-11-18','0.0000',2,'0.0000',2,'0.0000',2,'0.0000',2,0,20,NULL,NULL,0),(691,9,5,NULL,'2010-09-16','0.0000',2,'0.0000',2,'0.0000',2,'0.0000',2,0,11,NULL,NULL,0),(692,9,5,NULL,'2010-09-23','0.0000',2,'0.0000',2,'0.0000',2,'0.0000',2,0,12,NULL,NULL,0),(693,9,5,NULL,'2010-09-30','0.0000',2,'0.0000',2,'0.0000',2,'0.0000',2,0,13,NULL,NULL,0),(694,9,5,NULL,'2010-10-07','0.0000',2,'0.0000',2,'0.0000',2,'0.0000',2,0,14,NULL,NULL,0),(695,9,5,NULL,'2010-10-14','0.0000',2,'0.0000',2,'0.0000',2,'0.0000',2,0,15,NULL,NULL,0),(696,9,5,NULL,'2010-10-21','0.0000',2,'0.0000',2,'0.0000',2,'0.0000',2,0,16,NULL,NULL,0),(697,9,5,NULL,'2010-10-28','0.0000',2,'0.0000',2,'0.0000',2,'0.0000',2,0,17,NULL,NULL,0),(698,9,5,NULL,'2010-11-04','0.0000',2,'0.0000',2,'0.0000',2,'0.0000',2,0,18,NULL,NULL,0),(699,9,5,NULL,'2010-11-11','0.0000',2,'0.0000',2,'0.0000',2,'0.0000',2,0,19,NULL,NULL,0),(700,9,5,NULL,'2010-11-18','0.0000',2,'0.0000',2,'0.0000',2,'0.0000',2,0,20,NULL,NULL,0),(701,10,6,NULL,'2010-09-16','0.0000',2,'0.0000',2,'0.0000',2,'0.0000',2,0,11,NULL,NULL,0),(702,10,6,NULL,'2010-09-23','0.0000',2,'0.0000',2,'0.0000',2,'0.0000',2,0,12,NULL,NULL,0),(703,10,6,NULL,'2010-09-30','0.0000',2,'0.0000',2,'0.0000',2,'0.0000',2,0,13,NULL,NULL,0),(704,10,6,NULL,'2010-10-07','0.0000',2,'0.0000',2,'0.0000',2,'0.0000',2,0,14,NULL,NULL,0),(705,10,6,NULL,'2010-10-14','0.0000',2,'0.0000',2,'0.0000',2,'0.0000',2,0,15,NULL,NULL,0),(706,10,6,NULL,'2010-10-21','0.0000',2,'0.0000',2,'0.0000',2,'0.0000',2,0,16,NULL,NULL,0),(707,10,6,NULL,'2010-10-28','0.0000',2,'0.0000',2,'0.0000',2,'0.0000',2,0,17,NULL,NULL,0),(708,10,6,NULL,'2010-11-04','0.0000',2,'0.0000',2,'0.0000',2,'0.0000',2,0,18,NULL,NULL,0),(709,10,6,NULL,'2010-11-11','0.0000',2,'0.0000',2,'0.0000',2,'0.0000',2,0,19,NULL,NULL,0),(710,10,6,NULL,'2010-11-18','0.0000',2,'0.0000',2,'0.0000',2,'0.0000',2,0,20,NULL,NULL,0),(711,12,7,NULL,'2010-09-16','0.0000',2,'0.0000',2,'0.0000',2,'0.0000',2,0,11,NULL,NULL,0),(712,12,7,NULL,'2010-09-23','0.0000',2,'0.0000',2,'0.0000',2,'0.0000',2,0,12,NULL,NULL,0),(713,12,7,NULL,'2010-09-30','0.0000',2,'0.0000',2,'0.0000',2,'0.0000',2,0,13,NULL,NULL,0),(714,12,7,NULL,'2010-10-07','0.0000',2,'0.0000',2,'0.0000',2,'0.0000',2,0,14,NULL,NULL,0),(715,12,7,NULL,'2010-10-14','0.0000',2,'0.0000',2,'0.0000',2,'0.0000',2,0,15,NULL,NULL,0),(716,12,7,NULL,'2010-10-21','0.0000',2,'0.0000',2,'0.0000',2,'0.0000',2,0,16,NULL,NULL,0),(717,12,7,NULL,'2010-10-28','0.0000',2,'0.0000',2,'0.0000',2,'0.0000',2,0,17,NULL,NULL,0),(718,12,7,NULL,'2010-11-04','0.0000',2,'0.0000',2,'0.0000',2,'0.0000',2,0,18,NULL,NULL,0),(719,12,7,NULL,'2010-11-11','0.0000',2,'0.0000',2,'0.0000',2,'0.0000',2,0,19,NULL,NULL,0),(720,12,7,NULL,'2010-11-18','0.0000',2,'0.0000',2,'0.0000',2,'0.0000',2,0,20,NULL,NULL,0),(721,18,8,NULL,'2010-09-16','0.0000',2,'0.0000',2,'0.0000',2,'0.0000',2,0,11,NULL,NULL,0),(722,18,8,NULL,'2010-09-23','0.0000',2,'0.0000',2,'0.0000',2,'0.0000',2,0,12,NULL,NULL,0),(723,18,8,NULL,'2010-09-30','0.0000',2,'0.0000',2,'0.0000',2,'0.0000',2,0,13,NULL,NULL,0),(724,18,8,NULL,'2010-10-07','0.0000',2,'0.0000',2,'0.0000',2,'0.0000',2,0,14,NULL,NULL,0),(725,18,8,NULL,'2010-10-14','0.0000',2,'0.0000',2,'0.0000',2,'0.0000',2,0,15,NULL,NULL,0),(726,18,8,NULL,'2010-10-21','0.0000',2,'0.0000',2,'0.0000',2,'0.0000',2,0,16,NULL,NULL,0),(727,18,8,NULL,'2010-10-28','0.0000',2,'0.0000',2,'0.0000',2,'0.0000',2,0,17,NULL,NULL,0),(728,18,8,NULL,'2010-11-04','0.0000',2,'0.0000',2,'0.0000',2,'0.0000',2,0,18,NULL,NULL,0),(729,18,8,NULL,'2010-11-11','0.0000',2,'0.0000',2,'0.0000',2,'0.0000',2,0,19,NULL,NULL,0),(730,18,8,NULL,'2010-11-18','0.0000',2,'0.0000',2,'0.0000',2,'0.0000',2,0,20,NULL,NULL,0),(731,19,9,NULL,'2010-09-16','0.0000',2,'0.0000',2,'0.0000',2,'0.0000',2,0,11,NULL,NULL,0),(732,19,9,NULL,'2010-09-23','0.0000',2,'0.0000',2,'0.0000',2,'0.0000',2,0,12,NULL,NULL,0),(733,19,9,NULL,'2010-09-30','0.0000',2,'0.0000',2,'0.0000',2,'0.0000',2,0,13,NULL,NULL,0),(734,19,9,NULL,'2010-10-07','0.0000',2,'0.0000',2,'0.0000',2,'0.0000',2,0,14,NULL,NULL,0),(735,19,9,NULL,'2010-10-14','0.0000',2,'0.0000',2,'0.0000',2,'0.0000',2,0,15,NULL,NULL,0),(736,19,9,NULL,'2010-10-21','0.0000',2,'0.0000',2,'0.0000',2,'0.0000',2,0,16,NULL,NULL,0),(737,19,9,NULL,'2010-10-28','0.0000',2,'0.0000',2,'0.0000',2,'0.0000',2,0,17,NULL,NULL,0),(738,19,9,NULL,'2010-11-04','0.0000',2,'0.0000',2,'0.0000',2,'0.0000',2,0,18,NULL,NULL,0),(739,19,9,NULL,'2010-11-11','0.0000',2,'0.0000',2,'0.0000',2,'0.0000',2,0,19,NULL,NULL,0),(740,19,9,NULL,'2010-11-18','0.0000',2,'0.0000',2,'0.0000',2,'0.0000',2,0,20,NULL,NULL,0),(741,22,10,NULL,'2010-10-02','0.0000',2,'0.0000',2,'0.0000',2,'0.0000',2,0,11,NULL,NULL,0),(742,22,10,NULL,'2010-10-09','0.0000',2,'0.0000',2,'0.0000',2,'0.0000',2,0,12,NULL,NULL,0),(743,22,10,NULL,'2010-10-16','0.0000',2,'0.0000',2,'0.0000',2,'0.0000',2,0,13,NULL,NULL,0),(744,22,10,NULL,'2010-10-23','0.0000',2,'0.0000',2,'0.0000',2,'0.0000',2,0,14,NULL,NULL,0),(745,22,10,NULL,'2010-10-30','0.0000',2,'0.0000',2,'0.0000',2,'0.0000',2,0,15,NULL,NULL,0),(746,22,10,NULL,'2010-11-06','0.0000',2,'0.0000',2,'0.0000',2,'0.0000',2,0,16,NULL,NULL,0),(747,22,10,NULL,'2010-11-13','0.0000',2,'0.0000',2,'0.0000',2,'0.0000',2,0,17,NULL,NULL,0),(748,22,10,NULL,'2010-11-20','0.0000',2,'0.0000',2,'0.0000',2,'0.0000',2,0,18,NULL,NULL,0),(749,22,10,NULL,'2010-11-27','0.0000',2,'0.0000',2,'0.0000',2,'0.0000',2,0,19,NULL,NULL,0),(750,22,10,NULL,'2010-12-04','0.0000',2,'0.0000',2,'0.0000',2,'0.0000',2,0,20,NULL,NULL,0),(751,25,11,NULL,'2010-09-28','0.0000',2,'0.0000',2,'0.0000',2,'0.0000',2,0,11,NULL,NULL,0),(752,25,11,NULL,'2010-10-05','0.0000',2,'0.0000',2,'0.0000',2,'0.0000',2,0,12,NULL,NULL,0),(753,25,11,NULL,'2010-10-12','0.0000',2,'0.0000',2,'0.0000',2,'0.0000',2,0,13,NULL,NULL,0),(754,25,11,NULL,'2010-10-19','0.0000',2,'0.0000',2,'0.0000',2,'0.0000',2,0,14,NULL,NULL,0),(755,25,11,NULL,'2010-10-26','0.0000',2,'0.0000',2,'0.0000',2,'0.0000',2,0,15,NULL,NULL,0),(756,25,11,NULL,'2010-11-02','0.0000',2,'0.0000',2,'0.0000',2,'0.0000',2,0,16,NULL,NULL,0),(757,25,11,NULL,'2010-11-09','0.0000',2,'0.0000',2,'0.0000',2,'0.0000',2,0,17,NULL,NULL,0),(758,25,11,NULL,'2010-11-16','0.0000',2,'0.0000',2,'0.0000',2,'0.0000',2,0,18,NULL,NULL,0),(759,25,11,NULL,'2010-11-23','0.0000',2,'0.0000',2,'0.0000',2,'0.0000',2,0,19,NULL,NULL,0),(760,25,11,NULL,'2010-11-30','0.0000',2,'0.0000',2,'0.0000',2,'0.0000',2,0,20,NULL,NULL,0),(761,26,12,NULL,'2010-09-28','0.0000',2,'0.0000',2,'0.0000',2,'0.0000',2,0,11,NULL,NULL,0),(762,26,12,NULL,'2010-10-05','0.0000',2,'0.0000',2,'0.0000',2,'0.0000',2,0,12,NULL,NULL,0),(763,26,12,NULL,'2010-10-12','0.0000',2,'0.0000',2,'0.0000',2,'0.0000',2,0,13,NULL,NULL,0),(764,26,12,NULL,'2010-10-19','0.0000',2,'0.0000',2,'0.0000',2,'0.0000',2,0,14,NULL,NULL,0),(765,26,12,NULL,'2010-10-26','0.0000',2,'0.0000',2,'0.0000',2,'0.0000',2,0,15,NULL,NULL,0),(766,26,12,NULL,'2010-11-02','0.0000',2,'0.0000',2,'0.0000',2,'0.0000',2,0,16,NULL,NULL,0),(767,26,12,NULL,'2010-11-09','0.0000',2,'0.0000',2,'0.0000',2,'0.0000',2,0,17,NULL,NULL,0),(768,26,12,NULL,'2010-11-16','0.0000',2,'0.0000',2,'0.0000',2,'0.0000',2,0,18,NULL,NULL,0),(769,26,12,NULL,'2010-11-23','0.0000',2,'0.0000',2,'0.0000',2,'0.0000',2,0,19,NULL,NULL,0),(770,26,12,NULL,'2010-11-30','0.0000',2,'0.0000',2,'0.0000',2,'0.0000',2,0,20,NULL,NULL,0),(771,27,13,NULL,'2010-09-28','0.0000',2,'0.0000',2,'0.0000',2,'0.0000',2,0,11,NULL,NULL,0),(772,27,13,NULL,'2010-10-05','0.0000',2,'0.0000',2,'0.0000',2,'0.0000',2,0,12,NULL,NULL,0),(773,27,13,NULL,'2010-10-12','0.0000',2,'0.0000',2,'0.0000',2,'0.0000',2,0,13,NULL,NULL,0),(774,27,13,NULL,'2010-10-19','0.0000',2,'0.0000',2,'0.0000',2,'0.0000',2,0,14,NULL,NULL,0),(775,27,13,NULL,'2010-10-26','0.0000',2,'0.0000',2,'0.0000',2,'0.0000',2,0,15,NULL,NULL,0),(776,27,13,NULL,'2010-11-02','0.0000',2,'0.0000',2,'0.0000',2,'0.0000',2,0,16,NULL,NULL,0),(777,27,13,NULL,'2010-11-09','0.0000',2,'0.0000',2,'0.0000',2,'0.0000',2,0,17,NULL,NULL,0),(778,27,13,NULL,'2010-11-16','0.0000',2,'0.0000',2,'0.0000',2,'0.0000',2,0,18,NULL,NULL,0),(779,27,13,NULL,'2010-11-23','0.0000',2,'0.0000',2,'0.0000',2,'0.0000',2,0,19,NULL,NULL,0),(780,27,13,NULL,'2010-11-30','0.0000',2,'0.0000',2,'0.0000',2,'0.0000',2,0,20,NULL,NULL,0),(781,28,14,NULL,'2010-10-05','0.0000',2,'0.0000',2,'0.0000',2,'0.0000',2,0,11,NULL,NULL,0),(782,28,14,NULL,'2010-10-12','0.0000',2,'0.0000',2,'0.0000',2,'0.0000',2,0,12,NULL,NULL,0),(783,28,14,NULL,'2010-10-19','0.0000',2,'0.0000',2,'0.0000',2,'0.0000',2,0,13,NULL,NULL,0),(784,28,14,NULL,'2010-10-26','0.0000',2,'0.0000',2,'0.0000',2,'0.0000',2,0,14,NULL,NULL,0),(785,28,14,NULL,'2010-11-02','0.0000',2,'0.0000',2,'0.0000',2,'0.0000',2,0,15,NULL,NULL,0),(786,28,14,NULL,'2010-11-09','0.0000',2,'0.0000',2,'0.0000',2,'0.0000',2,0,16,NULL,NULL,0),(787,28,14,NULL,'2010-11-16','0.0000',2,'0.0000',2,'0.0000',2,'0.0000',2,0,17,NULL,NULL,0),(788,28,14,NULL,'2010-11-23','0.0000',2,'0.0000',2,'0.0000',2,'0.0000',2,0,18,NULL,NULL,0),(789,28,14,NULL,'2010-11-30','0.0000',2,'0.0000',2,'0.0000',2,'0.0000',2,0,19,NULL,NULL,0),(790,28,14,NULL,'2010-12-07','0.0000',2,'0.0000',2,'0.0000',2,'0.0000',2,0,20,NULL,NULL,0),(791,29,15,NULL,'2010-10-05','0.0000',2,'0.0000',2,'0.0000',2,'0.0000',2,0,11,NULL,NULL,0),(792,29,15,NULL,'2010-10-12','0.0000',2,'0.0000',2,'0.0000',2,'0.0000',2,0,12,NULL,NULL,0),(793,29,15,NULL,'2010-10-19','0.0000',2,'0.0000',2,'0.0000',2,'0.0000',2,0,13,NULL,NULL,0),(794,29,15,NULL,'2010-10-26','0.0000',2,'0.0000',2,'0.0000',2,'0.0000',2,0,14,NULL,NULL,0),(795,29,15,NULL,'2010-11-02','0.0000',2,'0.0000',2,'0.0000',2,'0.0000',2,0,15,NULL,NULL,0),(796,29,15,NULL,'2010-11-09','0.0000',2,'0.0000',2,'0.0000',2,'0.0000',2,0,16,NULL,NULL,0),(797,29,15,NULL,'2010-11-16','0.0000',2,'0.0000',2,'0.0000',2,'0.0000',2,0,17,NULL,NULL,0),(798,29,15,NULL,'2010-11-23','0.0000',2,'0.0000',2,'0.0000',2,'0.0000',2,0,18,NULL,NULL,0),(799,29,15,NULL,'2010-11-30','0.0000',2,'0.0000',2,'0.0000',2,'0.0000',2,0,19,NULL,NULL,0),(800,29,15,NULL,'2010-12-07','0.0000',2,'0.0000',2,'0.0000',2,'0.0000',2,0,20,NULL,NULL,0),(801,33,16,NULL,'2010-09-30','0.0000',2,'0.0000',2,'0.0000',2,'0.0000',2,0,11,NULL,NULL,0),(802,33,16,NULL,'2010-10-07','0.0000',2,'0.0000',2,'0.0000',2,'0.0000',2,0,12,NULL,NULL,0),(803,33,16,NULL,'2010-10-14','0.0000',2,'0.0000',2,'0.0000',2,'0.0000',2,0,13,NULL,NULL,0),(804,33,16,NULL,'2010-10-21','0.0000',2,'0.0000',2,'0.0000',2,'0.0000',2,0,14,NULL,NULL,0),(805,33,16,NULL,'2010-10-28','0.0000',2,'0.0000',2,'0.0000',2,'0.0000',2,0,15,NULL,NULL,0),(806,33,16,NULL,'2010-11-04','0.0000',2,'0.0000',2,'0.0000',2,'0.0000',2,0,16,NULL,NULL,0),(807,33,16,NULL,'2010-11-11','0.0000',2,'0.0000',2,'0.0000',2,'0.0000',2,0,17,NULL,NULL,0),(808,33,16,NULL,'2010-11-18','0.0000',2,'0.0000',2,'0.0000',2,'0.0000',2,0,18,NULL,NULL,0),(809,33,16,NULL,'2010-11-25','0.0000',2,'0.0000',2,'0.0000',2,'0.0000',2,0,19,NULL,NULL,0),(810,33,16,NULL,'2010-12-02','0.0000',2,'0.0000',2,'0.0000',2,'0.0000',2,0,20,NULL,NULL,0),(811,35,17,NULL,'2010-09-30','0.0000',2,'0.0000',2,'0.0000',2,'0.0000',2,0,11,NULL,NULL,0),(812,35,17,NULL,'2010-10-07','0.0000',2,'0.0000',2,'0.0000',2,'0.0000',2,0,12,NULL,NULL,0),(813,35,17,NULL,'2010-10-14','0.0000',2,'0.0000',2,'0.0000',2,'0.0000',2,0,13,NULL,NULL,0),(814,35,17,NULL,'2010-10-21','0.0000',2,'0.0000',2,'0.0000',2,'0.0000',2,0,14,NULL,NULL,0),(815,35,17,NULL,'2010-10-28','0.0000',2,'0.0000',2,'0.0000',2,'0.0000',2,0,15,NULL,NULL,0),(816,35,17,NULL,'2010-11-04','0.0000',2,'0.0000',2,'0.0000',2,'0.0000',2,0,16,NULL,NULL,0),(817,35,17,NULL,'2010-11-11','0.0000',2,'0.0000',2,'0.0000',2,'0.0000',2,0,17,NULL,NULL,0),(818,35,17,NULL,'2010-11-18','0.0000',2,'0.0000',2,'0.0000',2,'0.0000',2,0,18,NULL,NULL,0),(819,35,17,NULL,'2010-11-25','0.0000',2,'0.0000',2,'0.0000',2,'0.0000',2,0,19,NULL,NULL,0),(820,35,17,NULL,'2010-12-02','0.0000',2,'0.0000',2,'0.0000',2,'0.0000',2,0,20,NULL,NULL,0),(821,37,18,NULL,'2010-09-30','0.0000',2,'0.0000',2,'0.0000',2,'0.0000',2,0,11,NULL,NULL,0),(822,37,18,NULL,'2010-10-07','0.0000',2,'0.0000',2,'0.0000',2,'0.0000',2,0,12,NULL,NULL,0),(823,37,18,NULL,'2010-10-14','0.0000',2,'0.0000',2,'0.0000',2,'0.0000',2,0,13,NULL,NULL,0),(824,37,18,NULL,'2010-10-21','0.0000',2,'0.0000',2,'0.0000',2,'0.0000',2,0,14,NULL,NULL,0),(825,37,18,NULL,'2010-10-28','0.0000',2,'0.0000',2,'0.0000',2,'0.0000',2,0,15,NULL,NULL,0),(826,37,18,NULL,'2010-11-04','0.0000',2,'0.0000',2,'0.0000',2,'0.0000',2,0,16,NULL,NULL,0),(827,37,18,NULL,'2010-11-11','0.0000',2,'0.0000',2,'0.0000',2,'0.0000',2,0,17,NULL,NULL,0),(828,37,18,NULL,'2010-11-18','0.0000',2,'0.0000',2,'0.0000',2,'0.0000',2,0,18,NULL,NULL,0),(829,37,18,NULL,'2010-11-25','0.0000',2,'0.0000',2,'0.0000',2,'0.0000',2,0,19,NULL,NULL,0),(830,37,18,NULL,'2010-12-02','0.0000',2,'0.0000',2,'0.0000',2,'0.0000',2,0,20,NULL,NULL,0),(831,39,19,NULL,'2010-09-30','0.0000',2,'0.0000',2,'0.0000',2,'0.0000',2,0,11,NULL,NULL,0),(832,39,19,NULL,'2010-10-07','0.0000',2,'0.0000',2,'0.0000',2,'0.0000',2,0,12,NULL,NULL,0),(833,39,19,NULL,'2010-10-14','0.0000',2,'0.0000',2,'0.0000',2,'0.0000',2,0,13,NULL,NULL,0),(834,39,19,NULL,'2010-10-21','0.0000',2,'0.0000',2,'0.0000',2,'0.0000',2,0,14,NULL,NULL,0),(835,39,19,NULL,'2010-10-28','0.0000',2,'0.0000',2,'0.0000',2,'0.0000',2,0,15,NULL,NULL,0),(836,39,19,NULL,'2010-11-04','0.0000',2,'0.0000',2,'0.0000',2,'0.0000',2,0,16,NULL,NULL,0),(837,39,19,NULL,'2010-11-11','0.0000',2,'0.0000',2,'0.0000',2,'0.0000',2,0,17,NULL,NULL,0),(838,39,19,NULL,'2010-11-18','0.0000',2,'0.0000',2,'0.0000',2,'0.0000',2,0,18,NULL,NULL,0),(839,39,19,NULL,'2010-11-25','0.0000',2,'0.0000',2,'0.0000',2,'0.0000',2,0,19,NULL,NULL,0),(840,39,19,NULL,'2010-12-02','0.0000',2,'0.0000',2,'0.0000',2,'0.0000',2,0,20,NULL,NULL,0),(841,40,20,NULL,'2010-09-30','0.0000',2,'0.0000',2,'0.0000',2,'0.0000',2,0,11,NULL,NULL,0),(842,40,20,NULL,'2010-10-07','0.0000',2,'0.0000',2,'0.0000',2,'0.0000',2,0,12,NULL,NULL,0),(843,40,20,NULL,'2010-10-14','0.0000',2,'0.0000',2,'0.0000',2,'0.0000',2,0,13,NULL,NULL,0),(844,40,20,NULL,'2010-10-21','0.0000',2,'0.0000',2,'0.0000',2,'0.0000',2,0,14,NULL,NULL,0),(845,40,20,NULL,'2010-10-28','0.0000',2,'0.0000',2,'0.0000',2,'0.0000',2,0,15,NULL,NULL,0),(846,40,20,NULL,'2010-11-04','0.0000',2,'0.0000',2,'0.0000',2,'0.0000',2,0,16,NULL,NULL,0),(847,40,20,NULL,'2010-11-11','0.0000',2,'0.0000',2,'0.0000',2,'0.0000',2,0,17,NULL,NULL,0),(848,40,20,NULL,'2010-11-18','0.0000',2,'0.0000',2,'0.0000',2,'0.0000',2,0,18,NULL,NULL,0),(849,40,20,NULL,'2010-11-25','0.0000',2,'0.0000',2,'0.0000',2,'0.0000',2,0,19,NULL,NULL,0),(850,40,20,NULL,'2010-12-02','0.0000',2,'0.0000',2,'0.0000',2,'0.0000',2,0,20,NULL,NULL,0),(851,41,21,NULL,'2010-09-30','0.0000',2,'0.0000',2,'0.0000',2,'0.0000',2,0,11,NULL,NULL,0),(852,41,21,NULL,'2010-10-07','0.0000',2,'0.0000',2,'0.0000',2,'0.0000',2,0,12,NULL,NULL,0),(853,41,21,NULL,'2010-10-14','0.0000',2,'0.0000',2,'0.0000',2,'0.0000',2,0,13,NULL,NULL,0),(854,41,21,NULL,'2010-10-21','0.0000',2,'0.0000',2,'0.0000',2,'0.0000',2,0,14,NULL,NULL,0),(855,41,21,NULL,'2010-10-28','0.0000',2,'0.0000',2,'0.0000',2,'0.0000',2,0,15,NULL,NULL,0),(856,41,21,NULL,'2010-11-04','0.0000',2,'0.0000',2,'0.0000',2,'0.0000',2,0,16,NULL,NULL,0),(857,41,21,NULL,'2010-11-11','0.0000',2,'0.0000',2,'0.0000',2,'0.0000',2,0,17,NULL,NULL,0),(858,41,21,NULL,'2010-11-18','0.0000',2,'0.0000',2,'0.0000',2,'0.0000',2,0,18,NULL,NULL,0),(859,41,21,NULL,'2010-11-25','0.0000',2,'0.0000',2,'0.0000',2,'0.0000',2,0,19,NULL,NULL,0),(860,41,21,NULL,'2010-12-02','0.0000',2,'0.0000',2,'0.0000',2,'0.0000',2,0,20,NULL,NULL,0),(861,42,22,NULL,'2010-09-30','0.0000',2,'0.0000',2,'0.0000',2,'0.0000',2,0,11,NULL,NULL,0),(862,42,22,NULL,'2010-10-07','0.0000',2,'0.0000',2,'0.0000',2,'0.0000',2,0,12,NULL,NULL,0),(863,42,22,NULL,'2010-10-14','0.0000',2,'0.0000',2,'0.0000',2,'0.0000',2,0,13,NULL,NULL,0),(864,42,22,NULL,'2010-10-21','0.0000',2,'0.0000',2,'0.0000',2,'0.0000',2,0,14,NULL,NULL,0),(865,42,22,NULL,'2010-10-28','0.0000',2,'0.0000',2,'0.0000',2,'0.0000',2,0,15,NULL,NULL,0),(866,42,22,NULL,'2010-11-04','0.0000',2,'0.0000',2,'0.0000',2,'0.0000',2,0,16,NULL,NULL,0),(867,42,22,NULL,'2010-11-11','0.0000',2,'0.0000',2,'0.0000',2,'0.0000',2,0,17,NULL,NULL,0),(868,42,22,NULL,'2010-11-18','0.0000',2,'0.0000',2,'0.0000',2,'0.0000',2,0,18,NULL,NULL,0),(869,42,22,NULL,'2010-11-25','0.0000',2,'0.0000',2,'0.0000',2,'0.0000',2,0,19,NULL,NULL,0),(870,42,22,NULL,'2010-12-02','0.0000',2,'0.0000',2,'0.0000',2,'0.0000',2,0,20,NULL,NULL,0),(871,43,23,NULL,'2010-09-30','0.0000',2,'0.0000',2,'0.0000',2,'0.0000',2,0,11,NULL,NULL,0),(872,43,23,NULL,'2010-10-07','0.0000',2,'0.0000',2,'0.0000',2,'0.0000',2,0,12,NULL,NULL,0),(873,43,23,NULL,'2010-10-14','0.0000',2,'0.0000',2,'0.0000',2,'0.0000',2,0,13,NULL,NULL,0),(874,43,23,NULL,'2010-10-21','0.0000',2,'0.0000',2,'0.0000',2,'0.0000',2,0,14,NULL,NULL,0),(875,43,23,NULL,'2010-10-28','0.0000',2,'0.0000',2,'0.0000',2,'0.0000',2,0,15,NULL,NULL,0),(876,43,23,NULL,'2010-11-04','0.0000',2,'0.0000',2,'0.0000',2,'0.0000',2,0,16,NULL,NULL,0),(877,43,23,NULL,'2010-11-11','0.0000',2,'0.0000',2,'0.0000',2,'0.0000',2,0,17,NULL,NULL,0),(878,43,23,NULL,'2010-11-18','0.0000',2,'0.0000',2,'0.0000',2,'0.0000',2,0,18,NULL,NULL,0),(879,43,23,NULL,'2010-11-25','0.0000',2,'0.0000',2,'0.0000',2,'0.0000',2,0,19,NULL,NULL,0),(880,43,23,NULL,'2010-12-02','0.0000',2,'0.0000',2,'0.0000',2,'0.0000',2,0,20,NULL,NULL,0),(881,45,24,NULL,'2010-09-28','0.0000',2,'0.0000',2,'0.0000',2,'0.0000',2,0,11,NULL,NULL,0),(882,45,24,NULL,'2010-10-05','0.0000',2,'0.0000',2,'0.0000',2,'0.0000',2,0,12,NULL,NULL,0),(883,45,24,NULL,'2010-10-12','0.0000',2,'0.0000',2,'0.0000',2,'0.0000',2,0,13,NULL,NULL,0),(884,45,24,NULL,'2010-10-19','0.0000',2,'0.0000',2,'0.0000',2,'0.0000',2,0,14,NULL,NULL,0),(885,45,24,NULL,'2010-10-26','0.0000',2,'0.0000',2,'0.0000',2,'0.0000',2,0,15,NULL,NULL,0),(886,45,24,NULL,'2010-11-02','0.0000',2,'0.0000',2,'0.0000',2,'0.0000',2,0,16,NULL,NULL,0),(887,45,24,NULL,'2010-11-09','0.0000',2,'0.0000',2,'0.0000',2,'0.0000',2,0,17,NULL,NULL,0),(888,45,24,NULL,'2010-11-16','0.0000',2,'0.0000',2,'0.0000',2,'0.0000',2,0,18,NULL,NULL,0),(889,45,24,NULL,'2010-11-23','0.0000',2,'0.0000',2,'0.0000',2,'0.0000',2,0,19,NULL,NULL,0),(890,45,24,NULL,'2010-11-30','0.0000',2,'0.0000',2,'0.0000',2,'0.0000',2,0,20,NULL,NULL,0),(891,48,25,NULL,'2010-10-06','0.0000',2,'0.0000',2,'0.0000',2,'0.0000',2,0,11,NULL,NULL,0),(892,48,25,NULL,'2010-10-13','0.0000',2,'0.0000',2,'0.0000',2,'0.0000',2,0,12,NULL,NULL,0),(893,48,25,NULL,'2010-10-20','0.0000',2,'0.0000',2,'0.0000',2,'0.0000',2,0,13,NULL,NULL,0),(894,48,25,NULL,'2010-10-27','0.0000',2,'0.0000',2,'0.0000',2,'0.0000',2,0,14,NULL,NULL,0),(895,48,25,NULL,'2010-11-03','0.0000',2,'0.0000',2,'0.0000',2,'0.0000',2,0,15,NULL,NULL,0),(896,48,25,NULL,'2010-11-10','0.0000',2,'0.0000',2,'0.0000',2,'0.0000',2,0,16,NULL,NULL,0),(897,48,25,NULL,'2010-11-17','0.0000',2,'0.0000',2,'0.0000',2,'0.0000',2,0,17,NULL,NULL,0),(898,48,25,NULL,'2010-11-24','0.0000',2,'0.0000',2,'0.0000',2,'0.0000',2,0,18,NULL,NULL,0),(899,48,25,NULL,'2010-12-01','0.0000',2,'0.0000',2,'0.0000',2,'0.0000',2,0,19,NULL,NULL,0),(900,48,25,NULL,'2010-12-08','0.0000',2,'0.0000',2,'0.0000',2,'0.0000',2,0,20,NULL,NULL,0),(901,49,26,NULL,'2010-10-05','0.0000',2,'0.0000',2,'0.0000',2,'0.0000',2,0,11,NULL,NULL,0),(902,49,26,NULL,'2010-10-12','0.0000',2,'0.0000',2,'0.0000',2,'0.0000',2,0,12,NULL,NULL,0),(903,49,26,NULL,'2010-10-19','0.0000',2,'0.0000',2,'0.0000',2,'0.0000',2,0,13,NULL,NULL,0),(904,49,26,NULL,'2010-10-26','0.0000',2,'0.0000',2,'0.0000',2,'0.0000',2,0,14,NULL,NULL,0),(905,49,26,NULL,'2010-11-02','0.0000',2,'0.0000',2,'0.0000',2,'0.0000',2,0,15,NULL,NULL,0),(906,49,26,NULL,'2010-11-09','0.0000',2,'0.0000',2,'0.0000',2,'0.0000',2,0,16,NULL,NULL,0),(907,49,26,NULL,'2010-11-16','0.0000',2,'0.0000',2,'0.0000',2,'0.0000',2,0,17,NULL,NULL,0),(908,49,26,NULL,'2010-11-23','0.0000',2,'0.0000',2,'0.0000',2,'0.0000',2,0,18,NULL,NULL,0),(909,49,26,NULL,'2010-11-30','0.0000',2,'0.0000',2,'0.0000',2,'0.0000',2,0,19,NULL,NULL,0),(910,49,26,NULL,'2010-12-07','0.0000',2,'0.0000',2,'0.0000',2,'0.0000',2,0,20,NULL,NULL,0),(911,50,27,NULL,'2010-12-15','0.0000',2,'0.0000',2,'0.0000',2,'0.0000',2,0,11,NULL,NULL,0),(912,50,27,NULL,'2010-12-29','0.0000',2,'0.0000',2,'0.0000',2,'0.0000',2,0,12,NULL,NULL,0),(913,50,27,NULL,'2011-01-12','0.0000',2,'0.0000',2,'0.0000',2,'0.0000',2,0,13,NULL,NULL,0),(914,50,27,NULL,'2011-01-26','0.0000',2,'0.0000',2,'0.0000',2,'0.0000',2,0,14,NULL,NULL,0),(915,50,27,NULL,'2011-02-09','0.0000',2,'0.0000',2,'0.0000',2,'0.0000',2,0,15,NULL,NULL,0),(916,50,27,NULL,'2011-02-23','0.0000',2,'0.0000',2,'0.0000',2,'0.0000',2,0,16,NULL,NULL,0),(917,50,27,NULL,'2011-03-09','0.0000',2,'0.0000',2,'0.0000',2,'0.0000',2,0,17,NULL,NULL,0),(918,50,27,NULL,'2011-03-23','0.0000',2,'0.0000',2,'0.0000',2,'0.0000',2,0,18,NULL,NULL,0),(919,50,27,NULL,'2011-04-06','0.0000',2,'0.0000',2,'0.0000',2,'0.0000',2,0,19,NULL,NULL,0),(920,50,27,NULL,'2011-04-20','0.0000',2,'0.0000',2,'0.0000',2,'0.0000',2,0,20,NULL,NULL,0),(921,51,28,NULL,'2010-10-07','0.0000',2,'0.0000',2,'0.0000',2,'0.0000',2,0,11,NULL,NULL,0),(922,51,28,NULL,'2010-10-14','0.0000',2,'0.0000',2,'0.0000',2,'0.0000',2,0,12,NULL,NULL,0),(923,51,28,NULL,'2010-10-21','0.0000',2,'0.0000',2,'0.0000',2,'0.0000',2,0,13,NULL,NULL,0),(924,51,28,NULL,'2010-10-28','0.0000',2,'0.0000',2,'0.0000',2,'0.0000',2,0,14,NULL,NULL,0),(925,51,28,NULL,'2010-11-04','0.0000',2,'0.0000',2,'0.0000',2,'0.0000',2,0,15,NULL,NULL,0),(926,51,28,NULL,'2010-11-11','0.0000',2,'0.0000',2,'0.0000',2,'0.0000',2,0,16,NULL,NULL,0),(927,51,28,NULL,'2010-11-18','0.0000',2,'0.0000',2,'0.0000',2,'0.0000',2,0,17,NULL,NULL,0),(928,51,28,NULL,'2010-11-25','0.0000',2,'0.0000',2,'0.0000',2,'0.0000',2,0,18,NULL,NULL,0),(929,51,28,NULL,'2010-12-02','0.0000',2,'0.0000',2,'0.0000',2,'0.0000',2,0,19,NULL,NULL,0),(930,51,28,NULL,'2010-12-09','0.0000',2,'0.0000',2,'0.0000',2,'0.0000',2,0,20,NULL,NULL,0),(931,54,29,NULL,'2010-10-06','0.0000',2,'0.0000',2,'0.0000',2,'0.0000',2,0,11,NULL,NULL,0),(932,54,29,NULL,'2010-10-13','0.0000',2,'0.0000',2,'0.0000',2,'0.0000',2,0,12,NULL,NULL,0),(933,54,29,NULL,'2010-10-20','0.0000',2,'0.0000',2,'0.0000',2,'0.0000',2,0,13,NULL,NULL,0),(934,54,29,NULL,'2010-10-27','0.0000',2,'0.0000',2,'0.0000',2,'0.0000',2,0,14,NULL,NULL,0),(935,54,29,NULL,'2010-11-03','0.0000',2,'0.0000',2,'0.0000',2,'0.0000',2,0,15,NULL,NULL,0),(936,54,29,NULL,'2010-11-10','0.0000',2,'0.0000',2,'0.0000',2,'0.0000',2,0,16,NULL,NULL,0),(937,54,29,NULL,'2010-11-17','0.0000',2,'0.0000',2,'0.0000',2,'0.0000',2,0,17,NULL,NULL,0),(938,54,29,NULL,'2010-11-24','0.0000',2,'0.0000',2,'0.0000',2,'0.0000',2,0,18,NULL,NULL,0),(939,54,29,NULL,'2010-12-01','0.0000',2,'0.0000',2,'0.0000',2,'0.0000',2,0,19,NULL,NULL,0),(940,54,29,NULL,'2010-12-08','0.0000',2,'0.0000',2,'0.0000',2,'0.0000',2,0,20,NULL,NULL,0),(941,57,30,NULL,'2010-10-06','0.0000',2,'0.0000',2,'0.0000',2,'0.0000',2,0,11,NULL,NULL,0),(942,57,30,NULL,'2010-10-13','0.0000',2,'0.0000',2,'0.0000',2,'0.0000',2,0,12,NULL,NULL,0),(943,57,30,NULL,'2010-10-20','0.0000',2,'0.0000',2,'0.0000',2,'0.0000',2,0,13,NULL,NULL,0),(944,57,30,NULL,'2010-10-27','0.0000',2,'0.0000',2,'0.0000',2,'0.0000',2,0,14,NULL,NULL,0),(945,57,30,NULL,'2010-11-03','0.0000',2,'0.0000',2,'0.0000',2,'0.0000',2,0,15,NULL,NULL,0),(946,57,30,NULL,'2010-11-10','0.0000',2,'0.0000',2,'0.0000',2,'0.0000',2,0,16,NULL,NULL,0),(947,57,30,NULL,'2010-11-17','0.0000',2,'0.0000',2,'0.0000',2,'0.0000',2,0,17,NULL,NULL,0),(948,57,30,NULL,'2010-11-24','0.0000',2,'0.0000',2,'0.0000',2,'0.0000',2,0,18,NULL,NULL,0),(949,57,30,NULL,'2010-12-01','0.0000',2,'0.0000',2,'0.0000',2,'0.0000',2,0,19,NULL,NULL,0),(950,57,30,NULL,'2010-12-08','0.0000',2,'0.0000',2,'0.0000',2,'0.0000',2,0,20,NULL,NULL,0),(951,60,31,NULL,'2010-10-05','0.0000',2,'0.0000',2,'0.0000',2,'0.0000',2,0,11,NULL,NULL,0),(952,60,31,NULL,'2010-10-12','0.0000',2,'0.0000',2,'0.0000',2,'0.0000',2,0,12,NULL,NULL,0),(953,60,31,NULL,'2010-10-19','0.0000',2,'0.0000',2,'0.0000',2,'0.0000',2,0,13,NULL,NULL,0),(954,60,31,NULL,'2010-10-26','0.0000',2,'0.0000',2,'0.0000',2,'0.0000',2,0,14,NULL,NULL,0),(955,60,31,NULL,'2010-11-02','0.0000',2,'0.0000',2,'0.0000',2,'0.0000',2,0,15,NULL,NULL,0),(956,60,31,NULL,'2010-11-09','0.0000',2,'0.0000',2,'0.0000',2,'0.0000',2,0,16,NULL,NULL,0),(957,60,31,NULL,'2010-11-16','0.0000',2,'0.0000',2,'0.0000',2,'0.0000',2,0,17,NULL,NULL,0),(958,60,31,NULL,'2010-11-23','0.0000',2,'0.0000',2,'0.0000',2,'0.0000',2,0,18,NULL,NULL,0),(959,60,31,NULL,'2010-11-30','0.0000',2,'0.0000',2,'0.0000',2,'0.0000',2,0,19,NULL,NULL,0),(960,60,31,NULL,'2010-12-07','0.0000',2,'0.0000',2,'0.0000',2,'0.0000',2,0,20,NULL,NULL,0),(961,62,32,NULL,'2010-10-06','0.0000',2,'0.0000',2,'0.0000',2,'0.0000',2,0,11,NULL,NULL,0),(962,62,32,NULL,'2010-10-13','0.0000',2,'0.0000',2,'0.0000',2,'0.0000',2,0,12,NULL,NULL,0),(963,62,32,NULL,'2010-10-20','0.0000',2,'0.0000',2,'0.0000',2,'0.0000',2,0,13,NULL,NULL,0),(964,62,32,NULL,'2010-10-27','0.0000',2,'0.0000',2,'0.0000',2,'0.0000',2,0,14,NULL,NULL,0),(965,62,32,NULL,'2010-11-03','0.0000',2,'0.0000',2,'0.0000',2,'0.0000',2,0,15,NULL,NULL,0),(966,62,32,NULL,'2010-11-10','0.0000',2,'0.0000',2,'0.0000',2,'0.0000',2,0,16,NULL,NULL,0),(967,62,32,NULL,'2010-11-17','0.0000',2,'0.0000',2,'0.0000',2,'0.0000',2,0,17,NULL,NULL,0),(968,62,32,NULL,'2010-11-24','0.0000',2,'0.0000',2,'0.0000',2,'0.0000',2,0,18,NULL,NULL,0),(969,62,32,NULL,'2010-12-01','0.0000',2,'0.0000',2,'0.0000',2,'0.0000',2,0,19,NULL,NULL,0),(970,62,32,NULL,'2010-12-08','0.0000',2,'0.0000',2,'0.0000',2,'0.0000',2,0,20,NULL,NULL,0),(971,63,33,NULL,'2010-10-06','0.0000',2,'0.0000',2,'0.0000',2,'0.0000',2,0,11,NULL,NULL,0),(972,63,33,NULL,'2010-10-13','0.0000',2,'0.0000',2,'0.0000',2,'0.0000',2,0,12,NULL,NULL,0),(973,63,33,NULL,'2010-10-20','0.0000',2,'0.0000',2,'0.0000',2,'0.0000',2,0,13,NULL,NULL,0),(974,63,33,NULL,'2010-10-27','0.0000',2,'0.0000',2,'0.0000',2,'0.0000',2,0,14,NULL,NULL,0),(975,63,33,NULL,'2010-11-03','0.0000',2,'0.0000',2,'0.0000',2,'0.0000',2,0,15,NULL,NULL,0),(976,63,33,NULL,'2010-11-10','0.0000',2,'0.0000',2,'0.0000',2,'0.0000',2,0,16,NULL,NULL,0),(977,63,33,NULL,'2010-11-17','0.0000',2,'0.0000',2,'0.0000',2,'0.0000',2,0,17,NULL,NULL,0),(978,63,33,NULL,'2010-11-24','0.0000',2,'0.0000',2,'0.0000',2,'0.0000',2,0,18,NULL,NULL,0),(979,63,33,NULL,'2010-12-01','0.0000',2,'0.0000',2,'0.0000',2,'0.0000',2,0,19,NULL,NULL,0),(980,63,33,NULL,'2010-12-08','0.0000',2,'0.0000',2,'0.0000',2,'0.0000',2,0,20,NULL,NULL,0),(981,65,34,NULL,'2010-10-06','0.0000',2,'0.0000',2,'0.0000',2,'0.0000',2,0,11,NULL,NULL,0),(982,65,34,NULL,'2010-10-13','0.0000',2,'0.0000',2,'0.0000',2,'0.0000',2,0,12,NULL,NULL,0),(983,65,34,NULL,'2010-10-20','0.0000',2,'0.0000',2,'0.0000',2,'0.0000',2,0,13,NULL,NULL,0),(984,65,34,NULL,'2010-10-27','0.0000',2,'0.0000',2,'0.0000',2,'0.0000',2,0,14,NULL,NULL,0),(985,65,34,NULL,'2010-11-03','0.0000',2,'0.0000',2,'0.0000',2,'0.0000',2,0,15,NULL,NULL,0),(986,65,34,NULL,'2010-11-10','0.0000',2,'0.0000',2,'0.0000',2,'0.0000',2,0,16,NULL,NULL,0),(987,65,34,NULL,'2010-11-17','0.0000',2,'0.0000',2,'0.0000',2,'0.0000',2,0,17,NULL,NULL,0),(988,65,34,NULL,'2010-11-24','0.0000',2,'0.0000',2,'0.0000',2,'0.0000',2,0,18,NULL,NULL,0),(989,65,34,NULL,'2010-12-01','0.0000',2,'0.0000',2,'0.0000',2,'0.0000',2,0,19,NULL,NULL,0),(990,65,34,NULL,'2010-12-08','0.0000',2,'0.0000',2,'0.0000',2,'0.0000',2,0,20,NULL,NULL,0),(991,68,35,NULL,'2010-10-13','0.0000',2,'0.0000',2,'0.0000',2,'0.0000',2,0,11,NULL,NULL,0),(992,68,35,NULL,'2010-10-20','0.0000',2,'0.0000',2,'0.0000',2,'0.0000',2,0,12,NULL,NULL,0),(993,68,35,NULL,'2010-10-27','0.0000',2,'0.0000',2,'0.0000',2,'0.0000',2,0,13,NULL,NULL,0),(994,68,35,NULL,'2010-11-03','0.0000',2,'0.0000',2,'0.0000',2,'0.0000',2,0,14,NULL,NULL,0),(995,68,35,NULL,'2010-11-10','0.0000',2,'0.0000',2,'0.0000',2,'0.0000',2,0,15,NULL,NULL,0),(996,68,35,NULL,'2010-11-17','0.0000',2,'0.0000',2,'0.0000',2,'0.0000',2,0,16,NULL,NULL,0),(997,68,35,NULL,'2010-11-24','0.0000',2,'0.0000',2,'0.0000',2,'0.0000',2,0,17,NULL,NULL,0),(998,68,35,NULL,'2010-12-01','0.0000',2,'0.0000',2,'0.0000',2,'0.0000',2,0,18,NULL,NULL,0),(999,68,35,NULL,'2010-12-08','0.0000',2,'0.0000',2,'0.0000',2,'0.0000',2,0,19,NULL,NULL,0),(1000,68,35,NULL,'2010-12-15','0.0000',2,'0.0000',2,'0.0000',2,'0.0000',2,0,20,NULL,NULL,0),(1001,69,36,NULL,'2010-10-13','0.0000',2,'0.0000',2,'0.0000',2,'0.0000',2,0,11,NULL,NULL,0),(1002,69,36,NULL,'2010-10-20','0.0000',2,'0.0000',2,'0.0000',2,'0.0000',2,0,12,NULL,NULL,0),(1003,69,36,NULL,'2010-10-27','0.0000',2,'0.0000',2,'0.0000',2,'0.0000',2,0,13,NULL,NULL,0),(1004,69,36,NULL,'2010-11-03','0.0000',2,'0.0000',2,'0.0000',2,'0.0000',2,0,14,NULL,NULL,0),(1005,69,36,NULL,'2010-11-10','0.0000',2,'0.0000',2,'0.0000',2,'0.0000',2,0,15,NULL,NULL,0),(1006,69,36,NULL,'2010-11-17','0.0000',2,'0.0000',2,'0.0000',2,'0.0000',2,0,16,NULL,NULL,0),(1007,69,36,NULL,'2010-11-24','0.0000',2,'0.0000',2,'0.0000',2,'0.0000',2,0,17,NULL,NULL,0),(1008,69,36,NULL,'2010-12-01','0.0000',2,'0.0000',2,'0.0000',2,'0.0000',2,0,18,NULL,NULL,0),(1009,69,36,NULL,'2010-12-08','0.0000',2,'0.0000',2,'0.0000',2,'0.0000',2,0,19,NULL,NULL,0),(1010,69,36,NULL,'2010-12-15','0.0000',2,'0.0000',2,'0.0000',2,'0.0000',2,0,20,NULL,NULL,0),(1011,70,37,NULL,'2010-11-01','0.0000',2,'0.0000',2,'0.0000',2,'0.0000',2,0,11,NULL,NULL,0),(1012,70,37,NULL,'2010-11-22','0.0000',2,'0.0000',2,'0.0000',2,'0.0000',2,0,12,NULL,NULL,0),(1013,70,37,NULL,'2010-12-13','0.0000',2,'0.0000',2,'0.0000',2,'0.0000',2,0,13,NULL,NULL,0),(1014,70,37,NULL,'2011-01-03','0.0000',2,'0.0000',2,'0.0000',2,'0.0000',2,0,14,NULL,NULL,0),(1015,70,37,NULL,'2011-01-24','0.0000',2,'0.0000',2,'0.0000',2,'0.0000',2,0,15,NULL,NULL,0),(1016,70,37,NULL,'2011-02-14','0.0000',2,'0.0000',2,'0.0000',2,'0.0000',2,0,16,NULL,NULL,0),(1017,70,37,NULL,'2011-03-07','0.0000',2,'0.0000',2,'0.0000',2,'0.0000',2,0,17,NULL,NULL,0),(1018,70,37,NULL,'2011-03-28','0.0000',2,'0.0000',2,'0.0000',2,'0.0000',2,0,18,NULL,NULL,0),(1019,70,37,NULL,'2011-04-18','0.0000',2,'0.0000',2,'0.0000',2,'0.0000',2,0,19,NULL,NULL,0),(1020,70,37,NULL,'2011-05-09','0.0000',2,'0.0000',2,'0.0000',2,'0.0000',2,0,20,NULL,NULL,0),(1021,71,38,NULL,'2010-11-01','0.0000',2,'0.0000',2,'0.0000',2,'0.0000',2,0,11,NULL,NULL,0),(1022,71,38,NULL,'2010-11-22','0.0000',2,'0.0000',2,'0.0000',2,'0.0000',2,0,12,NULL,NULL,0),(1023,71,38,NULL,'2010-12-13','0.0000',2,'0.0000',2,'0.0000',2,'0.0000',2,0,13,NULL,NULL,0),(1024,71,38,NULL,'2011-01-03','0.0000',2,'0.0000',2,'0.0000',2,'0.0000',2,0,14,NULL,NULL,0),(1025,71,38,NULL,'2011-01-24','0.0000',2,'0.0000',2,'0.0000',2,'0.0000',2,0,15,NULL,NULL,0),(1026,71,38,NULL,'2011-02-14','0.0000',2,'0.0000',2,'0.0000',2,'0.0000',2,0,16,NULL,NULL,0),(1027,71,38,NULL,'2011-03-07','0.0000',2,'0.0000',2,'0.0000',2,'0.0000',2,0,17,NULL,NULL,0),(1028,71,38,NULL,'2011-03-28','0.0000',2,'0.0000',2,'0.0000',2,'0.0000',2,0,18,NULL,NULL,0),(1029,71,38,NULL,'2011-04-18','0.0000',2,'0.0000',2,'0.0000',2,'0.0000',2,0,19,NULL,NULL,0),(1030,71,38,NULL,'2011-05-09','0.0000',2,'0.0000',2,'0.0000',2,'0.0000',2,0,20,NULL,NULL,0),(1031,75,42,NULL,'2010-10-11','0.0000',2,'0.0000',2,'0.0000',2,'0.0000',2,0,11,NULL,NULL,0),(1032,75,42,NULL,'2010-10-18','0.0000',2,'0.0000',2,'0.0000',2,'0.0000',2,0,12,NULL,NULL,0),(1033,75,42,NULL,'2010-10-25','0.0000',2,'0.0000',2,'0.0000',2,'0.0000',2,0,13,NULL,NULL,0),(1034,75,42,NULL,'2010-11-01','0.0000',2,'0.0000',2,'0.0000',2,'0.0000',2,0,14,NULL,NULL,0),(1035,75,42,NULL,'2010-11-08','0.0000',2,'0.0000',2,'0.0000',2,'0.0000',2,0,15,NULL,NULL,0),(1036,75,42,NULL,'2010-11-15','0.0000',2,'0.0000',2,'0.0000',2,'0.0000',2,0,16,NULL,NULL,0),(1037,75,42,NULL,'2010-11-22','0.0000',2,'0.0000',2,'0.0000',2,'0.0000',2,0,17,NULL,NULL,0),(1038,75,42,NULL,'2010-11-29','0.0000',2,'0.0000',2,'0.0000',2,'0.0000',2,0,18,NULL,NULL,0),(1039,75,42,NULL,'2010-12-06','0.0000',2,'0.0000',2,'0.0000',2,'0.0000',2,0,19,NULL,NULL,0),(1040,75,42,NULL,'2010-12-13','0.0000',2,'0.0000',2,'0.0000',2,'0.0000',2,0,20,NULL,NULL,0),(1041,77,43,NULL,'2010-10-11','0.0000',2,'0.0000',2,'0.0000',2,'0.0000',2,0,11,NULL,NULL,0),(1042,77,43,NULL,'2010-10-18','0.0000',2,'0.0000',2,'0.0000',2,'0.0000',2,0,12,NULL,NULL,0),(1043,77,43,NULL,'2010-10-25','0.0000',2,'0.0000',2,'0.0000',2,'0.0000',2,0,13,NULL,NULL,0),(1044,77,43,NULL,'2010-11-01','0.0000',2,'0.0000',2,'0.0000',2,'0.0000',2,0,14,NULL,NULL,0),(1045,77,43,NULL,'2010-11-08','0.0000',2,'0.0000',2,'0.0000',2,'0.0000',2,0,15,NULL,NULL,0),(1046,77,43,NULL,'2010-11-15','0.0000',2,'0.0000',2,'0.0000',2,'0.0000',2,0,16,NULL,NULL,0),(1047,77,43,NULL,'2010-11-22','0.0000',2,'0.0000',2,'0.0000',2,'0.0000',2,0,17,NULL,NULL,0),(1048,77,43,NULL,'2010-11-29','0.0000',2,'0.0000',2,'0.0000',2,'0.0000',2,0,18,NULL,NULL,0),(1049,77,43,NULL,'2010-12-06','0.0000',2,'0.0000',2,'0.0000',2,'0.0000',2,0,19,NULL,NULL,0),(1050,77,43,NULL,'2010-12-13','0.0000',2,'0.0000',2,'0.0000',2,'0.0000',2,0,20,NULL,NULL,0),(1051,79,44,NULL,'2010-10-13','0.0000',2,'0.0000',2,'0.0000',2,'0.0000',2,0,11,NULL,NULL,0),(1052,79,44,NULL,'2010-10-20','0.0000',2,'0.0000',2,'0.0000',2,'0.0000',2,0,12,NULL,NULL,0),(1053,79,44,NULL,'2010-10-27','0.0000',2,'0.0000',2,'0.0000',2,'0.0000',2,0,13,NULL,NULL,0),(1054,79,44,NULL,'2010-11-03','0.0000',2,'0.0000',2,'0.0000',2,'0.0000',2,0,14,NULL,NULL,0),(1055,79,44,NULL,'2010-11-10','0.0000',2,'0.0000',2,'0.0000',2,'0.0000',2,0,15,NULL,NULL,0),(1056,79,44,NULL,'2010-11-17','0.0000',2,'0.0000',2,'0.0000',2,'0.0000',2,0,16,NULL,NULL,0),(1057,79,44,NULL,'2010-11-24','0.0000',2,'0.0000',2,'0.0000',2,'0.0000',2,0,17,NULL,NULL,0),(1058,79,44,NULL,'2010-12-01','0.0000',2,'0.0000',2,'0.0000',2,'0.0000',2,0,18,NULL,NULL,0),(1059,79,44,NULL,'2010-12-08','0.0000',2,'0.0000',2,'0.0000',2,'0.0000',2,0,19,NULL,NULL,0),(1060,79,44,NULL,'2010-12-15','0.0000',2,'0.0000',2,'0.0000',2,'0.0000',2,0,20,NULL,NULL,0),(1061,87,48,NULL,'2010-10-11','0.0000',2,'0.0000',2,'0.0000',2,'0.0000',2,0,11,NULL,NULL,0),(1062,87,48,NULL,'2010-10-18','0.0000',2,'0.0000',2,'0.0000',2,'0.0000',2,0,12,NULL,NULL,0),(1063,87,48,NULL,'2010-10-25','0.0000',2,'0.0000',2,'0.0000',2,'0.0000',2,0,13,NULL,NULL,0),(1064,87,48,NULL,'2010-11-01','0.0000',2,'0.0000',2,'0.0000',2,'0.0000',2,0,14,NULL,NULL,0),(1065,87,48,NULL,'2010-11-08','0.0000',2,'0.0000',2,'0.0000',2,'0.0000',2,0,15,NULL,NULL,0),(1066,87,48,NULL,'2010-11-15','0.0000',2,'0.0000',2,'0.0000',2,'0.0000',2,0,16,NULL,NULL,0),(1067,87,48,NULL,'2010-11-22','0.0000',2,'0.0000',2,'0.0000',2,'0.0000',2,0,17,NULL,NULL,0),(1068,87,48,NULL,'2010-11-29','0.0000',2,'0.0000',2,'0.0000',2,'0.0000',2,0,18,NULL,NULL,0),(1069,87,48,NULL,'2010-12-06','0.0000',2,'0.0000',2,'0.0000',2,'0.0000',2,0,19,NULL,NULL,0),(1070,87,48,NULL,'2010-12-13','0.0000',2,'0.0000',2,'0.0000',2,'0.0000',2,0,20,NULL,NULL,0),(1071,89,49,NULL,'2010-10-11','0.0000',2,'0.0000',2,'0.0000',2,'0.0000',2,0,11,NULL,NULL,0),(1072,89,49,NULL,'2010-10-18','0.0000',2,'0.0000',2,'0.0000',2,'0.0000',2,0,12,NULL,NULL,0),(1073,89,49,NULL,'2010-10-25','0.0000',2,'0.0000',2,'0.0000',2,'0.0000',2,0,13,NULL,NULL,0),(1074,89,49,NULL,'2010-11-01','0.0000',2,'0.0000',2,'0.0000',2,'0.0000',2,0,14,NULL,NULL,0),(1075,89,49,NULL,'2010-11-08','0.0000',2,'0.0000',2,'0.0000',2,'0.0000',2,0,15,NULL,NULL,0),(1076,89,49,NULL,'2010-11-15','0.0000',2,'0.0000',2,'0.0000',2,'0.0000',2,0,16,NULL,NULL,0),(1077,89,49,NULL,'2010-11-22','0.0000',2,'0.0000',2,'0.0000',2,'0.0000',2,0,17,NULL,NULL,0),(1078,89,49,NULL,'2010-11-29','0.0000',2,'0.0000',2,'0.0000',2,'0.0000',2,0,18,NULL,NULL,0),(1079,89,49,NULL,'2010-12-06','0.0000',2,'0.0000',2,'0.0000',2,'0.0000',2,0,19,NULL,NULL,0),(1080,89,49,NULL,'2010-12-13','0.0000',2,'0.0000',2,'0.0000',2,'0.0000',2,0,20,NULL,NULL,0),(1081,90,50,NULL,'2010-10-11','0.0000',2,'0.0000',2,'0.0000',2,'0.0000',2,0,11,NULL,NULL,0),(1082,90,50,NULL,'2010-10-18','0.0000',2,'0.0000',2,'0.0000',2,'0.0000',2,0,12,NULL,NULL,0),(1083,90,50,NULL,'2010-10-25','0.0000',2,'0.0000',2,'0.0000',2,'0.0000',2,0,13,NULL,NULL,0),(1084,90,50,NULL,'2010-11-01','0.0000',2,'0.0000',2,'0.0000',2,'0.0000',2,0,14,NULL,NULL,0),(1085,90,50,NULL,'2010-11-08','0.0000',2,'0.0000',2,'0.0000',2,'0.0000',2,0,15,NULL,NULL,0),(1086,90,50,NULL,'2010-11-15','0.0000',2,'0.0000',2,'0.0000',2,'0.0000',2,0,16,NULL,NULL,0),(1087,90,50,NULL,'2010-11-22','0.0000',2,'0.0000',2,'0.0000',2,'0.0000',2,0,17,NULL,NULL,0),(1088,90,50,NULL,'2010-11-29','0.0000',2,'0.0000',2,'0.0000',2,'0.0000',2,0,18,NULL,NULL,0),(1089,90,50,NULL,'2010-12-06','0.0000',2,'0.0000',2,'0.0000',2,'0.0000',2,0,19,NULL,NULL,0),(1090,90,50,NULL,'2010-12-13','0.0000',2,'0.0000',2,'0.0000',2,'0.0000',2,0,20,NULL,NULL,0),(1091,92,51,NULL,'2010-10-14','0.0000',2,'0.0000',2,'0.0000',2,'0.0000',2,0,11,NULL,NULL,0),(1092,92,51,NULL,'2010-10-21','0.0000',2,'0.0000',2,'0.0000',2,'0.0000',2,0,12,NULL,NULL,0),(1093,92,51,NULL,'2010-10-28','0.0000',2,'0.0000',2,'0.0000',2,'0.0000',2,0,13,NULL,NULL,0),(1094,92,51,NULL,'2010-11-04','0.0000',2,'0.0000',2,'0.0000',2,'0.0000',2,0,14,NULL,NULL,0),(1095,92,51,NULL,'2010-11-11','0.0000',2,'0.0000',2,'0.0000',2,'0.0000',2,0,15,NULL,NULL,0),(1096,92,51,NULL,'2010-11-18','0.0000',2,'0.0000',2,'0.0000',2,'0.0000',2,0,16,NULL,NULL,0),(1097,92,51,NULL,'2010-11-25','0.0000',2,'0.0000',2,'0.0000',2,'0.0000',2,0,17,NULL,NULL,0),(1098,92,51,NULL,'2010-12-02','0.0000',2,'0.0000',2,'0.0000',2,'0.0000',2,0,18,NULL,NULL,0),(1099,92,51,NULL,'2010-12-09','0.0000',2,'0.0000',2,'0.0000',2,'0.0000',2,0,19,NULL,NULL,0),(1100,92,51,NULL,'2010-12-16','0.0000',2,'0.0000',2,'0.0000',2,'0.0000',2,0,20,NULL,NULL,0),(1101,94,52,NULL,'2010-10-18','0.0000',2,'0.0000',2,'0.0000',2,'0.0000',2,0,11,NULL,NULL,0),(1102,94,52,NULL,'2010-10-25','0.0000',2,'0.0000',2,'0.0000',2,'0.0000',2,0,12,NULL,NULL,0),(1103,94,52,NULL,'2010-11-01','0.0000',2,'0.0000',2,'0.0000',2,'0.0000',2,0,13,NULL,NULL,0),(1104,94,52,NULL,'2010-11-08','0.0000',2,'0.0000',2,'0.0000',2,'0.0000',2,0,14,NULL,NULL,0),(1105,94,52,NULL,'2010-11-15','0.0000',2,'0.0000',2,'0.0000',2,'0.0000',2,0,15,NULL,NULL,0),(1106,94,52,NULL,'2010-11-22','0.0000',2,'0.0000',2,'0.0000',2,'0.0000',2,0,16,NULL,NULL,0),(1107,94,52,NULL,'2010-11-29','0.0000',2,'0.0000',2,'0.0000',2,'0.0000',2,0,17,NULL,NULL,0),(1108,94,52,NULL,'2010-12-06','0.0000',2,'0.0000',2,'0.0000',2,'0.0000',2,0,18,NULL,NULL,0),(1109,94,52,NULL,'2010-12-13','0.0000',2,'0.0000',2,'0.0000',2,'0.0000',2,0,19,NULL,NULL,0),(1110,94,52,NULL,'2010-12-20','0.0000',2,'0.0000',2,'0.0000',2,'0.0000',2,0,20,NULL,NULL,0),(1111,96,53,NULL,'2010-10-18','0.0000',2,'0.0000',2,'0.0000',2,'0.0000',2,0,11,NULL,NULL,0),(1112,96,53,NULL,'2010-10-25','0.0000',2,'0.0000',2,'0.0000',2,'0.0000',2,0,12,NULL,NULL,0),(1113,96,53,NULL,'2010-11-01','0.0000',2,'0.0000',2,'0.0000',2,'0.0000',2,0,13,NULL,NULL,0),(1114,96,53,NULL,'2010-11-08','0.0000',2,'0.0000',2,'0.0000',2,'0.0000',2,0,14,NULL,NULL,0),(1115,96,53,NULL,'2010-11-15','0.0000',2,'0.0000',2,'0.0000',2,'0.0000',2,0,15,NULL,NULL,0),(1116,96,53,NULL,'2010-11-22','0.0000',2,'0.0000',2,'0.0000',2,'0.0000',2,0,16,NULL,NULL,0),(1117,96,53,NULL,'2010-11-29','0.0000',2,'0.0000',2,'0.0000',2,'0.0000',2,0,17,NULL,NULL,0),(1118,96,53,NULL,'2010-12-06','0.0000',2,'0.0000',2,'0.0000',2,'0.0000',2,0,18,NULL,NULL,0),(1119,96,53,NULL,'2010-12-13','0.0000',2,'0.0000',2,'0.0000',2,'0.0000',2,0,19,NULL,NULL,0),(1120,96,53,NULL,'2010-12-20','0.0000',2,'0.0000',2,'0.0000',2,'0.0000',2,0,20,NULL,NULL,0),(1121,97,54,NULL,'2010-10-18','0.0000',2,'0.0000',2,'0.0000',2,'0.0000',2,0,11,NULL,NULL,0),(1122,97,54,NULL,'2010-10-25','0.0000',2,'0.0000',2,'0.0000',2,'0.0000',2,0,12,NULL,NULL,0),(1123,97,54,NULL,'2010-11-01','0.0000',2,'0.0000',2,'0.0000',2,'0.0000',2,0,13,NULL,NULL,0),(1124,97,54,NULL,'2010-11-08','0.0000',2,'0.0000',2,'0.0000',2,'0.0000',2,0,14,NULL,NULL,0),(1125,97,54,NULL,'2010-11-15','0.0000',2,'0.0000',2,'0.0000',2,'0.0000',2,0,15,NULL,NULL,0),(1126,97,54,NULL,'2010-11-22','0.0000',2,'0.0000',2,'0.0000',2,'0.0000',2,0,16,NULL,NULL,0),(1127,97,54,NULL,'2010-11-29','0.0000',2,'0.0000',2,'0.0000',2,'0.0000',2,0,17,NULL,NULL,0),(1128,97,54,NULL,'2010-12-06','0.0000',2,'0.0000',2,'0.0000',2,'0.0000',2,0,18,NULL,NULL,0),(1129,97,54,NULL,'2010-12-13','0.0000',2,'0.0000',2,'0.0000',2,'0.0000',2,0,19,NULL,NULL,0),(1130,97,54,NULL,'2010-12-20','0.0000',2,'0.0000',2,'0.0000',2,'0.0000',2,0,20,NULL,NULL,0),(1131,98,55,NULL,'2010-10-18','0.0000',2,'0.0000',2,'0.0000',2,'0.0000',2,0,11,NULL,NULL,0),(1132,98,55,NULL,'2010-10-25','0.0000',2,'0.0000',2,'0.0000',2,'0.0000',2,0,12,NULL,NULL,0),(1133,98,55,NULL,'2010-11-01','0.0000',2,'0.0000',2,'0.0000',2,'0.0000',2,0,13,NULL,NULL,0),(1134,98,55,NULL,'2010-11-08','0.0000',2,'0.0000',2,'0.0000',2,'0.0000',2,0,14,NULL,NULL,0),(1135,98,55,NULL,'2010-11-15','0.0000',2,'0.0000',2,'0.0000',2,'0.0000',2,0,15,NULL,NULL,0),(1136,98,55,NULL,'2010-11-22','0.0000',2,'0.0000',2,'0.0000',2,'0.0000',2,0,16,NULL,NULL,0),(1137,98,55,NULL,'2010-11-29','0.0000',2,'0.0000',2,'0.0000',2,'0.0000',2,0,17,NULL,NULL,0),(1138,98,55,NULL,'2010-12-06','0.0000',2,'0.0000',2,'0.0000',2,'0.0000',2,0,18,NULL,NULL,0),(1139,98,55,NULL,'2010-12-13','0.0000',2,'0.0000',2,'0.0000',2,'0.0000',2,0,19,NULL,NULL,0),(1140,98,55,NULL,'2010-12-20','0.0000',2,'0.0000',2,'0.0000',2,'0.0000',2,0,20,NULL,NULL,0),(1141,99,56,NULL,'2010-10-25','0.0000',2,'0.0000',2,'0.0000',2,'0.0000',2,0,11,NULL,NULL,0),(1142,99,56,NULL,'2010-11-01','0.0000',2,'0.0000',2,'0.0000',2,'0.0000',2,0,12,NULL,NULL,0),(1143,99,56,NULL,'2010-11-08','0.0000',2,'0.0000',2,'0.0000',2,'0.0000',2,0,13,NULL,NULL,0),(1144,99,56,NULL,'2010-11-15','0.0000',2,'0.0000',2,'0.0000',2,'0.0000',2,0,14,NULL,NULL,0),(1145,99,56,NULL,'2010-11-22','0.0000',2,'0.0000',2,'0.0000',2,'0.0000',2,0,15,NULL,NULL,0),(1146,99,56,NULL,'2010-11-29','0.0000',2,'0.0000',2,'0.0000',2,'0.0000',2,0,16,NULL,NULL,0),(1147,99,56,NULL,'2010-12-06','0.0000',2,'0.0000',2,'0.0000',2,'0.0000',2,0,17,NULL,NULL,0),(1148,99,56,NULL,'2010-12-13','0.0000',2,'0.0000',2,'0.0000',2,'0.0000',2,0,18,NULL,NULL,0),(1149,99,56,NULL,'2010-12-20','0.0000',2,'0.0000',2,'0.0000',2,'0.0000',2,0,19,NULL,NULL,0),(1150,99,56,NULL,'2010-12-27','0.0000',2,'0.0000',2,'0.0000',2,'0.0000',2,0,20,NULL,NULL,0),(1151,103,58,NULL,'2010-11-03','0.0000',2,'0.0000',2,'0.0000',2,'0.0000',2,0,11,NULL,NULL,0),(1152,103,58,NULL,'2010-11-10','0.0000',2,'0.0000',2,'0.0000',2,'0.0000',2,0,12,NULL,NULL,0),(1153,103,58,NULL,'2010-11-17','0.0000',2,'0.0000',2,'0.0000',2,'0.0000',2,0,13,NULL,NULL,0),(1154,103,58,NULL,'2010-11-24','0.0000',2,'0.0000',2,'0.0000',2,'0.0000',2,0,14,NULL,NULL,0),(1155,103,58,NULL,'2010-12-01','0.0000',2,'0.0000',2,'0.0000',2,'0.0000',2,0,15,NULL,NULL,0),(1156,103,58,NULL,'2010-12-08','0.0000',2,'0.0000',2,'0.0000',2,'0.0000',2,0,16,NULL,NULL,0),(1157,103,58,NULL,'2010-12-15','0.0000',2,'0.0000',2,'0.0000',2,'0.0000',2,0,17,NULL,NULL,0),(1158,103,58,NULL,'2010-12-22','0.0000',2,'0.0000',2,'0.0000',2,'0.0000',2,0,18,NULL,NULL,0),(1159,103,58,NULL,'2010-12-29','0.0000',2,'0.0000',2,'0.0000',2,'0.0000',2,0,19,NULL,NULL,0),(1160,103,58,NULL,'2011-01-05','0.0000',2,'0.0000',2,'0.0000',2,'0.0000',2,0,20,NULL,NULL,0),(1161,104,59,NULL,'2010-11-03','0.0000',2,'0.0000',2,'0.0000',2,'0.0000',2,0,11,NULL,NULL,0),(1162,104,59,NULL,'2010-11-10','0.0000',2,'0.0000',2,'0.0000',2,'0.0000',2,0,12,NULL,NULL,0),(1163,104,59,NULL,'2010-11-17','0.0000',2,'0.0000',2,'0.0000',2,'0.0000',2,0,13,NULL,NULL,0),(1164,104,59,NULL,'2010-11-24','0.0000',2,'0.0000',2,'0.0000',2,'0.0000',2,0,14,NULL,NULL,0),(1165,104,59,NULL,'2010-12-01','0.0000',2,'0.0000',2,'0.0000',2,'0.0000',2,0,15,NULL,NULL,0),(1166,104,59,NULL,'2010-12-08','0.0000',2,'0.0000',2,'0.0000',2,'0.0000',2,0,16,NULL,NULL,0),(1167,104,59,NULL,'2010-12-15','0.0000',2,'0.0000',2,'0.0000',2,'0.0000',2,0,17,NULL,NULL,0),(1168,104,59,NULL,'2010-12-22','0.0000',2,'0.0000',2,'0.0000',2,'0.0000',2,0,18,NULL,NULL,0),(1169,104,59,NULL,'2010-12-29','0.0000',2,'0.0000',2,'0.0000',2,'0.0000',2,0,19,NULL,NULL,0),(1170,104,59,NULL,'2011-01-05','0.0000',2,'0.0000',2,'0.0000',2,'0.0000',2,0,20,NULL,NULL,0),(1171,105,60,NULL,'2010-11-05','0.0000',2,'0.0000',2,'0.0000',2,'0.0000',2,0,11,NULL,NULL,0),(1172,105,60,NULL,'2010-11-12','0.0000',2,'0.0000',2,'0.0000',2,'0.0000',2,0,12,NULL,NULL,0),(1173,105,60,NULL,'2010-11-19','0.0000',2,'0.0000',2,'0.0000',2,'0.0000',2,0,13,NULL,NULL,0),(1174,105,60,NULL,'2010-11-26','0.0000',2,'0.0000',2,'0.0000',2,'0.0000',2,0,14,NULL,NULL,0),(1175,105,60,NULL,'2010-12-03','0.0000',2,'0.0000',2,'0.0000',2,'0.0000',2,0,15,NULL,NULL,0),(1176,105,60,NULL,'2010-12-10','0.0000',2,'0.0000',2,'0.0000',2,'0.0000',2,0,16,NULL,NULL,0),(1177,105,60,NULL,'2010-12-17','0.0000',2,'0.0000',2,'0.0000',2,'0.0000',2,0,17,NULL,NULL,0),(1178,105,60,NULL,'2010-12-24','0.0000',2,'0.0000',2,'0.0000',2,'0.0000',2,0,18,NULL,NULL,0),(1179,105,60,NULL,'2010-12-31','0.0000',2,'0.0000',2,'0.0000',2,'0.0000',2,0,19,NULL,NULL,0),(1180,105,60,NULL,'2011-01-07','0.0000',2,'0.0000',2,'0.0000',2,'0.0000',2,0,20,NULL,NULL,0),(1181,106,61,NULL,'2010-11-05','0.0000',2,'0.0000',2,'0.0000',2,'0.0000',2,0,11,NULL,NULL,0),(1182,106,61,NULL,'2010-11-12','0.0000',2,'0.0000',2,'0.0000',2,'0.0000',2,0,12,NULL,NULL,0),(1183,106,61,NULL,'2010-11-19','0.0000',2,'0.0000',2,'0.0000',2,'0.0000',2,0,13,NULL,NULL,0),(1184,106,61,NULL,'2010-11-26','0.0000',2,'0.0000',2,'0.0000',2,'0.0000',2,0,14,NULL,NULL,0),(1185,106,61,NULL,'2010-12-03','0.0000',2,'0.0000',2,'0.0000',2,'0.0000',2,0,15,NULL,NULL,0),(1186,106,61,NULL,'2010-12-10','0.0000',2,'0.0000',2,'0.0000',2,'0.0000',2,0,16,NULL,NULL,0),(1187,106,61,NULL,'2010-12-17','0.0000',2,'0.0000',2,'0.0000',2,'0.0000',2,0,17,NULL,NULL,0),(1188,106,61,NULL,'2010-12-24','0.0000',2,'0.0000',2,'0.0000',2,'0.0000',2,0,18,NULL,NULL,0),(1189,106,61,NULL,'2010-12-31','0.0000',2,'0.0000',2,'0.0000',2,'0.0000',2,0,19,NULL,NULL,0),(1190,106,61,NULL,'2011-01-07','0.0000',2,'0.0000',2,'0.0000',2,'0.0000',2,0,20,NULL,NULL,0),(1191,107,62,NULL,'2010-11-05','0.0000',2,'0.0000',2,'0.0000',2,'0.0000',2,0,11,NULL,NULL,0),(1192,107,62,NULL,'2010-11-12','0.0000',2,'0.0000',2,'0.0000',2,'0.0000',2,0,12,NULL,NULL,0),(1193,107,62,NULL,'2010-11-19','0.0000',2,'0.0000',2,'0.0000',2,'0.0000',2,0,13,NULL,NULL,0),(1194,107,62,NULL,'2010-11-26','0.0000',2,'0.0000',2,'0.0000',2,'0.0000',2,0,14,NULL,NULL,0),(1195,107,62,NULL,'2010-12-03','0.0000',2,'0.0000',2,'0.0000',2,'0.0000',2,0,15,NULL,NULL,0),(1196,107,62,NULL,'2010-12-10','0.0000',2,'0.0000',2,'0.0000',2,'0.0000',2,0,16,NULL,NULL,0),(1197,107,62,NULL,'2010-12-17','0.0000',2,'0.0000',2,'0.0000',2,'0.0000',2,0,17,NULL,NULL,0),(1198,107,62,NULL,'2010-12-24','0.0000',2,'0.0000',2,'0.0000',2,'0.0000',2,0,18,NULL,NULL,0),(1199,107,62,NULL,'2010-12-31','0.0000',2,'0.0000',2,'0.0000',2,'0.0000',2,0,19,NULL,NULL,0),(1200,107,62,NULL,'2011-01-07','0.0000',2,'0.0000',2,'0.0000',2,'0.0000',2,0,20,NULL,NULL,0),(1201,108,63,NULL,'2010-11-05','0.0000',2,'0.0000',2,'0.0000',2,'0.0000',2,0,11,NULL,NULL,0),(1202,108,63,NULL,'2010-11-12','0.0000',2,'0.0000',2,'0.0000',2,'0.0000',2,0,12,NULL,NULL,0),(1203,108,63,NULL,'2010-11-19','0.0000',2,'0.0000',2,'0.0000',2,'0.0000',2,0,13,NULL,NULL,0),(1204,108,63,NULL,'2010-11-26','0.0000',2,'0.0000',2,'0.0000',2,'0.0000',2,0,14,NULL,NULL,0),(1205,108,63,NULL,'2010-12-03','0.0000',2,'0.0000',2,'0.0000',2,'0.0000',2,0,15,NULL,NULL,0),(1206,108,63,NULL,'2010-12-10','0.0000',2,'0.0000',2,'0.0000',2,'0.0000',2,0,16,NULL,NULL,0),(1207,108,63,NULL,'2010-12-17','0.0000',2,'0.0000',2,'0.0000',2,'0.0000',2,0,17,NULL,NULL,0),(1208,108,63,NULL,'2010-12-24','0.0000',2,'0.0000',2,'0.0000',2,'0.0000',2,0,18,NULL,NULL,0),(1209,108,63,NULL,'2010-12-31','0.0000',2,'0.0000',2,'0.0000',2,'0.0000',2,0,19,NULL,NULL,0),(1210,108,63,NULL,'2011-01-07','0.0000',2,'0.0000',2,'0.0000',2,'0.0000',2,0,20,NULL,NULL,0),(1211,110,64,NULL,'2010-11-06','0.0000',2,'0.0000',2,'0.0000',2,'0.0000',2,0,11,NULL,NULL,0),(1212,110,64,NULL,'2010-11-13','0.0000',2,'0.0000',2,'0.0000',2,'0.0000',2,0,12,NULL,NULL,0),(1213,110,64,NULL,'2010-11-20','0.0000',2,'0.0000',2,'0.0000',2,'0.0000',2,0,13,NULL,NULL,0),(1214,110,64,NULL,'2010-11-27','0.0000',2,'0.0000',2,'0.0000',2,'0.0000',2,0,14,NULL,NULL,0),(1215,110,64,NULL,'2010-12-04','0.0000',2,'0.0000',2,'0.0000',2,'0.0000',2,0,15,NULL,NULL,0),(1216,110,64,NULL,'2010-12-11','0.0000',2,'0.0000',2,'0.0000',2,'0.0000',2,0,16,NULL,NULL,0),(1217,110,64,NULL,'2010-12-18','0.0000',2,'0.0000',2,'0.0000',2,'0.0000',2,0,17,NULL,NULL,0),(1218,110,64,NULL,'2010-12-25','0.0000',2,'0.0000',2,'0.0000',2,'0.0000',2,0,18,NULL,NULL,0),(1219,110,64,NULL,'2011-01-01','0.0000',2,'0.0000',2,'0.0000',2,'0.0000',2,0,19,NULL,NULL,0),(1220,110,64,NULL,'2011-01-08','0.0000',2,'0.0000',2,'0.0000',2,'0.0000',2,0,20,NULL,NULL,0),(1221,111,65,NULL,'2010-11-06','0.0000',2,'0.0000',2,'0.0000',2,'0.0000',2,0,11,NULL,NULL,0),(1222,111,65,NULL,'2010-11-13','0.0000',2,'0.0000',2,'0.0000',2,'0.0000',2,0,12,NULL,NULL,0),(1223,111,65,NULL,'2010-11-20','0.0000',2,'0.0000',2,'0.0000',2,'0.0000',2,0,13,NULL,NULL,0),(1224,111,65,NULL,'2010-11-27','0.0000',2,'0.0000',2,'0.0000',2,'0.0000',2,0,14,NULL,NULL,0),(1225,111,65,NULL,'2010-12-04','0.0000',2,'0.0000',2,'0.0000',2,'0.0000',2,0,15,NULL,NULL,0),(1226,111,65,NULL,'2010-12-11','0.0000',2,'0.0000',2,'0.0000',2,'0.0000',2,0,16,NULL,NULL,0),(1227,111,65,NULL,'2010-12-18','0.0000',2,'0.0000',2,'0.0000',2,'0.0000',2,0,17,NULL,NULL,0),(1228,111,65,NULL,'2010-12-25','0.0000',2,'0.0000',2,'0.0000',2,'0.0000',2,0,18,NULL,NULL,0),(1229,111,65,NULL,'2011-01-01','0.0000',2,'0.0000',2,'0.0000',2,'0.0000',2,0,19,NULL,NULL,0),(1230,111,65,NULL,'2011-01-08','0.0000',2,'0.0000',2,'0.0000',2,'0.0000',2,0,20,NULL,NULL,0),(1231,1,1,NULL,'2010-11-18','0.0000',2,'0.0000',2,'0.0000',2,'0.0000',2,0,21,NULL,NULL,0),(1232,1,1,NULL,'2010-11-25','0.0000',2,'0.0000',2,'0.0000',2,'0.0000',2,0,22,NULL,NULL,0),(1233,1,1,NULL,'2010-12-02','0.0000',2,'0.0000',2,'0.0000',2,'0.0000',2,0,23,NULL,NULL,0),(1234,1,1,NULL,'2010-12-09','0.0000',2,'0.0000',2,'0.0000',2,'0.0000',2,0,24,NULL,NULL,0),(1235,1,1,NULL,'2010-12-16','0.0000',2,'0.0000',2,'0.0000',2,'0.0000',2,0,25,NULL,NULL,0),(1236,1,1,NULL,'2010-12-23','0.0000',2,'0.0000',2,'0.0000',2,'0.0000',2,0,26,NULL,NULL,0),(1237,1,1,NULL,'2010-12-30','0.0000',2,'0.0000',2,'0.0000',2,'0.0000',2,0,27,NULL,NULL,0),(1238,1,1,NULL,'2011-01-06','0.0000',2,'0.0000',2,'0.0000',2,'0.0000',2,0,28,NULL,NULL,0),(1239,1,1,NULL,'2011-01-13','0.0000',2,'0.0000',2,'0.0000',2,'0.0000',2,0,29,NULL,NULL,0),(1240,1,1,NULL,'2011-01-20','0.0000',2,'0.0000',2,'0.0000',2,'0.0000',2,0,30,NULL,NULL,0),(1241,2,2,NULL,'2010-11-25','0.0000',2,'0.0000',2,'0.0000',2,'0.0000',2,0,21,NULL,NULL,0),(1242,2,2,NULL,'2010-12-02','0.0000',2,'0.0000',2,'0.0000',2,'0.0000',2,0,22,NULL,NULL,0),(1243,2,2,NULL,'2010-12-09','0.0000',2,'0.0000',2,'0.0000',2,'0.0000',2,0,23,NULL,NULL,0),(1244,2,2,NULL,'2010-12-16','0.0000',2,'0.0000',2,'0.0000',2,'0.0000',2,0,24,NULL,NULL,0),(1245,2,2,NULL,'2010-12-23','0.0000',2,'0.0000',2,'0.0000',2,'0.0000',2,0,25,NULL,NULL,0),(1246,2,2,NULL,'2010-12-30','0.0000',2,'0.0000',2,'0.0000',2,'0.0000',2,0,26,NULL,NULL,0),(1247,2,2,NULL,'2011-01-06','0.0000',2,'0.0000',2,'0.0000',2,'0.0000',2,0,27,NULL,NULL,0),(1248,2,2,NULL,'2011-01-13','0.0000',2,'0.0000',2,'0.0000',2,'0.0000',2,0,28,NULL,NULL,0),(1249,2,2,NULL,'2011-01-20','0.0000',2,'0.0000',2,'0.0000',2,'0.0000',2,0,29,NULL,NULL,0),(1250,2,2,NULL,'2011-01-27','0.0000',2,'0.0000',2,'0.0000',2,'0.0000',2,0,30,NULL,NULL,0),(1251,3,3,NULL,'2010-11-25','0.0000',2,'0.0000',2,'0.0000',2,'0.0000',2,0,21,NULL,NULL,0),(1252,3,3,NULL,'2010-12-02','0.0000',2,'0.0000',2,'0.0000',2,'0.0000',2,0,22,NULL,NULL,0),(1253,3,3,NULL,'2010-12-09','0.0000',2,'0.0000',2,'0.0000',2,'0.0000',2,0,23,NULL,NULL,0),(1254,3,3,NULL,'2010-12-16','0.0000',2,'0.0000',2,'0.0000',2,'0.0000',2,0,24,NULL,NULL,0),(1255,3,3,NULL,'2010-12-23','0.0000',2,'0.0000',2,'0.0000',2,'0.0000',2,0,25,NULL,NULL,0),(1256,3,3,NULL,'2010-12-30','0.0000',2,'0.0000',2,'0.0000',2,'0.0000',2,0,26,NULL,NULL,0),(1257,3,3,NULL,'2011-01-06','0.0000',2,'0.0000',2,'0.0000',2,'0.0000',2,0,27,NULL,NULL,0),(1258,3,3,NULL,'2011-01-13','0.0000',2,'0.0000',2,'0.0000',2,'0.0000',2,0,28,NULL,NULL,0),(1259,3,3,NULL,'2011-01-20','0.0000',2,'0.0000',2,'0.0000',2,'0.0000',2,0,29,NULL,NULL,0),(1260,3,3,NULL,'2011-01-27','0.0000',2,'0.0000',2,'0.0000',2,'0.0000',2,0,30,NULL,NULL,0),(1261,5,4,NULL,'2010-11-25','0.0000',2,'0.0000',2,'0.0000',2,'0.0000',2,0,21,NULL,NULL,0),(1262,5,4,NULL,'2010-12-02','0.0000',2,'0.0000',2,'0.0000',2,'0.0000',2,0,22,NULL,NULL,0),(1263,5,4,NULL,'2010-12-09','0.0000',2,'0.0000',2,'0.0000',2,'0.0000',2,0,23,NULL,NULL,0),(1264,5,4,NULL,'2010-12-16','0.0000',2,'0.0000',2,'0.0000',2,'0.0000',2,0,24,NULL,NULL,0),(1265,5,4,NULL,'2010-12-23','0.0000',2,'0.0000',2,'0.0000',2,'0.0000',2,0,25,NULL,NULL,0),(1266,5,4,NULL,'2010-12-30','0.0000',2,'0.0000',2,'0.0000',2,'0.0000',2,0,26,NULL,NULL,0),(1267,5,4,NULL,'2011-01-06','0.0000',2,'0.0000',2,'0.0000',2,'0.0000',2,0,27,NULL,NULL,0),(1268,5,4,NULL,'2011-01-13','0.0000',2,'0.0000',2,'0.0000',2,'0.0000',2,0,28,NULL,NULL,0),(1269,5,4,NULL,'2011-01-20','0.0000',2,'0.0000',2,'0.0000',2,'0.0000',2,0,29,NULL,NULL,0),(1270,5,4,NULL,'2011-01-27','0.0000',2,'0.0000',2,'0.0000',2,'0.0000',2,0,30,NULL,NULL,0),(1271,9,5,NULL,'2010-11-25','0.0000',2,'0.0000',2,'0.0000',2,'0.0000',2,0,21,NULL,NULL,0),(1272,9,5,NULL,'2010-12-02','0.0000',2,'0.0000',2,'0.0000',2,'0.0000',2,0,22,NULL,NULL,0),(1273,9,5,NULL,'2010-12-09','0.0000',2,'0.0000',2,'0.0000',2,'0.0000',2,0,23,NULL,NULL,0),(1274,9,5,NULL,'2010-12-16','0.0000',2,'0.0000',2,'0.0000',2,'0.0000',2,0,24,NULL,NULL,0),(1275,9,5,NULL,'2010-12-23','0.0000',2,'0.0000',2,'0.0000',2,'0.0000',2,0,25,NULL,NULL,0),(1276,9,5,NULL,'2010-12-30','0.0000',2,'0.0000',2,'0.0000',2,'0.0000',2,0,26,NULL,NULL,0),(1277,9,5,NULL,'2011-01-06','0.0000',2,'0.0000',2,'0.0000',2,'0.0000',2,0,27,NULL,NULL,0),(1278,9,5,NULL,'2011-01-13','0.0000',2,'0.0000',2,'0.0000',2,'0.0000',2,0,28,NULL,NULL,0),(1279,9,5,NULL,'2011-01-20','0.0000',2,'0.0000',2,'0.0000',2,'0.0000',2,0,29,NULL,NULL,0),(1280,9,5,NULL,'2011-01-27','0.0000',2,'0.0000',2,'0.0000',2,'0.0000',2,0,30,NULL,NULL,0),(1281,10,6,NULL,'2010-11-25','0.0000',2,'0.0000',2,'0.0000',2,'0.0000',2,0,21,NULL,NULL,0),(1282,10,6,NULL,'2010-12-02','0.0000',2,'0.0000',2,'0.0000',2,'0.0000',2,0,22,NULL,NULL,0),(1283,10,6,NULL,'2010-12-09','0.0000',2,'0.0000',2,'0.0000',2,'0.0000',2,0,23,NULL,NULL,0),(1284,10,6,NULL,'2010-12-16','0.0000',2,'0.0000',2,'0.0000',2,'0.0000',2,0,24,NULL,NULL,0),(1285,10,6,NULL,'2010-12-23','0.0000',2,'0.0000',2,'0.0000',2,'0.0000',2,0,25,NULL,NULL,0),(1286,10,6,NULL,'2010-12-30','0.0000',2,'0.0000',2,'0.0000',2,'0.0000',2,0,26,NULL,NULL,0),(1287,10,6,NULL,'2011-01-06','0.0000',2,'0.0000',2,'0.0000',2,'0.0000',2,0,27,NULL,NULL,0),(1288,10,6,NULL,'2011-01-13','0.0000',2,'0.0000',2,'0.0000',2,'0.0000',2,0,28,NULL,NULL,0),(1289,10,6,NULL,'2011-01-20','0.0000',2,'0.0000',2,'0.0000',2,'0.0000',2,0,29,NULL,NULL,0),(1290,10,6,NULL,'2011-01-27','0.0000',2,'0.0000',2,'0.0000',2,'0.0000',2,0,30,NULL,NULL,0),(1291,12,7,NULL,'2010-11-25','0.0000',2,'0.0000',2,'0.0000',2,'0.0000',2,0,21,NULL,NULL,0),(1292,12,7,NULL,'2010-12-02','0.0000',2,'0.0000',2,'0.0000',2,'0.0000',2,0,22,NULL,NULL,0),(1293,12,7,NULL,'2010-12-09','0.0000',2,'0.0000',2,'0.0000',2,'0.0000',2,0,23,NULL,NULL,0),(1294,12,7,NULL,'2010-12-16','0.0000',2,'0.0000',2,'0.0000',2,'0.0000',2,0,24,NULL,NULL,0),(1295,12,7,NULL,'2010-12-23','0.0000',2,'0.0000',2,'0.0000',2,'0.0000',2,0,25,NULL,NULL,0),(1296,12,7,NULL,'2010-12-30','0.0000',2,'0.0000',2,'0.0000',2,'0.0000',2,0,26,NULL,NULL,0),(1297,12,7,NULL,'2011-01-06','0.0000',2,'0.0000',2,'0.0000',2,'0.0000',2,0,27,NULL,NULL,0),(1298,12,7,NULL,'2011-01-13','0.0000',2,'0.0000',2,'0.0000',2,'0.0000',2,0,28,NULL,NULL,0),(1299,12,7,NULL,'2011-01-20','0.0000',2,'0.0000',2,'0.0000',2,'0.0000',2,0,29,NULL,NULL,0),(1300,12,7,NULL,'2011-01-27','0.0000',2,'0.0000',2,'0.0000',2,'0.0000',2,0,30,NULL,NULL,0),(1301,18,8,NULL,'2010-11-25','0.0000',2,'0.0000',2,'0.0000',2,'0.0000',2,0,21,NULL,NULL,0),(1302,18,8,NULL,'2010-12-02','0.0000',2,'0.0000',2,'0.0000',2,'0.0000',2,0,22,NULL,NULL,0),(1303,18,8,NULL,'2010-12-09','0.0000',2,'0.0000',2,'0.0000',2,'0.0000',2,0,23,NULL,NULL,0),(1304,18,8,NULL,'2010-12-16','0.0000',2,'0.0000',2,'0.0000',2,'0.0000',2,0,24,NULL,NULL,0),(1305,18,8,NULL,'2010-12-23','0.0000',2,'0.0000',2,'0.0000',2,'0.0000',2,0,25,NULL,NULL,0),(1306,18,8,NULL,'2010-12-30','0.0000',2,'0.0000',2,'0.0000',2,'0.0000',2,0,26,NULL,NULL,0),(1307,18,8,NULL,'2011-01-06','0.0000',2,'0.0000',2,'0.0000',2,'0.0000',2,0,27,NULL,NULL,0),(1308,18,8,NULL,'2011-01-13','0.0000',2,'0.0000',2,'0.0000',2,'0.0000',2,0,28,NULL,NULL,0),(1309,18,8,NULL,'2011-01-20','0.0000',2,'0.0000',2,'0.0000',2,'0.0000',2,0,29,NULL,NULL,0),(1310,18,8,NULL,'2011-01-27','0.0000',2,'0.0000',2,'0.0000',2,'0.0000',2,0,30,NULL,NULL,0),(1311,19,9,NULL,'2010-11-25','0.0000',2,'0.0000',2,'0.0000',2,'0.0000',2,0,21,NULL,NULL,0),(1312,19,9,NULL,'2010-12-02','0.0000',2,'0.0000',2,'0.0000',2,'0.0000',2,0,22,NULL,NULL,0),(1313,19,9,NULL,'2010-12-09','0.0000',2,'0.0000',2,'0.0000',2,'0.0000',2,0,23,NULL,NULL,0),(1314,19,9,NULL,'2010-12-16','0.0000',2,'0.0000',2,'0.0000',2,'0.0000',2,0,24,NULL,NULL,0),(1315,19,9,NULL,'2010-12-23','0.0000',2,'0.0000',2,'0.0000',2,'0.0000',2,0,25,NULL,NULL,0),(1316,19,9,NULL,'2010-12-30','0.0000',2,'0.0000',2,'0.0000',2,'0.0000',2,0,26,NULL,NULL,0),(1317,19,9,NULL,'2011-01-06','0.0000',2,'0.0000',2,'0.0000',2,'0.0000',2,0,27,NULL,NULL,0),(1318,19,9,NULL,'2011-01-13','0.0000',2,'0.0000',2,'0.0000',2,'0.0000',2,0,28,NULL,NULL,0),(1319,19,9,NULL,'2011-01-20','0.0000',2,'0.0000',2,'0.0000',2,'0.0000',2,0,29,NULL,NULL,0),(1320,19,9,NULL,'2011-01-27','0.0000',2,'0.0000',2,'0.0000',2,'0.0000',2,0,30,NULL,NULL,0),(1321,22,10,NULL,'2010-12-11','0.0000',2,'0.0000',2,'0.0000',2,'0.0000',2,0,21,NULL,NULL,0),(1322,22,10,NULL,'2010-12-18','0.0000',2,'0.0000',2,'0.0000',2,'0.0000',2,0,22,NULL,NULL,0),(1323,22,10,NULL,'2010-12-25','0.0000',2,'0.0000',2,'0.0000',2,'0.0000',2,0,23,NULL,NULL,0),(1324,22,10,NULL,'2011-01-01','0.0000',2,'0.0000',2,'0.0000',2,'0.0000',2,0,24,NULL,NULL,0),(1325,22,10,NULL,'2011-01-08','0.0000',2,'0.0000',2,'0.0000',2,'0.0000',2,0,25,NULL,NULL,0),(1326,22,10,NULL,'2011-01-15','0.0000',2,'0.0000',2,'0.0000',2,'0.0000',2,0,26,NULL,NULL,0),(1327,22,10,NULL,'2011-01-22','0.0000',2,'0.0000',2,'0.0000',2,'0.0000',2,0,27,NULL,NULL,0),(1328,22,10,NULL,'2011-01-29','0.0000',2,'0.0000',2,'0.0000',2,'0.0000',2,0,28,NULL,NULL,0),(1329,22,10,NULL,'2011-02-05','0.0000',2,'0.0000',2,'0.0000',2,'0.0000',2,0,29,NULL,NULL,0),(1330,22,10,NULL,'2011-02-12','0.0000',2,'0.0000',2,'0.0000',2,'0.0000',2,0,30,NULL,NULL,0),(1331,25,11,NULL,'2010-12-07','0.0000',2,'0.0000',2,'0.0000',2,'0.0000',2,0,21,NULL,NULL,0),(1332,25,11,NULL,'2010-12-14','0.0000',2,'0.0000',2,'0.0000',2,'0.0000',2,0,22,NULL,NULL,0),(1333,25,11,NULL,'2010-12-21','0.0000',2,'0.0000',2,'0.0000',2,'0.0000',2,0,23,NULL,NULL,0),(1334,25,11,NULL,'2010-12-28','0.0000',2,'0.0000',2,'0.0000',2,'0.0000',2,0,24,NULL,NULL,0),(1335,25,11,NULL,'2011-01-04','0.0000',2,'0.0000',2,'0.0000',2,'0.0000',2,0,25,NULL,NULL,0),(1336,25,11,NULL,'2011-01-11','0.0000',2,'0.0000',2,'0.0000',2,'0.0000',2,0,26,NULL,NULL,0),(1337,25,11,NULL,'2011-01-18','0.0000',2,'0.0000',2,'0.0000',2,'0.0000',2,0,27,NULL,NULL,0),(1338,25,11,NULL,'2011-01-25','0.0000',2,'0.0000',2,'0.0000',2,'0.0000',2,0,28,NULL,NULL,0),(1339,25,11,NULL,'2011-02-01','0.0000',2,'0.0000',2,'0.0000',2,'0.0000',2,0,29,NULL,NULL,0),(1340,25,11,NULL,'2011-02-08','0.0000',2,'0.0000',2,'0.0000',2,'0.0000',2,0,30,NULL,NULL,0),(1341,26,12,NULL,'2010-12-07','0.0000',2,'0.0000',2,'0.0000',2,'0.0000',2,0,21,NULL,NULL,0),(1342,26,12,NULL,'2010-12-14','0.0000',2,'0.0000',2,'0.0000',2,'0.0000',2,0,22,NULL,NULL,0),(1343,26,12,NULL,'2010-12-21','0.0000',2,'0.0000',2,'0.0000',2,'0.0000',2,0,23,NULL,NULL,0),(1344,26,12,NULL,'2010-12-28','0.0000',2,'0.0000',2,'0.0000',2,'0.0000',2,0,24,NULL,NULL,0),(1345,26,12,NULL,'2011-01-04','0.0000',2,'0.0000',2,'0.0000',2,'0.0000',2,0,25,NULL,NULL,0),(1346,26,12,NULL,'2011-01-11','0.0000',2,'0.0000',2,'0.0000',2,'0.0000',2,0,26,NULL,NULL,0),(1347,26,12,NULL,'2011-01-18','0.0000',2,'0.0000',2,'0.0000',2,'0.0000',2,0,27,NULL,NULL,0),(1348,26,12,NULL,'2011-01-25','0.0000',2,'0.0000',2,'0.0000',2,'0.0000',2,0,28,NULL,NULL,0),(1349,26,12,NULL,'2011-02-01','0.0000',2,'0.0000',2,'0.0000',2,'0.0000',2,0,29,NULL,NULL,0),(1350,26,12,NULL,'2011-02-08','0.0000',2,'0.0000',2,'0.0000',2,'0.0000',2,0,30,NULL,NULL,0),(1351,27,13,NULL,'2010-12-07','0.0000',2,'0.0000',2,'0.0000',2,'0.0000',2,0,21,NULL,NULL,0),(1352,27,13,NULL,'2010-12-14','0.0000',2,'0.0000',2,'0.0000',2,'0.0000',2,0,22,NULL,NULL,0),(1353,27,13,NULL,'2010-12-21','0.0000',2,'0.0000',2,'0.0000',2,'0.0000',2,0,23,NULL,NULL,0),(1354,27,13,NULL,'2010-12-28','0.0000',2,'0.0000',2,'0.0000',2,'0.0000',2,0,24,NULL,NULL,0),(1355,27,13,NULL,'2011-01-04','0.0000',2,'0.0000',2,'0.0000',2,'0.0000',2,0,25,NULL,NULL,0),(1356,27,13,NULL,'2011-01-11','0.0000',2,'0.0000',2,'0.0000',2,'0.0000',2,0,26,NULL,NULL,0),(1357,27,13,NULL,'2011-01-18','0.0000',2,'0.0000',2,'0.0000',2,'0.0000',2,0,27,NULL,NULL,0),(1358,27,13,NULL,'2011-01-25','0.0000',2,'0.0000',2,'0.0000',2,'0.0000',2,0,28,NULL,NULL,0),(1359,27,13,NULL,'2011-02-01','0.0000',2,'0.0000',2,'0.0000',2,'0.0000',2,0,29,NULL,NULL,0),(1360,27,13,NULL,'2011-02-08','0.0000',2,'0.0000',2,'0.0000',2,'0.0000',2,0,30,NULL,NULL,0),(1361,33,16,NULL,'2010-12-09','0.0000',2,'0.0000',2,'0.0000',2,'0.0000',2,0,21,NULL,NULL,0),(1362,33,16,NULL,'2010-12-16','0.0000',2,'0.0000',2,'0.0000',2,'0.0000',2,0,22,NULL,NULL,0),(1363,33,16,NULL,'2010-12-23','0.0000',2,'0.0000',2,'0.0000',2,'0.0000',2,0,23,NULL,NULL,0),(1364,33,16,NULL,'2010-12-30','0.0000',2,'0.0000',2,'0.0000',2,'0.0000',2,0,24,NULL,NULL,0),(1365,33,16,NULL,'2011-01-06','0.0000',2,'0.0000',2,'0.0000',2,'0.0000',2,0,25,NULL,NULL,0),(1366,33,16,NULL,'2011-01-13','0.0000',2,'0.0000',2,'0.0000',2,'0.0000',2,0,26,NULL,NULL,0),(1367,33,16,NULL,'2011-01-20','0.0000',2,'0.0000',2,'0.0000',2,'0.0000',2,0,27,NULL,NULL,0),(1368,33,16,NULL,'2011-01-27','0.0000',2,'0.0000',2,'0.0000',2,'0.0000',2,0,28,NULL,NULL,0),(1369,33,16,NULL,'2011-02-03','0.0000',2,'0.0000',2,'0.0000',2,'0.0000',2,0,29,NULL,NULL,0),(1370,33,16,NULL,'2011-02-10','0.0000',2,'0.0000',2,'0.0000',2,'0.0000',2,0,30,NULL,NULL,0),(1371,35,17,NULL,'2010-12-09','0.0000',2,'0.0000',2,'0.0000',2,'0.0000',2,0,21,NULL,NULL,0),(1372,35,17,NULL,'2010-12-16','0.0000',2,'0.0000',2,'0.0000',2,'0.0000',2,0,22,NULL,NULL,0),(1373,35,17,NULL,'2010-12-23','0.0000',2,'0.0000',2,'0.0000',2,'0.0000',2,0,23,NULL,NULL,0),(1374,35,17,NULL,'2010-12-30','0.0000',2,'0.0000',2,'0.0000',2,'0.0000',2,0,24,NULL,NULL,0),(1375,35,17,NULL,'2011-01-06','0.0000',2,'0.0000',2,'0.0000',2,'0.0000',2,0,25,NULL,NULL,0),(1376,35,17,NULL,'2011-01-13','0.0000',2,'0.0000',2,'0.0000',2,'0.0000',2,0,26,NULL,NULL,0),(1377,35,17,NULL,'2011-01-20','0.0000',2,'0.0000',2,'0.0000',2,'0.0000',2,0,27,NULL,NULL,0),(1378,35,17,NULL,'2011-01-27','0.0000',2,'0.0000',2,'0.0000',2,'0.0000',2,0,28,NULL,NULL,0),(1379,35,17,NULL,'2011-02-03','0.0000',2,'0.0000',2,'0.0000',2,'0.0000',2,0,29,NULL,NULL,0),(1380,35,17,NULL,'2011-02-10','0.0000',2,'0.0000',2,'0.0000',2,'0.0000',2,0,30,NULL,NULL,0),(1381,37,18,NULL,'2010-12-09','0.0000',2,'0.0000',2,'0.0000',2,'0.0000',2,0,21,NULL,NULL,0),(1382,37,18,NULL,'2010-12-16','0.0000',2,'0.0000',2,'0.0000',2,'0.0000',2,0,22,NULL,NULL,0),(1383,37,18,NULL,'2010-12-23','0.0000',2,'0.0000',2,'0.0000',2,'0.0000',2,0,23,NULL,NULL,0),(1384,37,18,NULL,'2010-12-30','0.0000',2,'0.0000',2,'0.0000',2,'0.0000',2,0,24,NULL,NULL,0),(1385,37,18,NULL,'2011-01-06','0.0000',2,'0.0000',2,'0.0000',2,'0.0000',2,0,25,NULL,NULL,0),(1386,37,18,NULL,'2011-01-13','0.0000',2,'0.0000',2,'0.0000',2,'0.0000',2,0,26,NULL,NULL,0),(1387,37,18,NULL,'2011-01-20','0.0000',2,'0.0000',2,'0.0000',2,'0.0000',2,0,27,NULL,NULL,0),(1388,37,18,NULL,'2011-01-27','0.0000',2,'0.0000',2,'0.0000',2,'0.0000',2,0,28,NULL,NULL,0),(1389,37,18,NULL,'2011-02-03','0.0000',2,'0.0000',2,'0.0000',2,'0.0000',2,0,29,NULL,NULL,0),(1390,37,18,NULL,'2011-02-10','0.0000',2,'0.0000',2,'0.0000',2,'0.0000',2,0,30,NULL,NULL,0),(1391,39,19,NULL,'2010-12-09','0.0000',2,'0.0000',2,'0.0000',2,'0.0000',2,0,21,NULL,NULL,0),(1392,39,19,NULL,'2010-12-16','0.0000',2,'0.0000',2,'0.0000',2,'0.0000',2,0,22,NULL,NULL,0),(1393,39,19,NULL,'2010-12-23','0.0000',2,'0.0000',2,'0.0000',2,'0.0000',2,0,23,NULL,NULL,0),(1394,39,19,NULL,'2010-12-30','0.0000',2,'0.0000',2,'0.0000',2,'0.0000',2,0,24,NULL,NULL,0),(1395,39,19,NULL,'2011-01-06','0.0000',2,'0.0000',2,'0.0000',2,'0.0000',2,0,25,NULL,NULL,0),(1396,39,19,NULL,'2011-01-13','0.0000',2,'0.0000',2,'0.0000',2,'0.0000',2,0,26,NULL,NULL,0),(1397,39,19,NULL,'2011-01-20','0.0000',2,'0.0000',2,'0.0000',2,'0.0000',2,0,27,NULL,NULL,0),(1398,39,19,NULL,'2011-01-27','0.0000',2,'0.0000',2,'0.0000',2,'0.0000',2,0,28,NULL,NULL,0),(1399,39,19,NULL,'2011-02-03','0.0000',2,'0.0000',2,'0.0000',2,'0.0000',2,0,29,NULL,NULL,0),(1400,39,19,NULL,'2011-02-10','0.0000',2,'0.0000',2,'0.0000',2,'0.0000',2,0,30,NULL,NULL,0),(1401,40,20,NULL,'2010-12-09','0.0000',2,'0.0000',2,'0.0000',2,'0.0000',2,0,21,NULL,NULL,0),(1402,40,20,NULL,'2010-12-16','0.0000',2,'0.0000',2,'0.0000',2,'0.0000',2,0,22,NULL,NULL,0),(1403,40,20,NULL,'2010-12-23','0.0000',2,'0.0000',2,'0.0000',2,'0.0000',2,0,23,NULL,NULL,0),(1404,40,20,NULL,'2010-12-30','0.0000',2,'0.0000',2,'0.0000',2,'0.0000',2,0,24,NULL,NULL,0),(1405,40,20,NULL,'2011-01-06','0.0000',2,'0.0000',2,'0.0000',2,'0.0000',2,0,25,NULL,NULL,0),(1406,40,20,NULL,'2011-01-13','0.0000',2,'0.0000',2,'0.0000',2,'0.0000',2,0,26,NULL,NULL,0),(1407,40,20,NULL,'2011-01-20','0.0000',2,'0.0000',2,'0.0000',2,'0.0000',2,0,27,NULL,NULL,0),(1408,40,20,NULL,'2011-01-27','0.0000',2,'0.0000',2,'0.0000',2,'0.0000',2,0,28,NULL,NULL,0),(1409,40,20,NULL,'2011-02-03','0.0000',2,'0.0000',2,'0.0000',2,'0.0000',2,0,29,NULL,NULL,0),(1410,40,20,NULL,'2011-02-10','0.0000',2,'0.0000',2,'0.0000',2,'0.0000',2,0,30,NULL,NULL,0),(1411,41,21,NULL,'2010-12-09','0.0000',2,'0.0000',2,'0.0000',2,'0.0000',2,0,21,NULL,NULL,0),(1412,41,21,NULL,'2010-12-16','0.0000',2,'0.0000',2,'0.0000',2,'0.0000',2,0,22,NULL,NULL,0),(1413,41,21,NULL,'2010-12-23','0.0000',2,'0.0000',2,'0.0000',2,'0.0000',2,0,23,NULL,NULL,0),(1414,41,21,NULL,'2010-12-30','0.0000',2,'0.0000',2,'0.0000',2,'0.0000',2,0,24,NULL,NULL,0),(1415,41,21,NULL,'2011-01-06','0.0000',2,'0.0000',2,'0.0000',2,'0.0000',2,0,25,NULL,NULL,0),(1416,41,21,NULL,'2011-01-13','0.0000',2,'0.0000',2,'0.0000',2,'0.0000',2,0,26,NULL,NULL,0),(1417,41,21,NULL,'2011-01-20','0.0000',2,'0.0000',2,'0.0000',2,'0.0000',2,0,27,NULL,NULL,0),(1418,41,21,NULL,'2011-01-27','0.0000',2,'0.0000',2,'0.0000',2,'0.0000',2,0,28,NULL,NULL,0),(1419,41,21,NULL,'2011-02-03','0.0000',2,'0.0000',2,'0.0000',2,'0.0000',2,0,29,NULL,NULL,0),(1420,41,21,NULL,'2011-02-10','0.0000',2,'0.0000',2,'0.0000',2,'0.0000',2,0,30,NULL,NULL,0),(1421,42,22,NULL,'2010-12-09','0.0000',2,'0.0000',2,'0.0000',2,'0.0000',2,0,21,NULL,NULL,0),(1422,42,22,NULL,'2010-12-16','0.0000',2,'0.0000',2,'0.0000',2,'0.0000',2,0,22,NULL,NULL,0),(1423,42,22,NULL,'2010-12-23','0.0000',2,'0.0000',2,'0.0000',2,'0.0000',2,0,23,NULL,NULL,0),(1424,42,22,NULL,'2010-12-30','0.0000',2,'0.0000',2,'0.0000',2,'0.0000',2,0,24,NULL,NULL,0),(1425,42,22,NULL,'2011-01-06','0.0000',2,'0.0000',2,'0.0000',2,'0.0000',2,0,25,NULL,NULL,0),(1426,42,22,NULL,'2011-01-13','0.0000',2,'0.0000',2,'0.0000',2,'0.0000',2,0,26,NULL,NULL,0),(1427,42,22,NULL,'2011-01-20','0.0000',2,'0.0000',2,'0.0000',2,'0.0000',2,0,27,NULL,NULL,0),(1428,42,22,NULL,'2011-01-27','0.0000',2,'0.0000',2,'0.0000',2,'0.0000',2,0,28,NULL,NULL,0),(1429,42,22,NULL,'2011-02-03','0.0000',2,'0.0000',2,'0.0000',2,'0.0000',2,0,29,NULL,NULL,0),(1430,42,22,NULL,'2011-02-10','0.0000',2,'0.0000',2,'0.0000',2,'0.0000',2,0,30,NULL,NULL,0),(1431,43,23,NULL,'2010-12-09','0.0000',2,'0.0000',2,'0.0000',2,'0.0000',2,0,21,NULL,NULL,0),(1432,43,23,NULL,'2010-12-16','0.0000',2,'0.0000',2,'0.0000',2,'0.0000',2,0,22,NULL,NULL,0),(1433,43,23,NULL,'2010-12-23','0.0000',2,'0.0000',2,'0.0000',2,'0.0000',2,0,23,NULL,NULL,0),(1434,43,23,NULL,'2010-12-30','0.0000',2,'0.0000',2,'0.0000',2,'0.0000',2,0,24,NULL,NULL,0),(1435,43,23,NULL,'2011-01-06','0.0000',2,'0.0000',2,'0.0000',2,'0.0000',2,0,25,NULL,NULL,0),(1436,43,23,NULL,'2011-01-13','0.0000',2,'0.0000',2,'0.0000',2,'0.0000',2,0,26,NULL,NULL,0),(1437,43,23,NULL,'2011-01-20','0.0000',2,'0.0000',2,'0.0000',2,'0.0000',2,0,27,NULL,NULL,0),(1438,43,23,NULL,'2011-01-27','0.0000',2,'0.0000',2,'0.0000',2,'0.0000',2,0,28,NULL,NULL,0),(1439,43,23,NULL,'2011-02-03','0.0000',2,'0.0000',2,'0.0000',2,'0.0000',2,0,29,NULL,NULL,0),(1440,43,23,NULL,'2011-02-10','0.0000',2,'0.0000',2,'0.0000',2,'0.0000',2,0,30,NULL,NULL,0),(1441,45,24,NULL,'2010-12-07','0.0000',2,'0.0000',2,'0.0000',2,'0.0000',2,0,21,NULL,NULL,0),(1442,45,24,NULL,'2010-12-14','0.0000',2,'0.0000',2,'0.0000',2,'0.0000',2,0,22,NULL,NULL,0),(1443,45,24,NULL,'2010-12-21','0.0000',2,'0.0000',2,'0.0000',2,'0.0000',2,0,23,NULL,NULL,0),(1444,45,24,NULL,'2010-12-28','0.0000',2,'0.0000',2,'0.0000',2,'0.0000',2,0,24,NULL,NULL,0),(1445,45,24,NULL,'2011-01-04','0.0000',2,'0.0000',2,'0.0000',2,'0.0000',2,0,25,NULL,NULL,0),(1446,45,24,NULL,'2011-01-11','0.0000',2,'0.0000',2,'0.0000',2,'0.0000',2,0,26,NULL,NULL,0),(1447,45,24,NULL,'2011-01-18','0.0000',2,'0.0000',2,'0.0000',2,'0.0000',2,0,27,NULL,NULL,0),(1448,45,24,NULL,'2011-01-25','0.0000',2,'0.0000',2,'0.0000',2,'0.0000',2,0,28,NULL,NULL,0),(1449,45,24,NULL,'2011-02-01','0.0000',2,'0.0000',2,'0.0000',2,'0.0000',2,0,29,NULL,NULL,0),(1450,45,24,NULL,'2011-02-08','0.0000',2,'0.0000',2,'0.0000',2,'0.0000',2,0,30,NULL,NULL,0),(1451,114,67,NULL,'2010-09-03','0.0000',2,'0.0000',2,'0.0000',2,'0.0000',2,0,1,NULL,NULL,0),(1452,114,67,NULL,'2010-09-10','0.0000',2,'0.0000',2,'0.0000',2,'0.0000',2,0,2,NULL,NULL,0),(1453,114,67,NULL,'2010-09-17','0.0000',2,'0.0000',2,'0.0000',2,'0.0000',2,0,3,NULL,NULL,0),(1454,114,67,NULL,'2010-09-24','0.0000',2,'0.0000',2,'0.0000',2,'0.0000',2,0,4,NULL,NULL,0),(1455,114,67,NULL,'2010-10-01','0.0000',2,'0.0000',2,'0.0000',2,'0.0000',2,0,5,NULL,NULL,0),(1456,114,67,NULL,'2010-10-08','0.0000',2,'0.0000',2,'0.0000',2,'0.0000',2,0,6,NULL,NULL,0),(1457,114,67,NULL,'2010-10-15','0.0000',2,'0.0000',2,'0.0000',2,'0.0000',2,0,7,NULL,NULL,0),(1458,114,67,NULL,'2010-10-22','0.0000',2,'0.0000',2,'0.0000',2,'0.0000',2,0,8,NULL,NULL,0),(1459,114,67,NULL,'2010-10-29','0.0000',2,'0.0000',2,'0.0000',2,'0.0000',2,0,9,NULL,NULL,0),(1460,114,67,NULL,'2010-11-05','0.0000',2,'0.0000',2,'0.0000',2,'0.0000',2,0,10,NULL,NULL,0),(1461,115,68,NULL,'2010-09-03','0.0000',2,'0.0000',2,'0.0000',2,'0.0000',2,0,1,NULL,NULL,0),(1462,115,68,NULL,'2010-09-10','0.0000',2,'0.0000',2,'0.0000',2,'0.0000',2,0,2,NULL,NULL,0),(1463,115,68,NULL,'2010-09-17','0.0000',2,'0.0000',2,'0.0000',2,'0.0000',2,0,3,NULL,NULL,0),(1464,115,68,NULL,'2010-09-24','0.0000',2,'0.0000',2,'0.0000',2,'0.0000',2,0,4,NULL,NULL,0),(1465,115,68,NULL,'2010-10-01','0.0000',2,'0.0000',2,'0.0000',2,'0.0000',2,0,5,NULL,NULL,0),(1466,115,68,NULL,'2010-10-08','0.0000',2,'0.0000',2,'0.0000',2,'0.0000',2,0,6,NULL,NULL,0),(1467,115,68,NULL,'2010-10-15','0.0000',2,'0.0000',2,'0.0000',2,'0.0000',2,0,7,NULL,NULL,0),(1468,115,68,NULL,'2010-10-22','0.0000',2,'0.0000',2,'0.0000',2,'0.0000',2,0,8,NULL,NULL,0),(1469,115,68,NULL,'2010-10-29','0.0000',2,'0.0000',2,'0.0000',2,'0.0000',2,0,9,NULL,NULL,0),(1470,115,68,NULL,'2010-11-05','0.0000',2,'0.0000',2,'0.0000',2,'0.0000',2,0,10,NULL,NULL,0),(1471,117,69,NULL,'2010-09-07','0.0000',2,'0.0000',2,'0.0000',2,'0.0000',2,0,1,NULL,NULL,1),(1472,117,69,NULL,'2010-09-14','0.0000',2,'0.0000',2,'0.0000',2,'0.0000',2,0,2,NULL,NULL,1),(1473,117,69,NULL,'2010-09-21','0.0000',2,'0.0000',2,'0.0000',2,'0.0000',2,0,3,NULL,NULL,1),(1474,117,69,NULL,'2010-09-28','0.0000',2,'0.0000',2,'0.0000',2,'0.0000',2,0,4,NULL,NULL,1),(1475,117,69,NULL,'2010-10-05','0.0000',2,'0.0000',2,'0.0000',2,'0.0000',2,0,5,NULL,NULL,1),(1476,117,69,NULL,'2010-10-12','0.0000',2,'0.0000',2,'0.0000',2,'0.0000',2,0,6,NULL,NULL,1),(1477,117,69,NULL,'2010-10-19','0.0000',2,'0.0000',2,'0.0000',2,'0.0000',2,0,7,NULL,NULL,1),(1478,117,69,NULL,'2010-10-26','0.0000',2,'0.0000',2,'0.0000',2,'0.0000',2,0,8,NULL,NULL,1),(1479,117,69,NULL,'2010-11-02','0.0000',2,'0.0000',2,'0.0000',2,'0.0000',2,0,9,NULL,NULL,1),(1480,117,69,NULL,'2010-11-09','0.0000',2,'0.0000',2,'0.0000',2,'0.0000',2,0,10,NULL,NULL,1),(1481,118,70,NULL,'2010-09-07','0.0000',2,'0.0000',2,'0.0000',2,'0.0000',2,0,1,NULL,NULL,1),(1482,118,70,NULL,'2010-09-14','0.0000',2,'0.0000',2,'0.0000',2,'0.0000',2,0,2,NULL,NULL,1),(1483,118,70,NULL,'2010-09-21','0.0000',2,'0.0000',2,'0.0000',2,'0.0000',2,0,3,NULL,NULL,1),(1484,118,70,NULL,'2010-09-28','0.0000',2,'0.0000',2,'0.0000',2,'0.0000',2,0,4,NULL,NULL,1),(1485,118,70,NULL,'2010-10-05','0.0000',2,'0.0000',2,'0.0000',2,'0.0000',2,0,5,NULL,NULL,1),(1486,118,70,NULL,'2010-10-12','0.0000',2,'0.0000',2,'0.0000',2,'0.0000',2,0,6,NULL,NULL,1),(1487,118,70,NULL,'2010-10-19','0.0000',2,'0.0000',2,'0.0000',2,'0.0000',2,0,7,NULL,NULL,1),(1488,118,70,NULL,'2010-10-26','0.0000',2,'0.0000',2,'0.0000',2,'0.0000',2,0,8,NULL,NULL,1),(1489,118,70,NULL,'2010-11-02','0.0000',2,'0.0000',2,'0.0000',2,'0.0000',2,0,9,NULL,NULL,1),(1490,118,70,NULL,'2010-11-09','0.0000',2,'0.0000',2,'0.0000',2,'0.0000',2,0,10,NULL,NULL,1),(1491,119,71,NULL,'2010-09-07','0.0000',2,'0.0000',2,'0.0000',2,'0.0000',2,0,1,NULL,NULL,0),(1492,119,71,NULL,'2010-09-14','0.0000',2,'0.0000',2,'0.0000',2,'0.0000',2,0,2,NULL,NULL,0),(1493,119,71,NULL,'2010-09-21','0.0000',2,'0.0000',2,'0.0000',2,'0.0000',2,0,3,NULL,NULL,0),(1494,119,71,NULL,'2010-09-28','0.0000',2,'0.0000',2,'0.0000',2,'0.0000',2,0,4,NULL,NULL,0),(1495,119,71,NULL,'2010-10-05','0.0000',2,'0.0000',2,'0.0000',2,'0.0000',2,0,5,NULL,NULL,0),(1496,119,71,NULL,'2010-10-12','0.0000',2,'0.0000',2,'0.0000',2,'0.0000',2,0,6,NULL,NULL,0),(1497,119,71,NULL,'2010-10-19','0.0000',2,'0.0000',2,'0.0000',2,'0.0000',2,0,7,NULL,NULL,0),(1498,119,71,NULL,'2010-10-26','0.0000',2,'0.0000',2,'0.0000',2,'0.0000',2,0,8,NULL,NULL,0),(1499,119,71,NULL,'2010-11-02','0.0000',2,'0.0000',2,'0.0000',2,'0.0000',2,0,9,NULL,NULL,0),(1500,119,71,NULL,'2010-11-09','0.0000',2,'0.0000',2,'0.0000',2,'0.0000',2,0,10,NULL,NULL,0),(1501,120,72,NULL,'2010-09-08','0.0000',2,'0.0000',2,'0.0000',2,'0.0000',2,0,1,NULL,NULL,0),(1502,120,72,NULL,'2010-09-15','0.0000',2,'0.0000',2,'0.0000',2,'0.0000',2,0,2,NULL,NULL,0),(1503,120,72,NULL,'2010-09-22','0.0000',2,'0.0000',2,'0.0000',2,'0.0000',2,0,3,NULL,NULL,0),(1504,120,72,NULL,'2010-09-29','0.0000',2,'0.0000',2,'0.0000',2,'0.0000',2,0,4,NULL,NULL,0),(1505,120,72,NULL,'2010-10-06','0.0000',2,'0.0000',2,'0.0000',2,'0.0000',2,0,5,NULL,NULL,0),(1506,120,72,NULL,'2010-10-13','0.0000',2,'0.0000',2,'0.0000',2,'0.0000',2,0,6,NULL,NULL,0),(1507,120,72,NULL,'2010-10-20','0.0000',2,'0.0000',2,'0.0000',2,'0.0000',2,0,7,NULL,NULL,0),(1508,120,72,NULL,'2010-10-27','0.0000',2,'0.0000',2,'0.0000',2,'0.0000',2,0,8,NULL,NULL,0),(1509,120,72,NULL,'2010-11-03','0.0000',2,'0.0000',2,'0.0000',2,'0.0000',2,0,9,NULL,NULL,0),(1510,120,72,NULL,'2010-11-10','0.0000',2,'0.0000',2,'0.0000',2,'0.0000',2,0,10,NULL,NULL,0),(1511,124,76,NULL,'2011-01-14','0.0000',2,'0.0000',2,'0.0000',2,'0.0000',2,0,1,NULL,NULL,0),(1512,124,76,NULL,'2011-01-21','0.0000',2,'0.0000',2,'0.0000',2,'0.0000',2,0,2,NULL,NULL,0),(1513,124,76,NULL,'2011-01-28','0.0000',2,'0.0000',2,'0.0000',2,'0.0000',2,0,3,NULL,NULL,0),(1514,124,76,NULL,'2011-02-04','0.0000',2,'0.0000',2,'0.0000',2,'0.0000',2,0,4,NULL,NULL,0),(1515,124,76,NULL,'2011-02-11','0.0000',2,'0.0000',2,'0.0000',2,'0.0000',2,0,5,NULL,NULL,0),(1516,124,76,NULL,'2011-02-18','0.0000',2,'0.0000',2,'0.0000',2,'0.0000',2,0,6,NULL,NULL,0),(1517,124,76,NULL,'2011-02-25','0.0000',2,'0.0000',2,'0.0000',2,'0.0000',2,0,7,NULL,NULL,0),(1518,124,76,NULL,'2011-03-04','0.0000',2,'0.0000',2,'0.0000',2,'0.0000',2,0,8,NULL,NULL,0),(1519,124,76,NULL,'2011-03-11','0.0000',2,'0.0000',2,'0.0000',2,'0.0000',2,0,9,NULL,NULL,0),(1520,124,76,NULL,'2011-03-18','0.0000',2,'0.0000',2,'0.0000',2,'0.0000',2,0,10,NULL,NULL,0);
/*!40000 ALTER TABLE `customer_schedule` ENABLE KEYS */;
UNLOCK TABLES;

--
-- Table structure for table `customer_state`
--

DROP TABLE IF EXISTS `customer_state`;
/*!40101 SET @saved_cs_client     = @@character_set_client */;
/*!40101 SET character_set_client = utf8 */;
CREATE TABLE `customer_state` (
  `status_id` smallint(6) NOT NULL AUTO_INCREMENT,
  `status_lookup_id` int(11) NOT NULL,
  `level_id` smallint(6) NOT NULL,
  `description` varchar(200) DEFAULT NULL,
  `currently_in_use` smallint(6) NOT NULL,
  PRIMARY KEY (`status_id`),
  KEY `level_id` (`level_id`),
  KEY `status_lookup_id` (`status_lookup_id`),
  CONSTRAINT `customer_state_ibfk_1` FOREIGN KEY (`level_id`) REFERENCES `customer_level` (`level_id`) ON DELETE NO ACTION ON UPDATE NO ACTION,
  CONSTRAINT `customer_state_ibfk_2` FOREIGN KEY (`status_lookup_id`) REFERENCES `lookup_value` (`lookup_id`) ON DELETE NO ACTION ON UPDATE NO ACTION
) ENGINE=InnoDB AUTO_INCREMENT=15 DEFAULT CHARSET=utf8;
/*!40101 SET character_set_client = @saved_cs_client */;

--
-- Dumping data for table `customer_state`
--

LOCK TABLES `customer_state` WRITE;
/*!40000 ALTER TABLE `customer_state` DISABLE KEYS */;
INSERT INTO `customer_state` VALUES (1,1,1,'Customer Was Partial',1),(2,2,1,'Customer Was Pending',1),(3,3,1,'Customer Was Active',1),(4,4,1,'Customer Was Hold',1),(5,5,1,'Customer Was Cancel',1),(6,6,1,'Customer Was Close',1),(7,7,2,'Customer Was Partial',1),(8,8,2,'Customer Was Pending',1),(9,9,2,'Customer Was Active',1),(10,10,2,'Customer Was Hold',1),(11,11,2,'Customer Was Cancel',1),(12,12,2,'Customer Was Close',1),(13,13,3,'Customer Was Active',1),(14,14,3,'Customer Was Inactive',1);
/*!40000 ALTER TABLE `customer_state` ENABLE KEYS */;
UNLOCK TABLES;

--
-- Table structure for table `customer_state_flag`
--

DROP TABLE IF EXISTS `customer_state_flag`;
/*!40101 SET @saved_cs_client     = @@character_set_client */;
/*!40101 SET character_set_client = utf8 */;
CREATE TABLE `customer_state_flag` (
  `flag_id` smallint(6) NOT NULL,
  `flag_lookup_id` int(11) NOT NULL,
  `status_id` smallint(6) NOT NULL,
  `flag_description` varchar(200) NOT NULL,
  `isblacklisted` smallint(6) DEFAULT NULL,
  PRIMARY KEY (`flag_id`),
  KEY `status_id` (`status_id`),
  KEY `flag_lookup_id` (`flag_lookup_id`),
  CONSTRAINT `customer_state_flag_ibfk_1` FOREIGN KEY (`status_id`) REFERENCES `customer_state` (`status_id`) ON DELETE NO ACTION ON UPDATE NO ACTION,
  CONSTRAINT `customer_state_flag_ibfk_2` FOREIGN KEY (`flag_lookup_id`) REFERENCES `lookup_value` (`lookup_id`) ON DELETE NO ACTION ON UPDATE NO ACTION
) ENGINE=InnoDB DEFAULT CHARSET=utf8;
/*!40101 SET character_set_client = @saved_cs_client */;

--
-- Dumping data for table `customer_state_flag`
--

LOCK TABLES `customer_state_flag` WRITE;
/*!40000 ALTER TABLE `customer_state_flag` DISABLE KEYS */;
INSERT INTO `customer_state_flag` VALUES (1,28,5,'Withdraw',0),(2,29,5,'Rejected',0),(3,30,5,'Blacklisted',1),(4,31,5,'Duplicate',0),(5,34,5,'Other',0),(6,32,6,'Transferred',0),(7,31,6,'Duplicate',0),(8,30,6,'Blacklisted',1),(9,33,6,'Left program',0),(10,34,6,'Other',0),(11,28,11,'Withdraw',0),(12,29,11,'Rejected',0),(13,30,11,'Blacklisted',1),(14,31,11,'Duplicate',0),(15,34,11,'Other',0),(16,32,12,'Transferred',0),(17,31,12,'Duplicate',0),(18,30,12,'Blacklisted',1),(19,33,12,'Left program',0),(20,34,12,'Other',0);
/*!40000 ALTER TABLE `customer_state_flag` ENABLE KEYS */;
UNLOCK TABLES;

--
-- Table structure for table `customer_trxn_detail`
--

DROP TABLE IF EXISTS `customer_trxn_detail`;
/*!40101 SET @saved_cs_client     = @@character_set_client */;
/*!40101 SET character_set_client = utf8 */;
CREATE TABLE `customer_trxn_detail` (
  `account_trxn_id` int(11) NOT NULL,
  `total_amount` decimal(21,4) DEFAULT NULL,
  `total_amount_currency_id` smallint(6) DEFAULT NULL,
  `misc_fee_amount` decimal(21,4) DEFAULT NULL,
  `misc_fee_amount_currency_id` smallint(6) DEFAULT NULL,
  `misc_penalty_amount` decimal(21,4) DEFAULT NULL,
  `misc_penalty_amount_currency_id` smallint(6) DEFAULT NULL,
  PRIMARY KEY (`account_trxn_id`),
  KEY `total_amount_currency_id` (`total_amount_currency_id`),
  KEY `misc_penalty_amount_currency_id` (`misc_penalty_amount_currency_id`),
  KEY `misc_fee_amount_currency_id` (`misc_fee_amount_currency_id`),
  CONSTRAINT `customer_trxn_detail_ibfk_1` FOREIGN KEY (`total_amount_currency_id`) REFERENCES `currency` (`currency_id`) ON DELETE NO ACTION ON UPDATE NO ACTION,
  CONSTRAINT `customer_trxn_detail_ibfk_2` FOREIGN KEY (`misc_penalty_amount_currency_id`) REFERENCES `currency` (`currency_id`) ON DELETE NO ACTION ON UPDATE NO ACTION,
  CONSTRAINT `customer_trxn_detail_ibfk_3` FOREIGN KEY (`misc_fee_amount_currency_id`) REFERENCES `currency` (`currency_id`) ON DELETE NO ACTION ON UPDATE NO ACTION,
  CONSTRAINT `customer_trxn_detail_ibfk_4` FOREIGN KEY (`account_trxn_id`) REFERENCES `account_trxn` (`account_trxn_id`) ON DELETE NO ACTION ON UPDATE NO ACTION
) ENGINE=InnoDB DEFAULT CHARSET=utf8;
/*!40101 SET character_set_client = @saved_cs_client */;

--
-- Dumping data for table `customer_trxn_detail`
--

LOCK TABLES `customer_trxn_detail` WRITE;
/*!40000 ALTER TABLE `customer_trxn_detail` DISABLE KEYS */;
INSERT INTO `customer_trxn_detail` VALUES (83,'0.0000',2,'0.0000',2,'0.0000',2),(84,'0.0000',2,'0.0000',2,'0.0000',2),(86,'0.0000',2,'0.0000',2,'0.0000',2),(87,'6.0000',2,'2.0000',2,'4.0000',2);
/*!40000 ALTER TABLE `customer_trxn_detail` ENABLE KEYS */;
UNLOCK TABLES;

--
-- Table structure for table `entity_master`
--

DROP TABLE IF EXISTS `entity_master`;
/*!40101 SET @saved_cs_client     = @@character_set_client */;
/*!40101 SET character_set_client = utf8 */;
CREATE TABLE `entity_master` (
  `entity_type_id` smallint(6) NOT NULL AUTO_INCREMENT,
  `entity_type` varchar(100) NOT NULL,
  PRIMARY KEY (`entity_type_id`)
) ENGINE=InnoDB AUTO_INCREMENT=24 DEFAULT CHARSET=utf8;
/*!40101 SET character_set_client = @saved_cs_client */;

--
-- Dumping data for table `entity_master`
--

LOCK TABLES `entity_master` WRITE;
/*!40000 ALTER TABLE `entity_master` DISABLE KEYS */;
INSERT INTO `entity_master` VALUES (1,'Client'),(2,'LoanProduct'),(3,'SavingsProduct'),(4,'ProductCategory'),(5,'ProductConfiguration'),(6,'Fees'),(7,'Accounts'),(8,'Admin'),(9,'Checklist'),(10,'Configuration'),(11,'Customer'),(12,'Group'),(13,'Login'),(14,'Meeting'),(15,'Office'),(16,'Penalty'),(17,'Personnel'),(19,'Roleandpermission'),(20,'Center'),(21,'Savings'),(22,'Loan'),(23,'BulkEntry');
/*!40000 ALTER TABLE `entity_master` ENABLE KEYS */;
UNLOCK TABLES;

--
-- Table structure for table `event_sources`
--

DROP TABLE IF EXISTS `event_sources`;
/*!40101 SET @saved_cs_client     = @@character_set_client */;
/*!40101 SET character_set_client = utf8 */;
CREATE TABLE `event_sources` (
  `id` int(11) NOT NULL,
  `entity_type_id` smallint(6) NOT NULL,
  `event_id` int(11) NOT NULL,
  `description` varchar(200) NOT NULL,
  PRIMARY KEY (`id`),
  KEY `entity_type_id` (`entity_type_id`),
  KEY `event_id` (`event_id`),
  CONSTRAINT `event_sources_ibfk_1` FOREIGN KEY (`entity_type_id`) REFERENCES `entity_master` (`entity_type_id`),
  CONSTRAINT `event_sources_ibfk_2` FOREIGN KEY (`event_id`) REFERENCES `events` (`id`)
) ENGINE=InnoDB DEFAULT CHARSET=utf8;
/*!40101 SET character_set_client = @saved_cs_client */;

--
-- Dumping data for table `event_sources`
--

LOCK TABLES `event_sources` WRITE;
/*!40000 ALTER TABLE `event_sources` DISABLE KEYS */;
INSERT INTO `event_sources` VALUES (1,1,1,'Create Client'),(2,22,1,'Create Loan'),(3,1,2,'View Client'),(4,12,1,'Create Group'),(5,22,3,'Approve Loan'),(6,1,4,'Close Client'),(7,22,2,'View Loan'),(8,12,2,'View Group'),(9,20,1,'Create Center'),(10,20,2,'View Center'),(11,22,5,'Disburse Loan'),(12,21,1,'Create Savings'),(13,21,2,'View Savings'),(14,15,1,'Create Office'),(15,17,1,'Create Personnel');
/*!40000 ALTER TABLE `event_sources` ENABLE KEYS */;
UNLOCK TABLES;

--
-- Table structure for table `events`
--

DROP TABLE IF EXISTS `events`;
/*!40101 SET @saved_cs_client     = @@character_set_client */;
/*!40101 SET character_set_client = utf8 */;
CREATE TABLE `events` (
  `id` int(11) NOT NULL,
  `name` varchar(50) NOT NULL,
  PRIMARY KEY (`id`)
) ENGINE=InnoDB DEFAULT CHARSET=utf8;
/*!40101 SET character_set_client = @saved_cs_client */;

--
-- Dumping data for table `events`
--

LOCK TABLES `events` WRITE;
/*!40000 ALTER TABLE `events` DISABLE KEYS */;
INSERT INTO `events` VALUES (1,'Create'),(2,'View'),(3,'Approve'),(4,'Close'),(5,'Disburse');
/*!40000 ALTER TABLE `events` ENABLE KEYS */;
UNLOCK TABLES;

--
-- Table structure for table `fee_formula_master`
--

DROP TABLE IF EXISTS `fee_formula_master`;
/*!40101 SET @saved_cs_client     = @@character_set_client */;
/*!40101 SET character_set_client = utf8 */;
CREATE TABLE `fee_formula_master` (
  `formulaid` smallint(6) NOT NULL AUTO_INCREMENT,
  `forumla_lookup_id` int(11) NOT NULL,
  PRIMARY KEY (`formulaid`),
  KEY `forumla_lookup_id` (`forumla_lookup_id`),
  CONSTRAINT `fee_formula_master_ibfk_1` FOREIGN KEY (`forumla_lookup_id`) REFERENCES `lookup_value` (`lookup_id`) ON DELETE NO ACTION ON UPDATE NO ACTION
) ENGINE=InnoDB AUTO_INCREMENT=4 DEFAULT CHARSET=utf8;
/*!40101 SET character_set_client = @saved_cs_client */;

--
-- Dumping data for table `fee_formula_master`
--

LOCK TABLES `fee_formula_master` WRITE;
/*!40000 ALTER TABLE `fee_formula_master` DISABLE KEYS */;
INSERT INTO `fee_formula_master` VALUES (1,149),(2,150),(3,151);
/*!40000 ALTER TABLE `fee_formula_master` ENABLE KEYS */;
UNLOCK TABLES;

--
-- Table structure for table `fee_frequency`
--

DROP TABLE IF EXISTS `fee_frequency`;
/*!40101 SET @saved_cs_client     = @@character_set_client */;
/*!40101 SET character_set_client = utf8 */;
CREATE TABLE `fee_frequency` (
  `fee_frequency_id` smallint(6) NOT NULL AUTO_INCREMENT,
  `fee_id` smallint(6) NOT NULL,
  `fee_frequencytype_id` smallint(6) NOT NULL,
  `frequency_payment_id` smallint(6) DEFAULT NULL,
  `frequency_meeting_id` int(11) DEFAULT NULL,
  PRIMARY KEY (`fee_frequency_id`),
  KEY `fee_id` (`fee_id`),
  KEY `fee_frequencytype_id` (`fee_frequencytype_id`),
  KEY `frequency_payment_id` (`frequency_payment_id`),
  KEY `frequency_meeting_id` (`frequency_meeting_id`),
  CONSTRAINT `fee_frequency_ibfk_1` FOREIGN KEY (`fee_id`) REFERENCES `fees` (`fee_id`) ON DELETE NO ACTION ON UPDATE NO ACTION,
  CONSTRAINT `fee_frequency_ibfk_2` FOREIGN KEY (`fee_frequencytype_id`) REFERENCES `fee_frequency_type` (`fee_frequency_id`) ON DELETE NO ACTION ON UPDATE NO ACTION,
  CONSTRAINT `fee_frequency_ibfk_3` FOREIGN KEY (`frequency_payment_id`) REFERENCES `fee_payment` (`fee_payment_id`) ON DELETE NO ACTION ON UPDATE NO ACTION,
  CONSTRAINT `fee_frequency_ibfk_4` FOREIGN KEY (`frequency_meeting_id`) REFERENCES `meeting` (`meeting_id`) ON DELETE NO ACTION ON UPDATE NO ACTION
) ENGINE=InnoDB AUTO_INCREMENT=9 DEFAULT CHARSET=utf8;
/*!40101 SET character_set_client = @saved_cs_client */;

--
-- Dumping data for table `fee_frequency`
--

LOCK TABLES `fee_frequency` WRITE;
/*!40000 ALTER TABLE `fee_frequency` DISABLE KEYS */;
INSERT INTO `fee_frequency` VALUES (1,1,1,NULL,79),(2,2,1,NULL,82),(3,3,2,1,NULL),(4,4,1,NULL,83),(5,5,2,1,NULL),(6,6,2,2,NULL),(7,7,2,3,NULL),(8,8,1,NULL,86);
/*!40000 ALTER TABLE `fee_frequency` ENABLE KEYS */;
UNLOCK TABLES;

--
-- Table structure for table `fee_frequency_type`
--

DROP TABLE IF EXISTS `fee_frequency_type`;
/*!40101 SET @saved_cs_client     = @@character_set_client */;
/*!40101 SET character_set_client = utf8 */;
CREATE TABLE `fee_frequency_type` (
  `fee_frequency_id` smallint(6) NOT NULL AUTO_INCREMENT,
  `lookup_id` int(11) NOT NULL,
  PRIMARY KEY (`fee_frequency_id`),
  KEY `lookup_id` (`lookup_id`),
  CONSTRAINT `fee_frequency_type_ibfk_1` FOREIGN KEY (`lookup_id`) REFERENCES `lookup_value` (`lookup_id`) ON DELETE NO ACTION ON UPDATE NO ACTION
) ENGINE=InnoDB AUTO_INCREMENT=3 DEFAULT CHARSET=utf8;
/*!40101 SET character_set_client = @saved_cs_client */;

--
-- Dumping data for table `fee_frequency_type`
--

LOCK TABLES `fee_frequency_type` WRITE;
/*!40000 ALTER TABLE `fee_frequency_type` DISABLE KEYS */;
INSERT INTO `fee_frequency_type` VALUES (1,558),(2,559);
/*!40000 ALTER TABLE `fee_frequency_type` ENABLE KEYS */;
UNLOCK TABLES;

--
-- Table structure for table `fee_payment`
--

DROP TABLE IF EXISTS `fee_payment`;
/*!40101 SET @saved_cs_client     = @@character_set_client */;
/*!40101 SET character_set_client = utf8 */;
CREATE TABLE `fee_payment` (
  `fee_payment_id` smallint(6) NOT NULL AUTO_INCREMENT,
  `fee_payment_lookup_id` int(11) DEFAULT NULL,
  PRIMARY KEY (`fee_payment_id`),
  KEY `fee_payment_lookup_id` (`fee_payment_lookup_id`),
  CONSTRAINT `fee_payment_ibfk_1` FOREIGN KEY (`fee_payment_lookup_id`) REFERENCES `lookup_value` (`lookup_id`) ON DELETE NO ACTION ON UPDATE NO ACTION
) ENGINE=InnoDB AUTO_INCREMENT=4 DEFAULT CHARSET=utf8;
/*!40101 SET character_set_client = @saved_cs_client */;

--
-- Dumping data for table `fee_payment`
--

LOCK TABLES `fee_payment` WRITE;
/*!40000 ALTER TABLE `fee_payment` DISABLE KEYS */;
INSERT INTO `fee_payment` VALUES (1,146),(2,147),(3,148);
/*!40000 ALTER TABLE `fee_payment` ENABLE KEYS */;
UNLOCK TABLES;

--
-- Table structure for table `fee_payments_categories_type`
--

DROP TABLE IF EXISTS `fee_payments_categories_type`;
/*!40101 SET @saved_cs_client     = @@character_set_client */;
/*!40101 SET character_set_client = utf8 */;
CREATE TABLE `fee_payments_categories_type` (
  `fee_payments_category_type_id` smallint(6) NOT NULL,
  `fee_payment_id` smallint(6) DEFAULT NULL,
  `category_id` smallint(6) DEFAULT NULL,
  `fee_type_id` smallint(6) DEFAULT NULL,
  PRIMARY KEY (`fee_payments_category_type_id`),
  KEY `category_id` (`category_id`),
  KEY `fee_payment_id` (`fee_payment_id`),
  KEY `fee_type_id` (`fee_type_id`),
  CONSTRAINT `fee_payments_categories_type_ibfk_1` FOREIGN KEY (`category_id`) REFERENCES `category_type` (`category_id`) ON DELETE NO ACTION ON UPDATE NO ACTION,
  CONSTRAINT `fee_payments_categories_type_ibfk_2` FOREIGN KEY (`fee_payment_id`) REFERENCES `fee_payment` (`fee_payment_id`) ON DELETE NO ACTION ON UPDATE NO ACTION,
  CONSTRAINT `fee_payments_categories_type_ibfk_3` FOREIGN KEY (`fee_type_id`) REFERENCES `fee_type` (`fee_type_id`) ON DELETE NO ACTION ON UPDATE NO ACTION
) ENGINE=InnoDB DEFAULT CHARSET=utf8;
/*!40101 SET character_set_client = @saved_cs_client */;

--
-- Dumping data for table `fee_payments_categories_type`
--

LOCK TABLES `fee_payments_categories_type` WRITE;
/*!40000 ALTER TABLE `fee_payments_categories_type` DISABLE KEYS */;
INSERT INTO `fee_payments_categories_type` VALUES (1,1,1,1),(2,1,1,1),(3,1,1,1);
/*!40000 ALTER TABLE `fee_payments_categories_type` ENABLE KEYS */;
UNLOCK TABLES;

--
-- Table structure for table `fee_status`
--

DROP TABLE IF EXISTS `fee_status`;
/*!40101 SET @saved_cs_client     = @@character_set_client */;
/*!40101 SET character_set_client = utf8 */;
CREATE TABLE `fee_status` (
  `status_id` smallint(6) NOT NULL AUTO_INCREMENT,
  `status_lookup_id` int(11) NOT NULL,
  PRIMARY KEY (`status_id`),
  KEY `status_lookup_id` (`status_lookup_id`),
  CONSTRAINT `fee_status_ibfk_1` FOREIGN KEY (`status_lookup_id`) REFERENCES `lookup_value` (`lookup_id`) ON DELETE NO ACTION ON UPDATE NO ACTION
) ENGINE=InnoDB AUTO_INCREMENT=3 DEFAULT CHARSET=utf8;
/*!40101 SET character_set_client = @saved_cs_client */;

--
-- Dumping data for table `fee_status`
--

LOCK TABLES `fee_status` WRITE;
/*!40000 ALTER TABLE `fee_status` DISABLE KEYS */;
INSERT INTO `fee_status` VALUES (1,165),(2,166);
/*!40000 ALTER TABLE `fee_status` ENABLE KEYS */;
UNLOCK TABLES;

--
-- Table structure for table `fee_trxn_detail`
--

DROP TABLE IF EXISTS `fee_trxn_detail`;
/*!40101 SET @saved_cs_client     = @@character_set_client */;
/*!40101 SET character_set_client = utf8 */;
CREATE TABLE `fee_trxn_detail` (
  `fee_trxn_detail_id` int(11) NOT NULL AUTO_INCREMENT,
  `account_trxn_id` int(11) NOT NULL,
  `account_fee_id` int(11) DEFAULT NULL,
  `fee_amount_currency_id` smallint(6) DEFAULT NULL,
  `fee_amount` decimal(21,4) NOT NULL,
  PRIMARY KEY (`fee_trxn_detail_id`),
  KEY `account_fee_id` (`account_fee_id`),
  KEY `fee_amount_currency_id` (`fee_amount_currency_id`),
  KEY `fee_account_trxn_idx` (`account_trxn_id`),
  CONSTRAINT `fee_trxn_detail_ibfk_1` FOREIGN KEY (`account_fee_id`) REFERENCES `account_fees` (`account_fee_id`) ON DELETE NO ACTION ON UPDATE NO ACTION,
  CONSTRAINT `fee_trxn_detail_ibfk_2` FOREIGN KEY (`fee_amount_currency_id`) REFERENCES `currency` (`currency_id`) ON DELETE NO ACTION ON UPDATE NO ACTION,
  CONSTRAINT `fee_trxn_detail_ibfk_3` FOREIGN KEY (`account_trxn_id`) REFERENCES `account_trxn` (`account_trxn_id`) ON DELETE NO ACTION ON UPDATE NO ACTION
) ENGINE=InnoDB AUTO_INCREMENT=28 DEFAULT CHARSET=utf8;
/*!40101 SET character_set_client = @saved_cs_client */;

--
-- Dumping data for table `fee_trxn_detail`
--

LOCK TABLES `fee_trxn_detail` WRITE;
/*!40000 ALTER TABLE `fee_trxn_detail` DISABLE KEYS */;
INSERT INTO `fee_trxn_detail` VALUES (1,83,1,2,'10.0000'),(2,84,3,2,'30.0000'),(3,84,4,2,'20.0000'),(4,84,2,2,'40.0000'),(5,86,4,2,'-20.0000'),(6,86,2,2,'-40.0000'),(7,86,3,2,'-30.0000'),(8,87,4,2,'20.0000'),(9,87,2,2,'40.0000'),(10,87,3,2,'30.0000'),(11,87,5,2,'33.0000'),(12,88,10,2,'70.0000'),(13,90,7,2,'90.0000'),(14,90,9,2,'80.0000'),(15,90,8,2,'60.0000'),(16,91,9,2,'-80.0000'),(17,91,8,2,'-60.0000'),(18,91,7,2,'-90.0000'),(19,92,9,2,'80.0000'),(20,92,8,2,'60.0000'),(21,92,7,2,'90.0000'),(22,93,7,2,'1.0000'),(23,94,7,2,'-1.0000'),(24,95,7,2,'-90.0000'),(25,95,8,2,'-60.0000'),(26,95,9,2,'-80.0000'),(27,97,10,2,'-70.0000');
/*!40000 ALTER TABLE `fee_trxn_detail` ENABLE KEYS */;
UNLOCK TABLES;

--
-- Table structure for table `fee_type`
--

DROP TABLE IF EXISTS `fee_type`;
/*!40101 SET @saved_cs_client     = @@character_set_client */;
/*!40101 SET character_set_client = utf8 */;
CREATE TABLE `fee_type` (
  `fee_type_id` smallint(6) NOT NULL,
  `fee_lookup_id` smallint(6) DEFAULT NULL,
  `flat_or_rate` smallint(6) DEFAULT NULL,
  `formula` varchar(100) DEFAULT NULL,
  PRIMARY KEY (`fee_type_id`),
  KEY `fee_lookup_id` (`fee_lookup_id`),
  CONSTRAINT `fee_type_ibfk_1` FOREIGN KEY (`fee_lookup_id`) REFERENCES `lookup_entity` (`entity_id`) ON DELETE NO ACTION ON UPDATE NO ACTION
) ENGINE=InnoDB DEFAULT CHARSET=utf8;
/*!40101 SET character_set_client = @saved_cs_client */;

--
-- Dumping data for table `fee_type`
--

LOCK TABLES `fee_type` WRITE;
/*!40000 ALTER TABLE `fee_type` DISABLE KEYS */;
INSERT INTO `fee_type` VALUES (1,1,NULL,NULL),(2,1,NULL,NULL),(3,2,NULL,NULL),(4,3,NULL,NULL),(5,3,NULL,NULL);
/*!40000 ALTER TABLE `fee_type` ENABLE KEYS */;
UNLOCK TABLES;

--
-- Table structure for table `fee_update_type`
--

DROP TABLE IF EXISTS `fee_update_type`;
/*!40101 SET @saved_cs_client     = @@character_set_client */;
/*!40101 SET character_set_client = utf8 */;
CREATE TABLE `fee_update_type` (
  `fee_update_type_id` smallint(6) NOT NULL AUTO_INCREMENT,
  `lookup_id` int(11) NOT NULL,
  PRIMARY KEY (`fee_update_type_id`),
  KEY `lookup_id` (`lookup_id`),
  CONSTRAINT `fee_update_type_ibfk_1` FOREIGN KEY (`lookup_id`) REFERENCES `lookup_value` (`lookup_id`) ON DELETE NO ACTION ON UPDATE NO ACTION
) ENGINE=InnoDB AUTO_INCREMENT=3 DEFAULT CHARSET=utf8;
/*!40101 SET character_set_client = @saved_cs_client */;

--
-- Dumping data for table `fee_update_type`
--

LOCK TABLES `fee_update_type` WRITE;
/*!40000 ALTER TABLE `fee_update_type` DISABLE KEYS */;
INSERT INTO `fee_update_type` VALUES (1,556),(2,557);
/*!40000 ALTER TABLE `fee_update_type` ENABLE KEYS */;
UNLOCK TABLES;

--
-- Table structure for table `feelevel`
--

DROP TABLE IF EXISTS `feelevel`;
/*!40101 SET @saved_cs_client     = @@character_set_client */;
/*!40101 SET character_set_client = utf8 */;
CREATE TABLE `feelevel` (
  `feelevel_id` smallint(6) NOT NULL AUTO_INCREMENT,
  `fee_id` smallint(6) NOT NULL,
  `level_id` smallint(6) NOT NULL,
  PRIMARY KEY (`feelevel_id`),
  KEY `fee_id` (`fee_id`),
  CONSTRAINT `feelevel_ibfk_1` FOREIGN KEY (`fee_id`) REFERENCES `fees` (`fee_id`) ON DELETE NO ACTION ON UPDATE NO ACTION
) ENGINE=InnoDB AUTO_INCREMENT=2 DEFAULT CHARSET=utf8;
/*!40101 SET character_set_client = @saved_cs_client */;

--
-- Dumping data for table `feelevel`
--

LOCK TABLES `feelevel` WRITE;
/*!40000 ALTER TABLE `feelevel` DISABLE KEYS */;
INSERT INTO `feelevel` VALUES (1,4,2);
/*!40000 ALTER TABLE `feelevel` ENABLE KEYS */;
UNLOCK TABLES;

--
-- Table structure for table `fees`
--

DROP TABLE IF EXISTS `fees`;
/*!40101 SET @saved_cs_client     = @@character_set_client */;
/*!40101 SET character_set_client = utf8 */;
CREATE TABLE `fees` (
  `fee_id` smallint(6) NOT NULL AUTO_INCREMENT,
  `global_fee_num` varchar(50) DEFAULT NULL,
  `fee_name` varchar(50) NOT NULL,
  `fee_payments_category_type_id` smallint(6) DEFAULT NULL,
  `office_id` smallint(6) NOT NULL,
  `glcode_id` smallint(6) NOT NULL,
  `status` smallint(6) NOT NULL,
  `category_id` smallint(6) NOT NULL,
  `rate_or_amount` decimal(16,5) DEFAULT NULL,
  `rate_or_amount_currency_id` smallint(6) DEFAULT NULL,
  `rate_flat_falg` smallint(6) DEFAULT NULL,
  `created_date` date NOT NULL,
  `created_by` smallint(6) NOT NULL,
  `updated_date` date DEFAULT NULL,
  `updated_by` smallint(6) DEFAULT NULL,
  `update_flag` smallint(6) DEFAULT NULL,
  `formula_id` smallint(6) DEFAULT NULL,
  `default_admin_fee` varchar(10) DEFAULT NULL,
  `fee_amount` decimal(21,4) DEFAULT NULL,
  `fee_amount_currency_id` smallint(6) DEFAULT NULL,
  `rate` decimal(16,5) DEFAULT NULL,
  `version_no` int(11) NOT NULL,
  `discriminator` varchar(20) DEFAULT NULL,
  PRIMARY KEY (`fee_id`),
  UNIQUE KEY `fee_global_idx` (`global_fee_num`),
  KEY `glcode_id` (`glcode_id`),
  KEY `category_id` (`category_id`),
  KEY `status` (`status`),
  KEY `created_by` (`created_by`),
  KEY `updated_by` (`updated_by`),
  KEY `formula_id` (`formula_id`),
  KEY `rate_or_amount_currency_id` (`rate_or_amount_currency_id`),
  KEY `fee_amount_currency_id` (`fee_amount_currency_id`),
  KEY `fee_pmnt_catg_idx` (`fee_payments_category_type_id`),
  KEY `fee_office_idx` (`office_id`),
  CONSTRAINT `fees_ibfk_1` FOREIGN KEY (`glcode_id`) REFERENCES `gl_code` (`glcode_id`) ON DELETE NO ACTION ON UPDATE NO ACTION,
  CONSTRAINT `fees_ibfk_2` FOREIGN KEY (`category_id`) REFERENCES `category_type` (`category_id`) ON DELETE NO ACTION ON UPDATE NO ACTION,
  CONSTRAINT `fees_ibfk_3` FOREIGN KEY (`status`) REFERENCES `fee_status` (`status_id`) ON DELETE NO ACTION ON UPDATE NO ACTION,
  CONSTRAINT `fees_ibfk_4` FOREIGN KEY (`office_id`) REFERENCES `office` (`office_id`) ON DELETE NO ACTION ON UPDATE NO ACTION,
  CONSTRAINT `fees_ibfk_5` FOREIGN KEY (`created_by`) REFERENCES `personnel` (`personnel_id`) ON DELETE NO ACTION ON UPDATE NO ACTION,
  CONSTRAINT `fees_ibfk_6` FOREIGN KEY (`updated_by`) REFERENCES `personnel` (`personnel_id`) ON DELETE NO ACTION ON UPDATE NO ACTION,
  CONSTRAINT `fees_ibfk_7` FOREIGN KEY (`formula_id`) REFERENCES `fee_formula_master` (`formulaid`) ON DELETE NO ACTION ON UPDATE NO ACTION,
  CONSTRAINT `fees_ibfk_8` FOREIGN KEY (`rate_or_amount_currency_id`) REFERENCES `currency` (`currency_id`) ON DELETE NO ACTION ON UPDATE NO ACTION,
  CONSTRAINT `fees_ibfk_9` FOREIGN KEY (`fee_amount_currency_id`) REFERENCES `currency` (`currency_id`) ON DELETE NO ACTION ON UPDATE NO ACTION
) ENGINE=InnoDB AUTO_INCREMENT=9 DEFAULT CHARSET=utf8;
/*!40101 SET character_set_client = @saved_cs_client */;

--
-- Dumping data for table `fees`
--

LOCK TABLES `fees` WRITE;
/*!40000 ALTER TABLE `fees` DISABLE KEYS */;
INSERT INTO `fees` VALUES (1,NULL,'Center Fee',NULL,1,50,1,4,NULL,NULL,NULL,'2010-08-27',1,NULL,NULL,0,NULL,NULL,'10.0000',2,NULL,0,'AMOUNT'),(2,NULL,'Group Fee Periodic 20',NULL,1,50,1,3,NULL,NULL,NULL,'2010-08-27',1,NULL,NULL,0,NULL,NULL,'20.0000',2,NULL,0,'AMOUNT'),(3,NULL,'Group Fee One Time Upfront 30',NULL,1,50,1,3,NULL,NULL,NULL,'2010-08-27',1,NULL,NULL,0,NULL,NULL,'30.0000',2,NULL,0,'AMOUNT'),(4,NULL,'Group Fee Default Periodic 40',NULL,1,50,1,3,NULL,NULL,NULL,'2010-08-27',1,NULL,NULL,0,NULL,NULL,'40.0000',2,NULL,0,'AMOUNT'),(5,NULL,'loan fee one time upfront 60',NULL,1,50,1,5,NULL,NULL,NULL,'2010-08-28',1,NULL,NULL,0,NULL,NULL,'60.0000',2,NULL,0,'AMOUNT'),(6,NULL,'loan fee one time time of disb 70',NULL,1,50,1,5,NULL,NULL,NULL,'2010-08-28',1,NULL,NULL,0,NULL,NULL,'70.0000',2,NULL,0,'AMOUNT'),(7,NULL,'loan fee one time time of 1st loan repayment 80',NULL,1,50,1,5,NULL,NULL,NULL,'2010-08-28',1,NULL,NULL,0,NULL,NULL,'80.0000',2,NULL,0,'AMOUNT'),(8,NULL,'loan fee periodic 90',NULL,1,50,1,5,NULL,NULL,NULL,'2010-08-28',1,NULL,NULL,0,NULL,NULL,'90.0000',2,NULL,0,'AMOUNT');
/*!40000 ALTER TABLE `fees` ENABLE KEYS */;
UNLOCK TABLES;

--
-- Table structure for table `field_configuration`
--

DROP TABLE IF EXISTS `field_configuration`;
/*!40101 SET @saved_cs_client     = @@character_set_client */;
/*!40101 SET character_set_client = utf8 */;
CREATE TABLE `field_configuration` (
  `field_config_id` int(11) NOT NULL AUTO_INCREMENT,
  `field_name` varchar(100) NOT NULL,
  `entity_id` smallint(6) NOT NULL,
  `mandatory_flag` smallint(6) NOT NULL,
  `hidden_flag` smallint(6) NOT NULL,
  `parent_field_config_id` int(11) DEFAULT NULL,
  PRIMARY KEY (`field_config_id`),
  KEY `entity_id` (`entity_id`),
  KEY `parent_field_config_id` (`parent_field_config_id`),
  CONSTRAINT `field_configuration_ibfk_1` FOREIGN KEY (`entity_id`) REFERENCES `entity_master` (`entity_type_id`) ON DELETE NO ACTION ON UPDATE NO ACTION,
  CONSTRAINT `field_configuration_ibfk_2` FOREIGN KEY (`parent_field_config_id`) REFERENCES `field_configuration` (`field_config_id`) ON DELETE NO ACTION ON UPDATE NO ACTION
) ENGINE=InnoDB AUTO_INCREMENT=86 DEFAULT CHARSET=utf8;
/*!40101 SET character_set_client = @saved_cs_client */;

--
-- Dumping data for table `field_configuration`
--

LOCK TABLES `field_configuration` WRITE;
/*!40000 ALTER TABLE `field_configuration` DISABLE KEYS */;
INSERT INTO `field_configuration` VALUES (1,'MiddleName',1,0,0,NULL),(2,'MiddleName',17,0,0,NULL),(3,'SecondLastName',1,0,0,NULL),(4,'SecondLastName',17,0,0,NULL),(5,'GovernmentId',1,0,0,NULL),(6,'GovernmentId',17,0,0,NULL),(7,'ExternalId',1,0,0,NULL),(8,'ExternalId',12,0,0,NULL),(9,'ExternalId',20,0,0,NULL),(10,'Ethinicity',1,0,0,NULL),(11,'Citizenship',1,0,0,NULL),(12,'Handicapped',1,0,0,NULL),(13,'BusinessActivities',1,0,0,NULL),(14,'EducationLevel',1,0,0,NULL),(15,'Photo',1,0,0,NULL),(16,'SpouseFatherMiddleName',1,0,0,NULL),(17,'SpouseFatherSecondLastName',1,0,0,NULL),(18,'Trained',1,0,0,NULL),(19,'Trained',12,0,0,NULL),(20,'TrainedDate',1,0,0,NULL),(21,'TrainedDate',12,0,0,NULL),(22,'Address',1,0,0,NULL),(23,'Address',12,0,0,NULL),(24,'Address',20,0,0,NULL),(25,'Address1',1,0,0,22),(26,'Address1',12,0,0,23),(27,'Address1',20,0,0,24),(28,'Address2',1,0,0,22),(29,'Address2',12,0,0,23),(30,'Address2',20,0,0,24),(31,'Address3',1,0,0,22),(32,'Address3',12,0,0,23),(33,'Address3',20,0,0,24),(34,'Address3',15,0,0,NULL),(35,'Address3',17,0,0,NULL),(36,'City',1,0,0,22),(37,'City',12,0,0,23),(38,'City',20,0,0,24),(39,'State',1,0,0,22),(40,'State',12,0,0,23),(41,'State',20,0,0,24),(42,'State',15,0,0,NULL),(43,'State',17,0,0,NULL),(44,'Country',1,0,0,22),(45,'Country',12,0,0,23),(46,'Country',20,0,0,24),(47,'Country',15,0,0,NULL),(48,'Country',17,0,0,NULL),(49,'PostalCode',1,0,0,22),(50,'PostalCode',12,0,0,23),(51,'PostalCode',20,0,0,24),(52,'PostalCode',15,0,0,NULL),(53,'PostalCode',17,0,0,NULL),(54,'PhoneNumber',1,0,0,NULL),(55,'PhoneNumber',12,0,0,NULL),(56,'PhoneNumber',20,0,0,NULL),(57,'PhoneNumber',17,0,0,NULL),(58,'PurposeOfLoan',22,0,0,NULL),(59,'CollateralType',22,0,0,NULL),(60,'CollateralNotes',22,0,0,NULL),(61,'ReceiptId',1,0,0,NULL),(62,'ReceiptId',12,0,0,NULL),(63,'ReceiptId',20,0,0,NULL),(64,'ReceiptId',21,0,0,NULL),(65,'ReceiptId',22,0,0,NULL),(66,'ReceiptId',23,0,0,NULL),(67,'ReceiptDate',1,0,0,NULL),(68,'ReceiptDate',12,0,0,NULL),(69,'ReceiptDate',20,0,0,NULL),(70,'ReceiptDate',21,0,0,NULL),(71,'ReceiptDate',22,0,0,NULL),(72,'ReceiptDate',23,0,0,NULL),(73,'PovertyStatus',1,1,0,NULL),(74,'AssignClients',1,0,0,NULL),(75,'Address2',15,0,0,NULL),(76,'Address2',17,0,0,NULL),(77,'Address1',15,0,0,NULL),(78,'Address1',17,0,0,NULL),(79,'City',15,0,0,NULL),(80,'SourceOfFund',22,0,0,NULL),(81,'MaritalStatus',1,0,0,NULL),(82,'NumberOfChildren',1,0,0,NULL),(83,'ExternalId',22,0,0,NULL),(84,'SpouseFatherInformation',1,1,0,NULL),(85,'FamilyDetails',1,1,0,NULL);
/*!40000 ALTER TABLE `field_configuration` ENABLE KEYS */;
UNLOCK TABLES;

--
-- Table structure for table `financial_action`
--

DROP TABLE IF EXISTS `financial_action`;
/*!40101 SET @saved_cs_client     = @@character_set_client */;
/*!40101 SET character_set_client = utf8 */;
CREATE TABLE `financial_action` (
  `fin_action_id` smallint(6) NOT NULL,
  `lookup_id` int(11) NOT NULL,
  PRIMARY KEY (`fin_action_id`),
  KEY `lookup_id` (`lookup_id`),
  CONSTRAINT `financial_action_ibfk_1` FOREIGN KEY (`lookup_id`) REFERENCES `lookup_value_locale` (`lookup_id`) ON DELETE NO ACTION ON UPDATE NO ACTION
) ENGINE=InnoDB DEFAULT CHARSET=utf8;
/*!40101 SET character_set_client = @saved_cs_client */;

--
-- Dumping data for table `financial_action`
--

LOCK TABLES `financial_action` WRITE;
/*!40000 ALTER TABLE `financial_action` DISABLE KEYS */;
INSERT INTO `financial_action` VALUES (1,198),(2,199),(3,200),(5,201),(8,202),(9,203),(10,204),(11,205),(12,206),(13,207),(14,208),(15,209),(7,215),(4,229),(6,361),(16,363),(17,365),(18,367),(19,368),(20,369),(21,370),(22,550),(23,609);
/*!40000 ALTER TABLE `financial_action` ENABLE KEYS */;
UNLOCK TABLES;

--
-- Table structure for table `financial_trxn`
--

DROP TABLE IF EXISTS `financial_trxn`;
/*!40101 SET @saved_cs_client     = @@character_set_client */;
/*!40101 SET character_set_client = utf8 */;
CREATE TABLE `financial_trxn` (
  `trxn_id` int(11) NOT NULL AUTO_INCREMENT,
  `account_trxn_id` int(11) NOT NULL,
  `related_fin_trxn` int(11) DEFAULT NULL,
  `currency_id` smallint(6) DEFAULT NULL,
  `fin_action_id` smallint(6) DEFAULT NULL,
  `glcode_id` smallint(6) NOT NULL,
  `posted_amount` decimal(21,4) NOT NULL,
  `posted_amount_currency_id` smallint(6) DEFAULT NULL,
  `balance_amount` decimal(21,4) NOT NULL,
  `balance_amount_currency_id` smallint(6) DEFAULT NULL,
  `action_date` date NOT NULL,
  `posted_date` date NOT NULL,
  `posted_by` smallint(6) DEFAULT NULL,
  `accounting_updated` smallint(6) DEFAULT NULL,
  `notes` varchar(200) DEFAULT NULL,
  `debit_credit_flag` smallint(6) NOT NULL,
  PRIMARY KEY (`trxn_id`),
  KEY `account_trxn_id` (`account_trxn_id`),
  KEY `posted_amount_currency_id` (`posted_amount_currency_id`),
  KEY `balance_amount_currency_id` (`balance_amount_currency_id`),
  KEY `currency_id` (`currency_id`),
  KEY `related_fin_trxn` (`related_fin_trxn`),
  KEY `fin_action_id` (`fin_action_id`),
  KEY `posted_by` (`posted_by`),
  KEY `glcode_id` (`glcode_id`),
  CONSTRAINT `financial_trxn_ibfk_1` FOREIGN KEY (`account_trxn_id`) REFERENCES `account_trxn` (`account_trxn_id`) ON DELETE NO ACTION ON UPDATE NO ACTION,
  CONSTRAINT `financial_trxn_ibfk_2` FOREIGN KEY (`currency_id`) REFERENCES `currency` (`currency_id`) ON DELETE NO ACTION ON UPDATE NO ACTION,
  CONSTRAINT `financial_trxn_ibfk_3` FOREIGN KEY (`posted_amount_currency_id`) REFERENCES `currency` (`currency_id`) ON DELETE NO ACTION ON UPDATE NO ACTION,
  CONSTRAINT `financial_trxn_ibfk_4` FOREIGN KEY (`balance_amount_currency_id`) REFERENCES `currency` (`currency_id`) ON DELETE NO ACTION ON UPDATE NO ACTION,
  CONSTRAINT `financial_trxn_ibfk_5` FOREIGN KEY (`currency_id`) REFERENCES `currency` (`currency_id`) ON DELETE NO ACTION ON UPDATE NO ACTION,
  CONSTRAINT `financial_trxn_ibfk_6` FOREIGN KEY (`related_fin_trxn`) REFERENCES `financial_trxn` (`trxn_id`) ON DELETE NO ACTION ON UPDATE NO ACTION,
  CONSTRAINT `financial_trxn_ibfk_7` FOREIGN KEY (`fin_action_id`) REFERENCES `financial_action` (`fin_action_id`) ON DELETE NO ACTION ON UPDATE NO ACTION,
  CONSTRAINT `financial_trxn_ibfk_8` FOREIGN KEY (`posted_by`) REFERENCES `personnel` (`personnel_id`) ON DELETE NO ACTION ON UPDATE NO ACTION,
  CONSTRAINT `financial_trxn_ibfk_9` FOREIGN KEY (`glcode_id`) REFERENCES `gl_code` (`glcode_id`) ON DELETE NO ACTION ON UPDATE NO ACTION
) ENGINE=InnoDB AUTO_INCREMENT=277 DEFAULT CHARSET=utf8;
/*!40101 SET character_set_client = @saved_cs_client */;

--
-- Dumping data for table `financial_trxn`
--

LOCK TABLES `financial_trxn` WRITE;
/*!40000 ALTER TABLE `financial_trxn` DISABLE KEYS */;
INSERT INTO `financial_trxn` VALUES (1,1,NULL,NULL,9,7,'67.0000',2,'67.0000',2,'2010-07-03','2010-07-03',1,1,'',0),(2,1,NULL,NULL,9,36,'67.0000',2,'67.0000',2,'2010-07-03','2010-07-03',1,1,'',1),(3,2,NULL,NULL,9,7,'50.0000',2,'50.0000',2,'2010-07-03','2010-07-03',1,1,'',0),(4,2,NULL,NULL,9,36,'50.0000',2,'50.0000',2,'2010-07-03','2010-07-03',1,1,'',1),(5,3,NULL,NULL,18,36,'67.0000',2,'67.0000',2,'2010-07-03','2010-07-03',1,1,'wrong number',0),(6,3,NULL,NULL,18,7,'67.0000',2,'67.0000',2,'2010-07-03','2010-07-03',1,1,'wrong number',1),(7,4,NULL,NULL,10,7,'100.0000',2,'100.0000',2,'2010-07-05','2010-07-05',1,1,'',0),(8,4,NULL,NULL,10,36,'100.0000',2,'100.0000',2,'2010-07-05','2010-07-05',1,1,'',1),(9,5,NULL,NULL,12,36,'100.0000',2,'100.0000',2,'2010-07-05','2010-07-05',1,1,'',0),(10,5,NULL,NULL,12,7,'100.0000',2,'100.0000',2,'2010-07-05','2010-07-05',1,1,'',1),(11,6,NULL,NULL,9,7,'1.0000',2,'1.0000',2,'2010-07-05','2010-07-05',1,1,'',0),(12,6,NULL,NULL,9,36,'1.0000',2,'1.0000',2,'2010-07-05','2010-07-05',1,1,'',1),(13,7,NULL,NULL,9,36,'2.0000',2,'2.0000',2,'2010-07-05','2010-07-05',1,1,'',1),(14,7,NULL,NULL,9,7,'2.0000',2,'2.0000',2,'2010-07-05','2010-07-05',1,1,'',0),(15,8,NULL,NULL,9,36,'3.0000',2,'3.0000',2,'2010-07-05','2010-07-05',1,1,'',1),(16,8,NULL,NULL,9,7,'3.0000',2,'3.0000',2,'2010-07-05','2010-07-05',1,1,'',0),(17,9,NULL,NULL,11,7,'6.0000',2,'6.0000',2,'2010-07-05','2010-07-05',1,1,'',1),(18,9,NULL,NULL,11,36,'6.0000',2,'6.0000',2,'2010-07-05','2010-07-05',1,1,'',0),(19,10,NULL,NULL,7,7,'3000.0000',2,'3000.0000',2,'2010-07-16','2010-07-18',1,1,'-',1),(20,10,NULL,NULL,7,19,'3000.0000',2,'3000.0000',2,'2010-07-16','2010-07-18',1,1,'-',0),(21,11,NULL,NULL,2,40,'2.9000',2,'2.9000',2,'2010-07-18','2010-07-18',1,1,'Payment rcvd.',1),(22,11,NULL,NULL,2,7,'2.9000',2,'2.9000',2,'2010-07-18','2010-07-18',1,1,'Payment rcvd.',0),(23,11,NULL,NULL,1,7,'97.1000',2,'97.1000',2,'2010-07-18','2010-07-18',1,1,'Payment rcvd.',0),(24,11,NULL,NULL,1,19,'97.1000',2,'97.1000',2,'2010-07-18','2010-07-18',1,1,'Payment rcvd.',1),(25,12,NULL,NULL,1,19,'150.0000',2,'150.0000',2,'2010-07-18','2010-07-18',1,1,'Payment rcvd.',1),(26,12,NULL,NULL,1,7,'150.0000',2,'150.0000',2,'2010-07-18','2010-07-18',1,1,'Payment rcvd.',0),(27,13,NULL,NULL,1,19,'181.0000',2,'181.0000',2,'2010-07-18','2010-07-18',1,1,'Payment rcvd.',1),(28,13,NULL,NULL,1,7,'181.0000',2,'181.0000',2,'2010-07-18','2010-07-18',1,1,'Payment rcvd.',0),(29,14,NULL,NULL,1,7,'428.1000',2,'428.1000',2,'2010-07-18','2010-07-18',1,1,'Payment rcvd.',0),(30,14,NULL,NULL,1,19,'428.1000',2,'428.1000',2,'2010-07-18','2010-07-18',1,1,'Payment rcvd.',1),(31,15,NULL,NULL,1,7,'428.1000',2,'428.1000',2,'2010-07-18','2010-07-18',1,1,'Payment rcvd.',0),(32,15,NULL,NULL,1,19,'428.1000',2,'428.1000',2,'2010-07-18','2010-07-18',1,1,'Payment rcvd.',1),(33,16,NULL,NULL,1,7,'428.1000',2,'428.1000',2,'2010-07-18','2010-07-18',1,1,'Payment rcvd.',0),(34,16,NULL,NULL,1,19,'428.1000',2,'428.1000',2,'2010-07-18','2010-07-18',1,1,'Payment rcvd.',1),(35,17,NULL,NULL,1,19,'428.1000',2,'428.1000',2,'2010-07-18','2010-07-18',1,1,'Payment rcvd.',1),(36,17,NULL,NULL,1,7,'428.1000',2,'428.1000',2,'2010-07-18','2010-07-18',1,1,'Payment rcvd.',0),(37,18,NULL,NULL,1,19,'428.1000',2,'428.1000',2,'2010-07-18','2010-07-18',1,1,'Payment rcvd.',1),(38,18,NULL,NULL,1,7,'428.1000',2,'428.1000',2,'2010-07-18','2010-07-18',1,1,'Payment rcvd.',0),(39,19,NULL,NULL,1,7,'431.0000',2,'431.0000',2,'2010-07-18','2010-07-18',1,1,'Payment rcvd.',0),(40,19,NULL,NULL,1,19,'431.0000',2,'431.0000',2,'2010-07-18','2010-07-18',1,1,'Payment rcvd.',1),(41,20,NULL,NULL,1,19,'428.1000',2,'428.1000',2,'2010-07-18','2010-07-18',1,1,'Payment rcvd.',0),(42,20,NULL,NULL,1,7,'428.1000',2,'428.1000',2,'2010-07-18','2010-07-18',1,1,'Payment rcvd.',1),(43,21,NULL,NULL,1,7,'431.4000',2,'431.4000',2,'2010-07-18','2010-07-18',1,1,'Payment rcvd.',1),(44,21,NULL,NULL,1,19,'431.4000',2,'431.4000',2,'2010-07-18','2010-07-18',1,1,'Payment rcvd.',0),(45,22,NULL,NULL,1,19,'428.1000',2,'428.1000',2,'2010-07-18','2010-07-18',1,1,'Payment rcvd.',0),(46,22,NULL,NULL,1,7,'428.1000',2,'428.1000',2,'2010-07-18','2010-07-18',1,1,'Payment rcvd.',1),(47,23,NULL,NULL,1,7,'428.1000',2,'428.1000',2,'2010-07-18','2010-07-18',1,1,'Payment rcvd.',1),(48,23,NULL,NULL,1,19,'428.1000',2,'428.1000',2,'2010-07-18','2010-07-18',1,1,'Payment rcvd.',0),(49,24,NULL,NULL,1,19,'181.0000',2,'181.0000',2,'2010-07-18','2010-07-18',1,1,'Payment rcvd.',0),(50,24,NULL,NULL,1,7,'181.0000',2,'181.0000',2,'2010-07-18','2010-07-18',1,1,'Payment rcvd.',1),(51,25,NULL,NULL,1,7,'428.1000',2,'428.1000',2,'2010-07-18','2010-07-18',1,1,'Payment rcvd.',1),(52,25,NULL,NULL,1,19,'428.1000',2,'428.1000',2,'2010-07-18','2010-07-18',1,1,'Payment rcvd.',0),(53,26,NULL,NULL,1,7,'428.1000',2,'428.1000',2,'2010-07-18','2010-07-18',1,1,'Payment rcvd.',1),(54,26,NULL,NULL,1,19,'428.1000',2,'428.1000',2,'2010-07-18','2010-07-18',1,1,'Payment rcvd.',0),(55,27,NULL,NULL,22,22,'181.0000',2,'181.0000',2,'2010-07-18','2010-07-18',1,1,'Loan Written Off',0),(56,27,NULL,NULL,22,19,'181.0000',2,'181.0000',2,'2010-07-18','2010-07-18',1,1,'Loan Written Off',1),(57,28,NULL,NULL,22,22,'428.1000',2,'428.1000',2,'2010-07-18','2010-07-18',1,1,'Loan Written Off',0),(58,28,NULL,NULL,22,19,'428.1000',2,'428.1000',2,'2010-07-18','2010-07-18',1,1,'Loan Written Off',1),(59,29,NULL,NULL,22,22,'428.1000',2,'428.1000',2,'2010-07-18','2010-07-18',1,1,'Loan Written Off',0),(60,29,NULL,NULL,22,19,'428.1000',2,'428.1000',2,'2010-07-18','2010-07-18',1,1,'Loan Written Off',1),(61,30,NULL,NULL,22,19,'428.1000',2,'428.1000',2,'2010-07-18','2010-07-18',1,1,'Loan Written Off',1),(62,30,NULL,NULL,22,22,'428.1000',2,'428.1000',2,'2010-07-18','2010-07-18',1,1,'Loan Written Off',0),(63,31,NULL,NULL,22,22,'428.1000',2,'428.1000',2,'2010-07-18','2010-07-18',1,1,'Loan Written Off',0),(64,31,NULL,NULL,22,19,'428.1000',2,'428.1000',2,'2010-07-18','2010-07-18',1,1,'Loan Written Off',1),(65,32,NULL,NULL,22,19,'428.1000',2,'428.1000',2,'2010-07-18','2010-07-18',1,1,'Loan Written Off',1),(66,32,NULL,NULL,22,22,'428.1000',2,'428.1000',2,'2010-07-18','2010-07-18',1,1,'Loan Written Off',0),(67,33,NULL,NULL,22,22,'431.4000',2,'431.4000',2,'2010-07-18','2010-07-18',1,1,'Loan Written Off',0),(68,33,NULL,NULL,22,19,'431.4000',2,'431.4000',2,'2010-07-18','2010-07-18',1,1,'Loan Written Off',1),(69,34,NULL,NULL,7,7,'3000.0000',2,'3000.0000',2,'2010-07-18','2010-07-18',1,1,'-',1),(70,34,NULL,NULL,7,19,'3000.0000',2,'3000.0000',2,'2010-07-18','2010-07-18',1,1,'-',0),(71,35,NULL,NULL,2,40,'2.9000',2,'2.9000',2,'2010-07-18','2010-07-18',1,1,'Payment rcvd.',1),(72,35,NULL,NULL,1,19,'428.1000',2,'428.1000',2,'2010-07-18','2010-07-18',1,1,'Payment rcvd.',1),(73,35,NULL,NULL,2,7,'2.9000',2,'2.9000',2,'2010-07-18','2010-07-18',1,1,'Payment rcvd.',0),(74,35,NULL,NULL,1,7,'428.1000',2,'428.1000',2,'2010-07-18','2010-07-18',1,1,'Payment rcvd.',0),(75,36,NULL,NULL,2,7,'2.9000',2,'2.9000',2,'2010-07-18','2010-07-18',1,1,'Payment rcvd.',0),(76,36,NULL,NULL,1,7,'216.1000',2,'216.1000',2,'2010-07-18','2010-07-18',1,1,'Payment rcvd.',0),(77,36,NULL,NULL,2,40,'2.9000',2,'2.9000',2,'2010-07-18','2010-07-18',1,1,'Payment rcvd.',1),(78,36,NULL,NULL,1,19,'216.1000',2,'216.1000',2,'2010-07-18','2010-07-18',1,1,'Payment rcvd.',1),(79,37,NULL,NULL,2,7,'2.9000',2,'2.9000',2,'2010-07-18','2010-07-18',1,1,'v',1),(80,37,NULL,NULL,1,7,'216.1000',2,'216.1000',2,'2010-07-18','2010-07-18',1,1,'v',1),(81,37,NULL,NULL,1,19,'216.1000',2,'216.1000',2,'2010-07-18','2010-07-18',1,1,'v',0),(82,37,NULL,NULL,2,40,'2.9000',2,'2.9000',2,'2010-07-18','2010-07-18',1,1,'v',0),(83,38,NULL,NULL,2,40,'2.9000',2,'2.9000',2,'2010-07-18','2010-07-18',1,1,'v',0),(84,38,NULL,NULL,1,19,'428.1000',2,'428.1000',2,'2010-07-18','2010-07-18',1,1,'v',0),(85,38,NULL,NULL,1,7,'428.1000',2,'428.1000',2,'2010-07-18','2010-07-18',1,1,'v',1),(86,38,NULL,NULL,2,7,'2.9000',2,'2.9000',2,'2010-07-18','2010-07-18',1,1,'v',1),(87,39,NULL,NULL,2,40,'2.9000',2,'2.9000',2,'2010-07-18','2010-07-18',1,1,'Payment rcvd.',1),(88,39,NULL,NULL,1,19,'227.1000',2,'227.1000',2,'2010-07-18','2010-07-18',1,1,'Payment rcvd.',1),(89,39,NULL,NULL,1,7,'227.1000',2,'227.1000',2,'2010-07-18','2010-07-18',1,1,'Payment rcvd.',0),(90,39,NULL,NULL,2,7,'2.9000',2,'2.9000',2,'2010-07-18','2010-07-18',1,1,'Payment rcvd.',0),(91,40,NULL,NULL,1,19,'43.0000',2,'43.0000',2,'2010-07-18','2010-07-18',1,1,'Payment rcvd.',1),(92,40,NULL,NULL,1,7,'43.0000',2,'43.0000',2,'2010-07-18','2010-07-18',1,1,'Payment rcvd.',0),(93,41,NULL,NULL,1,7,'43.0000',2,'43.0000',2,'2010-07-18','2010-07-18',1,1,'sss',1),(94,41,NULL,NULL,1,19,'43.0000',2,'43.0000',2,'2010-07-18','2010-07-18',1,1,'sss',0),(95,42,NULL,NULL,1,19,'227.1000',2,'227.1000',2,'2010-07-18','2010-07-18',1,1,'sss',0),(96,42,NULL,NULL,1,7,'227.1000',2,'227.1000',2,'2010-07-18','2010-07-18',1,1,'sss',1),(97,42,NULL,NULL,2,40,'2.9000',2,'2.9000',2,'2010-07-18','2010-07-18',1,1,'sss',0),(98,42,NULL,NULL,2,7,'2.9000',2,'2.9000',2,'2010-07-18','2010-07-18',1,1,'sss',1),(99,43,NULL,NULL,7,19,'3000.0000',2,'3000.0000',2,'2010-07-18','2010-07-18',1,1,'sss',1),(100,43,NULL,NULL,7,7,'3000.0000',2,'3000.0000',2,'2010-07-18','2010-07-18',1,1,'sss',0),(101,44,NULL,NULL,10,36,'666.0000',2,'666.0000',2,'2010-07-18','2010-07-18',1,1,'',1),(102,44,NULL,NULL,10,7,'666.0000',2,'666.0000',2,'2010-07-18','2010-07-18',1,1,'',0),(103,45,NULL,NULL,7,7,'3000.0000',2,'3000.0000',2,'2010-07-21','2010-07-21',1,1,'-',1),(104,45,NULL,NULL,7,19,'3000.0000',2,'3000.0000',2,'2010-07-21','2010-07-21',1,1,'-',0),(105,46,NULL,NULL,9,36,'1200.0000',2,'1200.0000',2,'2010-07-21','2010-07-21',1,1,'',1),(106,46,NULL,NULL,9,7,'1200.0000',2,'1200.0000',2,'2010-07-21','2010-07-21',1,1,'',0),(107,47,NULL,NULL,2,7,'2.9000',2,'2.9000',2,'2010-07-21','2010-07-21',1,1,'Payment rcvd.',0),(108,47,NULL,NULL,1,19,'75.1000',2,'75.1000',2,'2010-07-21','2010-07-21',1,1,'Payment rcvd.',1),(109,47,NULL,NULL,2,40,'2.9000',2,'2.9000',2,'2010-07-21','2010-07-21',1,1,'Payment rcvd.',1),(110,47,NULL,NULL,1,7,'75.1000',2,'75.1000',2,'2010-07-21','2010-07-21',1,1,'Payment rcvd.',0),(111,48,NULL,NULL,9,7,'235.0000',2,'235.0000',2,'2010-07-21','2010-07-21',1,1,'',0),(112,48,NULL,NULL,9,36,'235.0000',2,'235.0000',2,'2010-07-21','2010-07-21',1,1,'',1),(113,49,NULL,NULL,11,7,'235.0000',2,'235.0000',2,'2010-07-21','2010-07-21',1,1,'',1),(114,49,NULL,NULL,11,36,'235.0000',2,'235.0000',2,'2010-07-21','2010-07-21',1,1,'',0),(115,50,NULL,NULL,7,7,'3000.0000',2,'3000.0000',2,'2010-07-22','2010-07-22',1,1,'-',1),(116,50,NULL,NULL,7,19,'3000.0000',2,'3000.0000',2,'2010-07-22','2010-07-22',1,1,'-',0),(117,51,NULL,NULL,7,19,'6000.0000',2,'6000.0000',2,'2010-07-22','2010-07-22',1,1,'-',0),(118,51,NULL,NULL,7,7,'6000.0000',2,'6000.0000',2,'2010-07-22','2010-07-22',1,1,'-',1),(119,52,NULL,NULL,22,19,'666.2000',2,'666.2000',2,'2010-07-23','2010-07-23',1,1,'Loan Written Off',1),(120,52,NULL,NULL,22,22,'666.2000',2,'666.2000',2,'2010-07-23','2010-07-23',1,1,'Loan Written Off',0),(121,53,NULL,NULL,22,22,'666.2000',2,'666.2000',2,'2010-07-23','2010-07-23',1,1,'Loan Written Off',0),(122,53,NULL,NULL,22,19,'666.2000',2,'666.2000',2,'2010-07-23','2010-07-23',1,1,'Loan Written Off',1),(123,54,NULL,NULL,22,22,'666.2000',2,'666.2000',2,'2010-07-23','2010-07-23',1,1,'Loan Written Off',0),(124,54,NULL,NULL,22,19,'666.2000',2,'666.2000',2,'2010-07-23','2010-07-23',1,1,'Loan Written Off',1),(125,55,NULL,NULL,22,22,'666.2000',2,'666.2000',2,'2010-07-23','2010-07-23',1,1,'Loan Written Off',0),(126,55,NULL,NULL,22,19,'666.2000',2,'666.2000',2,'2010-07-23','2010-07-23',1,1,'Loan Written Off',1),(127,56,NULL,NULL,22,19,'666.2000',2,'666.2000',2,'2010-07-23','2010-07-23',1,1,'Loan Written Off',1),(128,56,NULL,NULL,22,22,'666.2000',2,'666.2000',2,'2010-07-23','2010-07-23',1,1,'Loan Written Off',0),(129,57,NULL,NULL,22,22,'666.2000',2,'666.2000',2,'2010-07-23','2010-07-23',1,1,'Loan Written Off',0),(130,57,NULL,NULL,22,19,'666.2000',2,'666.2000',2,'2010-07-23','2010-07-23',1,1,'Loan Written Off',1),(131,58,NULL,NULL,22,19,'666.2000',2,'666.2000',2,'2010-07-23','2010-07-23',1,1,'Loan Written Off',1),(132,58,NULL,NULL,22,22,'666.2000',2,'666.2000',2,'2010-07-23','2010-07-23',1,1,'Loan Written Off',0),(133,59,NULL,NULL,22,19,'666.2000',2,'666.2000',2,'2010-07-23','2010-07-23',1,1,'Loan Written Off',1),(134,59,NULL,NULL,22,22,'666.2000',2,'666.2000',2,'2010-07-23','2010-07-23',1,1,'Loan Written Off',0),(135,60,NULL,NULL,22,22,'670.4000',2,'670.4000',2,'2010-07-23','2010-07-23',1,1,'Loan Written Off',0),(136,60,NULL,NULL,22,19,'670.4000',2,'670.4000',2,'2010-07-23','2010-07-23',1,1,'Loan Written Off',1),(137,61,NULL,NULL,2,7,'2.9000',2,'2.9000',2,'2010-07-24','2010-07-24',1,1,'Payment rcvd.',0),(138,61,NULL,NULL,1,19,'428.1000',2,'428.1000',2,'2010-07-24','2010-07-24',1,1,'Payment rcvd.',1),(139,61,NULL,NULL,2,40,'2.9000',2,'2.9000',2,'2010-07-24','2010-07-24',1,1,'Payment rcvd.',1),(140,61,NULL,NULL,1,7,'428.1000',2,'428.1000',2,'2010-07-24','2010-07-24',1,1,'Payment rcvd.',0),(141,62,NULL,NULL,1,19,'428.1000',2,'428.1000',2,'2010-07-24','2010-07-24',1,1,'Payment rcvd.',1),(142,62,NULL,NULL,1,7,'428.1000',2,'428.1000',2,'2010-07-24','2010-07-24',1,1,'Payment rcvd.',0),(143,63,NULL,NULL,1,19,'428.1000',2,'428.1000',2,'2010-07-24','2010-07-24',1,1,'Payment rcvd.',1),(144,63,NULL,NULL,1,7,'428.1000',2,'428.1000',2,'2010-07-24','2010-07-24',1,1,'Payment rcvd.',0),(145,64,NULL,NULL,1,7,'428.1000',2,'428.1000',2,'2010-07-24','2010-07-24',1,1,'Payment rcvd.',0),(146,64,NULL,NULL,1,19,'428.1000',2,'428.1000',2,'2010-07-24','2010-07-24',1,1,'Payment rcvd.',1),(147,65,NULL,NULL,1,19,'428.1000',2,'428.1000',2,'2010-07-24','2010-07-24',1,1,'Payment rcvd.',1),(148,65,NULL,NULL,1,7,'428.1000',2,'428.1000',2,'2010-07-24','2010-07-24',1,1,'Payment rcvd.',0),(149,66,NULL,NULL,1,7,'428.1000',2,'428.1000',2,'2010-07-24','2010-07-24',1,1,'Payment rcvd.',0),(150,66,NULL,NULL,1,19,'428.1000',2,'428.1000',2,'2010-07-24','2010-07-24',1,1,'Payment rcvd.',1),(151,67,NULL,NULL,1,19,'431.0000',2,'431.0000',2,'2010-07-24','2010-07-24',1,1,'Payment rcvd.',1),(152,67,NULL,NULL,1,7,'431.0000',2,'431.0000',2,'2010-07-24','2010-07-24',1,1,'Payment rcvd.',0),(153,68,NULL,NULL,10,33,'777.0000',2,'777.0000',2,'2010-07-25','2010-07-25',1,1,'',1),(154,68,NULL,NULL,10,7,'777.0000',2,'777.0000',2,'2010-07-25','2010-07-25',1,1,'',0),(155,69,NULL,NULL,10,7,'90.0000',2,'90.0000',2,'2010-07-28','2010-07-28',1,1,'',0),(156,69,NULL,NULL,10,33,'90.0000',2,'90.0000',2,'2010-07-28','2010-07-28',1,1,'',1),(157,70,NULL,NULL,9,7,'15.0000',2,'15.0000',2,'2010-07-31','2010-07-31',1,1,'',0),(158,70,NULL,NULL,9,36,'15.0000',2,'15.0000',2,'2010-07-31','2010-07-31',1,1,'',1),(159,74,NULL,NULL,14,56,'0.1000',2,'0.1000',2,'2010-08-04','2010-07-31',NULL,1,'',0),(160,74,NULL,NULL,14,36,'0.1000',2,'0.1000',2,'2010-08-04','2010-07-31',NULL,1,'',1),(161,83,NULL,NULL,3,50,'10.0000',2,'10.0000',2,'2010-08-27','2010-08-27',1,1,'Payment rcvd.',1),(162,83,NULL,NULL,3,7,'10.0000',2,'10.0000',2,'2010-08-27','2010-08-27',1,1,'Payment rcvd.',0),(163,84,NULL,NULL,3,50,'20.0000',2,'20.0000',2,'2010-08-27','2010-08-27',1,1,'Payment rcvd.',1),(164,84,NULL,NULL,3,50,'30.0000',2,'30.0000',2,'2010-08-27','2010-08-27',1,1,'Payment rcvd.',1),(165,84,NULL,NULL,3,50,'40.0000',2,'40.0000',2,'2010-08-27','2010-08-27',1,1,'Payment rcvd.',1),(166,84,NULL,NULL,3,7,'40.0000',2,'40.0000',2,'2010-08-27','2010-08-27',1,1,'Payment rcvd.',0),(167,84,NULL,NULL,3,7,'30.0000',2,'30.0000',2,'2010-08-27','2010-08-27',1,1,'Payment rcvd.',0),(168,84,NULL,NULL,3,7,'20.0000',2,'20.0000',2,'2010-08-27','2010-08-27',1,1,'Payment rcvd.',0),(169,85,NULL,NULL,9,7,'20.0000',2,'20.0000',2,'2010-08-27','2010-08-27',1,1,'',0),(170,85,NULL,NULL,9,36,'20.0000',2,'20.0000',2,'2010-08-27','2010-08-27',1,1,'',1),(171,86,NULL,NULL,3,7,'40.0000',2,'40.0000',2,'2010-08-27','2010-08-27',1,1,'fdsf',1),(172,86,NULL,NULL,3,50,'40.0000',2,'40.0000',2,'2010-08-27','2010-08-27',1,1,'fdsf',0),(173,86,NULL,NULL,3,7,'20.0000',2,'20.0000',2,'2010-08-27','2010-08-27',1,1,'fdsf',1),(174,86,NULL,NULL,3,7,'30.0000',2,'30.0000',2,'2010-08-27','2010-08-27',1,1,'fdsf',1),(175,86,NULL,NULL,3,50,'20.0000',2,'20.0000',2,'2010-08-27','2010-08-27',1,1,'fdsf',0),(176,86,NULL,NULL,3,50,'30.0000',2,'30.0000',2,'2010-08-27','2010-08-27',1,1,'fdsf',0),(177,87,NULL,NULL,16,50,'2.0000',2,'2.0000',2,'2010-08-27','2010-08-27',1,1,'Payment rcvd.',1),(178,87,NULL,NULL,3,7,'20.0000',2,'20.0000',2,'2010-08-27','2010-08-27',1,1,'Payment rcvd.',0),(179,87,NULL,NULL,3,50,'20.0000',2,'20.0000',2,'2010-08-27','2010-08-27',1,1,'Payment rcvd.',1),(180,87,NULL,NULL,3,7,'33.0000',2,'33.0000',2,'2010-08-27','2010-08-27',1,1,'Payment rcvd.',0),(181,87,NULL,NULL,3,50,'30.0000',2,'30.0000',2,'2010-08-27','2010-08-27',1,1,'Payment rcvd.',1),(182,87,NULL,NULL,6,42,'4.0000',2,'4.0000',2,'2010-08-27','2010-08-27',1,1,'Payment rcvd.',1),(183,87,NULL,NULL,6,7,'4.0000',2,'4.0000',2,'2010-08-27','2010-08-27',1,1,'Payment rcvd.',0),(184,87,NULL,NULL,16,7,'2.0000',2,'2.0000',2,'2010-08-27','2010-08-27',1,1,'Payment rcvd.',0),(185,87,NULL,NULL,3,50,'33.0000',2,'33.0000',2,'2010-08-27','2010-08-27',1,1,'Payment rcvd.',1),(186,87,NULL,NULL,3,7,'30.0000',2,'30.0000',2,'2010-08-27','2010-08-27',1,1,'Payment rcvd.',0),(187,87,NULL,NULL,3,50,'40.0000',2,'40.0000',2,'2010-08-27','2010-08-27',1,1,'Payment rcvd.',1),(188,87,NULL,NULL,3,7,'40.0000',2,'40.0000',2,'2010-08-27','2010-08-27',1,1,'Payment rcvd.',0),(189,88,NULL,NULL,3,50,'70.0000',2,'70.0000',2,'2010-08-28','2010-08-28',1,1,'-',1),(190,88,NULL,NULL,3,7,'70.0000',2,'70.0000',2,'2010-08-28','2010-08-28',1,1,'-',0),(191,89,NULL,NULL,7,7,'5000.0000',2,'5000.0000',2,'2010-08-28','2010-08-28',1,1,'-',1),(192,89,NULL,NULL,7,13,'5000.0000',2,'5000.0000',2,'2010-08-28','2010-08-28',1,1,'-',0),(193,90,NULL,NULL,3,7,'60.0000',2,'60.0000',2,'2010-08-28','2010-08-28',1,1,'Payment rcvd.',0),(194,90,NULL,NULL,3,50,'80.0000',2,'80.0000',2,'2010-08-28','2010-08-28',1,1,'Payment rcvd.',1),(195,90,NULL,NULL,1,13,'307.3000',2,'307.3000',2,'2010-08-28','2010-08-28',1,1,'Payment rcvd.',1),(196,90,NULL,NULL,2,7,'7.7000',2,'7.7000',2,'2010-08-28','2010-08-28',1,1,'Payment rcvd.',0),(197,90,NULL,NULL,6,42,'333.0000',2,'333.0000',2,'2010-08-28','2010-08-28',1,1,'Payment rcvd.',1),(198,90,NULL,NULL,3,50,'60.0000',2,'60.0000',2,'2010-08-28','2010-08-28',1,1,'Payment rcvd.',1),(199,90,NULL,NULL,4,7,'222.0000',2,'222.0000',2,'2010-08-28','2010-08-28',1,1,'Payment rcvd.',0),(200,90,NULL,NULL,3,7,'80.0000',2,'80.0000',2,'2010-08-28','2010-08-28',1,1,'Payment rcvd.',0),(201,90,NULL,NULL,2,40,'7.7000',2,'7.7000',2,'2010-08-28','2010-08-28',1,1,'Payment rcvd.',1),(202,90,NULL,NULL,3,50,'90.0000',2,'90.0000',2,'2010-08-28','2010-08-28',1,1,'Payment rcvd.',1),(203,90,NULL,NULL,4,50,'222.0000',2,'222.0000',2,'2010-08-28','2010-08-28',1,1,'Payment rcvd.',1),(204,90,NULL,NULL,1,7,'307.3000',2,'307.3000',2,'2010-08-28','2010-08-28',1,1,'Payment rcvd.',0),(205,90,NULL,NULL,3,7,'90.0000',2,'90.0000',2,'2010-08-28','2010-08-28',1,1,'Payment rcvd.',0),(206,90,NULL,NULL,6,7,'333.0000',2,'333.0000',2,'2010-08-28','2010-08-28',1,1,'Payment rcvd.',0),(207,91,NULL,NULL,3,50,'80.0000',2,'80.0000',2,'2010-08-28','2010-08-28',1,1,'asdf',0),(208,91,NULL,NULL,2,40,'7.7000',2,'7.7000',2,'2010-08-28','2010-08-28',1,1,'asdf',0),(209,91,NULL,NULL,1,7,'307.3000',2,'307.3000',2,'2010-08-28','2010-08-28',1,1,'asdf',1),(210,91,NULL,NULL,3,50,'90.0000',2,'90.0000',2,'2010-08-28','2010-08-28',1,1,'asdf',0),(211,91,NULL,NULL,4,7,'222.0000',2,'222.0000',2,'2010-08-28','2010-08-28',1,1,'asdf',1),(212,91,NULL,NULL,1,13,'307.3000',2,'307.3000',2,'2010-08-28','2010-08-28',1,1,'asdf',0),(213,91,NULL,NULL,3,7,'60.0000',2,'60.0000',2,'2010-08-28','2010-08-28',1,1,'asdf',1),(214,91,NULL,NULL,6,42,'333.0000',2,'333.0000',2,'2010-08-28','2010-08-28',1,1,'asdf',0),(215,91,NULL,NULL,4,50,'222.0000',2,'222.0000',2,'2010-08-28','2010-08-28',1,1,'asdf',0),(216,91,NULL,NULL,6,7,'333.0000',2,'333.0000',2,'2010-08-28','2010-08-28',1,1,'asdf',1),(217,91,NULL,NULL,2,7,'7.7000',2,'7.7000',2,'2010-08-28','2010-08-28',1,1,'asdf',1),(218,91,NULL,NULL,3,7,'80.0000',2,'80.0000',2,'2010-08-28','2010-08-28',1,1,'asdf',1),(219,91,NULL,NULL,3,7,'90.0000',2,'90.0000',2,'2010-08-28','2010-08-28',1,1,'asdf',1),(220,91,NULL,NULL,3,50,'60.0000',2,'60.0000',2,'2010-08-28','2010-08-28',1,1,'asdf',0),(221,92,NULL,NULL,2,40,'7.7000',2,'7.7000',2,'2010-08-28','2010-08-28',1,1,'Payment rcvd.',1),(222,92,NULL,NULL,6,7,'333.0000',2,'333.0000',2,'2010-08-28','2010-08-28',1,1,'Payment rcvd.',0),(223,92,NULL,NULL,3,7,'60.0000',2,'60.0000',2,'2010-08-28','2010-08-28',1,1,'Payment rcvd.',0),(224,92,NULL,NULL,6,42,'333.0000',2,'333.0000',2,'2010-08-28','2010-08-28',1,1,'Payment rcvd.',1),(225,92,NULL,NULL,3,50,'60.0000',2,'60.0000',2,'2010-08-28','2010-08-28',1,1,'Payment rcvd.',1),(226,92,NULL,NULL,3,50,'90.0000',2,'90.0000',2,'2010-08-28','2010-08-28',1,1,'Payment rcvd.',1),(227,92,NULL,NULL,2,7,'7.7000',2,'7.7000',2,'2010-08-28','2010-08-28',1,1,'Payment rcvd.',0),(228,92,NULL,NULL,3,7,'80.0000',2,'80.0000',2,'2010-08-28','2010-08-28',1,1,'Payment rcvd.',0),(229,92,NULL,NULL,4,7,'222.0000',2,'222.0000',2,'2010-08-28','2010-08-28',1,1,'Payment rcvd.',0),(230,92,NULL,NULL,1,13,'621.3000',2,'621.3000',2,'2010-08-28','2010-08-28',1,1,'Payment rcvd.',1),(231,92,NULL,NULL,1,7,'621.3000',2,'621.3000',2,'2010-08-28','2010-08-28',1,1,'Payment rcvd.',0),(232,92,NULL,NULL,3,50,'80.0000',2,'80.0000',2,'2010-08-28','2010-08-28',1,1,'Payment rcvd.',1),(233,92,NULL,NULL,3,7,'90.0000',2,'90.0000',2,'2010-08-28','2010-08-28',1,1,'Payment rcvd.',0),(234,92,NULL,NULL,4,50,'222.0000',2,'222.0000',2,'2010-08-28','2010-08-28',1,1,'Payment rcvd.',1),(235,93,NULL,NULL,3,50,'1.0000',2,'1.0000',2,'2010-08-28','2010-08-28',1,1,'Payment rcvd.',1),(236,93,NULL,NULL,3,7,'1.0000',2,'1.0000',2,'2010-08-28','2010-08-28',1,1,'Payment rcvd.',0),(237,94,NULL,NULL,3,7,'1.0000',2,'1.0000',2,'2010-08-28','2010-08-28',1,1,'asf',1),(238,94,NULL,NULL,3,50,'1.0000',2,'1.0000',2,'2010-08-28','2010-08-28',1,1,'asf',0),(239,95,NULL,NULL,2,7,'7.7000',2,'7.7000',2,'2010-08-28','2010-08-28',1,1,'asf',1),(240,95,NULL,NULL,3,50,'80.0000',2,'80.0000',2,'2010-08-28','2010-08-28',1,1,'asf',0),(241,95,NULL,NULL,2,40,'7.7000',2,'7.7000',2,'2010-08-28','2010-08-28',1,1,'asf',0),(242,95,NULL,NULL,3,7,'90.0000',2,'90.0000',2,'2010-08-28','2010-08-28',1,1,'asf',1),(243,95,NULL,NULL,3,50,'90.0000',2,'90.0000',2,'2010-08-28','2010-08-28',1,1,'asf',0),(244,95,NULL,NULL,1,13,'621.3000',2,'621.3000',2,'2010-08-28','2010-08-28',1,1,'asf',0),(245,95,NULL,NULL,6,42,'333.0000',2,'333.0000',2,'2010-08-28','2010-08-28',1,1,'asf',0),(246,95,NULL,NULL,4,7,'222.0000',2,'222.0000',2,'2010-08-28','2010-08-28',1,1,'asf',1),(247,95,NULL,NULL,3,50,'60.0000',2,'60.0000',2,'2010-08-28','2010-08-28',1,1,'asf',0),(248,95,NULL,NULL,3,7,'60.0000',2,'60.0000',2,'2010-08-28','2010-08-28',1,1,'asf',1),(249,95,NULL,NULL,4,50,'222.0000',2,'222.0000',2,'2010-08-28','2010-08-28',1,1,'asf',0),(250,95,NULL,NULL,6,7,'333.0000',2,'333.0000',2,'2010-08-28','2010-08-28',1,1,'asf',1),(251,95,NULL,NULL,3,7,'80.0000',2,'80.0000',2,'2010-08-28','2010-08-28',1,1,'asf',1),(252,95,NULL,NULL,1,7,'621.3000',2,'621.3000',2,'2010-08-28','2010-08-28',1,1,'asf',1),(253,96,NULL,NULL,7,7,'5000.0000',2,'5000.0000',2,'2010-08-28','2010-08-28',1,1,'asf',0),(254,96,NULL,NULL,7,13,'5000.0000',2,'5000.0000',2,'2010-08-28','2010-08-28',1,1,'asf',1),(255,97,NULL,NULL,3,50,'70.0000',2,'70.0000',2,'2010-08-28','2010-08-28',1,1,'asf',0),(256,97,NULL,NULL,3,7,'70.0000',2,'70.0000',2,'2010-08-28','2010-08-28',1,1,'asf',1),(257,101,NULL,NULL,14,56,'3.0000',2,'3.0000',2,'2010-08-31','2010-11-15',1,1,'',0),(258,101,NULL,NULL,14,36,'3.0000',2,'3.0000',2,'2010-08-31','2010-11-15',1,1,'',1),(259,105,NULL,NULL,14,33,'8.0000',2,'8.0000',2,'2010-08-31','2010-11-15',1,1,'',1),(260,105,NULL,NULL,14,56,'8.0000',2,'8.0000',2,'2010-08-31','2010-11-15',1,1,'',0),(261,107,NULL,NULL,14,33,'0.8000',2,'0.8000',2,'2010-08-31','2010-11-15',1,1,'',1),(262,107,NULL,NULL,14,56,'0.8000',2,'0.8000',2,'2010-08-31','2010-11-15',1,1,'',0),(263,116,NULL,NULL,14,36,'3.0000',2,'3.0000',2,'2010-09-30','2010-11-15',1,1,'',1),(264,116,NULL,NULL,14,56,'3.0000',2,'3.0000',2,'2010-09-30','2010-11-15',1,1,'',0),(265,120,NULL,NULL,14,56,'7.7000',2,'7.7000',2,'2010-09-30','2010-11-15',1,1,'',0),(266,120,NULL,NULL,14,33,'7.7000',2,'7.7000',2,'2010-09-30','2010-11-15',1,1,'',1),(267,122,NULL,NULL,14,56,'0.9000',2,'0.9000',2,'2010-09-30','2010-11-15',1,1,'',0),(268,122,NULL,NULL,14,33,'0.9000',2,'0.9000',2,'2010-09-30','2010-11-15',1,1,'',1),(269,128,NULL,NULL,14,56,'7.4000',2,'7.4000',2,'2010-09-30','2010-11-15',1,1,'',0),(270,128,NULL,NULL,14,36,'7.4000',2,'7.4000',2,'2010-09-30','2010-11-15',1,1,'',1),(271,132,NULL,NULL,14,56,'3.1000',2,'3.1000',2,'2010-10-31','2010-11-15',1,1,'',0),(272,132,NULL,NULL,14,36,'3.1000',2,'3.1000',2,'2010-10-31','2010-11-15',1,1,'',1),(273,136,NULL,NULL,14,33,'8.0000',2,'8.0000',2,'2010-10-31','2010-11-15',1,1,'',1),(274,136,NULL,NULL,14,56,'8.0000',2,'8.0000',2,'2010-10-31','2010-11-15',1,1,'',0),(275,138,NULL,NULL,14,33,'0.9000',2,'0.9000',2,'2010-10-31','2010-11-15',1,1,'',1),(276,138,NULL,NULL,14,56,'0.9000',2,'0.9000',2,'2010-10-31','2010-11-15',1,1,'',0);
/*!40000 ALTER TABLE `financial_trxn` ENABLE KEYS */;
UNLOCK TABLES;

--
-- Table structure for table `freq_of_deposits`
--

DROP TABLE IF EXISTS `freq_of_deposits`;
/*!40101 SET @saved_cs_client     = @@character_set_client */;
/*!40101 SET character_set_client = utf8 */;
CREATE TABLE `freq_of_deposits` (
  `freq_of_deposits_id` smallint(6) NOT NULL AUTO_INCREMENT,
  `lookup_id` int(11) NOT NULL,
  PRIMARY KEY (`freq_of_deposits_id`),
  KEY `lookup_id` (`lookup_id`),
  CONSTRAINT `freq_of_deposits_ibfk_1` FOREIGN KEY (`lookup_id`) REFERENCES `lookup_value` (`lookup_id`) ON DELETE NO ACTION ON UPDATE NO ACTION
) ENGINE=InnoDB DEFAULT CHARSET=utf8;
/*!40101 SET character_set_client = @saved_cs_client */;

--
-- Dumping data for table `freq_of_deposits`
--

LOCK TABLES `freq_of_deposits` WRITE;
/*!40000 ALTER TABLE `freq_of_deposits` DISABLE KEYS */;
/*!40000 ALTER TABLE `freq_of_deposits` ENABLE KEYS */;
UNLOCK TABLES;

--
-- Table structure for table `fund`
--

DROP TABLE IF EXISTS `fund`;
/*!40101 SET @saved_cs_client     = @@character_set_client */;
/*!40101 SET character_set_client = utf8 */;
CREATE TABLE `fund` (
  `fund_id` smallint(6) NOT NULL AUTO_INCREMENT,
  `fund_name` varchar(100) DEFAULT NULL,
  `version_no` int(11) DEFAULT NULL,
  `fundcode_id` smallint(6) NOT NULL,
  PRIMARY KEY (`fund_id`),
  KEY `fundcode_id` (`fundcode_id`),
  CONSTRAINT `fund_ibfk_1` FOREIGN KEY (`fundcode_id`) REFERENCES `fund_code` (`fundcode_id`) ON DELETE NO ACTION ON UPDATE NO ACTION
) ENGINE=InnoDB AUTO_INCREMENT=6 DEFAULT CHARSET=utf8;
/*!40101 SET character_set_client = @saved_cs_client */;

--
-- Dumping data for table `fund`
--

LOCK TABLES `fund` WRITE;
/*!40000 ALTER TABLE `fund` DISABLE KEYS */;
INSERT INTO `fund` VALUES (1,'Non Donor',0,1),(2,'Funding Org A',0,1),(3,'Funding Org B',0,1),(4,'Funding Org C',0,1),(5,'Funding Org D',0,1);
/*!40000 ALTER TABLE `fund` ENABLE KEYS */;
UNLOCK TABLES;

--
-- Table structure for table `fund_code`
--

DROP TABLE IF EXISTS `fund_code`;
/*!40101 SET @saved_cs_client     = @@character_set_client */;
/*!40101 SET character_set_client = utf8 */;
CREATE TABLE `fund_code` (
  `fundcode_id` smallint(6) NOT NULL AUTO_INCREMENT,
  `fundcode_value` varchar(50) NOT NULL,
  PRIMARY KEY (`fundcode_id`)
) ENGINE=InnoDB AUTO_INCREMENT=6 DEFAULT CHARSET=utf8;
/*!40101 SET character_set_client = @saved_cs_client */;

--
-- Dumping data for table `fund_code`
--

LOCK TABLES `fund_code` WRITE;
/*!40000 ALTER TABLE `fund_code` DISABLE KEYS */;
INSERT INTO `fund_code` VALUES (1,'00'),(2,'01'),(3,'02'),(4,'03'),(5,'04');
/*!40000 ALTER TABLE `fund_code` ENABLE KEYS */;
UNLOCK TABLES;

--
-- Table structure for table `gl_code`
--

DROP TABLE IF EXISTS `gl_code`;
/*!40101 SET @saved_cs_client     = @@character_set_client */;
/*!40101 SET character_set_client = utf8 */;
CREATE TABLE `gl_code` (
  `glcode_id` smallint(6) NOT NULL AUTO_INCREMENT,
  `glcode_value` varchar(50) NOT NULL,
  PRIMARY KEY (`glcode_id`),
  UNIQUE KEY `glcode_value_idx` (`glcode_value`)
) ENGINE=InnoDB AUTO_INCREMENT=57 DEFAULT CHARSET=utf8;
/*!40101 SET character_set_client = @saved_cs_client */;

--
-- Dumping data for table `gl_code`
--

LOCK TABLES `gl_code` WRITE;
/*!40000 ALTER TABLE `gl_code` DISABLE KEYS */;
INSERT INTO `gl_code` VALUES (1,'10000'),(2,'11000'),(3,'11100'),(4,'11101'),(5,'11102'),(6,'11200'),(7,'11201'),(8,'11202'),(9,'13000'),(10,'13100'),(20,'13101'),(21,'13200'),(22,'13201'),(11,'1501'),(12,'1502'),(13,'1503'),(14,'1504'),(15,'1505'),(16,'1506'),(17,'1507'),(18,'1508'),(19,'1509'),(23,'20000'),(24,'22000'),(25,'22100'),(26,'22101'),(27,'23000'),(28,'23100'),(33,'23101'),(34,'24000'),(35,'24100'),(36,'24101'),(37,'30000'),(38,'31000'),(39,'31100'),(41,'31101'),(42,'31102'),(43,'31300'),(50,'31301'),(51,'31401'),(52,'40000'),(53,'41000'),(54,'41100'),(55,'41101'),(56,'41102'),(29,'4601'),(30,'4602'),(31,'4603'),(32,'4606'),(40,'5001'),(44,'5201'),(45,'5202'),(46,'5203'),(47,'5204'),(48,'5205'),(49,'6201');
/*!40000 ALTER TABLE `gl_code` ENABLE KEYS */;
UNLOCK TABLES;

--
-- Table structure for table `grace_period_type`
--

DROP TABLE IF EXISTS `grace_period_type`;
/*!40101 SET @saved_cs_client     = @@character_set_client */;
/*!40101 SET character_set_client = utf8 */;
CREATE TABLE `grace_period_type` (
  `grace_period_type_id` smallint(6) NOT NULL AUTO_INCREMENT,
  `lookup_id` int(11) NOT NULL,
  PRIMARY KEY (`grace_period_type_id`),
  KEY `lookup_id` (`lookup_id`),
  CONSTRAINT `grace_period_type_ibfk_1` FOREIGN KEY (`lookup_id`) REFERENCES `lookup_value` (`lookup_id`) ON DELETE NO ACTION ON UPDATE NO ACTION
) ENGINE=InnoDB AUTO_INCREMENT=4 DEFAULT CHARSET=utf8;
/*!40101 SET character_set_client = @saved_cs_client */;

--
-- Dumping data for table `grace_period_type`
--

LOCK TABLES `grace_period_type` WRITE;
/*!40000 ALTER TABLE `grace_period_type` DISABLE KEYS */;
INSERT INTO `grace_period_type` VALUES (1,96),(2,97),(3,98);
/*!40000 ALTER TABLE `grace_period_type` ENABLE KEYS */;
UNLOCK TABLES;

--
-- Table structure for table `group_loan_counter`
--

DROP TABLE IF EXISTS `group_loan_counter`;
/*!40101 SET @saved_cs_client     = @@character_set_client */;
/*!40101 SET character_set_client = utf8 */;
CREATE TABLE `group_loan_counter` (
  `group_loan_counter_id` int(11) NOT NULL AUTO_INCREMENT,
  `group_perf_id` int(11) NOT NULL,
  `loan_offering_id` smallint(6) NOT NULL,
  `loan_cycle_counter` smallint(6) DEFAULT NULL,
  PRIMARY KEY (`group_loan_counter_id`),
  KEY `group_perf_id` (`group_perf_id`),
  CONSTRAINT `group_loan_counter_ibfk_1` FOREIGN KEY (`group_perf_id`) REFERENCES `group_perf_history` (`id`) ON DELETE NO ACTION ON UPDATE NO ACTION
) ENGINE=InnoDB AUTO_INCREMENT=2 DEFAULT CHARSET=utf8;
/*!40101 SET character_set_client = @saved_cs_client */;

--
-- Dumping data for table `group_loan_counter`
--

LOCK TABLES `group_loan_counter` WRITE;
/*!40000 ALTER TABLE `group_loan_counter` DISABLE KEYS */;
INSERT INTO `group_loan_counter` VALUES (1,27,5,0);
/*!40000 ALTER TABLE `group_loan_counter` ENABLE KEYS */;
UNLOCK TABLES;

--
-- Table structure for table `group_perf_history`
--

DROP TABLE IF EXISTS `group_perf_history`;
/*!40101 SET @saved_cs_client     = @@character_set_client */;
/*!40101 SET character_set_client = utf8 */;
CREATE TABLE `group_perf_history` (
  `id` int(11) NOT NULL AUTO_INCREMENT,
  `customer_id` int(11) NOT NULL,
  `no_of_clients` smallint(6) DEFAULT NULL,
  `last_group_loan_amnt_disb` decimal(21,4) DEFAULT NULL,
  `last_group_loan_amnt_disb_currency_id` smallint(6) DEFAULT NULL,
  `avg_loan_size` decimal(21,4) DEFAULT NULL,
  `avg_loan_size_currency_id` smallint(6) DEFAULT NULL,
  `total_outstand_loan_amnt` decimal(21,4) DEFAULT NULL,
  `total_outstand_loan_amnt_currency_id` smallint(6) DEFAULT NULL,
  `portfolio_at_risk` decimal(21,4) DEFAULT NULL,
  `portfolio_at_risk_currency_id` smallint(6) DEFAULT NULL,
  `total_savings_amnt` decimal(21,4) DEFAULT NULL,
  `total_savings_amnt_currency_id` smallint(6) DEFAULT NULL,
  PRIMARY KEY (`id`),
  KEY `customer_id` (`customer_id`),
  CONSTRAINT `group_perf_history_ibfk_1` FOREIGN KEY (`customer_id`) REFERENCES `customer` (`customer_id`) ON DELETE NO ACTION ON UPDATE NO ACTION
) ENGINE=InnoDB AUTO_INCREMENT=33 DEFAULT CHARSET=utf8;
/*!40101 SET character_set_client = @saved_cs_client */;

--
-- Dumping data for table `group_perf_history`
--

LOCK TABLES `group_perf_history` WRITE;
/*!40000 ALTER TABLE `group_perf_history` DISABLE KEYS */;
INSERT INTO `group_perf_history` VALUES (1,2,0,'0.0000',2,'0.0000',2,'0.0000',2,'0.0000',2,'0.0000',2),(2,5,0,'0.0000',2,'0.0000',2,'0.0000',2,'0.0000',2,'0.0000',2),(3,8,0,'0.0000',2,'0.0000',2,'0.0000',2,'0.0000',2,'0.0000',2),(4,12,0,'0.0000',2,'0.0000',2,'0.0000',2,'1.0000',2,'0.0000',2),(5,15,0,NULL,NULL,NULL,NULL,NULL,NULL,'0.0000',NULL,NULL,NULL),(6,20,0,NULL,NULL,NULL,NULL,NULL,NULL,'0.0000',NULL,NULL,NULL),(7,21,0,NULL,NULL,NULL,NULL,NULL,NULL,'0.0000',NULL,NULL,NULL),(8,22,0,NULL,NULL,NULL,NULL,NULL,NULL,'0.0000',NULL,NULL,NULL),(9,26,0,NULL,NULL,NULL,NULL,NULL,NULL,'0.0000',NULL,NULL,NULL),(10,27,0,NULL,NULL,NULL,NULL,NULL,NULL,'0.0000',NULL,NULL,NULL),(11,29,0,'0.0000',2,'0.0000',2,'0.0000',2,'0.0000',2,'0.0000',2),(12,33,0,'0.0000',2,'0.0000',2,'0.0000',2,'0.0000',2,'0.0000',2),(13,35,0,'0.0000',2,'0.0000',2,'0.0000',2,'0.0000',2,'0.0000',2),(14,37,0,'0.0000',2,'0.0000',2,'0.0000',2,'0.0000',2,'0.0000',2),(15,39,0,'0.0000',2,'0.0000',2,'0.0000',2,'0.0000',2,'0.0000',2),(16,41,0,NULL,NULL,NULL,NULL,NULL,NULL,NULL,NULL,NULL,NULL),(17,42,0,'0.0000',2,'0.0000',2,'0.0000',2,'0.0000',2,'0.0000',2),(18,46,0,'0.0000',2,'0.0000',2,'0.0000',2,'0.0000',2,'0.0000',2),(19,48,0,NULL,NULL,NULL,NULL,NULL,NULL,'0.0000',NULL,NULL,NULL),(20,49,0,'0.0000',2,'0.0000',2,'0.0000',2,'0.0000',2,'0.0000',2),(21,52,0,NULL,NULL,NULL,NULL,NULL,NULL,'0.0000',NULL,NULL,NULL),(22,53,0,'0.0000',2,'0.0000',2,'0.0000',2,'0.0000',2,'0.0000',2),(23,56,0,NULL,NULL,NULL,NULL,NULL,NULL,'0.0000',NULL,NULL,NULL),(24,57,0,NULL,NULL,NULL,NULL,NULL,NULL,'0.0000',NULL,NULL,NULL),(25,58,0,'0.0000',2,'0.0000',2,'0.0000',2,'0.0000',2,'0.0000',2),(26,62,0,'0.0000',2,'0.0000',2,'0.0000',2,'0.0000',2,'0.0000',2),(27,65,0,NULL,NULL,NULL,NULL,NULL,NULL,'0.0000',NULL,NULL,NULL),(28,66,0,NULL,NULL,NULL,NULL,NULL,NULL,'0.0000',NULL,NULL,NULL),(29,67,0,'0.0000',2,'0.0000',2,'0.0000',2,'0.0000',2,'0.0000',2),(30,69,0,NULL,NULL,NULL,NULL,NULL,NULL,NULL,NULL,NULL,NULL),(31,70,0,NULL,NULL,NULL,NULL,NULL,NULL,NULL,NULL,NULL,NULL),(32,71,0,NULL,NULL,NULL,NULL,NULL,NULL,NULL,NULL,NULL,NULL);
/*!40000 ALTER TABLE `group_perf_history` ENABLE KEYS */;
UNLOCK TABLES;

--
-- Table structure for table `holiday`
--

DROP TABLE IF EXISTS `holiday`;
/*!40101 SET @saved_cs_client     = @@character_set_client */;
/*!40101 SET character_set_client = utf8 */;
CREATE TABLE `holiday` (
  `holiday_from_date` date NOT NULL,
  `holiday_thru_date` date DEFAULT NULL,
  `holiday_name` varchar(100) DEFAULT NULL,
  `repayment_rule_id` smallint(6) NOT NULL,
  `holiday_changes_applied_flag` smallint(6) DEFAULT '1',
  `holiday_id` int(11) NOT NULL AUTO_INCREMENT,
  PRIMARY KEY (`holiday_id`),
  KEY `repayment_rule_id` (`repayment_rule_id`),
  CONSTRAINT `holiday_ibfk_2` FOREIGN KEY (`repayment_rule_id`) REFERENCES `repayment_rule` (`repayment_rule_id`) ON DELETE NO ACTION ON UPDATE NO ACTION
) ENGINE=InnoDB DEFAULT CHARSET=utf8;
/*!40101 SET character_set_client = @saved_cs_client */;

--
-- Dumping data for table `holiday`
--

LOCK TABLES `holiday` WRITE;
/*!40000 ALTER TABLE `holiday` DISABLE KEYS */;
/*!40000 ALTER TABLE `holiday` ENABLE KEYS */;
UNLOCK TABLES;

--
-- Table structure for table `imported_transactions_files`
--

DROP TABLE IF EXISTS `imported_transactions_files`;
/*!40101 SET @saved_cs_client     = @@character_set_client */;
/*!40101 SET character_set_client = utf8 */;
CREATE TABLE `imported_transactions_files` (
  `file_name` varchar(100) NOT NULL,
  `submitted_on` timestamp NOT NULL DEFAULT CURRENT_TIMESTAMP ON UPDATE CURRENT_TIMESTAMP,
  `submitted_by` smallint(6) NOT NULL,
  PRIMARY KEY (`file_name`),
  KEY `submitted_by` (`submitted_by`),
  CONSTRAINT `imported_transactions_files_ibfk_1` FOREIGN KEY (`submitted_by`) REFERENCES `personnel` (`personnel_id`) ON DELETE NO ACTION ON UPDATE NO ACTION
) ENGINE=InnoDB DEFAULT CHARSET=utf8;
/*!40101 SET character_set_client = @saved_cs_client */;

--
-- Dumping data for table `imported_transactions_files`
--

LOCK TABLES `imported_transactions_files` WRITE;
/*!40000 ALTER TABLE `imported_transactions_files` DISABLE KEYS */;
/*!40000 ALTER TABLE `imported_transactions_files` ENABLE KEYS */;
UNLOCK TABLES;

--
-- Table structure for table `inherited_meeting`
--

DROP TABLE IF EXISTS `inherited_meeting`;
/*!40101 SET @saved_cs_client     = @@character_set_client */;
/*!40101 SET character_set_client = utf8 */;
CREATE TABLE `inherited_meeting` (
  `meeting_id` int(11) DEFAULT NULL,
  `customer_id` int(11) DEFAULT NULL,
  KEY `customer_id` (`customer_id`),
  KEY `meeting_id` (`meeting_id`),
  CONSTRAINT `inherited_meeting_ibfk_1` FOREIGN KEY (`customer_id`) REFERENCES `customer` (`customer_id`) ON DELETE NO ACTION ON UPDATE NO ACTION,
  CONSTRAINT `inherited_meeting_ibfk_2` FOREIGN KEY (`meeting_id`) REFERENCES `customer_meeting` (`customer_meeting_id`) ON DELETE NO ACTION ON UPDATE NO ACTION
) ENGINE=InnoDB DEFAULT CHARSET=utf8;
/*!40101 SET character_set_client = @saved_cs_client */;

--
-- Dumping data for table `inherited_meeting`
--

LOCK TABLES `inherited_meeting` WRITE;
/*!40000 ALTER TABLE `inherited_meeting` DISABLE KEYS */;
/*!40000 ALTER TABLE `inherited_meeting` ENABLE KEYS */;
UNLOCK TABLES;

--
-- Table structure for table `insurance_offering`
--

DROP TABLE IF EXISTS `insurance_offering`;
/*!40101 SET @saved_cs_client     = @@character_set_client */;
/*!40101 SET character_set_client = utf8 */;
CREATE TABLE `insurance_offering` (
  `prd_offering_id` smallint(6) NOT NULL,
  PRIMARY KEY (`prd_offering_id`),
  CONSTRAINT `insurance_offering_ibfk_1` FOREIGN KEY (`prd_offering_id`) REFERENCES `prd_offering` (`prd_offering_id`) ON DELETE NO ACTION ON UPDATE NO ACTION
) ENGINE=InnoDB DEFAULT CHARSET=utf8;
/*!40101 SET character_set_client = @saved_cs_client */;

--
-- Dumping data for table `insurance_offering`
--

LOCK TABLES `insurance_offering` WRITE;
/*!40000 ALTER TABLE `insurance_offering` DISABLE KEYS */;
/*!40000 ALTER TABLE `insurance_offering` ENABLE KEYS */;
UNLOCK TABLES;

--
-- Table structure for table `interest_calc_rule`
--

DROP TABLE IF EXISTS `interest_calc_rule`;
/*!40101 SET @saved_cs_client     = @@character_set_client */;
/*!40101 SET character_set_client = utf8 */;
CREATE TABLE `interest_calc_rule` (
  `interest_calc_rule_id` smallint(6) NOT NULL AUTO_INCREMENT,
  `lookup_id` int(11) NOT NULL,
  PRIMARY KEY (`interest_calc_rule_id`),
  KEY `lookup_id` (`lookup_id`),
  CONSTRAINT `interest_calc_rule_ibfk_1` FOREIGN KEY (`lookup_id`) REFERENCES `lookup_value` (`lookup_id`) ON DELETE NO ACTION ON UPDATE NO ACTION
) ENGINE=InnoDB AUTO_INCREMENT=3 DEFAULT CHARSET=utf8;
/*!40101 SET character_set_client = @saved_cs_client */;

--
-- Dumping data for table `interest_calc_rule`
--

LOCK TABLES `interest_calc_rule` WRITE;
/*!40000 ALTER TABLE `interest_calc_rule` DISABLE KEYS */;
INSERT INTO `interest_calc_rule` VALUES (1,88),(2,89);
/*!40000 ALTER TABLE `interest_calc_rule` ENABLE KEYS */;
UNLOCK TABLES;

--
-- Table structure for table `interest_calculation_types`
--

DROP TABLE IF EXISTS `interest_calculation_types`;
/*!40101 SET @saved_cs_client     = @@character_set_client */;
/*!40101 SET character_set_client = utf8 */;
CREATE TABLE `interest_calculation_types` (
  `interest_calculation_type_id` smallint(6) NOT NULL AUTO_INCREMENT,
  `interest_calculation_lookup_id` int(11) NOT NULL,
  `description` varchar(100) DEFAULT NULL,
  PRIMARY KEY (`interest_calculation_type_id`),
  KEY `interest_calculation_lookup_id` (`interest_calculation_lookup_id`),
  CONSTRAINT `interest_calculation_types_ibfk_1` FOREIGN KEY (`interest_calculation_lookup_id`) REFERENCES `lookup_value` (`lookup_id`) ON DELETE NO ACTION ON UPDATE NO ACTION
) ENGINE=InnoDB AUTO_INCREMENT=3 DEFAULT CHARSET=utf8;
/*!40101 SET character_set_client = @saved_cs_client */;

--
-- Dumping data for table `interest_calculation_types`
--

LOCK TABLES `interest_calculation_types` WRITE;
/*!40000 ALTER TABLE `interest_calculation_types` DISABLE KEYS */;
INSERT INTO `interest_calculation_types` VALUES (1,122,NULL),(2,123,NULL);
/*!40000 ALTER TABLE `interest_calculation_types` ENABLE KEYS */;
UNLOCK TABLES;

--
-- Table structure for table `interest_types`
--

DROP TABLE IF EXISTS `interest_types`;
/*!40101 SET @saved_cs_client     = @@character_set_client */;
/*!40101 SET character_set_client = utf8 */;
CREATE TABLE `interest_types` (
  `interest_type_id` smallint(6) NOT NULL AUTO_INCREMENT,
  `lookup_id` int(11) NOT NULL,
  `category_id` smallint(6) NOT NULL,
  `descripton` varchar(50) DEFAULT NULL,
  PRIMARY KEY (`interest_type_id`),
  KEY `category_id` (`category_id`),
  KEY `lookup_id` (`lookup_id`),
  CONSTRAINT `interest_types_ibfk_1` FOREIGN KEY (`category_id`) REFERENCES `prd_type` (`prd_type_id`) ON DELETE NO ACTION ON UPDATE NO ACTION,
  CONSTRAINT `interest_types_ibfk_2` FOREIGN KEY (`lookup_id`) REFERENCES `lookup_value` (`lookup_id`) ON DELETE NO ACTION ON UPDATE NO ACTION
) ENGINE=InnoDB AUTO_INCREMENT=6 DEFAULT CHARSET=utf8;
/*!40101 SET character_set_client = @saved_cs_client */;

--
-- Dumping data for table `interest_types`
--

LOCK TABLES `interest_types` WRITE;
/*!40000 ALTER TABLE `interest_types` DISABLE KEYS */;
INSERT INTO `interest_types` VALUES (1,79,1,'Flat'),(2,80,1,'Declining'),(4,604,1,'Declining Balance-Equal Principal Installment'),(5,652,1,'InterestTypes-DecliningPrincipalBalance');
/*!40000 ALTER TABLE `interest_types` ENABLE KEYS */;
UNLOCK TABLES;

--
-- Table structure for table `language`
--

DROP TABLE IF EXISTS `language`;
/*!40101 SET @saved_cs_client     = @@character_set_client */;
/*!40101 SET character_set_client = utf8 */;
CREATE TABLE `language` (
  `lang_id` smallint(6) NOT NULL,
  `lang_name` varchar(100) DEFAULT NULL,
  `lang_short_name` varchar(10) DEFAULT NULL,
  `lookup_id` int(11) NOT NULL,
  PRIMARY KEY (`lang_id`),
  KEY `lookup_id` (`lookup_id`),
  CONSTRAINT `language_ibfk_1` FOREIGN KEY (`lookup_id`) REFERENCES `lookup_value` (`lookup_id`) ON DELETE NO ACTION ON UPDATE NO ACTION
) ENGINE=InnoDB DEFAULT CHARSET=utf8;
/*!40101 SET character_set_client = @saved_cs_client */;

--
-- Dumping data for table `language`
--

LOCK TABLES `language` WRITE;
/*!40000 ALTER TABLE `language` DISABLE KEYS */;
INSERT INTO `language` VALUES (1,'English','EN',189),(2,'Icelandic','is',599),(3,'Spanish','es',600),(4,'French','fr',601),(5,'Chinese','zh',613),(6,'Swahili','sw',614),(7,'Arabic','ar',615),(8,'Portuguese','pt',616),(9,'Khmer','km',617),(10,'Lao','lo',618),(11,'Hungarian','hu',624);
/*!40000 ALTER TABLE `language` ENABLE KEYS */;
UNLOCK TABLES;

--
-- Table structure for table `loan_account`
--

DROP TABLE IF EXISTS `loan_account`;
/*!40101 SET @saved_cs_client     = @@character_set_client */;
/*!40101 SET character_set_client = utf8 */;
CREATE TABLE `loan_account` (
  `account_id` int(11) NOT NULL,
  `business_activities_id` int(11) DEFAULT NULL,
  `collateral_type_id` int(11) DEFAULT NULL,
  `grace_period_type_id` smallint(6) NOT NULL,
  `group_flag` smallint(6) DEFAULT NULL,
  `loan_amount` decimal(21,4) DEFAULT NULL,
  `loan_amount_currency_id` smallint(6) DEFAULT NULL,
  `loan_balance` decimal(21,4) DEFAULT NULL,
  `loan_balance_currency_id` smallint(6) DEFAULT NULL,
  `interest_type_id` smallint(6) DEFAULT NULL,
  `interest_rate` decimal(13,10) DEFAULT NULL,
  `fund_id` smallint(6) DEFAULT NULL,
  `meeting_id` int(11) DEFAULT NULL,
  `currency_id` smallint(6) DEFAULT NULL,
  `no_of_installments` smallint(6) NOT NULL,
  `disbursement_date` date DEFAULT NULL,
  `collateral_note` varchar(500) DEFAULT NULL,
  `grace_period_duration` smallint(6) DEFAULT NULL,
  `interest_at_disb` smallint(6) DEFAULT NULL,
  `grace_period_penalty` smallint(6) DEFAULT NULL,
  `prd_offering_id` smallint(6) DEFAULT NULL,
  `redone` smallint(6) NOT NULL,
  `parent_account_id` int(11) DEFAULT NULL,
  `month_rank` smallint(6) DEFAULT NULL,
  `month_week` smallint(6) DEFAULT NULL,
  `recur_month` smallint(6) DEFAULT NULL,
  PRIMARY KEY (`account_id`),
  KEY `currency_id` (`currency_id`),
  KEY `loan_amount_currency_id` (`loan_amount_currency_id`),
  KEY `loan_balance_currency_id` (`loan_balance_currency_id`),
  KEY `fund_id` (`fund_id`),
  KEY `grace_period_type_id` (`grace_period_type_id`),
  KEY `interest_type_id` (`interest_type_id`),
  KEY `meeting_id` (`meeting_id`),
  KEY `fk_loan_col_type_id` (`collateral_type_id`),
  KEY `fk_loan_bus_act_id` (`business_activities_id`),
  KEY `fk_loan_prd_off_id` (`prd_offering_id`),
  KEY `fk_loan_account` (`parent_account_id`),
  CONSTRAINT `fk_loan_account` FOREIGN KEY (`parent_account_id`) REFERENCES `loan_account` (`account_id`) ON DELETE NO ACTION ON UPDATE NO ACTION,
  CONSTRAINT `fk_loan_acc_id` FOREIGN KEY (`parent_account_id`) REFERENCES `account` (`account_id`) ON DELETE NO ACTION ON UPDATE NO ACTION,
  CONSTRAINT `fk_loan_bus_act_id` FOREIGN KEY (`business_activities_id`) REFERENCES `lookup_value` (`lookup_id`) ON DELETE NO ACTION ON UPDATE NO ACTION,
  CONSTRAINT `fk_loan_col_type_id` FOREIGN KEY (`collateral_type_id`) REFERENCES `lookup_value` (`lookup_id`) ON DELETE NO ACTION ON UPDATE NO ACTION,
  CONSTRAINT `fk_loan_prd_off_id` FOREIGN KEY (`prd_offering_id`) REFERENCES `prd_offering` (`prd_offering_id`) ON DELETE NO ACTION ON UPDATE NO ACTION,
  CONSTRAINT `loan_account_ibfk_1` FOREIGN KEY (`account_id`) REFERENCES `account` (`account_id`) ON DELETE NO ACTION ON UPDATE NO ACTION,
  CONSTRAINT `loan_account_ibfk_2` FOREIGN KEY (`currency_id`) REFERENCES `currency` (`currency_id`) ON DELETE NO ACTION ON UPDATE NO ACTION,
  CONSTRAINT `loan_account_ibfk_3` FOREIGN KEY (`loan_amount_currency_id`) REFERENCES `currency` (`currency_id`) ON DELETE NO ACTION ON UPDATE NO ACTION,
  CONSTRAINT `loan_account_ibfk_4` FOREIGN KEY (`loan_balance_currency_id`) REFERENCES `currency` (`currency_id`) ON DELETE NO ACTION ON UPDATE NO ACTION,
  CONSTRAINT `loan_account_ibfk_5` FOREIGN KEY (`fund_id`) REFERENCES `fund` (`fund_id`) ON DELETE NO ACTION ON UPDATE NO ACTION,
  CONSTRAINT `loan_account_ibfk_6` FOREIGN KEY (`grace_period_type_id`) REFERENCES `grace_period_type` (`grace_period_type_id`) ON DELETE NO ACTION ON UPDATE NO ACTION,
  CONSTRAINT `loan_account_ibfk_7` FOREIGN KEY (`interest_type_id`) REFERENCES `interest_types` (`interest_type_id`) ON DELETE NO ACTION ON UPDATE NO ACTION,
  CONSTRAINT `loan_account_ibfk_8` FOREIGN KEY (`meeting_id`) REFERENCES `meeting` (`meeting_id`) ON DELETE NO ACTION ON UPDATE NO ACTION
) ENGINE=InnoDB DEFAULT CHARSET=utf8;
/*!40101 SET character_set_client = @saved_cs_client */;

--
-- Dumping data for table `loan_account`
--

LOCK TABLES `loan_account` WRITE;
/*!40000 ALTER TABLE `loan_account` DISABLE KEYS */;
INSERT INTO `loan_account` VALUES (4,NULL,NULL,1,NULL,'3000.0000',2,'3000.0000',2,1,'5.0000000000',2,7,NULL,7,'2010-07-16','',0,0,0,1,0,NULL,NULL,NULL,NULL),(8,NULL,NULL,1,NULL,'6000.0000',2,'6000.0000',2,1,'5.0000000000',3,11,NULL,9,'2010-07-08','',0,0,0,4,0,NULL,NULL,NULL,NULL),(15,NULL,NULL,1,NULL,'3000.0000',2,'3000.0000',2,1,'5.0000000000',2,15,NULL,7,'2010-07-08','',0,0,0,1,0,NULL,NULL,NULL,NULL),(16,NULL,NULL,1,NULL,'6000.0000',2,'6000.0000',2,1,'5.0000000000',3,16,NULL,9,'2010-07-08','',0,0,0,4,0,NULL,NULL,NULL,NULL),(21,NULL,NULL,1,NULL,'3000.0000',2,'3000.0000',2,1,'5.0000000000',2,19,NULL,7,'2010-07-18','',0,0,0,1,0,NULL,NULL,NULL,NULL),(23,NULL,NULL,1,NULL,'6000.0000',2,'6000.0000',2,1,'5.0000000000',3,21,NULL,9,'2010-07-24','',0,0,0,4,0,NULL,NULL,NULL,NULL),(32,NULL,NULL,1,NULL,'3000.0000',2,'3000.0000',2,1,'5.0000000000',NULL,26,NULL,7,'2010-07-21','',0,0,0,1,0,NULL,NULL,NULL,NULL),(38,NULL,NULL,1,NULL,'3000.0000',2,'3000.0000',2,1,'5.0000000000',NULL,29,NULL,7,'2010-07-22','',0,0,0,1,0,NULL,NULL,NULL,NULL),(44,NULL,NULL,1,NULL,'6000.0000',2,'6000.0000',2,1,'5.0000000000',NULL,31,NULL,9,'2010-07-22','',0,0,0,4,0,NULL,NULL,NULL,NULL),(53,NULL,NULL,1,NULL,'3000.0000',2,'3000.0000',2,1,'5.0000000000',NULL,39,NULL,7,'2010-07-29','',0,0,0,1,0,NULL,NULL,NULL,NULL),(55,NULL,NULL,1,NULL,'5000.0000',2,'5000.0000',2,2,'8.0000000000',5,46,NULL,8,'2010-07-28','',0,0,0,5,0,NULL,NULL,NULL,NULL),(59,NULL,NULL,1,NULL,'3000.0000',2,'3000.0000',2,1,'5.0000000000',2,49,NULL,7,'2010-07-28','',0,0,0,1,0,NULL,NULL,NULL,NULL),(66,NULL,NULL,1,NULL,'3000.0000',2,'3000.0000',2,1,'5.0000000000',2,54,NULL,7,'2010-07-28','',0,0,0,1,0,NULL,NULL,NULL,NULL),(78,NULL,NULL,1,NULL,'3000.0000',2,'3000.0000',2,1,'5.0000000000',2,60,NULL,7,'2010-08-02','',0,0,0,1,0,NULL,NULL,NULL,NULL),(86,NULL,NULL,1,NULL,'3000.0000',2,'3000.0000',2,1,'5.0000000000',2,67,NULL,7,'2010-08-02','',0,0,0,1,0,NULL,NULL,NULL,NULL),(91,NULL,NULL,1,NULL,'3000.0000',2,'3000.0000',2,1,'5.0000000000',NULL,71,NULL,7,'2010-08-02','',0,0,0,1,0,NULL,NULL,NULL,NULL),(112,NULL,NULL,1,NULL,'5000.0000',2,'5000.0000',2,2,'8.0000000000',5,87,NULL,8,'2010-08-28','',0,0,0,5,0,NULL,NULL,NULL,NULL);
/*!40000 ALTER TABLE `loan_account` ENABLE KEYS */;
UNLOCK TABLES;

--
-- Table structure for table `loan_activity_details`
--

DROP TABLE IF EXISTS `loan_activity_details`;
/*!40101 SET @saved_cs_client     = @@character_set_client */;
/*!40101 SET character_set_client = utf8 */;
CREATE TABLE `loan_activity_details` (
  `id` int(11) NOT NULL AUTO_INCREMENT,
  `created_by` smallint(6) NOT NULL,
  `account_id` int(11) NOT NULL,
  `created_date` timestamp NOT NULL DEFAULT CURRENT_TIMESTAMP ON UPDATE CURRENT_TIMESTAMP,
  `comments` varchar(100) NOT NULL,
  `principal_amount` decimal(21,4) DEFAULT NULL,
  `principal_amount_currency_id` smallint(6) DEFAULT NULL,
  `interest_amount` decimal(21,4) DEFAULT NULL,
  `interest_amount_currency_id` smallint(6) DEFAULT NULL,
  `penalty_amount` decimal(21,4) DEFAULT NULL,
  `penalty_amount_currency_id` smallint(6) DEFAULT NULL,
  `fee_amount` decimal(21,4) DEFAULT NULL,
  `fee_amount_currency_id` smallint(6) DEFAULT NULL,
  `balance_principal_amount` decimal(21,4) DEFAULT NULL,
  `balance_principal_amount_currency_id` smallint(6) DEFAULT NULL,
  `balance_interest_amount` decimal(21,4) DEFAULT NULL,
  `balance_interest_amount_currency_id` smallint(6) DEFAULT NULL,
  `balance_penalty_amount` decimal(21,4) DEFAULT NULL,
  `balance_penalty_amount_currency_id` smallint(6) DEFAULT NULL,
  `balance_fee_amount` decimal(21,4) DEFAULT NULL,
  `balance_fee_amount_currency_id` smallint(6) DEFAULT NULL,
  PRIMARY KEY (`id`),
  KEY `created_by` (`created_by`),
  KEY `account_id` (`account_id`),
  KEY `principal_amount_currency_id` (`principal_amount_currency_id`),
  KEY `interest_amount_currency_id` (`interest_amount_currency_id`),
  KEY `fee_amount_currency_id` (`fee_amount_currency_id`),
  KEY `penalty_amount_currency_id` (`penalty_amount_currency_id`),
  KEY `balance_principal_amount_currency_id` (`balance_principal_amount_currency_id`),
  KEY `balance_interest_amount_currency_id` (`balance_interest_amount_currency_id`),
  KEY `balance_penalty_amount_currency_id` (`balance_penalty_amount_currency_id`),
  KEY `balance_fee_amount_currency_id` (`balance_fee_amount_currency_id`),
  CONSTRAINT `loan_activity_details_ibfk_1` FOREIGN KEY (`created_by`) REFERENCES `personnel` (`personnel_id`) ON DELETE NO ACTION ON UPDATE NO ACTION,
  CONSTRAINT `loan_activity_details_ibfk_10` FOREIGN KEY (`balance_fee_amount_currency_id`) REFERENCES `currency` (`currency_id`) ON DELETE NO ACTION ON UPDATE NO ACTION,
  CONSTRAINT `loan_activity_details_ibfk_2` FOREIGN KEY (`account_id`) REFERENCES `account` (`account_id`) ON DELETE NO ACTION ON UPDATE NO ACTION,
  CONSTRAINT `loan_activity_details_ibfk_3` FOREIGN KEY (`principal_amount_currency_id`) REFERENCES `currency` (`currency_id`) ON DELETE NO ACTION ON UPDATE NO ACTION,
  CONSTRAINT `loan_activity_details_ibfk_4` FOREIGN KEY (`interest_amount_currency_id`) REFERENCES `currency` (`currency_id`) ON DELETE NO ACTION ON UPDATE NO ACTION,
  CONSTRAINT `loan_activity_details_ibfk_5` FOREIGN KEY (`fee_amount_currency_id`) REFERENCES `currency` (`currency_id`) ON DELETE NO ACTION ON UPDATE NO ACTION,
  CONSTRAINT `loan_activity_details_ibfk_6` FOREIGN KEY (`penalty_amount_currency_id`) REFERENCES `currency` (`currency_id`) ON DELETE NO ACTION ON UPDATE NO ACTION,
  CONSTRAINT `loan_activity_details_ibfk_7` FOREIGN KEY (`balance_principal_amount_currency_id`) REFERENCES `currency` (`currency_id`) ON DELETE NO ACTION ON UPDATE NO ACTION,
  CONSTRAINT `loan_activity_details_ibfk_8` FOREIGN KEY (`balance_interest_amount_currency_id`) REFERENCES `currency` (`currency_id`) ON DELETE NO ACTION ON UPDATE NO ACTION,
  CONSTRAINT `loan_activity_details_ibfk_9` FOREIGN KEY (`balance_penalty_amount_currency_id`) REFERENCES `currency` (`currency_id`) ON DELETE NO ACTION ON UPDATE NO ACTION
) ENGINE=InnoDB AUTO_INCREMENT=32 DEFAULT CHARSET=utf8;
/*!40101 SET character_set_client = @saved_cs_client */;

--
-- Dumping data for table `loan_activity_details`
--

LOCK TABLES `loan_activity_details` WRITE;
/*!40000 ALTER TABLE `loan_activity_details` DISABLE KEYS */;
INSERT INTO `loan_activity_details` VALUES (1,1,4,'2010-07-15 14:00:00','Loan Disbursal','3000.0000',2,'0.0000',2,'0.0000',2,'0.0000',2,'3000.0000',2,'21.0000',2,'0.0000',2,'0.0000',2),(2,1,4,'2010-07-17 14:00:00','Payment rcvd.','97.1000',2,'2.9000',2,'0.0000',2,'0.0000',2,'2902.9000',2,'18.1000',2,'0.0000',2,'0.0000',2),(3,1,4,'2010-07-17 14:00:00','Payment rcvd.','150.0000',2,'0.0000',2,'0.0000',2,'0.0000',2,'2752.9000',2,'18.1000',2,'0.0000',2,'0.0000',2),(4,1,4,'2010-07-18 06:12:59','Loan Repayment','2752.9000',2,'0.0000',2,'0.0000',2,'0.0000',2,'0.0000',2,'0.0000',2,'0.0000',2,'0.0000',2),(5,1,4,'2010-07-17 14:00:00','Loan Adjusted','2752.9000',2,'0.0000',2,'0.0000',2,'0.0000',2,'2752.9000',2,'0.0000',2,'0.0000',2,'0.0000',2),(6,1,4,'2010-07-18 06:48:59','Loan Written Off','2752.9000',2,'0.0000',2,'0.0000',2,'0.0000',2,'2752.9000',2,'0.0000',2,'0.0000',2,'0.0000',2),(7,1,21,'2010-07-17 14:00:00','Loan Disbursal','3000.0000',2,'0.0000',2,'0.0000',2,'0.0000',2,'3000.0000',2,'21.0000',2,'0.0000',2,'0.0000',2),(8,1,21,'2010-07-17 14:00:00','Payment rcvd.','644.2000',2,'5.8000',2,'0.0000',2,'0.0000',2,'2355.8000',2,'15.2000',2,'0.0000',2,'0.0000',2),(9,1,21,'2010-07-17 14:00:00','Loan Adjusted','644.2000',2,'5.8000',2,'0.0000',2,'0.0000',2,'3000.0000',2,'21.0000',2,'0.0000',2,'0.0000',2),(10,1,21,'2010-07-17 14:00:00','Payment rcvd.','227.1000',2,'2.9000',2,'0.0000',2,'0.0000',2,'2772.9000',2,'18.1000',2,'0.0000',2,'0.0000',2),(11,1,21,'2010-07-17 14:00:00','Payment rcvd.','43.0000',2,'0.0000',2,'0.0000',2,'0.0000',2,'2729.9000',2,'18.1000',2,'0.0000',2,'0.0000',2),(12,1,21,'2010-07-17 14:00:00','Loan Reversal','43.0000',2,'0.0000',2,'0.0000',2,'0.0000',2,'2772.9000',2,'18.1000',2,'0.0000',2,'0.0000',2),(13,1,21,'2010-07-17 14:00:00','Loan Reversal','227.1000',2,'2.9000',2,'0.0000',2,'0.0000',2,'3000.0000',2,'21.0000',2,'0.0000',2,'0.0000',2),(14,1,21,'2010-07-17 14:00:00','Loan Reversal','0.0000',2,'0.0000',2,'0.0000',2,'0.0000',2,'3000.0000',2,'21.0000',2,'0.0000',2,'0.0000',2),(15,1,21,'2010-07-17 14:00:00','Disbursal Adjusted','3000.0000',2,'0.0000',2,'0.0000',2,'0.0000',2,'3000.0000',2,'21.0000',2,'0.0000',2,'0.0000',2),(16,1,32,'2010-07-20 14:00:00','Loan Disbursal','3000.0000',2,'0.0000',2,'0.0000',2,'0.0000',2,'3000.0000',2,'21.0000',2,'0.0000',2,'0.0000',2),(17,1,32,'2010-07-20 14:00:00','Payment rcvd.','75.1000',2,'2.9000',2,'0.0000',2,'0.0000',2,'2924.9000',2,'18.1000',2,'0.0000',2,'0.0000',2),(18,1,38,'2010-07-21 14:00:00','Loan Disbursal','3000.0000',2,'0.0000',2,'0.0000',2,'0.0000',2,'3000.0000',2,'21.0000',2,'0.0000',2,'0.0000',2),(19,1,44,'2010-07-21 14:00:00','Loan Disbursal','6000.0000',2,'0.0000',2,'0.0000',2,'0.0000',2,'6000.0000',2,'52.0000',2,'0.0000',2,'0.0000',2),(20,1,44,'2010-07-23 04:26:12','Loan Written Off','6000.0000',2,'5.8000',2,'0.0000',2,'0.0000',2,'6000.0000',2,'5.8000',2,'0.0000',2,'0.0000',2),(21,1,38,'2010-07-24 08:23:07','Loan Repayment','3000.0000',2,'2.9000',2,'0.0000',2,'0.0000',2,'0.0000',2,'0.0000',2,'0.0000',2,'0.0000',2),(22,1,112,'2010-08-28 11:03:13','Misc fees applied','0.0000',2,'0.0000',2,'0.0000',2,'222.0000',2,'5000.0000',2,'35.0000',2,'0.0000',2,'1152.0000',2),(23,1,112,'2010-08-28 11:03:25','Misc penalty applied','0.0000',2,'0.0000',2,'333.0000',2,'0.0000',2,'5000.0000',2,'35.0000',2,'333.0000',2,'1152.0000',2),(24,1,112,'2010-08-27 14:00:00','Loan Disbursal','5000.0000',2,'0.0000',2,'0.0000',2,'0.0000',2,'5000.0000',2,'35.0000',2,'333.0000',2,'1152.0000',2),(25,1,112,'2010-08-27 14:00:00','Payment rcvd.','0.0000',2,'0.0000',2,'0.0000',2,'70.0000',2,'5000.0000',2,'35.0000',2,'333.0000',2,'1082.0000',2),(26,1,112,'2010-08-27 14:00:00','Payment rcvd.','307.3000',2,'7.7000',2,'333.0000',2,'452.0000',2,'4692.7000',2,'27.3000',2,'0.0000',2,'630.0000',2),(27,1,112,'2010-08-27 14:00:00','Loan Adjusted','307.3000',2,'7.7000',2,'333.0000',2,'452.0000',2,'5000.0000',2,'35.0000',2,'333.0000',2,'1082.0000',2),(28,1,112,'2010-08-27 14:00:00','Payment rcvd.','621.3000',2,'7.7000',2,'333.0000',2,'453.0000',2,'4378.7000',2,'27.3000',2,'0.0000',2,'629.0000',2),(29,1,112,'2010-08-27 14:00:00','Loan Reversal','621.3000',2,'7.7000',2,'333.0000',2,'453.0000',2,'5000.0000',2,'35.0000',2,'333.0000',2,'1082.0000',2),(30,1,112,'2010-08-27 14:00:00','Loan Reversal','0.0000',2,'0.0000',2,'0.0000',2,'70.0000',2,'5000.0000',2,'35.0000',2,'333.0000',2,'1152.0000',2),(31,1,112,'2010-08-27 14:00:00','Disbursal Adjusted','5000.0000',2,'0.0000',2,'0.0000',2,'0.0000',2,'5000.0000',2,'35.0000',2,'333.0000',2,'1152.0000',2);
/*!40000 ALTER TABLE `loan_activity_details` ENABLE KEYS */;
UNLOCK TABLES;

--
-- Table structure for table `loan_amount_from_last_loan`
--

DROP TABLE IF EXISTS `loan_amount_from_last_loan`;
/*!40101 SET @saved_cs_client     = @@character_set_client */;
/*!40101 SET character_set_client = utf8 */;
CREATE TABLE `loan_amount_from_last_loan` (
  `loan_amount_from_last_loan_id` smallint(6) NOT NULL AUTO_INCREMENT,
  `prd_offering_id` smallint(6) NOT NULL,
  `start_range` decimal(21,4) NOT NULL,
  `end_range` decimal(21,4) NOT NULL,
  `min_loan_amount` decimal(21,4) NOT NULL,
  `max_loan_amnt` decimal(21,4) NOT NULL,
  `default_loan_amount` decimal(21,4) NOT NULL,
  PRIMARY KEY (`loan_amount_from_last_loan_id`),
  KEY `prd_offering_id` (`prd_offering_id`),
  CONSTRAINT `loan_amount_from_last_loan_ibfk_1` FOREIGN KEY (`prd_offering_id`) REFERENCES `loan_offering` (`prd_offering_id`) ON DELETE NO ACTION ON UPDATE NO ACTION
) ENGINE=InnoDB DEFAULT CHARSET=utf8;
/*!40101 SET character_set_client = @saved_cs_client */;

--
-- Dumping data for table `loan_amount_from_last_loan`
--

LOCK TABLES `loan_amount_from_last_loan` WRITE;
/*!40000 ALTER TABLE `loan_amount_from_last_loan` DISABLE KEYS */;
/*!40000 ALTER TABLE `loan_amount_from_last_loan` ENABLE KEYS */;
UNLOCK TABLES;

--
-- Table structure for table `loan_amount_from_loan_cycle`
--

DROP TABLE IF EXISTS `loan_amount_from_loan_cycle`;
/*!40101 SET @saved_cs_client     = @@character_set_client */;
/*!40101 SET character_set_client = utf8 */;
CREATE TABLE `loan_amount_from_loan_cycle` (
  `loan_amount_from_loan_cycle_id` smallint(6) NOT NULL AUTO_INCREMENT,
  `prd_offering_id` smallint(6) NOT NULL,
  `min_loan_amount` decimal(21,4) NOT NULL,
  `max_loan_amnt` decimal(21,4) NOT NULL,
  `default_loan_amount` decimal(21,4) NOT NULL,
  `range_index` smallint(6) NOT NULL,
  PRIMARY KEY (`loan_amount_from_loan_cycle_id`),
  KEY `prd_offering_id` (`prd_offering_id`),
  CONSTRAINT `loan_amount_from_loan_cycle_ibfk_1` FOREIGN KEY (`prd_offering_id`) REFERENCES `loan_offering` (`prd_offering_id`) ON DELETE NO ACTION ON UPDATE NO ACTION
) ENGINE=InnoDB DEFAULT CHARSET=utf8;
/*!40101 SET character_set_client = @saved_cs_client */;

--
-- Dumping data for table `loan_amount_from_loan_cycle`
--

LOCK TABLES `loan_amount_from_loan_cycle` WRITE;
/*!40000 ALTER TABLE `loan_amount_from_loan_cycle` DISABLE KEYS */;
/*!40000 ALTER TABLE `loan_amount_from_loan_cycle` ENABLE KEYS */;
UNLOCK TABLES;

--
-- Table structure for table `loan_amount_same_for_all_loan`
--

DROP TABLE IF EXISTS `loan_amount_same_for_all_loan`;
/*!40101 SET @saved_cs_client     = @@character_set_client */;
/*!40101 SET character_set_client = utf8 */;
CREATE TABLE `loan_amount_same_for_all_loan` (
  `loan_amount_same_for_all_loan_id` smallint(6) NOT NULL AUTO_INCREMENT,
  `prd_offering_id` smallint(6) NOT NULL,
  `min_loan_amount` decimal(21,4) NOT NULL,
  `max_loan_amnt` decimal(21,4) NOT NULL,
  `default_loan_amount` decimal(21,4) NOT NULL,
  PRIMARY KEY (`loan_amount_same_for_all_loan_id`),
  KEY `prd_offering_id` (`prd_offering_id`),
  CONSTRAINT `loan_amount_same_for_all_loan_ibfk_1` FOREIGN KEY (`prd_offering_id`) REFERENCES `loan_offering` (`prd_offering_id`) ON DELETE NO ACTION ON UPDATE NO ACTION
) ENGINE=InnoDB AUTO_INCREMENT=7 DEFAULT CHARSET=utf8;
/*!40101 SET character_set_client = @saved_cs_client */;

--
-- Dumping data for table `loan_amount_same_for_all_loan`
--

LOCK TABLES `loan_amount_same_for_all_loan` WRITE;
/*!40000 ALTER TABLE `loan_amount_same_for_all_loan` DISABLE KEYS */;
INSERT INTO `loan_amount_same_for_all_loan` VALUES (4,5,'2345.0000','6000.0000','5000.0000'),(5,1,'1000.0000','5000.0000','3000.0000'),(6,4,'2000.0000','6000.0000','6000.0000');
/*!40000 ALTER TABLE `loan_amount_same_for_all_loan` ENABLE KEYS */;
UNLOCK TABLES;

--
-- Table structure for table `loan_arrears_aging`
--

DROP TABLE IF EXISTS `loan_arrears_aging`;
/*!40101 SET @saved_cs_client     = @@character_set_client */;
/*!40101 SET character_set_client = utf8 */;
CREATE TABLE `loan_arrears_aging` (
  `id` int(11) NOT NULL AUTO_INCREMENT,
  `account_id` int(11) NOT NULL,
  `customer_id` int(11) NOT NULL,
  `customer_name` varchar(200) DEFAULT NULL,
  `parent_customer_id` int(11) DEFAULT NULL,
  `office_id` smallint(6) NOT NULL,
  `days_in_arrears` smallint(6) NOT NULL,
  `overdue_principal` decimal(21,4) DEFAULT NULL,
  `overdue_principal_currency_id` smallint(6) DEFAULT NULL,
  `overdue_interest` decimal(21,4) DEFAULT NULL,
  `overdue_interest_currency_id` smallint(6) DEFAULT NULL,
  `overdue_balance` decimal(21,4) DEFAULT NULL,
  `overdue_balance_currency_id` smallint(6) DEFAULT NULL,
  `unpaid_principal` decimal(21,4) DEFAULT NULL,
  `unpaid_principal_currency_id` smallint(6) DEFAULT NULL,
  `unpaid_interest` decimal(21,4) DEFAULT NULL,
  `unpaid_interest_currency_id` smallint(6) DEFAULT NULL,
  `unpaid_balance` decimal(21,4) DEFAULT NULL,
  `unpaid_balance_currency_id` smallint(6) DEFAULT NULL,
  PRIMARY KEY (`id`),
  KEY `account_id` (`account_id`),
  KEY `customer_id` (`customer_id`),
  KEY `parent_customer_id` (`parent_customer_id`),
  KEY `office_id` (`office_id`),
  KEY `overdue_principal_currency_id` (`overdue_principal_currency_id`),
  KEY `overdue_interest_currency_id` (`overdue_interest_currency_id`),
  KEY `overdue_balance_currency_id` (`overdue_balance_currency_id`),
  KEY `unpaid_principal_currency_id` (`unpaid_principal_currency_id`),
  KEY `unpaid_interest_currency_id` (`unpaid_interest_currency_id`),
  KEY `unpaid_balance_currency_id` (`unpaid_balance_currency_id`),
  CONSTRAINT `loan_arrears_aging_ibfk_1` FOREIGN KEY (`account_id`) REFERENCES `account` (`account_id`) ON DELETE NO ACTION ON UPDATE NO ACTION,
  CONSTRAINT `loan_arrears_aging_ibfk_10` FOREIGN KEY (`unpaid_balance_currency_id`) REFERENCES `currency` (`currency_id`) ON DELETE NO ACTION ON UPDATE NO ACTION,
  CONSTRAINT `loan_arrears_aging_ibfk_2` FOREIGN KEY (`customer_id`) REFERENCES `customer` (`customer_id`) ON DELETE NO ACTION ON UPDATE NO ACTION,
  CONSTRAINT `loan_arrears_aging_ibfk_3` FOREIGN KEY (`parent_customer_id`) REFERENCES `customer` (`customer_id`) ON DELETE NO ACTION ON UPDATE NO ACTION,
  CONSTRAINT `loan_arrears_aging_ibfk_4` FOREIGN KEY (`office_id`) REFERENCES `office` (`office_id`) ON DELETE NO ACTION ON UPDATE NO ACTION,
  CONSTRAINT `loan_arrears_aging_ibfk_5` FOREIGN KEY (`overdue_principal_currency_id`) REFERENCES `currency` (`currency_id`) ON DELETE NO ACTION ON UPDATE NO ACTION,
  CONSTRAINT `loan_arrears_aging_ibfk_6` FOREIGN KEY (`overdue_interest_currency_id`) REFERENCES `currency` (`currency_id`) ON DELETE NO ACTION ON UPDATE NO ACTION,
  CONSTRAINT `loan_arrears_aging_ibfk_7` FOREIGN KEY (`overdue_balance_currency_id`) REFERENCES `currency` (`currency_id`) ON DELETE NO ACTION ON UPDATE NO ACTION,
  CONSTRAINT `loan_arrears_aging_ibfk_8` FOREIGN KEY (`unpaid_principal_currency_id`) REFERENCES `currency` (`currency_id`) ON DELETE NO ACTION ON UPDATE NO ACTION,
  CONSTRAINT `loan_arrears_aging_ibfk_9` FOREIGN KEY (`unpaid_interest_currency_id`) REFERENCES `currency` (`currency_id`) ON DELETE NO ACTION ON UPDATE NO ACTION
) ENGINE=InnoDB DEFAULT CHARSET=utf8;
/*!40101 SET character_set_client = @saved_cs_client */;

--
-- Dumping data for table `loan_arrears_aging`
--

LOCK TABLES `loan_arrears_aging` WRITE;
/*!40000 ALTER TABLE `loan_arrears_aging` DISABLE KEYS */;
/*!40000 ALTER TABLE `loan_arrears_aging` ENABLE KEYS */;
UNLOCK TABLES;

--
-- Table structure for table `loan_cash_flow`
--

DROP TABLE IF EXISTS `loan_cash_flow`;
/*!40101 SET @saved_cs_client     = @@character_set_client */;
/*!40101 SET character_set_client = utf8 */;
CREATE TABLE `loan_cash_flow` (
  `loan_id` int(11) NOT NULL,
  `cash_flow_id` int(11) NOT NULL,
  KEY `loan_id` (`loan_id`),
  KEY `cash_flow_id` (`cash_flow_id`),
  CONSTRAINT `loan_cash_flow_ibfk_1` FOREIGN KEY (`loan_id`) REFERENCES `loan_account` (`account_id`) ON DELETE NO ACTION ON UPDATE NO ACTION,
  CONSTRAINT `loan_cash_flow_ibfk_2` FOREIGN KEY (`cash_flow_id`) REFERENCES `cash_flow` (`id`) ON DELETE NO ACTION ON UPDATE NO ACTION
) ENGINE=InnoDB DEFAULT CHARSET=utf8;
/*!40101 SET character_set_client = @saved_cs_client */;

--
-- Dumping data for table `loan_cash_flow`
--

LOCK TABLES `loan_cash_flow` WRITE;
/*!40000 ALTER TABLE `loan_cash_flow` DISABLE KEYS */;
/*!40000 ALTER TABLE `loan_cash_flow` ENABLE KEYS */;
UNLOCK TABLES;

--
-- Table structure for table `loan_counter`
--

DROP TABLE IF EXISTS `loan_counter`;
/*!40101 SET @saved_cs_client     = @@character_set_client */;
/*!40101 SET character_set_client = utf8 */;
CREATE TABLE `loan_counter` (
  `loan_counter_id` int(11) NOT NULL AUTO_INCREMENT,
  `client_perf_id` int(11) NOT NULL,
  `loan_offering_id` smallint(6) NOT NULL,
  `loan_cycle_counter` smallint(6) DEFAULT NULL,
  PRIMARY KEY (`loan_counter_id`),
  KEY `loan_counter_client_perf_idx` (`client_perf_id`)
) ENGINE=InnoDB AUTO_INCREMENT=5 DEFAULT CHARSET=utf8;
/*!40101 SET character_set_client = @saved_cs_client */;

--
-- Dumping data for table `loan_counter`
--

LOCK TABLES `loan_counter` WRITE;
/*!40000 ALTER TABLE `loan_counter` DISABLE KEYS */;
INSERT INTO `loan_counter` VALUES (1,1,1,0),(2,7,1,1),(3,11,1,1),(4,12,4,0);
/*!40000 ALTER TABLE `loan_counter` ENABLE KEYS */;
UNLOCK TABLES;

--
-- Table structure for table `loan_fee_schedule`
--

DROP TABLE IF EXISTS `loan_fee_schedule`;
/*!40101 SET @saved_cs_client     = @@character_set_client */;
/*!40101 SET character_set_client = utf8 */;
CREATE TABLE `loan_fee_schedule` (
  `account_fees_detail_id` int(11) NOT NULL AUTO_INCREMENT,
  `id` int(11) NOT NULL,
  `installment_id` int(11) NOT NULL,
  `fee_id` smallint(6) NOT NULL,
  `account_fee_id` int(11) NOT NULL,
  `amount` decimal(21,4) DEFAULT NULL,
  `amount_currency_id` smallint(6) DEFAULT NULL,
  `amount_paid` decimal(21,4) NOT NULL,
  `amount_paid_currency_id` smallint(6) NOT NULL,
  `version_no` int(11) NOT NULL,
  PRIMARY KEY (`account_fees_detail_id`),
  KEY `id` (`id`),
  KEY `amount_currency_id` (`amount_currency_id`),
  KEY `amount_paid_currency_id` (`amount_paid_currency_id`),
  KEY `fee_id` (`fee_id`),
  KEY `account_fee_id` (`account_fee_id`),
  CONSTRAINT `loan_fee_schedule_ibfk_1` FOREIGN KEY (`id`) REFERENCES `loan_schedule` (`id`) ON DELETE NO ACTION ON UPDATE NO ACTION,
  CONSTRAINT `loan_fee_schedule_ibfk_2` FOREIGN KEY (`amount_currency_id`) REFERENCES `currency` (`currency_id`) ON DELETE NO ACTION ON UPDATE NO ACTION,
  CONSTRAINT `loan_fee_schedule_ibfk_3` FOREIGN KEY (`amount_paid_currency_id`) REFERENCES `currency` (`currency_id`) ON DELETE NO ACTION ON UPDATE NO ACTION,
  CONSTRAINT `loan_fee_schedule_ibfk_4` FOREIGN KEY (`fee_id`) REFERENCES `fees` (`fee_id`),
  CONSTRAINT `loan_fee_schedule_ibfk_5` FOREIGN KEY (`account_fee_id`) REFERENCES `account_fees` (`account_fee_id`)
) ENGINE=InnoDB AUTO_INCREMENT=11 DEFAULT CHARSET=utf8;
/*!40101 SET character_set_client = @saved_cs_client */;

--
-- Dumping data for table `loan_fee_schedule`
--

LOCK TABLES `loan_fee_schedule` WRITE;
/*!40000 ALTER TABLE `loan_fee_schedule` DISABLE KEYS */;
INSERT INTO `loan_fee_schedule` VALUES (1,143,1,5,8,'60.0000',2,'0.0000',2,4),(2,143,1,8,7,'90.0000',2,'0.0000',2,4),(3,143,1,7,9,'80.0000',2,'0.0000',2,4),(4,144,2,8,7,'90.0000',2,'0.0000',2,2),(5,145,3,8,7,'90.0000',2,'0.0000',2,0),(6,146,4,8,7,'90.0000',2,'0.0000',2,0),(7,147,5,8,7,'90.0000',2,'0.0000',2,0),(8,148,6,8,7,'90.0000',2,'0.0000',2,0),(9,149,7,8,7,'90.0000',2,'0.0000',2,0),(10,150,8,8,7,'90.0000',2,'0.0000',2,0);
/*!40000 ALTER TABLE `loan_fee_schedule` ENABLE KEYS */;
UNLOCK TABLES;

--
-- Table structure for table `loan_offering`
--

DROP TABLE IF EXISTS `loan_offering`;
/*!40101 SET @saved_cs_client     = @@character_set_client */;
/*!40101 SET character_set_client = utf8 */;
CREATE TABLE `loan_offering` (
  `prd_offering_id` smallint(6) NOT NULL,
  `interest_type_id` smallint(6) NOT NULL,
  `interest_calc_rule_id` smallint(6) DEFAULT NULL,
  `penalty_id` smallint(6) DEFAULT NULL,
  `min_loan_amount` decimal(21,4) DEFAULT NULL,
  `min_loan_amount_currency_id` smallint(6) DEFAULT NULL,
  `max_loan_amnt` decimal(21,4) DEFAULT NULL,
  `max_loan_amnt_currency_id` smallint(6) DEFAULT NULL,
  `default_loan_amount` decimal(21,4) DEFAULT NULL,
  `default_loan_amount_currency_id` smallint(6) DEFAULT NULL,
  `graceperiod_type_id` smallint(6) DEFAULT NULL,
  `max_interest_rate` decimal(13,10) NOT NULL,
  `min_interest_rate` decimal(13,10) NOT NULL,
  `def_interest_rate` decimal(13,10) NOT NULL,
  `max_no_installments` smallint(6) DEFAULT NULL,
  `min_no_installments` smallint(6) DEFAULT NULL,
  `def_no_installments` smallint(6) DEFAULT NULL,
  `penalty_grace` smallint(6) DEFAULT NULL,
  `loan_counter_flag` smallint(6) DEFAULT NULL,
  `int_ded_disbursement_flag` smallint(6) NOT NULL,
  `prin_due_last_inst_flag` smallint(6) NOT NULL,
  `penalty_rate` decimal(13,10) DEFAULT NULL,
  `grace_period_duration` smallint(6) DEFAULT NULL,
  `principal_glcode_id` smallint(6) NOT NULL,
  `interest_glcode_id` smallint(6) NOT NULL,
  `penalties_glcode_id` smallint(6) DEFAULT NULL,
  `interest_waiver_flag` smallint(6) DEFAULT '0',
  `variable_installment_flag` smallint(6) DEFAULT '0',
  `variable_installment_details_id` smallint(6) DEFAULT NULL,
  `cash_flow_comparison_flag` smallint(6) DEFAULT '0',
  `cash_flow_detail_id` smallint(6) DEFAULT NULL,
  PRIMARY KEY (`prd_offering_id`),
  KEY `principal_glcode_id` (`principal_glcode_id`),
  KEY `interest_glcode_id` (`interest_glcode_id`),
  KEY `loan_offering_penalty_glcode` (`penalties_glcode_id`),
  KEY `graceperiod_type_id` (`graceperiod_type_id`),
  KEY `loan_offering_penalty` (`penalty_id`),
  KEY `loan_offering_interest_calc_rule` (`interest_calc_rule_id`),
  KEY `interest_type_id` (`interest_type_id`),
  KEY `min_loan_amount_currency_id` (`min_loan_amount_currency_id`),
  KEY `max_loan_amnt_currency_id` (`max_loan_amnt_currency_id`),
  KEY `default_loan_amount_currency_id` (`default_loan_amount_currency_id`),
  KEY `variable_installment_details_id` (`variable_installment_details_id`),
  KEY `cash_flow_detail_id` (`cash_flow_detail_id`),
  CONSTRAINT `loan_offering_ibfk_10` FOREIGN KEY (`cash_flow_detail_id`) REFERENCES `cash_flow_detail` (`id`) ON DELETE NO ACTION ON UPDATE NO ACTION,
  CONSTRAINT `loan_offering_ibfk_1` FOREIGN KEY (`principal_glcode_id`) REFERENCES `gl_code` (`glcode_id`) ON DELETE NO ACTION ON UPDATE NO ACTION,
  CONSTRAINT `loan_offering_ibfk_2` FOREIGN KEY (`interest_glcode_id`) REFERENCES `gl_code` (`glcode_id`) ON DELETE NO ACTION ON UPDATE NO ACTION,
  CONSTRAINT `loan_offering_ibfk_3` FOREIGN KEY (`graceperiod_type_id`) REFERENCES `grace_period_type` (`grace_period_type_id`) ON DELETE NO ACTION ON UPDATE NO ACTION,
  CONSTRAINT `loan_offering_ibfk_4` FOREIGN KEY (`prd_offering_id`) REFERENCES `prd_offering` (`prd_offering_id`) ON DELETE NO ACTION ON UPDATE NO ACTION,
  CONSTRAINT `loan_offering_ibfk_5` FOREIGN KEY (`interest_type_id`) REFERENCES `interest_types` (`interest_type_id`) ON DELETE NO ACTION ON UPDATE NO ACTION,
  CONSTRAINT `loan_offering_ibfk_6` FOREIGN KEY (`min_loan_amount_currency_id`) REFERENCES `currency` (`currency_id`) ON DELETE NO ACTION ON UPDATE NO ACTION,
  CONSTRAINT `loan_offering_ibfk_7` FOREIGN KEY (`max_loan_amnt_currency_id`) REFERENCES `currency` (`currency_id`) ON DELETE NO ACTION ON UPDATE NO ACTION,
  CONSTRAINT `loan_offering_ibfk_8` FOREIGN KEY (`default_loan_amount_currency_id`) REFERENCES `currency` (`currency_id`) ON DELETE NO ACTION ON UPDATE NO ACTION,
  CONSTRAINT `loan_offering_ibfk_9` FOREIGN KEY (`variable_installment_details_id`) REFERENCES `variable_installment_details` (`id`) ON DELETE NO ACTION ON UPDATE NO ACTION,
  CONSTRAINT `loan_offering_interest_calc_rule` FOREIGN KEY (`interest_calc_rule_id`) REFERENCES `interest_calc_rule` (`interest_calc_rule_id`) ON DELETE NO ACTION ON UPDATE NO ACTION,
  CONSTRAINT `loan_offering_penalty` FOREIGN KEY (`penalty_id`) REFERENCES `penalty` (`penalty_id`) ON DELETE NO ACTION ON UPDATE NO ACTION,
  CONSTRAINT `loan_offering_penalty_glcode` FOREIGN KEY (`penalties_glcode_id`) REFERENCES `gl_code` (`glcode_id`) ON DELETE NO ACTION ON UPDATE NO ACTION
) ENGINE=InnoDB DEFAULT CHARSET=utf8;
/*!40101 SET character_set_client = @saved_cs_client */;

--
-- Dumping data for table `loan_offering`
--

LOCK TABLES `loan_offering` WRITE;
/*!40000 ALTER TABLE `loan_offering` DISABLE KEYS */;
INSERT INTO `loan_offering` VALUES (1,1,NULL,NULL,NULL,NULL,NULL,NULL,NULL,NULL,1,'8.0000000000','3.0000000000','5.0000000000',NULL,NULL,NULL,NULL,1,0,0,NULL,0,19,40,NULL,0,0,NULL,0,NULL),(4,1,NULL,NULL,NULL,NULL,NULL,NULL,NULL,NULL,1,'9.0000000000','5.0000000000','5.0000000000',NULL,NULL,NULL,NULL,1,0,0,NULL,0,19,40,NULL,0,0,NULL,0,NULL),(5,2,NULL,NULL,NULL,NULL,NULL,NULL,NULL,NULL,1,'9.0000000000','7.0000000000','8.0000000000',NULL,NULL,NULL,NULL,1,0,0,NULL,0,13,40,NULL,0,0,NULL,0,NULL);
/*!40000 ALTER TABLE `loan_offering` ENABLE KEYS */;
UNLOCK TABLES;

--
-- Table structure for table `loan_offering_fund`
--

DROP TABLE IF EXISTS `loan_offering_fund`;
/*!40101 SET @saved_cs_client     = @@character_set_client */;
/*!40101 SET character_set_client = utf8 */;
CREATE TABLE `loan_offering_fund` (
  `loan_offering_fund_id` smallint(6) NOT NULL AUTO_INCREMENT,
  `fund_id` smallint(6) NOT NULL,
  `prd_offering_id` smallint(6) NOT NULL,
  PRIMARY KEY (`loan_offering_fund_id`),
  KEY `prd_offering_id` (`prd_offering_id`),
  KEY `fund_id` (`fund_id`),
  CONSTRAINT `loan_offering_fund_ibfk_1` FOREIGN KEY (`prd_offering_id`) REFERENCES `loan_offering` (`prd_offering_id`) ON DELETE NO ACTION ON UPDATE NO ACTION,
  CONSTRAINT `loan_offering_fund_ibfk_2` FOREIGN KEY (`fund_id`) REFERENCES `fund` (`fund_id`) ON DELETE NO ACTION ON UPDATE NO ACTION
) ENGINE=InnoDB AUTO_INCREMENT=9 DEFAULT CHARSET=utf8;
/*!40101 SET character_set_client = @saved_cs_client */;

--
-- Dumping data for table `loan_offering_fund`
--

LOCK TABLES `loan_offering_fund` WRITE;
/*!40000 ALTER TABLE `loan_offering_fund` DISABLE KEYS */;
INSERT INTO `loan_offering_fund` VALUES (5,4,5),(6,5,5),(7,2,1),(8,3,4);
/*!40000 ALTER TABLE `loan_offering_fund` ENABLE KEYS */;
UNLOCK TABLES;

--
-- Table structure for table `loan_penalty`
--

DROP TABLE IF EXISTS `loan_penalty`;
/*!40101 SET @saved_cs_client     = @@character_set_client */;
/*!40101 SET character_set_client = utf8 */;
CREATE TABLE `loan_penalty` (
  `loan_penalty_id` int(11) NOT NULL AUTO_INCREMENT,
  `account_id` int(11) DEFAULT NULL,
  `penalty_id` smallint(6) NOT NULL,
  `start_date` date DEFAULT NULL,
  `end_date` date DEFAULT NULL,
  `penalty_type` varchar(200) DEFAULT NULL,
  `penalty_rate` decimal(13,10) DEFAULT NULL,
  PRIMARY KEY (`loan_penalty_id`),
  KEY `account_id` (`account_id`),
  KEY `penalty_id` (`penalty_id`),
  CONSTRAINT `loan_penalty_ibfk_1` FOREIGN KEY (`account_id`) REFERENCES `loan_account` (`account_id`) ON DELETE NO ACTION ON UPDATE NO ACTION,
  CONSTRAINT `loan_penalty_ibfk_2` FOREIGN KEY (`penalty_id`) REFERENCES `penalty` (`penalty_id`) ON DELETE NO ACTION ON UPDATE NO ACTION
) ENGINE=InnoDB DEFAULT CHARSET=utf8;
/*!40101 SET character_set_client = @saved_cs_client */;

--
-- Dumping data for table `loan_penalty`
--

LOCK TABLES `loan_penalty` WRITE;
/*!40000 ALTER TABLE `loan_penalty` DISABLE KEYS */;
/*!40000 ALTER TABLE `loan_penalty` ENABLE KEYS */;
UNLOCK TABLES;

--
-- Table structure for table `loan_perf_history`
--

DROP TABLE IF EXISTS `loan_perf_history`;
/*!40101 SET @saved_cs_client     = @@character_set_client */;
/*!40101 SET character_set_client = utf8 */;
CREATE TABLE `loan_perf_history` (
  `id` int(11) NOT NULL AUTO_INCREMENT,
  `account_id` int(11) NOT NULL,
  `no_of_payments` smallint(6) DEFAULT NULL,
  `no_of_missed_payments` smallint(6) DEFAULT NULL,
  `days_in_arrears` smallint(6) DEFAULT NULL,
  `loan_maturity_date` date DEFAULT NULL,
  PRIMARY KEY (`id`),
  KEY `account_id` (`account_id`),
  CONSTRAINT `loan_perf_history_ibfk_1` FOREIGN KEY (`account_id`) REFERENCES `account` (`account_id`) ON DELETE NO ACTION ON UPDATE NO ACTION
) ENGINE=InnoDB AUTO_INCREMENT=18 DEFAULT CHARSET=utf8;
/*!40101 SET character_set_client = @saved_cs_client */;

--
-- Dumping data for table `loan_perf_history`
--

LOCK TABLES `loan_perf_history` WRITE;
/*!40000 ALTER TABLE `loan_perf_history` DISABLE KEYS */;
INSERT INTO `loan_perf_history` VALUES (1,4,0,NULL,NULL,'2010-09-09'),(2,8,0,NULL,NULL,NULL),(3,15,0,NULL,NULL,NULL),(4,16,0,NULL,NULL,NULL),(5,21,0,NULL,NULL,'2010-09-09'),(6,23,0,NULL,NULL,NULL),(7,32,0,NULL,NULL,'2010-09-14'),(8,38,1,NULL,NULL,'2010-09-09'),(9,44,0,NULL,NULL,'2010-09-23'),(10,53,0,NULL,NULL,NULL),(11,55,0,NULL,NULL,NULL),(12,59,0,NULL,NULL,NULL),(13,66,0,NULL,NULL,NULL),(14,78,0,NULL,NULL,NULL),(15,86,0,NULL,NULL,NULL),(16,91,0,NULL,NULL,NULL),(17,112,0,NULL,NULL,'2010-10-23');
/*!40000 ALTER TABLE `loan_perf_history` ENABLE KEYS */;
UNLOCK TABLES;

--
-- Table structure for table `loan_schedule`
--

DROP TABLE IF EXISTS `loan_schedule`;
/*!40101 SET @saved_cs_client     = @@character_set_client */;
/*!40101 SET character_set_client = utf8 */;
CREATE TABLE `loan_schedule` (
  `id` int(11) NOT NULL AUTO_INCREMENT,
  `account_id` int(11) NOT NULL,
  `customer_id` int(11) NOT NULL,
  `currency_id` smallint(6) DEFAULT NULL,
  `action_date` date DEFAULT NULL,
  `principal` decimal(21,4) NOT NULL,
  `principal_currency_id` smallint(6) DEFAULT NULL,
  `interest` decimal(21,4) NOT NULL,
  `interest_currency_id` smallint(6) DEFAULT NULL,
  `penalty` decimal(21,4) NOT NULL,
  `penalty_currency_id` smallint(6) DEFAULT NULL,
  `misc_fees` decimal(21,4) DEFAULT NULL,
  `misc_fees_currency_id` smallint(6) DEFAULT NULL,
  `misc_fees_paid` decimal(21,4) DEFAULT NULL,
  `misc_fees_paid_currency_id` smallint(6) DEFAULT NULL,
  `misc_penalty` decimal(21,4) DEFAULT NULL,
  `misc_penalty_currency_id` smallint(6) DEFAULT NULL,
  `misc_penalty_paid` decimal(21,4) DEFAULT NULL,
  `misc_penalty_paid_currency_id` smallint(6) DEFAULT NULL,
  `principal_paid` decimal(21,4) DEFAULT NULL,
  `principal_paid_currency_id` smallint(6) DEFAULT NULL,
  `interest_paid` decimal(21,4) DEFAULT NULL,
  `interest_paid_currency_id` smallint(6) DEFAULT NULL,
  `penalty_paid` decimal(21,4) DEFAULT NULL,
  `penalty_paid_currency_id` smallint(6) DEFAULT NULL,
  `payment_status` smallint(6) NOT NULL,
  `installment_id` smallint(6) NOT NULL,
  `payment_date` date DEFAULT NULL,
  `parent_flag` smallint(6) DEFAULT NULL,
  `version_no` int(11) NOT NULL,
  `extra_interest` decimal(21,4) DEFAULT NULL,
  `extra_interest_currency_id` smallint(6) DEFAULT NULL,
  `extra_interest_paid` decimal(21,4) DEFAULT NULL,
  `extra_interest_paid_currency_id` smallint(6) DEFAULT NULL,
  PRIMARY KEY (`id`),
  KEY `account_id` (`account_id`),
  KEY `currency_id` (`currency_id`),
  KEY `principal_currency_id` (`principal_currency_id`),
  KEY `interest_currency_id` (`interest_currency_id`),
  KEY `penalty_currency_id` (`penalty_currency_id`),
  KEY `misc_fees_currency_id` (`misc_fees_currency_id`),
  KEY `misc_fees_paid_currency_id` (`misc_fees_paid_currency_id`),
  KEY `misc_penalty_currency_id` (`misc_penalty_currency_id`),
  KEY `principal_paid_currency_id` (`principal_paid_currency_id`),
  KEY `interest_paid_currency_id` (`interest_paid_currency_id`),
  KEY `penalty_paid_currency_id` (`penalty_paid_currency_id`),
  KEY `misc_penalty_paid_currency_id` (`misc_penalty_paid_currency_id`),
  KEY `customer_id` (`customer_id`),
  KEY `extra_interest_currency_id` (`extra_interest_currency_id`),
  KEY `extra_interest_paid_currency_id` (`extra_interest_paid_currency_id`),
  CONSTRAINT `loan_schedule_ibfk_15` FOREIGN KEY (`extra_interest_paid_currency_id`) REFERENCES `currency` (`currency_id`) ON DELETE NO ACTION ON UPDATE NO ACTION,
  CONSTRAINT `loan_schedule_ibfk_1` FOREIGN KEY (`account_id`) REFERENCES `account` (`account_id`) ON DELETE NO ACTION ON UPDATE NO ACTION,
  CONSTRAINT `loan_schedule_ibfk_10` FOREIGN KEY (`interest_paid_currency_id`) REFERENCES `currency` (`currency_id`) ON DELETE NO ACTION ON UPDATE NO ACTION,
  CONSTRAINT `loan_schedule_ibfk_11` FOREIGN KEY (`penalty_paid_currency_id`) REFERENCES `currency` (`currency_id`) ON DELETE NO ACTION ON UPDATE NO ACTION,
  CONSTRAINT `loan_schedule_ibfk_12` FOREIGN KEY (`misc_penalty_paid_currency_id`) REFERENCES `currency` (`currency_id`) ON DELETE NO ACTION ON UPDATE NO ACTION,
  CONSTRAINT `loan_schedule_ibfk_13` FOREIGN KEY (`customer_id`) REFERENCES `customer` (`customer_id`) ON DELETE NO ACTION ON UPDATE NO ACTION,
  CONSTRAINT `loan_schedule_ibfk_14` FOREIGN KEY (`extra_interest_currency_id`) REFERENCES `currency` (`currency_id`) ON DELETE NO ACTION ON UPDATE NO ACTION,
  CONSTRAINT `loan_schedule_ibfk_2` FOREIGN KEY (`currency_id`) REFERENCES `currency` (`currency_id`) ON DELETE NO ACTION ON UPDATE NO ACTION,
  CONSTRAINT `loan_schedule_ibfk_3` FOREIGN KEY (`principal_currency_id`) REFERENCES `currency` (`currency_id`) ON DELETE NO ACTION ON UPDATE NO ACTION,
  CONSTRAINT `loan_schedule_ibfk_4` FOREIGN KEY (`interest_currency_id`) REFERENCES `currency` (`currency_id`) ON DELETE NO ACTION ON UPDATE NO ACTION,
  CONSTRAINT `loan_schedule_ibfk_5` FOREIGN KEY (`penalty_currency_id`) REFERENCES `currency` (`currency_id`) ON DELETE NO ACTION ON UPDATE NO ACTION,
  CONSTRAINT `loan_schedule_ibfk_6` FOREIGN KEY (`misc_fees_currency_id`) REFERENCES `currency` (`currency_id`) ON DELETE NO ACTION ON UPDATE NO ACTION,
  CONSTRAINT `loan_schedule_ibfk_7` FOREIGN KEY (`misc_fees_paid_currency_id`) REFERENCES `currency` (`currency_id`) ON DELETE NO ACTION ON UPDATE NO ACTION,
  CONSTRAINT `loan_schedule_ibfk_8` FOREIGN KEY (`misc_penalty_currency_id`) REFERENCES `currency` (`currency_id`) ON DELETE NO ACTION ON UPDATE NO ACTION,
  CONSTRAINT `loan_schedule_ibfk_9` FOREIGN KEY (`principal_paid_currency_id`) REFERENCES `currency` (`currency_id`) ON DELETE NO ACTION ON UPDATE NO ACTION
) ENGINE=InnoDB AUTO_INCREMENT=151 DEFAULT CHARSET=utf8;
/*!40101 SET character_set_client = @saved_cs_client */;

--
-- Dumping data for table `loan_schedule`
--

LOCK TABLES `loan_schedule` WRITE;
/*!40000 ALTER TABLE `loan_schedule` DISABLE KEYS */;
INSERT INTO `loan_schedule` VALUES (8,8,4,NULL,'2010-07-15','666.2000',2,'5.8000',2,'0.0000',2,'0.0000',2,'0.0000',2,'0.0000',2,'0.0000',2,'0.0000',2,'0.0000',2,'0.0000',2,0,1,NULL,NULL,0,NULL,NULL,NULL,NULL),(9,8,4,NULL,'2010-07-22','666.2000',2,'5.8000',2,'0.0000',2,'0.0000',2,'0.0000',2,'0.0000',2,'0.0000',2,'0.0000',2,'0.0000',2,'0.0000',2,0,2,NULL,NULL,0,NULL,NULL,NULL,NULL),(10,8,4,NULL,'2010-07-29','666.2000',2,'5.8000',2,'0.0000',2,'0.0000',2,'0.0000',2,'0.0000',2,'0.0000',2,'0.0000',2,'0.0000',2,'0.0000',2,0,3,NULL,NULL,0,NULL,NULL,NULL,NULL),(11,8,4,NULL,'2010-08-05','666.2000',2,'5.8000',2,'0.0000',2,'0.0000',2,'0.0000',2,'0.0000',2,'0.0000',2,'0.0000',2,'0.0000',2,'0.0000',2,0,4,NULL,NULL,0,NULL,NULL,NULL,NULL),(12,8,4,NULL,'2010-08-12','666.2000',2,'5.8000',2,'0.0000',2,'0.0000',2,'0.0000',2,'0.0000',2,'0.0000',2,'0.0000',2,'0.0000',2,'0.0000',2,0,5,NULL,NULL,0,NULL,NULL,NULL,NULL),(13,8,4,NULL,'2010-08-19','666.2000',2,'5.8000',2,'0.0000',2,'0.0000',2,'0.0000',2,'0.0000',2,'0.0000',2,'0.0000',2,'0.0000',2,'0.0000',2,0,6,NULL,NULL,0,NULL,NULL,NULL,NULL),(14,8,4,NULL,'2010-08-26','666.2000',2,'5.8000',2,'0.0000',2,'0.0000',2,'0.0000',2,'0.0000',2,'0.0000',2,'0.0000',2,'0.0000',2,'0.0000',2,0,7,NULL,NULL,0,NULL,NULL,NULL,NULL),(15,8,4,NULL,'2010-09-02','666.2000',2,'5.8000',2,'0.0000',2,'0.0000',2,'0.0000',2,'0.0000',2,'0.0000',2,'0.0000',2,'0.0000',2,'0.0000',2,0,8,NULL,NULL,0,NULL,NULL,NULL,NULL),(16,8,4,NULL,'2010-09-09','670.4000',2,'5.6000',2,'0.0000',2,'0.0000',2,'0.0000',2,'0.0000',2,'0.0000',2,'0.0000',2,'0.0000',2,'0.0000',2,0,9,NULL,NULL,0,NULL,NULL,NULL,NULL),(17,15,6,NULL,'2010-07-15','428.1000',2,'2.9000',2,'0.0000',2,'0.0000',2,'0.0000',2,'0.0000',2,'0.0000',2,'0.0000',2,'0.0000',2,'0.0000',2,0,1,NULL,NULL,0,NULL,NULL,NULL,NULL),(18,15,6,NULL,'2010-07-22','428.1000',2,'2.9000',2,'0.0000',2,'0.0000',2,'0.0000',2,'0.0000',2,'0.0000',2,'0.0000',2,'0.0000',2,'0.0000',2,0,2,NULL,NULL,0,NULL,NULL,NULL,NULL),(19,15,6,NULL,'2010-07-29','428.1000',2,'2.9000',2,'0.0000',2,'0.0000',2,'0.0000',2,'0.0000',2,'0.0000',2,'0.0000',2,'0.0000',2,'0.0000',2,0,3,NULL,NULL,0,NULL,NULL,NULL,NULL),(20,15,6,NULL,'2010-08-05','428.1000',2,'2.9000',2,'0.0000',2,'0.0000',2,'0.0000',2,'0.0000',2,'0.0000',2,'0.0000',2,'0.0000',2,'0.0000',2,0,4,NULL,NULL,0,NULL,NULL,NULL,NULL),(21,15,6,NULL,'2010-08-12','428.1000',2,'2.9000',2,'0.0000',2,'0.0000',2,'0.0000',2,'0.0000',2,'0.0000',2,'0.0000',2,'0.0000',2,'0.0000',2,0,5,NULL,NULL,0,NULL,NULL,NULL,NULL),(22,15,6,NULL,'2010-08-19','428.1000',2,'2.9000',2,'0.0000',2,'0.0000',2,'0.0000',2,'0.0000',2,'0.0000',2,'0.0000',2,'0.0000',2,'0.0000',2,0,6,NULL,NULL,0,NULL,NULL,NULL,NULL),(23,15,6,NULL,'2010-08-26','431.4000',2,'3.6000',2,'0.0000',2,'0.0000',2,'0.0000',2,'0.0000',2,'0.0000',2,'0.0000',2,'0.0000',2,'0.0000',2,0,7,NULL,NULL,0,NULL,NULL,NULL,NULL),(24,16,7,NULL,'2010-07-15','666.2000',2,'5.8000',2,'0.0000',2,'0.0000',2,'0.0000',2,'0.0000',2,'0.0000',2,'0.0000',2,'0.0000',2,'0.0000',2,0,1,NULL,NULL,0,NULL,NULL,NULL,NULL),(25,16,7,NULL,'2010-07-22','666.2000',2,'5.8000',2,'0.0000',2,'0.0000',2,'0.0000',2,'0.0000',2,'0.0000',2,'0.0000',2,'0.0000',2,'0.0000',2,0,2,NULL,NULL,0,NULL,NULL,NULL,NULL),(26,16,7,NULL,'2010-07-29','666.2000',2,'5.8000',2,'0.0000',2,'0.0000',2,'0.0000',2,'0.0000',2,'0.0000',2,'0.0000',2,'0.0000',2,'0.0000',2,0,3,NULL,NULL,0,NULL,NULL,NULL,NULL),(27,16,7,NULL,'2010-08-05','666.2000',2,'5.8000',2,'0.0000',2,'0.0000',2,'0.0000',2,'0.0000',2,'0.0000',2,'0.0000',2,'0.0000',2,'0.0000',2,0,4,NULL,NULL,0,NULL,NULL,NULL,NULL),(28,16,7,NULL,'2010-08-12','666.2000',2,'5.8000',2,'0.0000',2,'0.0000',2,'0.0000',2,'0.0000',2,'0.0000',2,'0.0000',2,'0.0000',2,'0.0000',2,0,5,NULL,NULL,0,NULL,NULL,NULL,NULL),(29,16,7,NULL,'2010-08-19','666.2000',2,'5.8000',2,'0.0000',2,'0.0000',2,'0.0000',2,'0.0000',2,'0.0000',2,'0.0000',2,'0.0000',2,'0.0000',2,0,6,NULL,NULL,0,NULL,NULL,NULL,NULL),(30,16,7,NULL,'2010-08-26','666.2000',2,'5.8000',2,'0.0000',2,'0.0000',2,'0.0000',2,'0.0000',2,'0.0000',2,'0.0000',2,'0.0000',2,'0.0000',2,0,7,NULL,NULL,0,NULL,NULL,NULL,NULL),(31,16,7,NULL,'2010-09-02','666.2000',2,'5.8000',2,'0.0000',2,'0.0000',2,'0.0000',2,'0.0000',2,'0.0000',2,'0.0000',2,'0.0000',2,'0.0000',2,0,8,NULL,NULL,0,NULL,NULL,NULL,NULL),(32,16,7,NULL,'2010-09-09','670.4000',2,'5.6000',2,'0.0000',2,'0.0000',2,'0.0000',2,'0.0000',2,'0.0000',2,'0.0000',2,'0.0000',2,'0.0000',2,0,9,NULL,NULL,0,NULL,NULL,NULL,NULL),(33,4,3,NULL,'2010-07-29','428.1000',2,'2.9000',2,'0.0000',2,'0.0000',2,'0.0000',2,'0.0000',2,'0.0000',2,'428.1000',2,'2.9000',2,'0.0000',2,1,1,'2010-07-18',NULL,5,NULL,NULL,NULL,NULL),(34,4,3,NULL,'2010-08-05','428.1000',2,'0.0000',2,'0.0000',2,'0.0000',2,'0.0000',2,'0.0000',2,'0.0000',2,'428.1000',2,'0.0000',2,'0.0000',2,1,2,'2010-07-18',NULL,3,NULL,NULL,NULL,NULL),(35,4,3,NULL,'2010-08-12','428.1000',2,'0.0000',2,'0.0000',2,'0.0000',2,'0.0000',2,'0.0000',2,'0.0000',2,'428.1000',2,'0.0000',2,'0.0000',2,1,3,'2010-07-18',NULL,3,NULL,NULL,NULL,NULL),(36,4,3,NULL,'2010-08-19','428.1000',2,'0.0000',2,'0.0000',2,'0.0000',2,'0.0000',2,'0.0000',2,'0.0000',2,'428.1000',2,'0.0000',2,'0.0000',2,1,4,'2010-07-18',NULL,3,NULL,NULL,NULL,NULL),(37,4,3,NULL,'2010-08-26','428.1000',2,'0.0000',2,'0.0000',2,'0.0000',2,'0.0000',2,'0.0000',2,'0.0000',2,'428.1000',2,'0.0000',2,'0.0000',2,1,5,'2010-07-18',NULL,3,NULL,NULL,NULL,NULL),(38,4,3,NULL,'2010-09-02','428.1000',2,'0.0000',2,'0.0000',2,'0.0000',2,'0.0000',2,'0.0000',2,'0.0000',2,'428.1000',2,'0.0000',2,'0.0000',2,1,6,'2010-07-18',NULL,3,NULL,NULL,NULL,NULL),(39,4,3,NULL,'2010-09-09','431.4000',2,'0.0000',2,'0.0000',2,'0.0000',2,'0.0000',2,'0.0000',2,'0.0000',2,'431.4000',2,'0.0000',2,'0.0000',2,1,7,'2010-07-18',NULL,3,NULL,NULL,NULL,NULL),(47,21,3,NULL,'2010-07-29','428.1000',2,'2.9000',2,'0.0000',2,'0.0000',2,'0.0000',2,'0.0000',2,'0.0000',2,'0.0000',2,'0.0000',2,'0.0000',2,0,1,NULL,NULL,5,NULL,NULL,NULL,NULL),(48,21,3,NULL,'2010-08-05','428.1000',2,'2.9000',2,'0.0000',2,'0.0000',2,'0.0000',2,'0.0000',2,'0.0000',2,'0.0000',2,'0.0000',2,'0.0000',2,0,2,NULL,NULL,2,NULL,NULL,NULL,NULL),(49,21,3,NULL,'2010-08-12','428.1000',2,'2.9000',2,'0.0000',2,'0.0000',2,'0.0000',2,'0.0000',2,'0.0000',2,'0.0000',2,'0.0000',2,'0.0000',2,0,3,NULL,NULL,0,NULL,NULL,NULL,NULL),(50,21,3,NULL,'2010-08-19','428.1000',2,'2.9000',2,'0.0000',2,'0.0000',2,'0.0000',2,'0.0000',2,'0.0000',2,'0.0000',2,'0.0000',2,'0.0000',2,0,4,NULL,NULL,0,NULL,NULL,NULL,NULL),(51,21,3,NULL,'2010-08-26','428.1000',2,'2.9000',2,'0.0000',2,'0.0000',2,'0.0000',2,'0.0000',2,'0.0000',2,'0.0000',2,'0.0000',2,'0.0000',2,0,5,NULL,NULL,0,NULL,NULL,NULL,NULL),(52,21,3,NULL,'2010-09-02','428.1000',2,'2.9000',2,'0.0000',2,'0.0000',2,'0.0000',2,'0.0000',2,'0.0000',2,'0.0000',2,'0.0000',2,'0.0000',2,0,6,NULL,NULL,0,NULL,NULL,NULL,NULL),(53,21,3,NULL,'2010-09-09','431.4000',2,'3.6000',2,'0.0000',2,'0.0000',2,'0.0000',2,'0.0000',2,'0.0000',2,'0.0000',2,'0.0000',2,'0.0000',2,0,7,NULL,NULL,0,NULL,NULL,NULL,NULL),(54,23,10,NULL,'2010-07-31','666.2000',2,'5.8000',2,'0.0000',2,'0.0000',2,'0.0000',2,'0.0000',2,'0.0000',2,'0.0000',2,'0.0000',2,'0.0000',2,0,1,NULL,NULL,0,NULL,NULL,NULL,NULL),(55,23,10,NULL,'2010-08-07','666.2000',2,'5.8000',2,'0.0000',2,'0.0000',2,'0.0000',2,'0.0000',2,'0.0000',2,'0.0000',2,'0.0000',2,'0.0000',2,0,2,NULL,NULL,0,NULL,NULL,NULL,NULL),(56,23,10,NULL,'2010-08-14','666.2000',2,'5.8000',2,'0.0000',2,'0.0000',2,'0.0000',2,'0.0000',2,'0.0000',2,'0.0000',2,'0.0000',2,'0.0000',2,0,3,NULL,NULL,0,NULL,NULL,NULL,NULL),(57,23,10,NULL,'2010-08-21','666.2000',2,'5.8000',2,'0.0000',2,'0.0000',2,'0.0000',2,'0.0000',2,'0.0000',2,'0.0000',2,'0.0000',2,'0.0000',2,0,4,NULL,NULL,0,NULL,NULL,NULL,NULL),(58,23,10,NULL,'2010-08-28','666.2000',2,'5.8000',2,'0.0000',2,'0.0000',2,'0.0000',2,'0.0000',2,'0.0000',2,'0.0000',2,'0.0000',2,'0.0000',2,0,5,NULL,NULL,0,NULL,NULL,NULL,NULL),(59,23,10,NULL,'2010-09-04','666.2000',2,'5.8000',2,'0.0000',2,'0.0000',2,'0.0000',2,'0.0000',2,'0.0000',2,'0.0000',2,'0.0000',2,'0.0000',2,0,6,NULL,NULL,0,NULL,NULL,NULL,NULL),(60,23,10,NULL,'2010-09-11','666.2000',2,'5.8000',2,'0.0000',2,'0.0000',2,'0.0000',2,'0.0000',2,'0.0000',2,'0.0000',2,'0.0000',2,'0.0000',2,0,7,NULL,NULL,0,NULL,NULL,NULL,NULL),(61,23,10,NULL,'2010-09-18','666.2000',2,'5.8000',2,'0.0000',2,'0.0000',2,'0.0000',2,'0.0000',2,'0.0000',2,'0.0000',2,'0.0000',2,'0.0000',2,0,8,NULL,NULL,0,NULL,NULL,NULL,NULL),(62,23,10,NULL,'2010-09-25','670.4000',2,'5.6000',2,'0.0000',2,'0.0000',2,'0.0000',2,'0.0000',2,'0.0000',2,'0.0000',2,'0.0000',2,'0.0000',2,0,9,NULL,NULL,0,NULL,NULL,NULL,NULL),(70,32,13,NULL,'2010-08-03','428.1000',2,'2.9000',2,'0.0000',2,'0.0000',2,'0.0000',2,'0.0000',2,'0.0000',2,'75.1000',2,'2.9000',2,'0.0000',2,0,1,'2010-07-21',NULL,1,NULL,NULL,NULL,NULL),(71,32,13,NULL,'2010-08-10','428.1000',2,'2.9000',2,'0.0000',2,'0.0000',2,'0.0000',2,'0.0000',2,'0.0000',2,'0.0000',2,'0.0000',2,'0.0000',2,0,2,NULL,NULL,0,NULL,NULL,NULL,NULL),(72,32,13,NULL,'2010-08-17','428.1000',2,'2.9000',2,'0.0000',2,'0.0000',2,'0.0000',2,'0.0000',2,'0.0000',2,'0.0000',2,'0.0000',2,'0.0000',2,0,3,NULL,NULL,0,NULL,NULL,NULL,NULL),(73,32,13,NULL,'2010-08-24','428.1000',2,'2.9000',2,'0.0000',2,'0.0000',2,'0.0000',2,'0.0000',2,'0.0000',2,'0.0000',2,'0.0000',2,'0.0000',2,0,4,NULL,NULL,0,NULL,NULL,NULL,NULL),(74,32,13,NULL,'2010-08-31','428.1000',2,'2.9000',2,'0.0000',2,'0.0000',2,'0.0000',2,'0.0000',2,'0.0000',2,'0.0000',2,'0.0000',2,'0.0000',2,0,5,NULL,NULL,0,NULL,NULL,NULL,NULL),(75,32,13,NULL,'2010-09-07','428.1000',2,'2.9000',2,'0.0000',2,'0.0000',2,'0.0000',2,'0.0000',2,'0.0000',2,'0.0000',2,'0.0000',2,'0.0000',2,0,6,NULL,NULL,0,NULL,NULL,NULL,NULL),(76,32,13,NULL,'2010-09-14','431.4000',2,'3.6000',2,'0.0000',2,'0.0000',2,'0.0000',2,'0.0000',2,'0.0000',2,'0.0000',2,'0.0000',2,'0.0000',2,0,7,NULL,NULL,0,NULL,NULL,NULL,NULL),(77,38,18,NULL,'2010-07-29','428.1000',2,'2.9000',2,'0.0000',2,'0.0000',2,'0.0000',2,'0.0000',2,'0.0000',2,'428.1000',2,'2.9000',2,'0.0000',2,1,1,'2010-07-24',NULL,1,NULL,NULL,NULL,NULL),(78,38,18,NULL,'2010-08-05','428.1000',2,'0.0000',2,'0.0000',2,'0.0000',2,'0.0000',2,'0.0000',2,'0.0000',2,'428.1000',2,'0.0000',2,'0.0000',2,1,2,'2010-07-24',NULL,1,NULL,NULL,NULL,NULL),(79,38,18,NULL,'2010-08-12','428.1000',2,'0.0000',2,'0.0000',2,'0.0000',2,'0.0000',2,'0.0000',2,'0.0000',2,'428.1000',2,'0.0000',2,'0.0000',2,1,3,'2010-07-24',NULL,1,NULL,NULL,NULL,NULL),(80,38,18,NULL,'2010-08-19','428.1000',2,'0.0000',2,'0.0000',2,'0.0000',2,'0.0000',2,'0.0000',2,'0.0000',2,'428.1000',2,'0.0000',2,'0.0000',2,1,4,'2010-07-24',NULL,1,NULL,NULL,NULL,NULL),(81,38,18,NULL,'2010-08-26','428.1000',2,'0.0000',2,'0.0000',2,'0.0000',2,'0.0000',2,'0.0000',2,'0.0000',2,'428.1000',2,'0.0000',2,'0.0000',2,1,5,'2010-07-24',NULL,1,NULL,NULL,NULL,NULL),(82,38,18,NULL,'2010-09-02','428.1000',2,'0.0000',2,'0.0000',2,'0.0000',2,'0.0000',2,'0.0000',2,'0.0000',2,'428.1000',2,'0.0000',2,'0.0000',2,1,6,'2010-07-24',NULL,1,NULL,NULL,NULL,NULL),(83,38,18,NULL,'2010-09-09','431.4000',2,'0.0000',2,'0.0000',2,'0.0000',2,'0.0000',2,'0.0000',2,'0.0000',2,'431.4000',2,'0.0000',2,'0.0000',2,1,7,'2010-07-24',NULL,1,NULL,NULL,NULL,NULL),(84,44,23,NULL,'2010-07-29','666.2000',2,'5.8000',2,'0.0000',2,'0.0000',2,'0.0000',2,'0.0000',2,'0.0000',2,'666.2000',2,'5.8000',2,'0.0000',2,1,1,'2010-07-23',NULL,1,NULL,NULL,NULL,NULL),(85,44,23,NULL,'2010-08-05','666.2000',2,'0.0000',2,'0.0000',2,'0.0000',2,'0.0000',2,'0.0000',2,'0.0000',2,'666.2000',2,'0.0000',2,'0.0000',2,1,2,'2010-07-23',NULL,1,NULL,NULL,NULL,NULL),(86,44,23,NULL,'2010-08-12','666.2000',2,'0.0000',2,'0.0000',2,'0.0000',2,'0.0000',2,'0.0000',2,'0.0000',2,'666.2000',2,'0.0000',2,'0.0000',2,1,3,'2010-07-23',NULL,1,NULL,NULL,NULL,NULL),(87,44,23,NULL,'2010-08-19','666.2000',2,'0.0000',2,'0.0000',2,'0.0000',2,'0.0000',2,'0.0000',2,'0.0000',2,'666.2000',2,'0.0000',2,'0.0000',2,1,4,'2010-07-23',NULL,1,NULL,NULL,NULL,NULL),(88,44,23,NULL,'2010-08-26','666.2000',2,'0.0000',2,'0.0000',2,'0.0000',2,'0.0000',2,'0.0000',2,'0.0000',2,'666.2000',2,'0.0000',2,'0.0000',2,1,5,'2010-07-23',NULL,1,NULL,NULL,NULL,NULL),(89,44,23,NULL,'2010-09-02','666.2000',2,'0.0000',2,'0.0000',2,'0.0000',2,'0.0000',2,'0.0000',2,'0.0000',2,'666.2000',2,'0.0000',2,'0.0000',2,1,6,'2010-07-23',NULL,1,NULL,NULL,NULL,NULL),(90,44,23,NULL,'2010-09-09','666.2000',2,'0.0000',2,'0.0000',2,'0.0000',2,'0.0000',2,'0.0000',2,'0.0000',2,'666.2000',2,'0.0000',2,'0.0000',2,1,7,'2010-07-23',NULL,1,NULL,NULL,NULL,NULL),(91,44,23,NULL,'2010-09-16','666.2000',2,'0.0000',2,'0.0000',2,'0.0000',2,'0.0000',2,'0.0000',2,'0.0000',2,'666.2000',2,'0.0000',2,'0.0000',2,1,8,'2010-07-23',NULL,1,NULL,NULL,NULL,NULL),(92,44,23,NULL,'2010-09-23','670.4000',2,'0.0000',2,'0.0000',2,'0.0000',2,'0.0000',2,'0.0000',2,'0.0000',2,'670.4000',2,'0.0000',2,'0.0000',2,1,9,'2010-07-23',NULL,1,NULL,NULL,NULL,NULL),(93,53,28,NULL,'2010-08-05','428.1000',2,'2.9000',2,'0.0000',2,'0.0000',2,'0.0000',2,'0.0000',2,'0.0000',2,'0.0000',2,'0.0000',2,'0.0000',2,0,1,NULL,NULL,0,NULL,NULL,NULL,NULL),(94,53,28,NULL,'2010-08-12','428.1000',2,'2.9000',2,'0.0000',2,'0.0000',2,'0.0000',2,'0.0000',2,'0.0000',2,'0.0000',2,'0.0000',2,'0.0000',2,0,2,NULL,NULL,0,NULL,NULL,NULL,NULL),(95,53,28,NULL,'2010-08-19','428.1000',2,'2.9000',2,'0.0000',2,'0.0000',2,'0.0000',2,'0.0000',2,'0.0000',2,'0.0000',2,'0.0000',2,'0.0000',2,0,3,NULL,NULL,0,NULL,NULL,NULL,NULL),(96,53,28,NULL,'2010-08-26','428.1000',2,'2.9000',2,'0.0000',2,'0.0000',2,'0.0000',2,'0.0000',2,'0.0000',2,'0.0000',2,'0.0000',2,'0.0000',2,0,4,NULL,NULL,0,NULL,NULL,NULL,NULL),(97,53,28,NULL,'2010-09-02','428.1000',2,'2.9000',2,'0.0000',2,'0.0000',2,'0.0000',2,'0.0000',2,'0.0000',2,'0.0000',2,'0.0000',2,'0.0000',2,0,5,NULL,NULL,0,NULL,NULL,NULL,NULL),(98,53,28,NULL,'2010-09-09','428.1000',2,'2.9000',2,'0.0000',2,'0.0000',2,'0.0000',2,'0.0000',2,'0.0000',2,'0.0000',2,'0.0000',2,'0.0000',2,0,6,NULL,NULL,0,NULL,NULL,NULL,NULL),(99,53,28,NULL,'2010-09-16','431.4000',2,'3.6000',2,'0.0000',2,'0.0000',2,'0.0000',2,'0.0000',2,'0.0000',2,'0.0000',2,'0.0000',2,'0.0000',2,0,7,NULL,NULL,0,NULL,NULL,NULL,NULL),(100,55,29,NULL,'2010-08-04','621.3000',2,'7.7000',2,'0.0000',2,'0.0000',2,'0.0000',2,'0.0000',2,'0.0000',2,'0.0000',2,'0.0000',2,'0.0000',2,0,1,NULL,NULL,0,NULL,NULL,NULL,NULL),(101,55,29,NULL,'2010-08-11','622.3000',2,'6.7000',2,'0.0000',2,'0.0000',2,'0.0000',2,'0.0000',2,'0.0000',2,'0.0000',2,'0.0000',2,'0.0000',2,0,2,NULL,NULL,0,NULL,NULL,NULL,NULL),(102,55,29,NULL,'2010-08-18','623.2000',2,'5.8000',2,'0.0000',2,'0.0000',2,'0.0000',2,'0.0000',2,'0.0000',2,'0.0000',2,'0.0000',2,'0.0000',2,0,3,NULL,NULL,0,NULL,NULL,NULL,NULL),(103,55,29,NULL,'2010-08-25','624.2000',2,'4.8000',2,'0.0000',2,'0.0000',2,'0.0000',2,'0.0000',2,'0.0000',2,'0.0000',2,'0.0000',2,'0.0000',2,0,4,NULL,NULL,0,NULL,NULL,NULL,NULL),(104,55,29,NULL,'2010-09-01','625.2000',2,'3.8000',2,'0.0000',2,'0.0000',2,'0.0000',2,'0.0000',2,'0.0000',2,'0.0000',2,'0.0000',2,'0.0000',2,0,5,NULL,NULL,0,NULL,NULL,NULL,NULL),(105,55,29,NULL,'2010-09-08','626.1000',2,'2.9000',2,'0.0000',2,'0.0000',2,'0.0000',2,'0.0000',2,'0.0000',2,'0.0000',2,'0.0000',2,'0.0000',2,0,6,NULL,NULL,0,NULL,NULL,NULL,NULL),(106,55,29,NULL,'2010-09-15','627.1000',2,'1.9000',2,'0.0000',2,'0.0000',2,'0.0000',2,'0.0000',2,'0.0000',2,'0.0000',2,'0.0000',2,'0.0000',2,0,7,NULL,NULL,0,NULL,NULL,NULL,NULL),(107,55,29,NULL,'2010-09-22','630.6000',2,'1.4000',2,'0.0000',2,'0.0000',2,'0.0000',2,'0.0000',2,'0.0000',2,'0.0000',2,'0.0000',2,'0.0000',2,0,8,NULL,NULL,0,NULL,NULL,NULL,NULL),(108,59,30,NULL,'2010-08-04','428.1000',2,'2.9000',2,'0.0000',2,'0.0000',2,'0.0000',2,'0.0000',2,'0.0000',2,'0.0000',2,'0.0000',2,'0.0000',2,0,1,NULL,NULL,0,NULL,NULL,NULL,NULL),(109,59,30,NULL,'2010-08-11','428.1000',2,'2.9000',2,'0.0000',2,'0.0000',2,'0.0000',2,'0.0000',2,'0.0000',2,'0.0000',2,'0.0000',2,'0.0000',2,0,2,NULL,NULL,0,NULL,NULL,NULL,NULL),(110,59,30,NULL,'2010-08-18','428.1000',2,'2.9000',2,'0.0000',2,'0.0000',2,'0.0000',2,'0.0000',2,'0.0000',2,'0.0000',2,'0.0000',2,'0.0000',2,0,3,NULL,NULL,0,NULL,NULL,NULL,NULL),(111,59,30,NULL,'2010-08-25','428.1000',2,'2.9000',2,'0.0000',2,'0.0000',2,'0.0000',2,'0.0000',2,'0.0000',2,'0.0000',2,'0.0000',2,'0.0000',2,0,4,NULL,NULL,0,NULL,NULL,NULL,NULL),(112,59,30,NULL,'2010-09-01','428.1000',2,'2.9000',2,'0.0000',2,'0.0000',2,'0.0000',2,'0.0000',2,'0.0000',2,'0.0000',2,'0.0000',2,'0.0000',2,0,5,NULL,NULL,0,NULL,NULL,NULL,NULL),(113,59,30,NULL,'2010-09-08','428.1000',2,'2.9000',2,'0.0000',2,'0.0000',2,'0.0000',2,'0.0000',2,'0.0000',2,'0.0000',2,'0.0000',2,'0.0000',2,0,6,NULL,NULL,0,NULL,NULL,NULL,NULL),(114,59,30,NULL,'2010-09-15','431.4000',2,'3.6000',2,'0.0000',2,'0.0000',2,'0.0000',2,'0.0000',2,'0.0000',2,'0.0000',2,'0.0000',2,'0.0000',2,0,7,NULL,NULL,0,NULL,NULL,NULL,NULL),(115,66,34,NULL,'2010-08-04','428.1000',2,'2.9000',2,'0.0000',2,'0.0000',2,'0.0000',2,'0.0000',2,'0.0000',2,'0.0000',2,'0.0000',2,'0.0000',2,0,1,NULL,NULL,0,NULL,NULL,NULL,NULL),(116,66,34,NULL,'2010-08-11','428.1000',2,'2.9000',2,'0.0000',2,'0.0000',2,'0.0000',2,'0.0000',2,'0.0000',2,'0.0000',2,'0.0000',2,'0.0000',2,0,2,NULL,NULL,0,NULL,NULL,NULL,NULL),(117,66,34,NULL,'2010-08-18','428.1000',2,'2.9000',2,'0.0000',2,'0.0000',2,'0.0000',2,'0.0000',2,'0.0000',2,'0.0000',2,'0.0000',2,'0.0000',2,0,3,NULL,NULL,0,NULL,NULL,NULL,NULL),(118,66,34,NULL,'2010-08-25','428.1000',2,'2.9000',2,'0.0000',2,'0.0000',2,'0.0000',2,'0.0000',2,'0.0000',2,'0.0000',2,'0.0000',2,'0.0000',2,0,4,NULL,NULL,0,NULL,NULL,NULL,NULL),(119,66,34,NULL,'2010-09-01','428.1000',2,'2.9000',2,'0.0000',2,'0.0000',2,'0.0000',2,'0.0000',2,'0.0000',2,'0.0000',2,'0.0000',2,'0.0000',2,0,5,NULL,NULL,0,NULL,NULL,NULL,NULL),(120,66,34,NULL,'2010-09-08','428.1000',2,'2.9000',2,'0.0000',2,'0.0000',2,'0.0000',2,'0.0000',2,'0.0000',2,'0.0000',2,'0.0000',2,'0.0000',2,0,6,NULL,NULL,0,NULL,NULL,NULL,NULL),(121,66,34,NULL,'2010-09-15','431.4000',2,'3.6000',2,'0.0000',2,'0.0000',2,'0.0000',2,'0.0000',2,'0.0000',2,'0.0000',2,'0.0000',2,'0.0000',2,0,7,NULL,NULL,0,NULL,NULL,NULL,NULL),(122,78,43,NULL,'2010-08-09','428.1000',2,'2.9000',2,'0.0000',2,'0.0000',2,'0.0000',2,'0.0000',2,'0.0000',2,'0.0000',2,'0.0000',2,'0.0000',2,0,1,NULL,NULL,0,NULL,NULL,NULL,NULL),(123,78,43,NULL,'2010-08-16','428.1000',2,'2.9000',2,'0.0000',2,'0.0000',2,'0.0000',2,'0.0000',2,'0.0000',2,'0.0000',2,'0.0000',2,'0.0000',2,0,2,NULL,NULL,0,NULL,NULL,NULL,NULL),(124,78,43,NULL,'2010-08-23','428.1000',2,'2.9000',2,'0.0000',2,'0.0000',2,'0.0000',2,'0.0000',2,'0.0000',2,'0.0000',2,'0.0000',2,'0.0000',2,0,3,NULL,NULL,0,NULL,NULL,NULL,NULL),(125,78,43,NULL,'2010-08-30','428.1000',2,'2.9000',2,'0.0000',2,'0.0000',2,'0.0000',2,'0.0000',2,'0.0000',2,'0.0000',2,'0.0000',2,'0.0000',2,0,4,NULL,NULL,0,NULL,NULL,NULL,NULL),(126,78,43,NULL,'2010-09-06','428.1000',2,'2.9000',2,'0.0000',2,'0.0000',2,'0.0000',2,'0.0000',2,'0.0000',2,'0.0000',2,'0.0000',2,'0.0000',2,0,5,NULL,NULL,0,NULL,NULL,NULL,NULL),(127,78,43,NULL,'2010-09-13','428.1000',2,'2.9000',2,'0.0000',2,'0.0000',2,'0.0000',2,'0.0000',2,'0.0000',2,'0.0000',2,'0.0000',2,'0.0000',2,0,6,NULL,NULL,0,NULL,NULL,NULL,NULL),(128,78,43,NULL,'2010-09-20','431.4000',2,'3.6000',2,'0.0000',2,'0.0000',2,'0.0000',2,'0.0000',2,'0.0000',2,'0.0000',2,'0.0000',2,'0.0000',2,0,7,NULL,NULL,0,NULL,NULL,NULL,NULL),(129,86,47,NULL,'2010-08-04','428.1000',2,'2.9000',2,'0.0000',2,'0.0000',2,'0.0000',2,'0.0000',2,'0.0000',2,'0.0000',2,'0.0000',2,'0.0000',2,0,1,NULL,NULL,1,NULL,NULL,NULL,NULL),(130,86,47,NULL,'2010-08-11','428.1000',2,'2.9000',2,'0.0000',2,'0.0000',2,'0.0000',2,'0.0000',2,'0.0000',2,'0.0000',2,'0.0000',2,'0.0000',2,0,2,NULL,NULL,1,NULL,NULL,NULL,NULL),(131,86,47,NULL,'2010-08-18','428.1000',2,'2.9000',2,'0.0000',2,'0.0000',2,'0.0000',2,'0.0000',2,'0.0000',2,'0.0000',2,'0.0000',2,'0.0000',2,0,3,NULL,NULL,1,NULL,NULL,NULL,NULL),(132,86,47,NULL,'2010-08-25','428.1000',2,'2.9000',2,'0.0000',2,'0.0000',2,'0.0000',2,'0.0000',2,'0.0000',2,'0.0000',2,'0.0000',2,'0.0000',2,0,4,NULL,NULL,1,NULL,NULL,NULL,NULL),(133,86,47,NULL,'2010-09-01','428.1000',2,'2.9000',2,'0.0000',2,'0.0000',2,'0.0000',2,'0.0000',2,'0.0000',2,'0.0000',2,'0.0000',2,'0.0000',2,0,5,NULL,NULL,1,NULL,NULL,NULL,NULL),(134,86,47,NULL,'2010-09-08','428.1000',2,'2.9000',2,'0.0000',2,'0.0000',2,'0.0000',2,'0.0000',2,'0.0000',2,'0.0000',2,'0.0000',2,'0.0000',2,0,6,NULL,NULL,1,NULL,NULL,NULL,NULL),(135,86,47,NULL,'2010-09-15','431.4000',2,'3.6000',2,'0.0000',2,'0.0000',2,'0.0000',2,'0.0000',2,'0.0000',2,'0.0000',2,'0.0000',2,'0.0000',2,0,7,NULL,NULL,1,NULL,NULL,NULL,NULL),(136,91,50,NULL,'2010-08-09','428.1000',2,'2.9000',2,'0.0000',2,'0.0000',2,'0.0000',2,'0.0000',2,'0.0000',2,'0.0000',2,'0.0000',2,'0.0000',2,0,1,NULL,NULL,0,NULL,NULL,NULL,NULL),(137,91,50,NULL,'2010-08-16','428.1000',2,'2.9000',2,'0.0000',2,'0.0000',2,'0.0000',2,'0.0000',2,'0.0000',2,'0.0000',2,'0.0000',2,'0.0000',2,0,2,NULL,NULL,0,NULL,NULL,NULL,NULL),(138,91,50,NULL,'2010-08-23','428.1000',2,'2.9000',2,'0.0000',2,'0.0000',2,'0.0000',2,'0.0000',2,'0.0000',2,'0.0000',2,'0.0000',2,'0.0000',2,0,3,NULL,NULL,0,NULL,NULL,NULL,NULL),(139,91,50,NULL,'2010-08-30','428.1000',2,'2.9000',2,'0.0000',2,'0.0000',2,'0.0000',2,'0.0000',2,'0.0000',2,'0.0000',2,'0.0000',2,'0.0000',2,0,4,NULL,NULL,0,NULL,NULL,NULL,NULL),(140,91,50,NULL,'2010-09-06','428.1000',2,'2.9000',2,'0.0000',2,'0.0000',2,'0.0000',2,'0.0000',2,'0.0000',2,'0.0000',2,'0.0000',2,'0.0000',2,0,5,NULL,NULL,0,NULL,NULL,NULL,NULL),(141,91,50,NULL,'2010-09-13','428.1000',2,'2.9000',2,'0.0000',2,'0.0000',2,'0.0000',2,'0.0000',2,'0.0000',2,'0.0000',2,'0.0000',2,'0.0000',2,0,6,NULL,NULL,0,NULL,NULL,NULL,NULL),(142,91,50,NULL,'2010-09-20','431.4000',2,'3.6000',2,'0.0000',2,'0.0000',2,'0.0000',2,'0.0000',2,'0.0000',2,'0.0000',2,'0.0000',2,'0.0000',2,0,7,NULL,NULL,0,NULL,NULL,NULL,NULL),(143,112,65,NULL,'2010-09-04','621.3000',2,'7.7000',2,'0.0000',2,'222.0000',2,'0.0000',2,'333.0000',2,'0.0000',2,'0.0000',2,'0.0000',2,'0.0000',2,0,1,NULL,NULL,6,NULL,NULL,NULL,NULL),(144,112,65,NULL,'2010-09-11','622.3000',2,'6.7000',2,'0.0000',2,'0.0000',2,'0.0000',2,'0.0000',2,'0.0000',2,'0.0000',2,'0.0000',2,'0.0000',2,0,2,NULL,NULL,2,NULL,NULL,NULL,NULL),(145,112,65,NULL,'2010-09-18','623.2000',2,'5.8000',2,'0.0000',2,'0.0000',2,'0.0000',2,'0.0000',2,'0.0000',2,'0.0000',2,'0.0000',2,'0.0000',2,0,3,NULL,NULL,0,NULL,NULL,NULL,NULL),(146,112,65,NULL,'2010-09-25','624.2000',2,'4.8000',2,'0.0000',2,'0.0000',2,'0.0000',2,'0.0000',2,'0.0000',2,'0.0000',2,'0.0000',2,'0.0000',2,0,4,NULL,NULL,0,NULL,NULL,NULL,NULL),(147,112,65,NULL,'2010-10-02','625.2000',2,'3.8000',2,'0.0000',2,'0.0000',2,'0.0000',2,'0.0000',2,'0.0000',2,'0.0000',2,'0.0000',2,'0.0000',2,0,5,NULL,NULL,0,NULL,NULL,NULL,NULL),(148,112,65,NULL,'2010-10-09','626.1000',2,'2.9000',2,'0.0000',2,'0.0000',2,'0.0000',2,'0.0000',2,'0.0000',2,'0.0000',2,'0.0000',2,'0.0000',2,0,6,NULL,NULL,0,NULL,NULL,NULL,NULL),(149,112,65,NULL,'2010-10-16','627.1000',2,'1.9000',2,'0.0000',2,'0.0000',2,'0.0000',2,'0.0000',2,'0.0000',2,'0.0000',2,'0.0000',2,'0.0000',2,0,7,NULL,NULL,0,NULL,NULL,NULL,NULL),(150,112,65,NULL,'2010-10-23','630.6000',2,'1.4000',2,'0.0000',2,'0.0000',2,'0.0000',2,'0.0000',2,'0.0000',2,'0.0000',2,'0.0000',2,'0.0000',2,0,8,NULL,NULL,0,NULL,NULL,NULL,NULL);
/*!40000 ALTER TABLE `loan_schedule` ENABLE KEYS */;
UNLOCK TABLES;

--
-- Table structure for table `loan_summary`
--

DROP TABLE IF EXISTS `loan_summary`;
/*!40101 SET @saved_cs_client     = @@character_set_client */;
/*!40101 SET character_set_client = utf8 */;
CREATE TABLE `loan_summary` (
  `account_id` int(11) NOT NULL,
  `orig_principal` decimal(21,4) DEFAULT NULL,
  `orig_principal_currency_id` smallint(6) DEFAULT NULL,
  `orig_interest` decimal(21,4) DEFAULT NULL,
  `orig_interest_currency_id` smallint(6) DEFAULT NULL,
  `orig_fees` decimal(21,4) DEFAULT NULL,
  `orig_fees_currency_id` smallint(6) DEFAULT NULL,
  `orig_penalty` decimal(21,4) DEFAULT NULL,
  `orig_penalty_currency_id` smallint(6) DEFAULT NULL,
  `principal_paid` decimal(21,4) DEFAULT NULL,
  `principal_paid_currency_id` smallint(6) DEFAULT NULL,
  `interest_paid` decimal(21,4) DEFAULT NULL,
  `interest_paid_currency_id` smallint(6) DEFAULT NULL,
  `fees_paid` decimal(21,4) DEFAULT NULL,
  `fees_paid_currency_id` smallint(6) DEFAULT NULL,
  `penalty_paid` decimal(21,4) DEFAULT NULL,
  `penalty_paid_currency_id` smallint(6) DEFAULT NULL,
  `raw_amount_total` decimal(21,4) DEFAULT NULL,
  `raw_amount_total_currency_id` smallint(6) DEFAULT NULL,
  PRIMARY KEY (`account_id`),
  KEY `orig_principal_currency_id` (`orig_principal_currency_id`),
  KEY `orig_interest_currency_id` (`orig_interest_currency_id`),
  KEY `orig_fees_currency_id` (`orig_fees_currency_id`),
  KEY `orig_penalty_currency_id` (`orig_penalty_currency_id`),
  KEY `principal_paid_currency_id` (`principal_paid_currency_id`),
  KEY `interest_paid_currency_id` (`interest_paid_currency_id`),
  KEY `fees_paid_currency_id` (`fees_paid_currency_id`),
  KEY `penalty_paid_currency_id` (`penalty_paid_currency_id`),
  KEY `fk_loan_summary_raw_amount_total` (`raw_amount_total_currency_id`),
  CONSTRAINT `fk_loan_summary_raw_amount_total` FOREIGN KEY (`raw_amount_total_currency_id`) REFERENCES `currency` (`currency_id`) ON DELETE NO ACTION ON UPDATE NO ACTION,
  CONSTRAINT `loan_summary_ibfk_1` FOREIGN KEY (`orig_principal_currency_id`) REFERENCES `currency` (`currency_id`) ON DELETE NO ACTION ON UPDATE NO ACTION,
  CONSTRAINT `loan_summary_ibfk_2` FOREIGN KEY (`orig_interest_currency_id`) REFERENCES `currency` (`currency_id`) ON DELETE NO ACTION ON UPDATE NO ACTION,
  CONSTRAINT `loan_summary_ibfk_3` FOREIGN KEY (`orig_fees_currency_id`) REFERENCES `currency` (`currency_id`) ON DELETE NO ACTION ON UPDATE NO ACTION,
  CONSTRAINT `loan_summary_ibfk_4` FOREIGN KEY (`orig_penalty_currency_id`) REFERENCES `currency` (`currency_id`) ON DELETE NO ACTION ON UPDATE NO ACTION,
  CONSTRAINT `loan_summary_ibfk_5` FOREIGN KEY (`principal_paid_currency_id`) REFERENCES `currency` (`currency_id`) ON DELETE NO ACTION ON UPDATE NO ACTION,
  CONSTRAINT `loan_summary_ibfk_6` FOREIGN KEY (`interest_paid_currency_id`) REFERENCES `currency` (`currency_id`) ON DELETE NO ACTION ON UPDATE NO ACTION,
  CONSTRAINT `loan_summary_ibfk_7` FOREIGN KEY (`fees_paid_currency_id`) REFERENCES `currency` (`currency_id`) ON DELETE NO ACTION ON UPDATE NO ACTION,
  CONSTRAINT `loan_summary_ibfk_8` FOREIGN KEY (`penalty_paid_currency_id`) REFERENCES `currency` (`currency_id`) ON DELETE NO ACTION ON UPDATE NO ACTION,
  CONSTRAINT `loan_summary_ibfk_9` FOREIGN KEY (`account_id`) REFERENCES `loan_account` (`account_id`) ON DELETE NO ACTION ON UPDATE NO ACTION
) ENGINE=InnoDB DEFAULT CHARSET=utf8;
/*!40101 SET character_set_client = @saved_cs_client */;

--
-- Dumping data for table `loan_summary`
--

LOCK TABLES `loan_summary` WRITE;
/*!40000 ALTER TABLE `loan_summary` DISABLE KEYS */;
INSERT INTO `loan_summary` VALUES (4,'3000.0000',2,'2.9000',2,'0.0000',2,'0.0000',2,'247.1000',2,'2.9000',2,'0.0000',2,'0.0000',2,'2.0000',2),(8,'6000.0000',2,'52.0000',2,'0.0000',2,'0.0000',2,'0.0000',2,'0.0000',2,'0.0000',2,'0.0000',2,'51.8000',2),(15,'3000.0000',2,'21.0000',2,'0.0000',2,'0.0000',2,'0.0000',2,'0.0000',2,'0.0000',2,'0.0000',2,'20.1000',2),(16,'6000.0000',2,'52.0000',2,'0.0000',2,'0.0000',2,'0.0000',2,'0.0000',2,'0.0000',2,'0.0000',2,'51.8000',2),(21,'3000.0000',2,'21.0000',2,'0.0000',2,'0.0000',2,'0.0000',2,'0.0000',2,'0.0000',2,'0.0000',2,'20.1000',2),(23,'6000.0000',2,'52.0000',2,'0.0000',2,'0.0000',2,'0.0000',2,'0.0000',2,'0.0000',2,'0.0000',2,'51.8000',2),(32,'3000.0000',2,'21.0000',2,'0.0000',2,'0.0000',2,'75.1000',2,'2.9000',2,'0.0000',2,'0.0000',2,'20.1000',2),(38,'3000.0000',2,'2.9000',2,'0.0000',2,'0.0000',2,'3000.0000',2,'2.9000',2,'0.0000',2,'0.0000',2,'2.0000',2),(44,'6000.0000',2,'5.8000',2,'0.0000',2,'0.0000',2,'0.0000',2,'0.0000',2,'0.0000',2,'0.0000',2,'5.6000',2),(53,'3000.0000',2,'21.0000',2,'0.0000',2,'0.0000',2,'0.0000',2,'0.0000',2,'0.0000',2,'0.0000',2,'20.1000',2),(55,'5000.0000',2,'35.0000',2,'0.0000',2,'0.0000',2,'0.0000',2,'0.0000',2,'0.0000',2,'0.0000',2,'34.6000',2),(59,'3000.0000',2,'21.0000',2,'0.0000',2,'0.0000',2,'0.0000',2,'0.0000',2,'0.0000',2,'0.0000',2,'20.1000',2),(66,'3000.0000',2,'21.0000',2,'0.0000',2,'0.0000',2,'0.0000',2,'0.0000',2,'0.0000',2,'0.0000',2,'20.1000',2),(78,'3000.0000',2,'21.0000',2,'0.0000',2,'0.0000',2,'0.0000',2,'0.0000',2,'0.0000',2,'0.0000',2,'20.1000',2),(86,'3000.0000',2,'21.0000',2,'0.0000',2,'0.0000',2,'0.0000',2,'0.0000',2,'0.0000',2,'0.0000',2,'20.1000',2),(91,'3000.0000',2,'21.0000',2,'0.0000',2,'0.0000',2,'0.0000',2,'0.0000',2,'0.0000',2,'0.0000',2,'20.1000',2),(112,'5000.0000',2,'35.0000',2,'1152.0000',2,'333.0000',2,'0.0000',2,'0.0000',2,'0.0000',2,'0.0000',2,'1186.6000',2);
/*!40000 ALTER TABLE `loan_summary` ENABLE KEYS */;
UNLOCK TABLES;

--
-- Table structure for table `loan_trxn_detail`
--

DROP TABLE IF EXISTS `loan_trxn_detail`;
/*!40101 SET @saved_cs_client     = @@character_set_client */;
/*!40101 SET character_set_client = utf8 */;
CREATE TABLE `loan_trxn_detail` (
  `account_trxn_id` int(11) NOT NULL,
  `principal_amount` decimal(21,4) DEFAULT NULL,
  `principal_amount_currency_id` smallint(6) DEFAULT NULL,
  `interest_amount` decimal(21,4) DEFAULT NULL,
  `interest_amount_currency_id` smallint(6) DEFAULT NULL,
  `penalty_amount` decimal(21,4) DEFAULT NULL,
  `penalty_amount_currency_id` smallint(6) DEFAULT NULL,
  `misc_fee_amount` decimal(21,4) DEFAULT NULL,
  `misc_fee_amount_currency_id` smallint(6) DEFAULT NULL,
  `misc_penalty_amount` decimal(21,4) DEFAULT NULL,
  `misc_penalty_amount_currency_id` smallint(6) DEFAULT NULL,
  PRIMARY KEY (`account_trxn_id`),
  KEY `principal_amount_currency_id` (`principal_amount_currency_id`),
  KEY `interest_amount_currency_id` (`interest_amount_currency_id`),
  KEY `penalty_amount_currency_id` (`penalty_amount_currency_id`),
  KEY `misc_penalty_amount_currency_id` (`misc_penalty_amount_currency_id`),
  KEY `misc_fee_amount_currency_id` (`misc_fee_amount_currency_id`),
  KEY `loan_account_trxn_idx` (`account_trxn_id`),
  CONSTRAINT `loan_trxn_detail_ibfk_1` FOREIGN KEY (`principal_amount_currency_id`) REFERENCES `currency` (`currency_id`) ON DELETE NO ACTION ON UPDATE NO ACTION,
  CONSTRAINT `loan_trxn_detail_ibfk_2` FOREIGN KEY (`interest_amount_currency_id`) REFERENCES `currency` (`currency_id`) ON DELETE NO ACTION ON UPDATE NO ACTION,
  CONSTRAINT `loan_trxn_detail_ibfk_3` FOREIGN KEY (`penalty_amount_currency_id`) REFERENCES `currency` (`currency_id`) ON DELETE NO ACTION ON UPDATE NO ACTION,
  CONSTRAINT `loan_trxn_detail_ibfk_4` FOREIGN KEY (`misc_penalty_amount_currency_id`) REFERENCES `currency` (`currency_id`) ON DELETE NO ACTION ON UPDATE NO ACTION,
  CONSTRAINT `loan_trxn_detail_ibfk_5` FOREIGN KEY (`misc_fee_amount_currency_id`) REFERENCES `currency` (`currency_id`) ON DELETE NO ACTION ON UPDATE NO ACTION,
  CONSTRAINT `loan_trxn_detail_ibfk_6` FOREIGN KEY (`account_trxn_id`) REFERENCES `account_trxn` (`account_trxn_id`) ON DELETE NO ACTION ON UPDATE NO ACTION
) ENGINE=InnoDB DEFAULT CHARSET=utf8;
/*!40101 SET character_set_client = @saved_cs_client */;

--
-- Dumping data for table `loan_trxn_detail`
--

LOCK TABLES `loan_trxn_detail` WRITE;
/*!40000 ALTER TABLE `loan_trxn_detail` DISABLE KEYS */;
INSERT INTO `loan_trxn_detail` VALUES (10,'3000.0000',2,'0.0000',2,'0.0000',2,'0.0000',2,'0.0000',2),(11,'97.1000',2,'2.9000',2,'0.0000',2,'0.0000',2,'0.0000',2),(12,'150.0000',2,'0.0000',2,'0.0000',2,'0.0000',2,'0.0000',2),(13,'181.0000',2,'0.0000',2,'0.0000',2,'0.0000',2,'0.0000',2),(14,'428.1000',2,'0.0000',2,'0.0000',2,'0.0000',2,'0.0000',2),(15,'428.1000',2,'0.0000',2,'0.0000',2,'0.0000',2,'0.0000',2),(16,'428.1000',2,'0.0000',2,'0.0000',2,'0.0000',2,'0.0000',2),(17,'428.1000',2,'0.0000',2,'0.0000',2,'0.0000',2,'0.0000',2),(18,'428.1000',2,'0.0000',2,'0.0000',2,'0.0000',2,'0.0000',2),(19,'431.4000',2,'0.0000',2,'0.0000',2,'0.0000',2,'0.0000',2),(20,'-428.1000',2,'0.0000',2,'0.0000',2,'0.0000',2,'0.0000',2),(21,'-431.4000',2,'0.0000',2,'0.0000',2,'0.0000',2,'0.0000',2),(22,'-428.1000',2,'0.0000',2,'0.0000',2,'0.0000',2,'0.0000',2),(23,'-428.1000',2,'0.0000',2,'0.0000',2,'0.0000',2,'0.0000',2),(24,'-181.0000',2,'0.0000',2,'0.0000',2,'0.0000',2,'0.0000',2),(25,'-428.1000',2,'0.0000',2,'0.0000',2,'0.0000',2,'0.0000',2),(26,'-428.1000',2,'0.0000',2,'0.0000',2,'0.0000',2,'0.0000',2),(27,'181.0000',2,'0.0000',2,'0.0000',2,'0.0000',2,'0.0000',2),(28,'428.1000',2,'0.0000',2,'0.0000',2,'0.0000',2,'0.0000',2),(29,'428.1000',2,'0.0000',2,'0.0000',2,'0.0000',2,'0.0000',2),(30,'428.1000',2,'0.0000',2,'0.0000',2,'0.0000',2,'0.0000',2),(31,'428.1000',2,'0.0000',2,'0.0000',2,'0.0000',2,'0.0000',2),(32,'428.1000',2,'0.0000',2,'0.0000',2,'0.0000',2,'0.0000',2),(33,'431.4000',2,'0.0000',2,'0.0000',2,'0.0000',2,'0.0000',2),(34,'3000.0000',2,'0.0000',2,'0.0000',2,'0.0000',2,'0.0000',2),(35,'428.1000',2,'2.9000',2,'0.0000',2,'0.0000',2,'0.0000',2),(36,'216.1000',2,'2.9000',2,'0.0000',2,'0.0000',2,'0.0000',2),(37,'-216.1000',2,'-2.9000',2,'0.0000',2,'0.0000',2,'0.0000',2),(38,'-428.1000',2,'-2.9000',2,'0.0000',2,'0.0000',2,'0.0000',2),(39,'227.1000',2,'2.9000',2,'0.0000',2,'0.0000',2,'0.0000',2),(40,'43.0000',2,'0.0000',2,'0.0000',2,'0.0000',2,'0.0000',2),(41,'-43.0000',2,'0.0000',2,'0.0000',2,'0.0000',2,'0.0000',2),(42,'-227.1000',2,'-2.9000',2,'0.0000',2,'0.0000',2,'0.0000',2),(43,'-3000.0000',2,'0.0000',2,'0.0000',2,'0.0000',2,'0.0000',2),(45,'3000.0000',2,'0.0000',2,'0.0000',2,'0.0000',2,'0.0000',2),(47,'75.1000',2,'2.9000',2,'0.0000',2,'0.0000',2,'0.0000',2),(50,'3000.0000',2,'0.0000',2,'0.0000',2,'0.0000',2,'0.0000',2),(51,'6000.0000',2,'0.0000',2,'0.0000',2,'0.0000',2,'0.0000',2),(52,'666.2000',2,'5.8000',2,'0.0000',2,'0.0000',2,'0.0000',2),(53,'666.2000',2,'0.0000',2,'0.0000',2,'0.0000',2,'0.0000',2),(54,'666.2000',2,'0.0000',2,'0.0000',2,'0.0000',2,'0.0000',2),(55,'666.2000',2,'0.0000',2,'0.0000',2,'0.0000',2,'0.0000',2),(56,'666.2000',2,'0.0000',2,'0.0000',2,'0.0000',2,'0.0000',2),(57,'666.2000',2,'0.0000',2,'0.0000',2,'0.0000',2,'0.0000',2),(58,'666.2000',2,'0.0000',2,'0.0000',2,'0.0000',2,'0.0000',2),(59,'666.2000',2,'0.0000',2,'0.0000',2,'0.0000',2,'0.0000',2),(60,'670.4000',2,'0.0000',2,'0.0000',2,'0.0000',2,'0.0000',2),(61,'428.1000',2,'2.9000',2,'0.0000',2,'0.0000',2,'0.0000',2),(62,'428.1000',2,'0.0000',2,'0.0000',2,'0.0000',2,'0.0000',2),(63,'428.1000',2,'0.0000',2,'0.0000',2,'0.0000',2,'0.0000',2),(64,'428.1000',2,'0.0000',2,'0.0000',2,'0.0000',2,'0.0000',2),(65,'428.1000',2,'0.0000',2,'0.0000',2,'0.0000',2,'0.0000',2),(66,'428.1000',2,'0.0000',2,'0.0000',2,'0.0000',2,'0.0000',2),(67,'431.4000',2,'0.0000',2,'0.0000',2,'0.0000',2,'0.0000',2),(88,'0.0000',2,'0.0000',2,'0.0000',2,'0.0000',2,'0.0000',2),(89,'5000.0000',2,'0.0000',2,'0.0000',2,'0.0000',2,'0.0000',2),(90,'307.3000',2,'7.7000',2,'0.0000',2,'222.0000',2,'333.0000',2),(91,'-307.3000',2,'-7.7000',2,'0.0000',2,'-222.0000',2,'-333.0000',2),(92,'621.3000',2,'7.7000',2,'0.0000',2,'222.0000',2,'333.0000',2),(93,'0.0000',2,'0.0000',2,'0.0000',2,'0.0000',2,'0.0000',2),(94,'0.0000',2,'0.0000',2,'0.0000',2,'0.0000',2,'0.0000',2),(95,'-621.3000',2,'-7.7000',2,'0.0000',2,'-222.0000',2,'-333.0000',2),(96,'-5000.0000',2,'0.0000',2,'0.0000',2,'0.0000',2,'0.0000',2),(97,'0.0000',2,'0.0000',2,'0.0000',2,'0.0000',2,'0.0000',2);
/*!40000 ALTER TABLE `loan_trxn_detail` ENABLE KEYS */;
UNLOCK TABLES;

--
-- Table structure for table `lookup_entity`
--

DROP TABLE IF EXISTS `lookup_entity`;
/*!40101 SET @saved_cs_client     = @@character_set_client */;
/*!40101 SET character_set_client = utf8 */;
CREATE TABLE `lookup_entity` (
  `entity_id` smallint(6) NOT NULL AUTO_INCREMENT,
  `entity_name` varchar(100) NOT NULL,
  `description` varchar(200) DEFAULT NULL,
  PRIMARY KEY (`entity_id`),
  KEY `lookup_entityname_idx` (`entity_name`)
) ENGINE=InnoDB AUTO_INCREMENT=93 DEFAULT CHARSET=utf8;
/*!40101 SET character_set_client = @saved_cs_client */;

--
-- Dumping data for table `lookup_entity`
--

LOCK TABLES `lookup_entity` WRITE;
/*!40000 ALTER TABLE `lookup_entity` DISABLE KEYS */;
INSERT INTO `lookup_entity` VALUES (1,'ClientStatus','Client Status'),(2,'GroupStatus','Group Status'),(3,'CenterStatus','Center Status'),(4,'OfficeStatus','Office Status'),(5,'AccountState','Account States'),(6,'PersonnelStatusUnused','Personnel Status (Unused)'),(7,'GroupFlag','Group Flag'),(8,'FeeType','Fee Type'),(9,'Titles','Customer Position'),(10,'PovertyStatus','Poverty Status For Client'),(11,'Center','Center VALUES'),(12,'Group','Group VALUES'),(13,'Client','Client VALUES'),(14,'Office','Office'),(15,'Salutation','Mr/Mrs'),(16,'Gender','Male/Female'),(17,'MaritalStatus','Married/UnMarried'),(18,'Citizenship','Citizenship'),(19,'Ethinicity','Ethnicity'),(20,'EducationLevel','EducationLevel'),(21,'BusinessActivities','BusinessActivities'),(22,'Handicapped','Handicaped'),(23,'ClientFormedBy','CustomField ClientFormedBy for client'),(24,'PostalCode','ZipCode'),(25,'ProductState','Product State'),(26,'Loan','Loan'),(27,'Savings','Savings'),(29,'PersonnelTitles','CFO/Accountant'),(30,'PersonnelLevels','LoanOfficer/NonLoanOfficer'),(34,'OfficeLevels','Head Office/Regional Office/Sub Regional Office/Area Office/BranchOffice'),(35,'PrdApplicableMaster','Ceratin product categories applicable to certain types of clients'),(36,'WeekDays','Week Days List'),(37,'InterestTypes','Interest Types for PrdOfferings and Accounts'),(38,'CategoryType','This is mainly used in fees to show the categories where this fee is applicable'),(39,'InterestCalcRule','Interest calculation rule for loan prd offerings'),(41,'GracePeriodTypes','Grace Period Types for loan products'),(42,'DayRank','Day Rank'),(43,'CollateralTypes','Collateral Types for loan accounts'),(44,'OfficeCode','Office Code'),(45,'ProductCategoryStatus','ProductCategoryStatus'),(46,'ProductStatus','ProductStatus'),(47,'SavingsType','SavingsType'),(48,'RecommendedAmtUnit','RecommendedAmtUnit'),(49,'IntCalTypes','IntCalTypes'),(50,'YESNO','YESNO'),(51,'AccountType','AccountType'),(52,'SpouseFather','SpouseFather'),(53,'CustomerStatus','CustomerStatus'),(54,'FeePayment','FeePayment'),(55,'FeeFormulaMaster','FeeFormulaMaster'),(56,'PersonnelStatus','PersonnelStatus'),(57,'Personnel','Personnel'),(62,'ExternalId','External ID'),(68,'FeeStatus','FeeStatus'),(69,'AccountAction','AccountAction'),(70,'AccountFlags','AccountFlags'),(71,'PaymentType','PaymentType'),(72,'SavingsStatus','Saving Status'),(73,'Position','Position'),(74,'Language','Language'),(75,'CustomerAttendanceType','CustomerAttendanceType'),(76,'FinancialAction','Financial Action'),(77,'BulkEntry','BulkEntry'),(78,'SavingsAccountFlag','SavingsAccountFlag'),(79,'Address3','Address3'),(80,'City','City'),(81,'Interest','Interest'),(82,'LoanPurposes','Loan Purposes'),(83,'State','State'),(84,'Address1','Address1'),(85,'Address2','Address2'),(86,'GovernmentId','GovernmentId'),(87,'Permissions','Permissions'),(88,'ServiceCharge','Interest'),(89,'feeUpdationType',' fee updation can to applied to existing accounts or future accounts'),(90,'FeeFrequency','Fee Frequency'),(91,'RepaymentRule','Repayment Rule Types'),(92,'LivingStatus','This entity is used to track whether the family member is living together with the client or not');
/*!40000 ALTER TABLE `lookup_entity` ENABLE KEYS */;
UNLOCK TABLES;

--
-- Table structure for table `lookup_label`
--

DROP TABLE IF EXISTS `lookup_label`;
/*!40101 SET @saved_cs_client     = @@character_set_client */;
/*!40101 SET character_set_client = utf8 */;
CREATE TABLE `lookup_label` (
  `label_id` int(11) NOT NULL AUTO_INCREMENT,
  `entity_id` smallint(6) DEFAULT NULL,
  `locale_id` smallint(6) DEFAULT NULL,
  `entity_name` varchar(200) DEFAULT NULL,
  PRIMARY KEY (`label_id`),
  KEY `entity_id` (`entity_id`),
  KEY `locale_id` (`locale_id`),
  CONSTRAINT `lookup_label_ibfk_1` FOREIGN KEY (`entity_id`) REFERENCES `lookup_entity` (`entity_id`) ON DELETE NO ACTION ON UPDATE NO ACTION,
  CONSTRAINT `lookup_label_ibfk_2` FOREIGN KEY (`locale_id`) REFERENCES `supported_locale` (`locale_id`) ON DELETE NO ACTION ON UPDATE NO ACTION
) ENGINE=InnoDB AUTO_INCREMENT=173 DEFAULT CHARSET=utf8;
/*!40101 SET character_set_client = @saved_cs_client */;

--
-- Dumping data for table `lookup_label`
--

LOCK TABLES `lookup_label` WRITE;
/*!40000 ALTER TABLE `lookup_label` DISABLE KEYS */;
INSERT INTO `lookup_label` VALUES (1,1,1,NULL),(3,2,1,NULL),(5,3,1,NULL),(7,4,1,NULL),(9,5,1,NULL),(11,6,1,NULL),(13,7,1,NULL),(15,8,1,NULL),(17,9,1,NULL),(19,10,1,NULL),(21,11,1,NULL),(23,12,1,NULL),(25,13,1,NULL),(27,14,1,NULL),(29,15,1,NULL),(31,16,1,NULL),(33,17,1,NULL),(35,18,1,NULL),(37,19,1,NULL),(39,20,1,NULL),(41,21,1,NULL),(43,22,1,NULL),(47,24,1,NULL),(49,25,1,NULL),(51,26,1,NULL),(53,27,1,NULL),(57,29,1,NULL),(59,30,1,NULL),(67,34,1,NULL),(69,35,1,NULL),(71,36,1,NULL),(73,42,1,NULL),(75,37,1,NULL),(76,38,1,NULL),(77,39,1,NULL),(79,41,1,NULL),(80,43,1,NULL),(81,44,1,NULL),(83,45,1,NULL),(85,46,1,NULL),(87,47,1,NULL),(89,48,1,NULL),(91,49,1,NULL),(93,50,1,NULL),(95,51,1,NULL),(97,52,1,NULL),(99,53,1,NULL),(100,54,1,NULL),(102,55,1,NULL),(104,56,1,NULL),(106,57,1,NULL),(116,62,1,NULL),(128,68,1,NULL),(130,69,1,NULL),(132,70,1,NULL),(134,71,1,NULL),(136,72,1,NULL),(151,74,1,NULL),(154,75,1,NULL),(156,76,1,NULL),(158,77,1,NULL),(160,79,1,NULL),(162,80,1,NULL),(164,81,1,NULL),(166,82,1,NULL),(167,83,1,NULL),(168,84,1,NULL),(169,85,1,NULL),(170,86,1,NULL),(171,87,1,NULL),(172,88,1,NULL);
/*!40000 ALTER TABLE `lookup_label` ENABLE KEYS */;
UNLOCK TABLES;

--
-- Table structure for table `lookup_value`
--

DROP TABLE IF EXISTS `lookup_value`;
/*!40101 SET @saved_cs_client     = @@character_set_client */;
/*!40101 SET character_set_client = utf8 */;
CREATE TABLE `lookup_value` (
  `lookup_id` int(11) NOT NULL AUTO_INCREMENT,
  `entity_id` smallint(6) DEFAULT NULL,
  `lookup_name` varchar(100) DEFAULT NULL,
  PRIMARY KEY (`lookup_id`),
  UNIQUE KEY `lookup_name_idx` (`lookup_name`),
  KEY `lookup_value_idx` (`entity_id`),
  CONSTRAINT `lookup_value_ibfk_1` FOREIGN KEY (`entity_id`) REFERENCES `lookup_entity` (`entity_id`) ON DELETE NO ACTION ON UPDATE NO ACTION
) ENGINE=InnoDB AUTO_INCREMENT=655 DEFAULT CHARSET=utf8;
/*!40101 SET character_set_client = @saved_cs_client */;

--
-- Dumping data for table `lookup_value`
--

LOCK TABLES `lookup_value` WRITE;
/*!40000 ALTER TABLE `lookup_value` DISABLE KEYS */;
INSERT INTO `lookup_value` VALUES (1,1,'ClientStatus-PartialApplication'),(2,1,'ClientStatus-ApplicationPendingApproval'),(3,1,'ClientStatus-Active'),(4,1,'ClientStatus-OnHold'),(5,1,'ClientStatus-Cancelled'),(6,1,'ClientStatus-Closed'),(7,2,'GroupStatus-PartialApplication'),(8,2,'GroupStatus-ApplicationPendingApproval'),(9,2,'GroupStatus-Active'),(10,2,'GroupStatus-OnHold'),(11,2,'GroupStatus-Cancelled'),(12,2,'GroupStatus-Closed'),(13,3,'CenterStatus-Active'),(14,3,'CenterStatus-Inactive'),(15,4,'OfficeStatus-Active'),(16,4,'OfficeStatus-Inactive'),(17,5,'AccountState-PartialApplication'),(18,5,'AccountState-ApplicationPendingApproval'),(19,5,'AccountState-ApplicationApproved'),(20,5,'AccountState-DisbursedToLo'),(21,5,'AccountState-ActiveInGoodStanding'),(22,5,'AccountState-ClosedObligationMet'),(23,5,'AccountState-ClosedWrittenOff'),(24,5,'AccountState-ClosedRescheduled'),(25,5,'AccountState-ActiveInBadStanding'),(26,6,'PersonnelStatusUnused-Active'),(27,6,'PersonnelStatusUnused-Inactive'),(28,7,'GroupFlag-Withdraw'),(29,7,'GroupFlag-Rejected'),(30,7,'GroupFlag-Blacklisted'),(31,7,'GroupFlag-Duplicate'),(32,7,'GroupFlag-Transferred'),(33,7,'GroupFlag-LeftProgram'),(34,7,'GroupFlag-Other'),(35,8,'FeeType-MaintenanceFee'),(36,8,'FeeType-ConsultancyFee'),(37,8,'FeeType-TrainingFee'),(38,8,'FeeType-MeetingCharges'),(41,10,'PovertyStatus-VeryPoor'),(42,10,'PovertyStatus-Poor'),(43,10,'PovertyStatus-NonPoor'),(49,16,'Gender-Male'),(50,16,'Gender-Female'),(51,25,'ProductState-Active'),(52,25,'ProductState-Inactive'),(53,25,'ProductState-Close'),(54,26,'Loan-Loan'),(55,27,'Savings-Savings'),(60,30,'PersonnelLevels-LoanOfficer'),(61,30,'PersonnelLevels-NonLoanOfficer'),(68,35,'PrdApplicableMaster-Clients'),(69,35,'PrdApplicableMaster-Groups'),(70,35,'PrdApplicableMaster-Centers'),(79,37,'InterestTypes-Flat'),(80,37,'InterestTypes-DecliningBalance'),(81,38,'CategoryType-AllCustomers'),(82,38,'CategoryType-Client'),(83,38,'CategoryType-Group'),(84,38,'CategoryType-Center'),(85,38,'CategoryType-AllProductTypes'),(86,38,'CategoryType-Loans'),(87,38,'CategoryType-Savings'),(88,39,'InterestCalcRule-AlwaysRecalculate'),(89,39,'InterestCalcRule-NeverRecalculate'),(96,41,'GracePeriodTypes-None'),(97,41,'GracePeriodTypes-GraceOnAllRepayments'),(98,41,'GracePeriodTypes-PrincipalOnlyGrace'),(104,34,'OfficeLevels-HeadOffice'),(105,34,'OfficeLevels-RegionalOffice'),(106,34,'OfficeLevels-DivisionalOffice'),(107,34,'OfficeLevels-AreaOffice'),(108,34,'OfficeLevels-BranchOffice'),(111,44,'OfficeCode-Code1'),(112,44,'OfficeCode-Code2'),(113,45,'ProductCategoryStatus-Inactive'),(114,45,'ProductCategoryStatus-Active'),(115,46,'ProductStatus-Active'),(116,46,'ProductStatus-Inactive'),(117,46,'ProductStatus-Closed'),(118,47,'SavingsType-Mandatory'),(119,47,'SavingsType-Voluntary'),(120,48,'RecommendedAmtUnit-PerIndividual'),(121,48,'RecommendedAmtUnit-CompleteGroup'),(122,49,'IntCalTypes-MinimumBalance'),(123,49,'IntCalTypes-AverageBalance'),(124,50,'YESNO-Yes'),(125,50,'YESNO-No'),(126,51,'AccountType-Loan'),(127,51,'AccountType-Saving'),(128,52,'SpouseFather-Spouse'),(129,52,'SpouseFather-Father'),(140,51,'AccountType-Customer'),(141,5,'AccountState-Cancel'),(142,53,'CustomerStatus-CustomerAccountActive'),(143,53,'CustomerStatus-CustomerAccountInactive'),(146,54,'FeePayment-Upfront'),(147,54,'FeePayment-TimeOfDisburstment'),(148,54,'FeePayment-TimeOfFirstLoanRepayment'),(149,55,'FeeFormulaMaster-LoanAmount'),(150,55,'FeeFormulaMaster-LoanAmountInterest'),(151,55,'FeeFormulaMaster-Interest'),(152,56,'PersonnelStatus-Active'),(153,56,'PersonnelStatus-Inactive'),(154,57,'Personnel-Personnel'),(165,68,'FeeStatus-Active'),(166,68,'FeeStatus-Inactive'),(167,69,'AccountAction-LoanRepayment'),(168,69,'AccountAction-Penalty'),(169,69,'AccountAction-MiscellenousPenalty'),(170,69,'AccountAction-Fee'),(171,69,'AccountAction-MiscellenousFee'),(172,69,'AccountAction-Deposit'),(173,69,'AccountAction-Withdrawal'),(174,70,'AccountFlags-Withdraw'),(175,70,'AccountFlags-Rejected'),(176,70,'AccountFlags-Other'),(177,71,'PaymentType-Cash'),(179,71,'PaymentType-Voucher'),(180,71,'PaymentType-Cheque'),(181,72,'SavingsStatus-PartialApplication'),(182,72,'SavingsStatus-ApplicationPendingApproval'),(183,72,'SavingsStatus-Cancelled'),(184,72,'SavingsStatus-Active'),(185,72,'SavingsStatus-Closed'),(186,73,'Position-CenterLeader'),(187,73,'Position-CenterSecretary'),(188,73,'Position-GroupLeader'),(189,74,'Language-English'),(191,69,'AccountAction-Payment'),(192,69,'AccountAction-Adjustment'),(193,69,'AccountAction-Disbursal'),(194,75,'CustomerAttendance-P'),(195,75,'CustomerAttendance-Ab'),(196,75,'CustomerAttendance-Al'),(197,75,'CustomerAttendance-L'),(198,76,'FinancialAction-Principal'),(199,76,'FinancialAction-Interest'),(200,76,'FinancialAction-Fees'),(201,76,'FinancialAction-Penalty'),(202,76,'FinancialAction-RoundingAdjustments'),(203,76,'FinancialAction-MandatoryDeposit'),(204,76,'FinancialAction-VoluntoryDeposit'),(205,76,'FinancialAction-MandatoryWithdrawal'),(206,76,'FinancialAction-VoluntoryWithdrawal'),(207,76,'FinancialAction-ReversalAdjustment'),(208,76,'FinancialAction-SavingsInterestPosting'),(209,76,'FinancialAction-Interest_posting'),(210,72,'SavingsStatus-Inactive'),(211,78,'SavingsAccountFlag-Withdraw'),(212,78,'SavingsAccountFlag-Rejected'),(213,78,'SavingsAccountFlag-Blacklisted'),(214,69,'AccountAction-Interest_posting'),(215,76,'FinancialAction-LoanDisbursement'),(216,73,'Position-GroupSecretary'),(229,76,'FinancialAction-MiscFee'),(361,76,'FinancialAction-MiscPenalty'),(362,69,'AccountAction-CustomerAccountRepayment'),(363,76,'FinancialAction-CustomerAccountFeesPosting'),(364,69,'AccountAction-CustomerAdjustment'),(365,76,'FinancialAction-CustomerAdjustment'),(366,69,'AccountAction-SavingsAdjustment'),(367,76,'FinancialAction-MandatoryDepositAdjustment'),(368,76,'FinancialAction-VoluntoryDepositAdjustment'),(369,76,'FinancialAction-MandatoryWithdrawalAdjustment'),(370,76,'FinancialAction-VoluntoryWithdrawalAdjustment'),(371,87,'Permissions-OrganizationManagement'),(372,87,'Permissions-Funds'),(373,87,'Permissions-CanCreateFunds'),(374,87,'Permissions-CanModifyFunds'),(375,87,'Permissions-Fees'),(376,87,'Permissions-CanDefineNewFeeType'),(377,87,'Permissions-CanModifyFeeInformation'),(378,87,'Permissions-Checklists'),(379,87,'Permissions-CanDefineNewChecklistType'),(380,87,'Permissions-CanModifyChecklistInformation'),(381,87,'Permissions-OfficeManagement'),(382,87,'Permissions-Offices'),(383,87,'Permissions-CanCreateNewOffice'),(384,87,'Permissions-CanModifyOfficeInformation'),(385,87,'Permissions-UserManagement'),(386,87,'Permissions-Personnel'),(387,87,'Permissions-CanCreateNewSystemUsers'),(388,87,'Permissions-CanModifyUserInformation'),(389,87,'Permissions-CanUnlockAUser'),(390,87,'Permissions-Roles'),(391,87,'Permissions-CanCreateNewRole'),(392,87,'Permissions-CanModifyARole'),(393,87,'Permissions-CanDeleteARole'),(394,87,'Permissions-ClientManagement'),(395,87,'Permissions-Clients'),(396,87,'Permissions-Clients-CanCreateNewClientInSaveForLaterState'),(397,87,'Permissions-Clients-CanCreateNewClientInSubmitForApprovalState'),(398,87,'Permissions-Clients-CanChangeStateToPartialApplication'),(399,87,'Permissions-Clients-CanChangeStateToActive'),(400,87,'Permissions-Clients-CanChangeStateToCancelled'),(401,87,'Permissions-Clients-CanChangeStateToOnHold'),(402,87,'Permissions-Clients-CanChangeStateToClosed'),(403,87,'Permissions-Clients-CanChangeStateToApplicationPendingApproval'),(404,87,'Permissions-Clients-CanMakePaymentsToClientAccounts'),(405,87,'Permissions-Clients-CanMakeAdjustmentEntriesToClientAccount'),(407,87,'Permissions-Clients-CanWaiveADueAmount'),(408,87,'Permissions-Clients-CanRemoveFeeTypesFromClientAccount'),(409,87,'Permissions-Clients-CanAddNotesToClient'),(410,87,'Permissions-Clients-CanEditMfiInformation'),(411,87,'Permissions-Clients-CanEditGroupMembership'),(412,87,'Permissions-Clients-CanEditOfficeMembership'),(413,87,'Permissions-Clients-CanEditMeetingSchedule'),(414,87,'Permissions-Clients-CanAddEditHistoricalData'),(415,87,'Permissions-Clients-CanEditFeeAmountAttachedToTheAccount'),(416,87,'Permissions-Clients-CanBlacklistAClient'),(417,87,'Permissions-Groups'),(418,87,'Permissions-Groups-CanCreateNewGroupInSaveForLaterState'),(419,87,'Permissions-Groups-CanCreateNewGroupInSubmitForApprovalState'),(420,87,'Permissions-Groups-CanChangeStateToPartialApplication'),(421,87,'Permissions-Groups-CanChangeStateToActive'),(422,87,'Permissions-Groups-CanChangeStateToCancelled'),(423,87,'Permissions-Groups-CanChangeStateToOnHold'),(424,87,'Permissions-Groups-CanChangeStateToClosed'),(425,87,'Permissions-Groups-CanChangeStateToApplicationPendingApproval'),(426,87,'Permissions-Groups-CanMakePaymentsToGroupAccounts'),(427,87,'Permissions-Groups-CanMakeAdjustmentEntriesToGroupAccount'),(429,87,'Permissions-Groups-CanWaiveADueAmount'),(430,87,'Permissions-Groups-CanRemoveFeeTypesFromGroupAccount'),(431,87,'Permissions-Groups-CanAddNotesToGroup'),(432,87,'Permissions-Groups-CanEditGroupInformation'),(433,87,'Permissions-Groups-CanEditCenterMembership'),(434,87,'Permissions-Groups-CanEditOfficeMembership'),(435,87,'Permissions-Groups-CanEditMeetingSchedule'),(436,87,'Permissions-Groups-CanAddEditHistoricalData'),(437,87,'Permissions-Groups-CanEditFeeAmountAttachedToTheAccount'),(438,87,'Permissions-Groups-CanBlacklistAGroup'),(439,87,'Permissions-Centers'),(440,87,'Permissions-Centers-CanCreateNewCenter'),(441,87,'Permissions-Centers-CanModifyCenterInformation'),(442,87,'Permissions-Centers-CanEditCenterStatus'),(443,87,'Permissions-Centers-CanMakePaymentsToCenterAccounts'),(444,87,'Permissions-Centers-CanMakeAdjustmentEntriesToCenterAccount'),(446,87,'Permissions-Centers-CanWaiveADueAmount'),(447,87,'Permissions-Centers-CanRemoveFeeTypesFromCenterAccount'),(448,87,'Permissions-Centers-CanAddNotesToCenterRecords'),(449,87,'Permissions-Centers-CanEditFeeAmountAttachedToTheAccount'),(450,87,'Permissions-ProductDefinition'),(451,87,'Permissions-ProductCategories'),(452,87,'Permissions-CanDefineNewProductCategories'),(453,87,'Permissions-CanEditProductCategoryInformation'),(454,87,'Permissions-LoanProducts'),(455,87,'Permissions-CanDefineNewLoanProductInstance'),(456,87,'Permissions-CanEditLoanProductInstances'),(457,87,'Permissions-SavingsProducts'),(458,87,'Permissions-CanDefineNewSavingsProductInstance'),(459,87,'Permissions-CanEditSavingsProductInstances'),(460,87,'Permissions-LoanManagement'),(461,87,'Permissions-LoanProcessing'),(462,87,'Permissions-CanCreateNewLoanAccountInSaveForLaterState'),(463,87,'Permissions-CanCreateNewLoanAccountInSubmitForApprovalState'),(464,87,'Permissions-LoanProcessing-CanChangeStateToPartialApplication'),(465,87,'Permissions-LoanProcessing-CanChangeStateToApproved'),(466,87,'Permissions-LoanProcessing-CanChangeStateToCancelled'),(467,87,'Permissions-LoanProcessing-CanChangeStateToDisbursedToLo'),(469,87,'Permissions-LoanProcessing-CanChangeStateToPendingApproval'),(470,87,'Permissions-LoanProcessing-CanChangeStateToClosedWrittenOff'),(471,87,'Permissions-LoanProcessing-CanChangeStateToClosedRescheduled'),(474,87,'Permissions-LoanTransactions'),(475,87,'Permissions-CanMakePaymentToTheAccount'),(476,87,'Permissions-CanMakeAdjustmentEntryToTheAccount'),(478,87,'Permissions-CanWaivePenalty'),(479,87,'Permissions-CanWaiveAFeeInstallment'),(480,87,'Permissions-CanRemoveFeeTypesAttachedToTheAccount'),(481,87,'Permissions-Clients-CanSpecifyMeetingSchedule'),(482,87,'Permissions-Groups-CanSpecifyMeetingSchedule'),(483,87,'Permissions-Clients-CanEditPersonalInformation'),(484,87,'Permissions-Centers-CanEditMeetingSchedule'),(485,87,'Permissions-Centers-CanSpecifyMeetingSchedule'),(486,87,'Permissions-CanEditLoanAccountInformation'),(487,87,'Permissions-CanApplyChargesToLoans'),(488,87,'Permissions-CanEditSelfInformation'),(489,87,'Permissions-SavingsManagement'),(490,87,'Permissions-CanCreateNewSavingsAccountInSaveForLaterState'),(491,87,'Permissions-CanUpdateSavingsAccount'),(492,87,'Permissions-CanCloseSavingsAccount'),(493,87,'Permissions-SavingsManagement-CanChangeStateToPartialApplication'),(494,87,'Permissions-ReportsManagement'),(495,87,'Permissions-CanAdministerReports'),(496,87,'Permissions-CanPreviewReports'),(497,87,'Permissions-CanUploadNewReports'),(498,87,'Permissions-ClientDetail'),(499,87,'Permissions-Center'),(500,87,'Permissions-Status'),(501,87,'Permissions-Performance'),(502,87,'Permissions-LoanProductDetail'),(503,87,'Permissions-Analysis'),(504,87,'Permissions-Miscellaneous'),(531,87,'Permissions-CanRepayLoan'),(532,87,'Permissions-CanAddNotesToLoanAccount'),(533,87,'Permissions-SavingsManagement-CanChangeStateToPendingApproval'),(534,87,'Permissions-SavingsManagement-CanChangeStateToCancel'),(535,87,'Permissions-SavingsManagement-CanChangeStateToActive'),(536,87,'Permissions-SavingsManagement-CanChangeStateToInactive'),(537,87,'Permissions-CanBlacklistSavingsAccount'),(538,87,'Permissions-CanCreateNewSavingsAccountInSubmitForApprovalState'),(539,87,'Permissions-NotImplemented'),(546,87,'Permissions-CanDoAdjustmentsForSavingsAccount'),(547,69,'AccountAction-LoanWrittenOff'),(548,69,'AccountAction-WaiveOffDue'),(549,69,'AccountAction-WaiveOffOverDue'),(550,76,'FinancialAction-LoanWrittenOff'),(551,87,'Permissions-CanWaiveDueDepositsForSavingsAccount'),(552,87,'Permissions-CanWaiveOverDueDepositsForSavingsAccount'),(553,87,'Permissions-CanDisburseLoan'),(554,87,'Permissions-CanMakeDepositWithdrawalToSavingsAccount'),(555,87,'Permissions-CanAddNotesToSavingsAccount'),(556,89,'feeUpdationType-AppliesToExistingFutureAccounts'),(557,89,'feeUpdationType-AppliesToFutureAccounts'),(558,90,'FeeFrequency-Periodic'),(559,90,'FeeFrequency-OneTime'),(560,87,'Permissions-CanApproveLoansInBulk'),(561,87,'Permissions-CanModifyLatenessDormancyDefinition'),(562,87,'Permissions-CanModifyOfficeHierarchy'),(563,87,'Permissions-CanAddNotesToPersonnel'),(564,87,'Permissions-Bulk'),(565,87,'Permissions-CanEnterCollectionSheetData'),(566,87,'Permissions-Clients-CanApplyChargesToClientAccounts'),(567,87,'Permissions-Groups-CanApplyChargesToGroupAccounts'),(568,87,'Permissions-Centers-CanApplyChargesToCenterAccounts'),(569,87,'Permissions-CanCreateMultipleLoanAccounts'),(570,87,'Permissions-CanReverseLoanDisbursals'),(571,70,'AccountFlags-LoanReversal'),(572,69,'AccountAction-LoanReversal'),(573,69,'AccountAction-DisrbursalAmountReversal'),(574,87,'Permissions-ConfigurationManagement'),(575,87,'Permissions-CanDefineLabels'),(576,91,'RepaymentRule-SameDay'),(577,91,'RepaymentRule-NextMeetingRepayment'),(578,91,'RepaymentRule-NextWorkingDay'),(579,87,'Permissions-CanDefineHiddenMandatoryFields'),(580,87,'Permissions-Clients-CanRemoveClientsFromGroups'),(581,87,'Permissions-CanViewDetailedAgingOfPortfolioAtRisk'),(582,87,'Permissions-Clients-CanAddAnExistingClientToAGroup'),(583,87,'Permissions-ProductMix'),(584,87,'Permissions-CanDefineProductMix'),(585,87,'Permissions-CanEditProductMix'),(586,87,'Permissions-CanViewActiveLoansByLoanOfficer'),(587,87,'Permissions-CanDefineLookupValues'),(588,87,'Permissions-CanUploadReportTemplate'),(589,87,'Permissions-CanViewReports'),(590,87,'Permissions-CanEditReportInformation'),(591,87,'Permissions-CanAdjustPaymentWhenAccountStatusIsClosedObligationMet'),(592,87,'Permissions-CanRedoLoanDisbursals'),(593,87,'Permissions-CanDefineAcceptedPaymentType'),(594,87,'Permissions-CanDefineNewReportCategory'),(595,87,'Permissions-CanViewReportCategory'),(596,87,'Permissions-CanDeleteReportCategory'),(597,87,'Permissions-CanDownloadReportTemplate'),(598,87,'Permissions-CanDefineCustomFields'),(599,74,'Language-Icelandic'),(600,74,'Language-Spanish'),(601,74,'Language-French'),(602,87,'Permissions-CanUploadAdminDocuments'),(603,87,'Permissions-CanViewAdminDocuments'),(604,37,'InterestTypes-DecliningBalance-EqualPrincipalInstallment'),(605,87,'Permissions-SystemInformation'),(606,87,'Permissions-CanViewSystemInformation'),(607,87,'Permissions-CanViewCollectionSheetReport'),(608,87,'Permissions-CanViewOrganizationSettings'),(609,76,'FinancialAction-LoanRescheduled'),(610,69,'AccountAction-LoanRescheduled'),(611,87,'Permissions-CanViewBranchCashConfirmationReport'),(612,87,'Permissions-CanViewBranchProgressReport'),(613,74,'Language-Chinese'),(614,74,'Language-Swahili'),(615,74,'Language-Arabic'),(616,74,'Language-Portuguese'),(617,74,'Language-Khmer'),(618,74,'Language-Lao'),(619,87,'Permissions-CanImportTransactions'),(620,92,'Together'),(621,92,'NotTogether'),(622,52,'Mother'),(623,52,'Child'),(624,74,'Language-Hungarian'),(625,87,'Permissions-CanShutdownMifos'),(626,91,'RepaymentRule-RepaymentMoratorium'),(627,87,'Permissions-CanDefineHoliday'),(628,87,'Permissions.CanViewDetailedAgingOfPortfolioAtRiskReport'),(629,87,'Permissions.CanViewGeneralLedgerReport'),(630,15,'LookUpOption.Mr.1277994941878'),(631,15,'LookUpOption.Mrs.1277994946980'),(632,29,'LookUpOption.BigUser.1277994955809'),(633,17,'LookUpOption.Married.1277994974233'),(634,17,'LookUpOption.Single.1277994980488'),(635,87,'Permissions-CanViewActiveSessions'),(636,87,'Permissions-CanStartMifosShutDown'),(637,87,'Permissions-CanManageQuestionGroups'),(638,87,'Permissions-CanRunBatchJobsOnDemand'),(639,87,'Permissions-CanUpdateBatchJobsConfiguration'),(640,87,'Permissions-CanActivateQuestionGroups'),(641,19,'LookUpOption.Irish.1283396346339'),(642,19,'LookUpOption.European.1283396370020'),(643,19,'LookUpOption.Arabic.1283396402842'),(644,18,'LookUpOption.Us.1283396804055'),(645,18,'LookUpOption.Ghana.1283396813352'),(646,20,'LookUpOption.None.1283396900369'),(647,20,'LookUpOption.Degree.1283396907935'),(648,22,'LookUpOption.Blind.1283397040473'),(649,22,'LookUpOption.Deaf.1283397050379'),(650,21,'LookUpOption.FoodStall.1283397224475'),(651,21,'LookUpOption.Farmer.1283397267655'),(652,37,'InterestTypes-DecliningPrincipalBalance'),(653,87,'Permissions-CanAdjustBackDatedTransactions'),(654,87,'Permissions-CanEditPhoneNumber');
/*!40000 ALTER TABLE `lookup_value` ENABLE KEYS */;
UNLOCK TABLES;

--
-- Table structure for table `lookup_value_locale`
--

DROP TABLE IF EXISTS `lookup_value_locale`;
/*!40101 SET @saved_cs_client     = @@character_set_client */;
/*!40101 SET character_set_client = utf8 */;
CREATE TABLE `lookup_value_locale` (
  `lookup_value_id` int(11) NOT NULL AUTO_INCREMENT,
  `locale_id` smallint(6) NOT NULL,
  `lookup_id` int(11) NOT NULL,
  `lookup_value` varchar(300) DEFAULT NULL,
  PRIMARY KEY (`lookup_value_id`),
  KEY `lookup_id` (`lookup_id`),
  KEY `locale_id` (`locale_id`),
  CONSTRAINT `lookup_value_locale_ibfk_1` FOREIGN KEY (`lookup_id`) REFERENCES `lookup_value` (`lookup_id`) ON DELETE NO ACTION ON UPDATE NO ACTION,
  CONSTRAINT `lookup_value_locale_ibfk_2` FOREIGN KEY (`locale_id`) REFERENCES `supported_locale` (`locale_id`) ON DELETE NO ACTION ON UPDATE NO ACTION
) ENGINE=InnoDB AUTO_INCREMENT=984 DEFAULT CHARSET=utf8;
/*!40101 SET character_set_client = @saved_cs_client */;

--
-- Dumping data for table `lookup_value_locale`
--

LOCK TABLES `lookup_value_locale` WRITE;
/*!40000 ALTER TABLE `lookup_value_locale` DISABLE KEYS */;
INSERT INTO `lookup_value_locale` VALUES (1,1,1,NULL),(3,1,2,NULL),(5,1,3,NULL),(7,1,4,NULL),(9,1,5,NULL),(11,1,6,NULL),(13,1,7,NULL),(15,1,8,NULL),(17,1,9,NULL),(19,1,10,NULL),(21,1,11,NULL),(23,1,12,NULL),(25,1,13,NULL),(27,1,14,NULL),(29,1,15,NULL),(31,1,16,NULL),(33,1,17,NULL),(35,1,18,NULL),(37,1,19,NULL),(39,1,20,NULL),(41,1,21,NULL),(43,1,22,NULL),(45,1,23,NULL),(47,1,24,NULL),(49,1,25,NULL),(51,1,26,NULL),(53,1,27,NULL),(55,1,28,NULL),(57,1,29,NULL),(59,1,30,NULL),(61,1,31,NULL),(63,1,32,NULL),(65,1,33,NULL),(67,1,34,NULL),(69,1,35,NULL),(71,1,36,NULL),(73,1,37,NULL),(75,1,38,NULL),(81,1,41,NULL),(83,1,42,NULL),(85,1,43,NULL),(97,1,49,NULL),(99,1,50,NULL),(101,1,51,NULL),(103,1,52,NULL),(105,1,53,NULL),(107,1,54,NULL),(109,1,55,NULL),(119,1,60,NULL),(120,1,61,NULL),(135,1,68,NULL),(136,1,69,NULL),(137,1,70,NULL),(157,1,79,NULL),(158,1,80,NULL),(161,1,81,NULL),(162,1,82,NULL),(163,1,83,NULL),(164,1,84,NULL),(165,1,85,NULL),(166,1,86,NULL),(167,1,87,NULL),(168,1,88,NULL),(169,1,89,NULL),(176,1,96,NULL),(177,1,97,NULL),(178,1,98,NULL),(189,1,104,NULL),(191,1,105,NULL),(193,1,106,NULL),(195,1,107,NULL),(197,1,108,NULL),(201,1,111,NULL),(203,1,112,NULL),(205,1,113,NULL),(207,1,114,NULL),(209,1,115,NULL),(211,1,116,NULL),(213,1,117,NULL),(215,1,118,NULL),(217,1,119,NULL),(219,1,120,NULL),(221,1,121,NULL),(223,1,122,NULL),(225,1,123,NULL),(227,1,124,NULL),(229,1,125,NULL),(231,1,126,NULL),(233,1,127,NULL),(235,1,128,NULL),(237,1,129,NULL),(259,1,140,NULL),(261,1,141,NULL),(263,1,142,NULL),(264,1,143,NULL),(267,1,146,NULL),(269,1,147,NULL),(271,1,148,NULL),(273,1,149,NULL),(275,1,150,NULL),(277,1,151,NULL),(279,1,152,NULL),(281,1,153,NULL),(283,1,154,NULL),(305,1,165,NULL),(307,1,166,NULL),(309,1,167,NULL),(311,1,168,NULL),(313,1,169,NULL),(315,1,170,NULL),(317,1,171,NULL),(319,1,172,NULL),(321,1,173,NULL),(323,1,174,NULL),(325,1,175,NULL),(327,1,176,NULL),(329,1,177,NULL),(337,1,181,NULL),(339,1,182,NULL),(341,1,183,NULL),(343,1,184,NULL),(345,1,185,NULL),(347,1,186,NULL),(349,1,187,NULL),(351,1,188,NULL),(376,1,189,NULL),(380,1,191,NULL),(382,1,192,NULL),(384,1,193,NULL),(386,1,194,NULL),(388,1,195,NULL),(390,1,196,NULL),(392,1,197,NULL),(394,1,198,NULL),(395,1,199,NULL),(396,1,200,NULL),(397,1,201,NULL),(398,1,202,NULL),(399,1,203,NULL),(400,1,204,NULL),(401,1,205,NULL),(402,1,206,NULL),(403,1,207,NULL),(404,1,208,NULL),(405,1,209,NULL),(407,1,210,NULL),(409,1,211,NULL),(411,1,212,NULL),(413,1,213,NULL),(415,1,214,NULL),(417,1,215,NULL),(418,1,216,NULL),(440,1,229,NULL),(699,1,361,NULL),(700,1,362,NULL),(701,1,363,NULL),(702,1,364,NULL),(703,1,365,NULL),(704,1,366,NULL),(705,1,367,NULL),(706,1,368,NULL),(707,1,369,NULL),(708,1,370,NULL),(709,1,371,NULL),(710,1,372,NULL),(711,1,373,NULL),(712,1,374,NULL),(713,1,375,NULL),(714,1,376,NULL),(715,1,377,NULL),(716,1,378,NULL),(717,1,379,NULL),(718,1,380,NULL),(719,1,381,NULL),(720,1,382,NULL),(721,1,383,NULL),(722,1,384,NULL),(723,1,385,NULL),(724,1,386,NULL),(725,1,387,NULL),(726,1,388,NULL),(727,1,389,NULL),(728,1,390,NULL),(729,1,391,NULL),(730,1,392,NULL),(731,1,393,NULL),(732,1,394,NULL),(733,1,395,NULL),(734,1,396,NULL),(735,1,397,NULL),(736,1,398,NULL),(737,1,399,NULL),(738,1,400,NULL),(739,1,401,NULL),(740,1,402,NULL),(741,1,403,NULL),(742,1,404,NULL),(743,1,405,NULL),(745,1,407,NULL),(746,1,408,NULL),(747,1,409,NULL),(748,1,410,NULL),(749,1,411,NULL),(750,1,412,NULL),(751,1,413,NULL),(752,1,414,NULL),(753,1,415,NULL),(754,1,416,NULL),(755,1,417,NULL),(756,1,418,NULL),(757,1,419,NULL),(758,1,420,NULL),(759,1,421,NULL),(760,1,422,NULL),(761,1,423,NULL),(762,1,424,NULL),(763,1,425,NULL),(764,1,426,NULL),(765,1,427,NULL),(767,1,429,NULL),(768,1,430,NULL),(769,1,431,NULL),(770,1,432,NULL),(771,1,433,NULL),(772,1,434,NULL),(773,1,435,NULL),(774,1,436,NULL),(775,1,437,NULL),(776,1,438,NULL),(777,1,439,NULL),(778,1,440,NULL),(779,1,441,NULL),(780,1,442,NULL),(781,1,443,NULL),(782,1,444,NULL),(784,1,446,NULL),(785,1,447,NULL),(786,1,448,NULL),(787,1,449,NULL),(788,1,450,NULL),(789,1,451,NULL),(790,1,452,NULL),(791,1,453,NULL),(792,1,454,NULL),(793,1,455,NULL),(794,1,456,NULL),(795,1,457,NULL),(796,1,458,NULL),(797,1,459,NULL),(798,1,460,NULL),(799,1,461,NULL),(800,1,462,NULL),(801,1,463,NULL),(802,1,464,NULL),(803,1,465,NULL),(804,1,466,NULL),(805,1,467,NULL),(807,1,469,NULL),(808,1,470,NULL),(809,1,471,NULL),(812,1,474,NULL),(813,1,475,NULL),(814,1,476,NULL),(816,1,478,NULL),(817,1,479,NULL),(818,1,480,NULL),(819,1,481,NULL),(820,1,482,NULL),(821,1,483,NULL),(822,1,484,NULL),(823,1,485,NULL),(824,1,486,NULL),(825,1,487,NULL),(826,1,488,NULL),(827,1,489,NULL),(828,1,490,NULL),(829,1,491,NULL),(830,1,492,NULL),(831,1,493,NULL),(832,1,494,NULL),(833,1,495,NULL),(834,1,496,NULL),(835,1,497,NULL),(836,1,498,NULL),(837,1,499,NULL),(838,1,500,NULL),(839,1,501,NULL),(840,1,502,NULL),(841,1,503,NULL),(842,1,504,NULL),(869,1,531,NULL),(870,1,532,NULL),(871,1,533,NULL),(872,1,534,NULL),(873,1,535,NULL),(874,1,536,NULL),(875,1,537,NULL),(876,1,538,NULL),(877,1,539,NULL),(884,1,546,NULL),(885,1,547,NULL),(886,1,548,NULL),(887,1,549,NULL),(888,1,550,NULL),(889,1,551,NULL),(890,1,552,NULL),(891,1,553,NULL),(892,1,554,NULL),(893,1,555,NULL),(894,1,556,NULL),(895,1,557,NULL),(896,1,558,NULL),(897,1,559,NULL),(898,1,560,NULL),(899,1,561,NULL),(900,1,562,NULL),(901,1,563,NULL),(902,1,564,NULL),(903,1,565,NULL),(904,1,566,NULL),(905,1,567,NULL),(906,1,568,NULL),(912,1,179,NULL),(913,1,180,NULL),(914,1,569,NULL),(915,1,570,NULL),(916,1,571,NULL),(917,1,572,NULL),(918,1,573,NULL),(919,1,574,NULL),(920,1,575,NULL),(921,1,576,NULL),(922,1,577,NULL),(923,1,578,NULL),(924,1,579,NULL),(925,1,580,NULL),(926,1,581,NULL),(927,1,582,NULL),(928,1,583,NULL),(929,1,584,NULL),(930,1,585,NULL),(931,1,586,NULL),(932,1,587,NULL),(933,1,588,NULL),(934,1,589,NULL),(935,1,590,NULL),(936,1,591,NULL),(937,1,592,NULL),(938,1,593,NULL),(939,1,594,NULL),(940,1,595,NULL),(941,1,596,NULL),(942,1,597,NULL),(943,1,598,NULL),(944,1,602,NULL),(945,1,603,NULL),(946,1,604,NULL),(947,1,605,NULL),(948,1,606,NULL),(949,1,607,NULL),(950,1,608,NULL),(951,1,609,NULL),(952,1,610,NULL),(953,1,611,NULL),(954,1,612,NULL),(955,1,619,NULL),(956,1,625,NULL),(957,1,627,NULL),(958,1,628,'Can View Detailed Aging Of Portfolio At Risk Report'),(959,1,629,'Can View General Ledger Report'),(960,1,630,'Mr'),(961,1,631,'Mrs'),(962,1,632,'big user'),(963,1,633,'married'),(964,1,634,'single'),(965,1,635,NULL),(966,1,636,NULL),(967,1,637,NULL),(968,1,638,NULL),(969,1,639,NULL),(970,1,640,NULL),(971,1,641,'Celtic'),(972,1,642,'European'),(973,1,643,'Arabic'),(974,1,644,'US'),(975,1,645,'Ghana'),(976,1,646,'None'),(977,1,647,'Degree'),(978,1,648,'Blind'),(979,1,649,'Deaf'),(980,1,650,'Food Stall'),(981,1,651,'Farming'),(982,1,653,NULL),(983,1,654,NULL);
/*!40000 ALTER TABLE `lookup_value_locale` ENABLE KEYS */;
UNLOCK TABLES;

--
-- Table structure for table `max_min_interest_rate`
--

DROP TABLE IF EXISTS `max_min_interest_rate`;
/*!40101 SET @saved_cs_client     = @@character_set_client */;
/*!40101 SET character_set_client = utf8 */;
CREATE TABLE `max_min_interest_rate` (
  `account_id` int(11) NOT NULL AUTO_INCREMENT,
  `min_interest_rate` decimal(21,4) NOT NULL,
  `max_interest_rate` decimal(21,4) NOT NULL,
  PRIMARY KEY (`account_id`),
  CONSTRAINT `max_min_interest_rate_ibfk_1` FOREIGN KEY (`account_id`) REFERENCES `loan_account` (`account_id`) ON DELETE NO ACTION ON UPDATE NO ACTION
) ENGINE=InnoDB AUTO_INCREMENT=113 DEFAULT CHARSET=utf8;
/*!40101 SET character_set_client = @saved_cs_client */;

--
-- Dumping data for table `max_min_interest_rate`
--

LOCK TABLES `max_min_interest_rate` WRITE;
/*!40000 ALTER TABLE `max_min_interest_rate` DISABLE KEYS */;
INSERT INTO `max_min_interest_rate` VALUES (4,'3.0000','8.0000'),(8,'5.0000','9.0000'),(15,'3.0000','8.0000'),(16,'5.0000','9.0000'),(21,'3.0000','8.0000'),(23,'5.0000','9.0000'),(32,'3.0000','8.0000'),(38,'3.0000','8.0000'),(44,'5.0000','9.0000'),(53,'3.0000','8.0000'),(55,'7.0000','9.0000'),(59,'3.0000','8.0000'),(66,'3.0000','8.0000'),(78,'3.0000','8.0000'),(86,'3.0000','8.0000'),(91,'3.0000','8.0000'),(112,'7.0000','9.0000');
/*!40000 ALTER TABLE `max_min_interest_rate` ENABLE KEYS */;
UNLOCK TABLES;

--
-- Table structure for table `max_min_loan_amount`
--

DROP TABLE IF EXISTS `max_min_loan_amount`;
/*!40101 SET @saved_cs_client     = @@character_set_client */;
/*!40101 SET character_set_client = utf8 */;
CREATE TABLE `max_min_loan_amount` (
  `account_id` int(11) NOT NULL AUTO_INCREMENT,
  `min_loan_amount` decimal(21,4) NOT NULL,
  `max_loan_amount` decimal(21,4) NOT NULL,
  PRIMARY KEY (`account_id`),
  CONSTRAINT `max_min_loan_amount_ibfk_1` FOREIGN KEY (`account_id`) REFERENCES `loan_account` (`account_id`) ON DELETE NO ACTION ON UPDATE NO ACTION
) ENGINE=InnoDB AUTO_INCREMENT=113 DEFAULT CHARSET=utf8;
/*!40101 SET character_set_client = @saved_cs_client */;

--
-- Dumping data for table `max_min_loan_amount`
--

LOCK TABLES `max_min_loan_amount` WRITE;
/*!40000 ALTER TABLE `max_min_loan_amount` DISABLE KEYS */;
INSERT INTO `max_min_loan_amount` VALUES (4,'1000.0000','5000.0000'),(8,'2000.0000','6000.0000'),(15,'1000.0000','5000.0000'),(16,'2000.0000','6000.0000'),(21,'1000.0000','5000.0000'),(23,'2000.0000','6000.0000'),(32,'1000.0000','5000.0000'),(38,'1000.0000','5000.0000'),(44,'2000.0000','6000.0000'),(53,'1000.0000','5000.0000'),(55,'2345.0000','6000.0000'),(59,'1000.0000','5000.0000'),(66,'1000.0000','5000.0000'),(78,'1000.0000','5000.0000'),(86,'1000.0000','5000.0000'),(91,'1000.0000','5000.0000'),(112,'2345.0000','6000.0000');
/*!40000 ALTER TABLE `max_min_loan_amount` ENABLE KEYS */;
UNLOCK TABLES;

--
-- Table structure for table `max_min_no_of_install`
--

DROP TABLE IF EXISTS `max_min_no_of_install`;
/*!40101 SET @saved_cs_client     = @@character_set_client */;
/*!40101 SET character_set_client = utf8 */;
CREATE TABLE `max_min_no_of_install` (
  `account_id` int(11) NOT NULL AUTO_INCREMENT,
  `min_no_install` decimal(21,4) NOT NULL,
  `max_no_install` decimal(21,4) NOT NULL,
  PRIMARY KEY (`account_id`),
  CONSTRAINT `max_min_no_of_install_ibfk_1` FOREIGN KEY (`account_id`) REFERENCES `loan_account` (`account_id`) ON DELETE NO ACTION ON UPDATE NO ACTION
) ENGINE=InnoDB AUTO_INCREMENT=113 DEFAULT CHARSET=utf8;
/*!40101 SET character_set_client = @saved_cs_client */;

--
-- Dumping data for table `max_min_no_of_install`
--

LOCK TABLES `max_min_no_of_install` WRITE;
/*!40000 ALTER TABLE `max_min_no_of_install` DISABLE KEYS */;
INSERT INTO `max_min_no_of_install` VALUES (4,'1.0000','15.0000'),(8,'1.0000','15.0000'),(15,'1.0000','15.0000'),(16,'1.0000','15.0000'),(21,'1.0000','15.0000'),(23,'1.0000','15.0000'),(32,'1.0000','15.0000'),(38,'1.0000','15.0000'),(44,'1.0000','15.0000'),(53,'1.0000','15.0000'),(55,'1.0000','12.0000'),(59,'1.0000','15.0000'),(66,'1.0000','15.0000'),(78,'1.0000','15.0000'),(86,'1.0000','15.0000'),(91,'1.0000','15.0000'),(112,'1.0000','12.0000');
/*!40000 ALTER TABLE `max_min_no_of_install` ENABLE KEYS */;
UNLOCK TABLES;

--
-- Table structure for table `meeting`
--

DROP TABLE IF EXISTS `meeting`;
/*!40101 SET @saved_cs_client     = @@character_set_client */;
/*!40101 SET character_set_client = utf8 */;
CREATE TABLE `meeting` (
  `meeting_id` int(11) NOT NULL AUTO_INCREMENT,
  `meeting_type_id` smallint(6) NOT NULL,
  `meeting_place` varchar(200) DEFAULT NULL,
  `start_date` date DEFAULT NULL,
  `end_date` date DEFAULT NULL,
  `start_time` date DEFAULT NULL,
  `end_time` date DEFAULT NULL,
  `version_no` int(11) DEFAULT NULL,
  PRIMARY KEY (`meeting_id`),
  KEY `meeting_type_id` (`meeting_type_id`),
  CONSTRAINT `meeting_ibfk_1` FOREIGN KEY (`meeting_type_id`) REFERENCES `meeting_type` (`meeting_type_id`) ON DELETE NO ACTION ON UPDATE NO ACTION
) ENGINE=InnoDB AUTO_INCREMENT=94 DEFAULT CHARSET=utf8;
/*!40101 SET character_set_client = @saved_cs_client */;

--
-- Dumping data for table `meeting`
--

LOCK TABLES `meeting` WRITE;
/*!40000 ALTER TABLE `meeting` DISABLE KEYS */;
INSERT INTO `meeting` VALUES (1,4,'after it','2010-07-01',NULL,NULL,NULL,13),(2,1,'meetingPlace','2010-07-02',NULL,NULL,NULL,0),(3,3,'meetingPlace','2010-07-02',NULL,NULL,NULL,0),(4,2,'meetingPlace','2010-07-02',NULL,NULL,NULL,0),(5,2,'meetingPlace','2010-07-02',NULL,NULL,NULL,0),(6,3,'meetingPlace','2010-07-02',NULL,NULL,NULL,0),(7,4,'after it','2010-07-16',NULL,NULL,NULL,1),(8,1,'meetingPlace','2010-07-02',NULL,NULL,NULL,0),(9,2,'meetingPlace',NULL,NULL,NULL,NULL,1),(10,2,'meetingPlace',NULL,NULL,NULL,NULL,1),(11,4,'after it','2010-07-08',NULL,NULL,NULL,0),(12,2,'meetingPlace',NULL,NULL,NULL,NULL,1),(13,2,'meetingPlace',NULL,NULL,NULL,NULL,1),(14,2,'meetingPlace',NULL,NULL,NULL,NULL,1),(15,4,'after it','2010-07-08',NULL,NULL,NULL,0),(16,4,'after it','2010-07-08',NULL,NULL,NULL,0),(17,2,'meetingPlace',NULL,NULL,NULL,NULL,1),(18,2,'meetingPlace',NULL,NULL,NULL,NULL,1),(19,4,'after it','2010-07-18',NULL,NULL,NULL,1),(20,4,'branch hall','2010-07-18',NULL,NULL,NULL,0),(21,4,'branch hall','2010-07-24',NULL,NULL,NULL,0),(22,2,'meetingPlace',NULL,NULL,NULL,NULL,1),(23,4,'xxxx','2010-07-20',NULL,NULL,NULL,4),(24,2,'meetingPlace',NULL,NULL,NULL,NULL,1),(25,2,'meetingPlace','2006-01-01',NULL,NULL,NULL,0),(26,4,'xxxx','2010-07-21',NULL,NULL,NULL,1),(27,2,'meetingPlace',NULL,NULL,NULL,NULL,1),(28,2,'meetingPlace','2006-01-01',NULL,NULL,NULL,0),(29,4,'after it','2010-07-22',NULL,NULL,NULL,0),(30,4,'aaaa','2010-07-22',NULL,NULL,NULL,3),(31,4,'after it','2010-07-22',NULL,NULL,NULL,0),(32,2,'meetingPlace',NULL,NULL,NULL,NULL,1),(33,2,'meetingPlace',NULL,NULL,NULL,NULL,1),(34,4,'ww','2010-07-25',NULL,NULL,NULL,9),(35,4,'dfdf','2010-07-25',NULL,NULL,NULL,0),(36,4,'22','2010-07-25',NULL,NULL,NULL,0),(37,4,'asdf','2010-07-25',NULL,NULL,NULL,0),(38,2,'meetingPlace',NULL,NULL,NULL,NULL,1),(39,4,'asdf','2010-07-29',NULL,NULL,NULL,0),(40,4,'asdf','2010-07-25',NULL,NULL,NULL,1),(41,1,'meetingPlace','2010-07-25',NULL,NULL,NULL,0),(42,3,'meetingPlace','2010-07-25',NULL,NULL,NULL,0),(43,2,'meetingPlace','2010-07-25',NULL,NULL,NULL,0),(44,3,'meetingPlace','2010-07-25',NULL,NULL,NULL,0),(45,2,'meetingPlace','2010-07-25',NULL,NULL,NULL,0),(46,4,'asdf','2010-07-28',NULL,NULL,NULL,0),(47,2,'meetingPlace',NULL,NULL,NULL,NULL,1),(48,2,'meetingPlace',NULL,NULL,NULL,NULL,1),(49,4,'asdf','2010-07-28',NULL,NULL,NULL,0),(50,4,'fdfd','2010-07-25',NULL,NULL,NULL,0),(51,2,'meetingPlace',NULL,NULL,NULL,NULL,1),(52,4,'asdf','2010-07-25',NULL,NULL,NULL,2),(53,2,'meetingPlace',NULL,NULL,NULL,NULL,1),(54,4,'asdf','2010-07-28',NULL,NULL,NULL,0),(55,2,'meetingPlace',NULL,NULL,NULL,NULL,1),(56,4,'asdf','2010-07-29',NULL,NULL,NULL,1),(57,4,'asdf','2010-07-29',NULL,NULL,NULL,1),(58,4,'fff','2010-07-29',NULL,NULL,NULL,1),(59,2,'meetingPlace',NULL,NULL,NULL,NULL,1),(60,4,'fff','2010-08-02',NULL,NULL,NULL,0),(61,4,'qqq','2010-07-29',NULL,NULL,NULL,0),(62,2,'meetingPlace',NULL,NULL,NULL,NULL,1),(63,4,'asdf','2010-07-29',NULL,NULL,NULL,0),(64,2,'meetingPlace',NULL,NULL,NULL,NULL,1),(65,4,'asdf','2010-07-29',NULL,NULL,NULL,1),(66,2,'meetingPlace',NULL,NULL,NULL,NULL,1),(67,4,'asdf','2010-08-02',NULL,NULL,NULL,0),(68,4,'asdf','2010-07-31',NULL,NULL,NULL,0),(69,2,'meetingPlace',NULL,NULL,NULL,NULL,1),(70,4,'df','2010-08-01',NULL,NULL,NULL,2),(71,4,'df','2010-08-02',NULL,NULL,NULL,0),(72,2,'meetingPlace','2006-01-01',NULL,NULL,NULL,0),(73,4,'asf','2010-08-01',NULL,NULL,NULL,0),(74,2,'meetingPlace',NULL,NULL,NULL,NULL,1),(75,4,'fdf','2010-08-04',NULL,NULL,NULL,1),(76,4,'asdf','2010-08-07',NULL,NULL,NULL,2),(77,2,'meetingPlace',NULL,NULL,NULL,NULL,1),(78,2,'meetingPlace',NULL,NULL,NULL,NULL,1),(79,5,'meetingPlace','2010-08-27',NULL,NULL,NULL,0),(80,4,'zxc','2010-08-27',NULL,NULL,NULL,3),(81,4,'asdf','2010-08-27',NULL,NULL,NULL,0),(82,5,'meetingPlace','2010-08-27',NULL,NULL,NULL,0),(83,5,'meetingPlace','2010-08-27',NULL,NULL,NULL,0),(84,2,'meetingPlace',NULL,NULL,NULL,NULL,1),(85,4,'asf','2010-08-28',NULL,NULL,NULL,1),(86,5,'meetingPlace','2010-08-28',NULL,NULL,NULL,0),(87,4,'asf','2010-08-28',NULL,NULL,NULL,0),(88,4,'asdf','2010-09-02',NULL,NULL,NULL,1),(89,4,'sxsx','2010-09-03',NULL,NULL,NULL,2),(90,4,'asdf','2010-09-05',NULL,NULL,NULL,1),(91,4,'asdf','2010-09-06',NULL,NULL,NULL,1),(92,4,'d','2010-09-06',NULL,NULL,NULL,1),(93,4,'meetingPlace','2011-01-13',NULL,NULL,NULL,1);
/*!40000 ALTER TABLE `meeting` ENABLE KEYS */;
UNLOCK TABLES;

--
-- Table structure for table `meeting_type`
--

DROP TABLE IF EXISTS `meeting_type`;
/*!40101 SET @saved_cs_client     = @@character_set_client */;
/*!40101 SET character_set_client = utf8 */;
CREATE TABLE `meeting_type` (
  `meeting_type_id` smallint(6) NOT NULL AUTO_INCREMENT,
  `meeting_purpose` varchar(50) DEFAULT NULL,
  `description` varchar(200) NOT NULL,
  PRIMARY KEY (`meeting_type_id`)
) ENGINE=InnoDB AUTO_INCREMENT=6 DEFAULT CHARSET=utf8;
/*!40101 SET character_set_client = @saved_cs_client */;

--
-- Dumping data for table `meeting_type`
--

LOCK TABLES `meeting_type` WRITE;
/*!40000 ALTER TABLE `meeting_type` DISABLE KEYS */;
INSERT INTO `meeting_type` VALUES (1,'LOANFREQUENCYOFINSTALLMENTS','Loan Frequency of istalments'),(2,'SAVINGSTIMEPERFORINTCALC','Savings Time Period for Interest Calculation'),(3,'SAVINGSFRQINTPOSTACC','Savings Frequency of Interest Posting to Accounts'),(4,'CUSTOMERMEETING','Customer Meeting'),(5,'FEEMEETING','Fees Meetings');
/*!40000 ALTER TABLE `meeting_type` ENABLE KEYS */;
UNLOCK TABLES;

--
-- Table structure for table `mfi_attribute`
--

DROP TABLE IF EXISTS `mfi_attribute`;
/*!40101 SET @saved_cs_client     = @@character_set_client */;
/*!40101 SET character_set_client = utf8 */;
CREATE TABLE `mfi_attribute` (
  `attribute_id` smallint(6) NOT NULL,
  `office_id` smallint(6) NOT NULL,
  `attribute_name` varchar(100) NOT NULL,
  `attribute_value` varchar(200) NOT NULL,
  PRIMARY KEY (`attribute_id`),
  KEY `office_id` (`office_id`),
  CONSTRAINT `mfi_attribute_ibfk_1` FOREIGN KEY (`office_id`) REFERENCES `office` (`office_id`) ON DELETE NO ACTION ON UPDATE NO ACTION
) ENGINE=InnoDB DEFAULT CHARSET=utf8;
/*!40101 SET character_set_client = @saved_cs_client */;

--
-- Dumping data for table `mfi_attribute`
--

LOCK TABLES `mfi_attribute` WRITE;
/*!40000 ALTER TABLE `mfi_attribute` DISABLE KEYS */;
INSERT INTO `mfi_attribute` VALUES (1,1,'CENTER','GROUP'),(2,1,'CENTER','GROUP'),(3,1,'CENTER','GROUP'),(4,1,'CENTER','GROUP'),(5,1,'CENTER','GROUP');
/*!40000 ALTER TABLE `mfi_attribute` ENABLE KEYS */;
UNLOCK TABLES;

--
-- Table structure for table `monthly_cash_flow_details`
--

DROP TABLE IF EXISTS `monthly_cash_flow_details`;
/*!40101 SET @saved_cs_client     = @@character_set_client */;
/*!40101 SET character_set_client = utf8 */;
CREATE TABLE `monthly_cash_flow_details` (
  `id` int(11) NOT NULL AUTO_INCREMENT,
  `cash_flow_id` int(11) DEFAULT NULL,
  `month_year` date DEFAULT NULL,
  `revenue` decimal(21,4) NOT NULL,
  `expenses` decimal(21,4) NOT NULL,
  `notes` varchar(300) DEFAULT NULL,
  PRIMARY KEY (`id`),
  KEY `cash_flow_id` (`cash_flow_id`),
  CONSTRAINT `monthly_cash_flow_details_ibfk_1` FOREIGN KEY (`cash_flow_id`) REFERENCES `cash_flow` (`id`) ON DELETE NO ACTION ON UPDATE NO ACTION
) ENGINE=InnoDB DEFAULT CHARSET=utf8;
/*!40101 SET character_set_client = @saved_cs_client */;

--
-- Dumping data for table `monthly_cash_flow_details`
--

LOCK TABLES `monthly_cash_flow_details` WRITE;
/*!40000 ALTER TABLE `monthly_cash_flow_details` DISABLE KEYS */;
/*!40000 ALTER TABLE `monthly_cash_flow_details` ENABLE KEYS */;
UNLOCK TABLES;

--
-- Table structure for table `no_of_install_from_last_loan`
--

DROP TABLE IF EXISTS `no_of_install_from_last_loan`;
/*!40101 SET @saved_cs_client     = @@character_set_client */;
/*!40101 SET character_set_client = utf8 */;
CREATE TABLE `no_of_install_from_last_loan` (
  `no_of_install_from_last_loan_id` smallint(6) NOT NULL AUTO_INCREMENT,
  `prd_offering_id` smallint(6) NOT NULL,
  `start_range` decimal(21,4) NOT NULL,
  `end_range` decimal(21,4) NOT NULL,
  `min_no_install` decimal(21,4) NOT NULL,
  `max_no_install` decimal(21,4) NOT NULL,
  `default_no_install` decimal(21,4) NOT NULL,
  PRIMARY KEY (`no_of_install_from_last_loan_id`),
  KEY `prd_offering_id` (`prd_offering_id`),
  CONSTRAINT `no_of_install_from_last_loan_ibfk_1` FOREIGN KEY (`prd_offering_id`) REFERENCES `loan_offering` (`prd_offering_id`) ON DELETE NO ACTION ON UPDATE NO ACTION
) ENGINE=InnoDB DEFAULT CHARSET=utf8;
/*!40101 SET character_set_client = @saved_cs_client */;

--
-- Dumping data for table `no_of_install_from_last_loan`
--

LOCK TABLES `no_of_install_from_last_loan` WRITE;
/*!40000 ALTER TABLE `no_of_install_from_last_loan` DISABLE KEYS */;
/*!40000 ALTER TABLE `no_of_install_from_last_loan` ENABLE KEYS */;
UNLOCK TABLES;

--
-- Table structure for table `no_of_install_from_loan_cycle`
--

DROP TABLE IF EXISTS `no_of_install_from_loan_cycle`;
/*!40101 SET @saved_cs_client     = @@character_set_client */;
/*!40101 SET character_set_client = utf8 */;
CREATE TABLE `no_of_install_from_loan_cycle` (
  `no_of_install_from_loan_cycle_id` smallint(6) NOT NULL AUTO_INCREMENT,
  `prd_offering_id` smallint(6) NOT NULL,
  `min_no_install` decimal(21,4) NOT NULL,
  `max_no_install` decimal(21,4) NOT NULL,
  `default_no_install` decimal(21,4) NOT NULL,
  `range_index` decimal(21,4) NOT NULL,
  PRIMARY KEY (`no_of_install_from_loan_cycle_id`),
  KEY `prd_offering_id` (`prd_offering_id`),
  CONSTRAINT `no_of_install_from_loan_cycle_ibfk_1` FOREIGN KEY (`prd_offering_id`) REFERENCES `loan_offering` (`prd_offering_id`) ON DELETE NO ACTION ON UPDATE NO ACTION
) ENGINE=InnoDB DEFAULT CHARSET=utf8;
/*!40101 SET character_set_client = @saved_cs_client */;

--
-- Dumping data for table `no_of_install_from_loan_cycle`
--

LOCK TABLES `no_of_install_from_loan_cycle` WRITE;
/*!40000 ALTER TABLE `no_of_install_from_loan_cycle` DISABLE KEYS */;
/*!40000 ALTER TABLE `no_of_install_from_loan_cycle` ENABLE KEYS */;
UNLOCK TABLES;

--
-- Table structure for table `no_of_install_same_for_all_loan`
--

DROP TABLE IF EXISTS `no_of_install_same_for_all_loan`;
/*!40101 SET @saved_cs_client     = @@character_set_client */;
/*!40101 SET character_set_client = utf8 */;
CREATE TABLE `no_of_install_same_for_all_loan` (
  `no_of_install_same_for_all_loan_id` smallint(6) NOT NULL AUTO_INCREMENT,
  `prd_offering_id` smallint(6) NOT NULL,
  `min_no_install` decimal(21,4) NOT NULL,
  `max_no_install` decimal(21,4) NOT NULL,
  `default_no_install` decimal(21,4) NOT NULL,
  PRIMARY KEY (`no_of_install_same_for_all_loan_id`),
  KEY `prd_offering_id` (`prd_offering_id`),
  CONSTRAINT `no_of_install_same_for_all_loan_ibfk_1` FOREIGN KEY (`prd_offering_id`) REFERENCES `loan_offering` (`prd_offering_id`) ON DELETE NO ACTION ON UPDATE NO ACTION
) ENGINE=InnoDB AUTO_INCREMENT=7 DEFAULT CHARSET=utf8;
/*!40101 SET character_set_client = @saved_cs_client */;

--
-- Dumping data for table `no_of_install_same_for_all_loan`
--

LOCK TABLES `no_of_install_same_for_all_loan` WRITE;
/*!40000 ALTER TABLE `no_of_install_same_for_all_loan` DISABLE KEYS */;
INSERT INTO `no_of_install_same_for_all_loan` VALUES (4,5,'1.0000','12.0000','8.0000'),(5,1,'1.0000','15.0000','7.0000'),(6,4,'1.0000','15.0000','9.0000');
/*!40000 ALTER TABLE `no_of_install_same_for_all_loan` ENABLE KEYS */;
UNLOCK TABLES;

--
-- Table structure for table `offering_fund`
--

DROP TABLE IF EXISTS `offering_fund`;
/*!40101 SET @saved_cs_client     = @@character_set_client */;
/*!40101 SET character_set_client = utf8 */;
CREATE TABLE `offering_fund` (
  `offering_fund_id` smallint(6) NOT NULL,
  `fund_id` smallint(6) DEFAULT NULL,
  `prd_offering_id` smallint(6) DEFAULT NULL,
  PRIMARY KEY (`offering_fund_id`),
  KEY `fund_id` (`fund_id`),
  KEY `prd_offering_id` (`prd_offering_id`),
  CONSTRAINT `offering_fund_ibfk_1` FOREIGN KEY (`fund_id`) REFERENCES `fund` (`fund_id`) ON DELETE NO ACTION ON UPDATE NO ACTION,
  CONSTRAINT `offering_fund_ibfk_2` FOREIGN KEY (`prd_offering_id`) REFERENCES `prd_offering` (`prd_offering_id`) ON DELETE NO ACTION ON UPDATE NO ACTION
) ENGINE=InnoDB DEFAULT CHARSET=utf8;
/*!40101 SET character_set_client = @saved_cs_client */;

--
-- Dumping data for table `offering_fund`
--

LOCK TABLES `offering_fund` WRITE;
/*!40000 ALTER TABLE `offering_fund` DISABLE KEYS */;
/*!40000 ALTER TABLE `offering_fund` ENABLE KEYS */;
UNLOCK TABLES;

--
-- Table structure for table `office`
--

DROP TABLE IF EXISTS `office`;
/*!40101 SET @saved_cs_client     = @@character_set_client */;
/*!40101 SET character_set_client = utf8 */;
CREATE TABLE `office` (
  `office_id` smallint(6) NOT NULL AUTO_INCREMENT,
  `global_office_num` varchar(100) NOT NULL,
  `office_level_id` smallint(6) NOT NULL,
  `search_id` varchar(100) NOT NULL,
  `max_child_count` int(11) NOT NULL,
  `local_remote_flag` smallint(6) NOT NULL,
  `display_name` varchar(200) NOT NULL,
  `created_by` smallint(6) DEFAULT NULL,
  `created_date` date DEFAULT NULL,
  `updated_by` smallint(6) DEFAULT NULL,
  `updated_date` date DEFAULT NULL,
  `office_short_name` varchar(4) NOT NULL,
  `parent_office_id` smallint(6) DEFAULT NULL,
  `status_id` smallint(6) NOT NULL,
  `version_no` int(11) NOT NULL,
  `office_code_id` smallint(6) DEFAULT NULL,
  PRIMARY KEY (`office_id`),
  UNIQUE KEY `global_office_num` (`global_office_num`),
  UNIQUE KEY `office_global_idx` (`global_office_num`),
  KEY `office_level_id` (`office_level_id`),
  KEY `parent_office_id` (`parent_office_id`),
  KEY `status_id` (`status_id`),
  KEY `office_code_id` (`office_code_id`),
  CONSTRAINT `office_ibfk_1` FOREIGN KEY (`office_level_id`) REFERENCES `office_level` (`level_id`) ON DELETE NO ACTION ON UPDATE NO ACTION,
  CONSTRAINT `office_ibfk_2` FOREIGN KEY (`parent_office_id`) REFERENCES `office` (`office_id`) ON DELETE NO ACTION ON UPDATE NO ACTION,
  CONSTRAINT `office_ibfk_3` FOREIGN KEY (`status_id`) REFERENCES `office_status` (`status_id`) ON DELETE NO ACTION ON UPDATE NO ACTION,
  CONSTRAINT `office_ibfk_4` FOREIGN KEY (`office_code_id`) REFERENCES `office_code` (`code_id`) ON DELETE NO ACTION ON UPDATE NO ACTION
) ENGINE=InnoDB AUTO_INCREMENT=7 DEFAULT CHARSET=utf8;
/*!40101 SET character_set_client = @saved_cs_client */;

--
-- Dumping data for table `office`
--

LOCK TABLES `office` WRITE;
/*!40000 ALTER TABLE `office` DISABLE KEYS */;
INSERT INTO `office` VALUES (1,'0001',1,'1.1.',2,1,'Mifos HO ',NULL,NULL,NULL,NULL,'MIF1',NULL,1,2,NULL),(2,'0002',2,'1.1.3.',0,1,'RO dw1',1,'2010-07-01',NULL,NULL,'ro1',1,1,1,NULL),(3,'0003',5,'1.1.3.2.',0,1,'BO 1',1,'2010-07-01',NULL,NULL,'BO1',2,1,1,NULL),(4,'0004',5,'1.1.1.',0,1,'br2',1,'2010-07-04',NULL,NULL,'br2',1,1,1,NULL),(5,'0005',5,'1.1.3.1.',0,1,'br3',1,'2010-07-04',1,'2010-07-31','br3',2,1,3,NULL),(6,'0006',5,'1.1.2.',0,1,'br4',1,'2010-07-04',1,'2010-07-04','br4',1,1,1,NULL);
/*!40000 ALTER TABLE `office` ENABLE KEYS */;
UNLOCK TABLES;

--
-- Table structure for table `office_action_payment_type`
--

DROP TABLE IF EXISTS `office_action_payment_type`;
/*!40101 SET @saved_cs_client     = @@character_set_client */;
/*!40101 SET character_set_client = utf8 */;
CREATE TABLE `office_action_payment_type` (
  `office_id` smallint(6) DEFAULT NULL,
  `prd_type_id` smallint(6) DEFAULT NULL,
  `account_action_id` smallint(6) NOT NULL,
  `payment_type_id` smallint(6) DEFAULT NULL,
  KEY `account_action_id` (`account_action_id`),
  KEY `office_id` (`office_id`),
  KEY `payment_type_id` (`payment_type_id`),
  KEY `prd_type_id` (`prd_type_id`),
  CONSTRAINT `office_action_payment_type_ibfk_1` FOREIGN KEY (`account_action_id`) REFERENCES `account_action` (`account_action_id`) ON DELETE NO ACTION ON UPDATE NO ACTION,
  CONSTRAINT `office_action_payment_type_ibfk_2` FOREIGN KEY (`office_id`) REFERENCES `office` (`office_id`) ON DELETE NO ACTION ON UPDATE NO ACTION,
  CONSTRAINT `office_action_payment_type_ibfk_3` FOREIGN KEY (`payment_type_id`) REFERENCES `payment_type` (`payment_type_id`) ON DELETE NO ACTION ON UPDATE NO ACTION,
  CONSTRAINT `office_action_payment_type_ibfk_4` FOREIGN KEY (`prd_type_id`) REFERENCES `prd_type` (`prd_type_id`) ON DELETE NO ACTION ON UPDATE NO ACTION
) ENGINE=InnoDB DEFAULT CHARSET=utf8;
/*!40101 SET character_set_client = @saved_cs_client */;

--
-- Dumping data for table `office_action_payment_type`
--

LOCK TABLES `office_action_payment_type` WRITE;
/*!40000 ALTER TABLE `office_action_payment_type` DISABLE KEYS */;
INSERT INTO `office_action_payment_type` VALUES (NULL,NULL,1,NULL),(NULL,NULL,2,NULL),(NULL,NULL,3,NULL),(NULL,NULL,4,NULL),(NULL,NULL,5,NULL);
/*!40000 ALTER TABLE `office_action_payment_type` ENABLE KEYS */;
UNLOCK TABLES;

--
-- Table structure for table `office_address`
--

DROP TABLE IF EXISTS `office_address`;
/*!40101 SET @saved_cs_client     = @@character_set_client */;
/*!40101 SET character_set_client = utf8 */;
CREATE TABLE `office_address` (
  `office_address_id` smallint(6) NOT NULL AUTO_INCREMENT,
  `office_id` smallint(6) NOT NULL,
  `address_1` varchar(200) DEFAULT NULL,
  `address_2` varchar(200) DEFAULT NULL,
  `address_3` varchar(200) DEFAULT NULL,
  `city` varchar(100) DEFAULT NULL,
  `state` varchar(100) DEFAULT NULL,
  `country` varchar(100) DEFAULT NULL,
  `zip` varchar(20) DEFAULT NULL,
  `telephone` varchar(20) DEFAULT NULL,
  PRIMARY KEY (`office_address_id`),
  KEY `office_id` (`office_id`),
  CONSTRAINT `office_address_ibfk_1` FOREIGN KEY (`office_id`) REFERENCES `office` (`office_id`) ON DELETE NO ACTION ON UPDATE NO ACTION
) ENGINE=InnoDB AUTO_INCREMENT=6 DEFAULT CHARSET=utf8;
/*!40101 SET character_set_client = @saved_cs_client */;

--
-- Dumping data for table `office_address`
--

LOCK TABLES `office_address` WRITE;
/*!40000 ALTER TABLE `office_address` DISABLE KEYS */;
INSERT INTO `office_address` VALUES (1,2,'main road','','','','','','',''),(2,3,'Branch St','','','','','','',''),(3,4,'','','','','','','',''),(4,5,'','','','','','','',''),(5,6,'','','','','','','','');
/*!40000 ALTER TABLE `office_address` ENABLE KEYS */;
UNLOCK TABLES;

--
-- Table structure for table `office_code`
--

DROP TABLE IF EXISTS `office_code`;
/*!40101 SET @saved_cs_client     = @@character_set_client */;
/*!40101 SET character_set_client = utf8 */;
CREATE TABLE `office_code` (
  `code_id` smallint(6) NOT NULL AUTO_INCREMENT,
  `lookup_id` int(11) NOT NULL,
  PRIMARY KEY (`code_id`),
  KEY `lookup_id` (`lookup_id`),
  CONSTRAINT `office_code_ibfk_1` FOREIGN KEY (`lookup_id`) REFERENCES `lookup_value` (`lookup_id`) ON DELETE NO ACTION ON UPDATE NO ACTION
) ENGINE=InnoDB AUTO_INCREMENT=3 DEFAULT CHARSET=utf8;
/*!40101 SET character_set_client = @saved_cs_client */;

--
-- Dumping data for table `office_code`
--

LOCK TABLES `office_code` WRITE;
/*!40000 ALTER TABLE `office_code` DISABLE KEYS */;
INSERT INTO `office_code` VALUES (1,111),(2,112);
/*!40000 ALTER TABLE `office_code` ENABLE KEYS */;
UNLOCK TABLES;

--
-- Table structure for table `office_custom_field`
--

DROP TABLE IF EXISTS `office_custom_field`;
/*!40101 SET @saved_cs_client     = @@character_set_client */;
/*!40101 SET character_set_client = utf8 */;
CREATE TABLE `office_custom_field` (
  `office_custom_field_id` int(11) NOT NULL AUTO_INCREMENT,
  `office_id` smallint(6) NOT NULL,
  `field_id` smallint(6) NOT NULL,
  `field_value` varchar(200) DEFAULT NULL,
  PRIMARY KEY (`office_custom_field_id`),
  KEY `office_id` (`office_id`),
  CONSTRAINT `office_custom_field_ibfk_1` FOREIGN KEY (`office_id`) REFERENCES `office` (`office_id`) ON DELETE NO ACTION ON UPDATE NO ACTION
) ENGINE=InnoDB DEFAULT CHARSET=utf8;
/*!40101 SET character_set_client = @saved_cs_client */;

--
-- Dumping data for table `office_custom_field`
--

LOCK TABLES `office_custom_field` WRITE;
/*!40000 ALTER TABLE `office_custom_field` DISABLE KEYS */;
/*!40000 ALTER TABLE `office_custom_field` ENABLE KEYS */;
UNLOCK TABLES;

--
-- Table structure for table `office_hierarchy`
--

DROP TABLE IF EXISTS `office_hierarchy`;
/*!40101 SET @saved_cs_client     = @@character_set_client */;
/*!40101 SET character_set_client = utf8 */;
CREATE TABLE `office_hierarchy` (
  `hierarchy_id` int(11) NOT NULL AUTO_INCREMENT,
  `parent_id` smallint(6) NOT NULL,
  `office_id` smallint(6) DEFAULT NULL,
  `status` smallint(6) DEFAULT NULL,
  `start_date` date DEFAULT NULL,
  `end_date` date DEFAULT NULL,
  `updated_by` smallint(6) DEFAULT NULL,
  `updated_date` date DEFAULT NULL,
  PRIMARY KEY (`hierarchy_id`),
  KEY `parent_id` (`parent_id`),
  KEY `updated_by` (`updated_by`),
  KEY `office_hierarchy_idx` (`office_id`,`status`),
  CONSTRAINT `office_hierarchy_ibfk_1` FOREIGN KEY (`office_id`) REFERENCES `office` (`office_id`) ON DELETE NO ACTION ON UPDATE NO ACTION,
  CONSTRAINT `office_hierarchy_ibfk_2` FOREIGN KEY (`parent_id`) REFERENCES `office` (`office_id`) ON DELETE NO ACTION ON UPDATE NO ACTION,
  CONSTRAINT `office_hierarchy_ibfk_3` FOREIGN KEY (`updated_by`) REFERENCES `personnel` (`personnel_id`) ON DELETE NO ACTION ON UPDATE NO ACTION
) ENGINE=InnoDB DEFAULT CHARSET=utf8;
/*!40101 SET character_set_client = @saved_cs_client */;

--
-- Dumping data for table `office_hierarchy`
--

LOCK TABLES `office_hierarchy` WRITE;
/*!40000 ALTER TABLE `office_hierarchy` DISABLE KEYS */;
/*!40000 ALTER TABLE `office_hierarchy` ENABLE KEYS */;
UNLOCK TABLES;

--
-- Table structure for table `office_holiday`
--

DROP TABLE IF EXISTS `office_holiday`;
/*!40101 SET @saved_cs_client     = @@character_set_client */;
/*!40101 SET character_set_client = utf8 */;
CREATE TABLE `office_holiday` (
  `office_id` smallint(6) NOT NULL DEFAULT '0',
  `holiday_id` int(11) NOT NULL DEFAULT '0',
  PRIMARY KEY (`office_id`,`holiday_id`),
  KEY `holiday_id` (`holiday_id`),
  CONSTRAINT `office_holiday_ibfk_1` FOREIGN KEY (`office_id`) REFERENCES `office` (`office_id`) ON DELETE NO ACTION ON UPDATE NO ACTION,
  CONSTRAINT `office_holiday_ibfk_2` FOREIGN KEY (`holiday_id`) REFERENCES `holiday` (`holiday_id`) ON DELETE NO ACTION ON UPDATE NO ACTION
) ENGINE=InnoDB DEFAULT CHARSET=utf8;
/*!40101 SET character_set_client = @saved_cs_client */;

--
-- Dumping data for table `office_holiday`
--

LOCK TABLES `office_holiday` WRITE;
/*!40000 ALTER TABLE `office_holiday` DISABLE KEYS */;
/*!40000 ALTER TABLE `office_holiday` ENABLE KEYS */;
UNLOCK TABLES;

--
-- Table structure for table `office_level`
--

DROP TABLE IF EXISTS `office_level`;
/*!40101 SET @saved_cs_client     = @@character_set_client */;
/*!40101 SET character_set_client = utf8 */;
CREATE TABLE `office_level` (
  `level_id` smallint(6) NOT NULL,
  `parent_level_id` smallint(6) DEFAULT NULL,
  `level_name_id` smallint(6) DEFAULT NULL,
  `interaction_flag` smallint(6) DEFAULT NULL,
  `configured` smallint(6) NOT NULL,
  `version_no` int(11) DEFAULT NULL,
  PRIMARY KEY (`level_id`),
  KEY `parent_level_id` (`parent_level_id`),
  CONSTRAINT `office_level_ibfk_1` FOREIGN KEY (`parent_level_id`) REFERENCES `office_level` (`level_id`) ON DELETE NO ACTION ON UPDATE NO ACTION
) ENGINE=InnoDB DEFAULT CHARSET=utf8;
/*!40101 SET character_set_client = @saved_cs_client */;

--
-- Dumping data for table `office_level`
--

LOCK TABLES `office_level` WRITE;
/*!40000 ALTER TABLE `office_level` DISABLE KEYS */;
INSERT INTO `office_level` VALUES (1,NULL,104,0,1,NULL),(2,1,105,0,1,NULL),(3,2,106,0,1,NULL),(4,3,107,0,1,NULL),(5,4,108,1,1,NULL);
/*!40000 ALTER TABLE `office_level` ENABLE KEYS */;
UNLOCK TABLES;

--
-- Table structure for table `office_status`
--

DROP TABLE IF EXISTS `office_status`;
/*!40101 SET @saved_cs_client     = @@character_set_client */;
/*!40101 SET character_set_client = utf8 */;
CREATE TABLE `office_status` (
  `status_id` smallint(6) NOT NULL AUTO_INCREMENT,
  `lookup_id` int(11) NOT NULL,
  PRIMARY KEY (`status_id`),
  KEY `lookup_id` (`lookup_id`),
  CONSTRAINT `office_status_ibfk_1` FOREIGN KEY (`lookup_id`) REFERENCES `lookup_value` (`lookup_id`) ON DELETE NO ACTION ON UPDATE NO ACTION
) ENGINE=InnoDB AUTO_INCREMENT=3 DEFAULT CHARSET=utf8;
/*!40101 SET character_set_client = @saved_cs_client */;

--
-- Dumping data for table `office_status`
--

LOCK TABLES `office_status` WRITE;
/*!40000 ALTER TABLE `office_status` DISABLE KEYS */;
INSERT INTO `office_status` VALUES (1,15),(2,16);
/*!40000 ALTER TABLE `office_status` ENABLE KEYS */;
UNLOCK TABLES;

--
-- Table structure for table `original_loan_fee_schedule`
--

DROP TABLE IF EXISTS `original_loan_fee_schedule`;
/*!40101 SET @saved_cs_client     = @@character_set_client */;
/*!40101 SET character_set_client = utf8 */;
CREATE TABLE `original_loan_fee_schedule` (
  `account_fees_detail_id` int(11) NOT NULL AUTO_INCREMENT,
  `id` int(11) NOT NULL,
  `installment_id` int(11) NOT NULL,
  `fee_id` smallint(6) NOT NULL,
  `account_fee_id` int(11) NOT NULL,
  `amount` decimal(21,4) DEFAULT NULL,
  `amount_currency_id` smallint(6) DEFAULT NULL,
  `amount_paid` decimal(21,4) NOT NULL,
  `amount_paid_currency_id` smallint(6) NOT NULL,
  `version_no` int(11) NOT NULL,
  PRIMARY KEY (`account_fees_detail_id`),
  KEY `id` (`id`),
  KEY `amount_currency_id` (`amount_currency_id`),
  KEY `amount_paid_currency_id` (`amount_paid_currency_id`),
  KEY `fee_id` (`fee_id`),
  KEY `account_fee_id` (`account_fee_id`),
  CONSTRAINT `original_loan_fee_schedule_ibfk_1` FOREIGN KEY (`id`) REFERENCES `original_loan_schedule` (`id`) ON DELETE NO ACTION ON UPDATE NO ACTION,
  CONSTRAINT `original_loan_fee_schedule_ibfk_2` FOREIGN KEY (`amount_currency_id`) REFERENCES `currency` (`currency_id`) ON DELETE NO ACTION ON UPDATE NO ACTION,
  CONSTRAINT `original_loan_fee_schedule_ibfk_3` FOREIGN KEY (`amount_paid_currency_id`) REFERENCES `currency` (`currency_id`) ON DELETE NO ACTION ON UPDATE NO ACTION,
  CONSTRAINT `original_loan_fee_schedule_ibfk_4` FOREIGN KEY (`fee_id`) REFERENCES `fees` (`fee_id`),
  CONSTRAINT `original_loan_fee_schedule_ibfk_5` FOREIGN KEY (`account_fee_id`) REFERENCES `account_fees` (`account_fee_id`)
) ENGINE=InnoDB DEFAULT CHARSET=utf8;
/*!40101 SET character_set_client = @saved_cs_client */;

--
-- Dumping data for table `original_loan_fee_schedule`
--

LOCK TABLES `original_loan_fee_schedule` WRITE;
/*!40000 ALTER TABLE `original_loan_fee_schedule` DISABLE KEYS */;
/*!40000 ALTER TABLE `original_loan_fee_schedule` ENABLE KEYS */;
UNLOCK TABLES;

--
-- Table structure for table `original_loan_schedule`
--

DROP TABLE IF EXISTS `original_loan_schedule`;
/*!40101 SET @saved_cs_client     = @@character_set_client */;
/*!40101 SET character_set_client = utf8 */;
CREATE TABLE `original_loan_schedule` (
  `id` int(11) NOT NULL AUTO_INCREMENT,
  `account_id` int(11) NOT NULL,
  `customer_id` int(11) NOT NULL,
  `currency_id` smallint(6) DEFAULT NULL,
  `action_date` date DEFAULT NULL,
  `principal` decimal(21,4) NOT NULL,
  `principal_currency_id` smallint(6) DEFAULT NULL,
  `interest` decimal(21,4) NOT NULL,
  `interest_currency_id` smallint(6) DEFAULT NULL,
  `penalty` decimal(21,4) NOT NULL,
  `penalty_currency_id` smallint(6) DEFAULT NULL,
  `misc_fees` decimal(21,4) DEFAULT NULL,
  `misc_fees_currency_id` smallint(6) DEFAULT NULL,
  `misc_fees_paid` decimal(21,4) DEFAULT NULL,
  `misc_fees_paid_currency_id` smallint(6) DEFAULT NULL,
  `misc_penalty` decimal(21,4) DEFAULT NULL,
  `misc_penalty_currency_id` smallint(6) DEFAULT NULL,
  `misc_penalty_paid` decimal(21,4) DEFAULT NULL,
  `misc_penalty_paid_currency_id` smallint(6) DEFAULT NULL,
  `principal_paid` decimal(21,4) DEFAULT NULL,
  `principal_paid_currency_id` smallint(6) DEFAULT NULL,
  `interest_paid` decimal(21,4) DEFAULT NULL,
  `interest_paid_currency_id` smallint(6) DEFAULT NULL,
  `penalty_paid` decimal(21,4) DEFAULT NULL,
  `penalty_paid_currency_id` smallint(6) DEFAULT NULL,
  `payment_status` smallint(6) NOT NULL,
  `installment_id` smallint(6) NOT NULL,
  `payment_date` date DEFAULT NULL,
  `parent_flag` smallint(6) DEFAULT NULL,
  `version_no` int(11) NOT NULL,
  `extra_interest` decimal(21,4) DEFAULT NULL,
  `extra_interest_currency_id` smallint(6) DEFAULT NULL,
  `extra_interest_paid` decimal(21,4) DEFAULT NULL,
  `extra_interest_paid_currency_id` smallint(6) DEFAULT NULL,
  PRIMARY KEY (`id`),
  KEY `account_id` (`account_id`),
  KEY `currency_id` (`currency_id`),
  KEY `principal_currency_id` (`principal_currency_id`),
  KEY `interest_currency_id` (`interest_currency_id`),
  KEY `penalty_currency_id` (`penalty_currency_id`),
  KEY `misc_fees_currency_id` (`misc_fees_currency_id`),
  KEY `misc_fees_paid_currency_id` (`misc_fees_paid_currency_id`),
  KEY `misc_penalty_currency_id` (`misc_penalty_currency_id`),
  KEY `principal_paid_currency_id` (`principal_paid_currency_id`),
  KEY `interest_paid_currency_id` (`interest_paid_currency_id`),
  KEY `penalty_paid_currency_id` (`penalty_paid_currency_id`),
  KEY `misc_penalty_paid_currency_id` (`misc_penalty_paid_currency_id`),
  KEY `customer_id` (`customer_id`),
  KEY `extra_interest_currency_id` (`extra_interest_currency_id`),
  KEY `extra_interest_paid_currency_id` (`extra_interest_paid_currency_id`),
  CONSTRAINT `original_loan_schedule_ibfk_1` FOREIGN KEY (`account_id`) REFERENCES `account` (`account_id`) ON DELETE NO ACTION ON UPDATE NO ACTION,
  CONSTRAINT `original_loan_schedule_ibfk_2` FOREIGN KEY (`currency_id`) REFERENCES `currency` (`currency_id`) ON DELETE NO ACTION ON UPDATE NO ACTION,
  CONSTRAINT `original_loan_schedule_ibfk_3` FOREIGN KEY (`principal_currency_id`) REFERENCES `currency` (`currency_id`) ON DELETE NO ACTION ON UPDATE NO ACTION,
  CONSTRAINT `original_loan_schedule_ibfk_4` FOREIGN KEY (`interest_currency_id`) REFERENCES `currency` (`currency_id`) ON DELETE NO ACTION ON UPDATE NO ACTION,
  CONSTRAINT `original_loan_schedule_ibfk_5` FOREIGN KEY (`penalty_currency_id`) REFERENCES `currency` (`currency_id`) ON DELETE NO ACTION ON UPDATE NO ACTION,
  CONSTRAINT `original_loan_schedule_ibfk_6` FOREIGN KEY (`misc_fees_currency_id`) REFERENCES `currency` (`currency_id`) ON DELETE NO ACTION ON UPDATE NO ACTION,
  CONSTRAINT `original_loan_schedule_ibfk_7` FOREIGN KEY (`misc_fees_paid_currency_id`) REFERENCES `currency` (`currency_id`) ON DELETE NO ACTION ON UPDATE NO ACTION,
  CONSTRAINT `original_loan_schedule_ibfk_8` FOREIGN KEY (`misc_penalty_currency_id`) REFERENCES `currency` (`currency_id`) ON DELETE NO ACTION ON UPDATE NO ACTION,
  CONSTRAINT `original_loan_schedule_ibfk_9` FOREIGN KEY (`principal_paid_currency_id`) REFERENCES `currency` (`currency_id`) ON DELETE NO ACTION ON UPDATE NO ACTION,
  CONSTRAINT `original_loan_schedule_ibfk_10` FOREIGN KEY (`interest_paid_currency_id`) REFERENCES `currency` (`currency_id`) ON DELETE NO ACTION ON UPDATE NO ACTION,
  CONSTRAINT `original_loan_schedule_ibfk_11` FOREIGN KEY (`penalty_paid_currency_id`) REFERENCES `currency` (`currency_id`) ON DELETE NO ACTION ON UPDATE NO ACTION,
  CONSTRAINT `original_loan_schedule_ibfk_12` FOREIGN KEY (`misc_penalty_paid_currency_id`) REFERENCES `currency` (`currency_id`) ON DELETE NO ACTION ON UPDATE NO ACTION,
  CONSTRAINT `original_loan_schedule_ibfk_13` FOREIGN KEY (`customer_id`) REFERENCES `customer` (`customer_id`) ON DELETE NO ACTION ON UPDATE NO ACTION,
  CONSTRAINT `original_loan_schedule_ibfk_14` FOREIGN KEY (`extra_interest_currency_id`) REFERENCES `currency` (`currency_id`) ON DELETE NO ACTION ON UPDATE NO ACTION,
  CONSTRAINT `original_loan_schedule_ibfk_15` FOREIGN KEY (`extra_interest_paid_currency_id`) REFERENCES `currency` (`currency_id`) ON DELETE NO ACTION ON UPDATE NO ACTION
) ENGINE=InnoDB DEFAULT CHARSET=utf8;
/*!40101 SET character_set_client = @saved_cs_client */;

--
-- Dumping data for table `original_loan_schedule`
--

LOCK TABLES `original_loan_schedule` WRITE;
/*!40000 ALTER TABLE `original_loan_schedule` DISABLE KEYS */;
/*!40000 ALTER TABLE `original_loan_schedule` ENABLE KEYS */;
UNLOCK TABLES;

--
-- Table structure for table `payment_type`
--

DROP TABLE IF EXISTS `payment_type`;
/*!40101 SET @saved_cs_client     = @@character_set_client */;
/*!40101 SET character_set_client = utf8 */;
CREATE TABLE `payment_type` (
  `payment_type_id` smallint(6) NOT NULL AUTO_INCREMENT,
  `payment_type_lookup_id` int(11) DEFAULT NULL,
  PRIMARY KEY (`payment_type_id`),
  KEY `payment_type_lookup_id` (`payment_type_lookup_id`),
  CONSTRAINT `payment_type_ibfk_1` FOREIGN KEY (`payment_type_lookup_id`) REFERENCES `lookup_value` (`lookup_id`) ON DELETE NO ACTION ON UPDATE NO ACTION
) ENGINE=InnoDB AUTO_INCREMENT=4 DEFAULT CHARSET=utf8;
/*!40101 SET character_set_client = @saved_cs_client */;

--
-- Dumping data for table `payment_type`
--

LOCK TABLES `payment_type` WRITE;
/*!40000 ALTER TABLE `payment_type` DISABLE KEYS */;
INSERT INTO `payment_type` VALUES (1,177),(2,179),(3,180);
/*!40000 ALTER TABLE `payment_type` ENABLE KEYS */;
UNLOCK TABLES;

--
-- Table structure for table `penalty`
--

DROP TABLE IF EXISTS `penalty`;
/*!40101 SET @saved_cs_client     = @@character_set_client */;
/*!40101 SET character_set_client = utf8 */;
CREATE TABLE `penalty` (
  `penalty_id` smallint(6) NOT NULL,
  `global_penalty_num` varchar(100) DEFAULT NULL,
  `penalty_type` varchar(100) DEFAULT NULL,
  `office_id` smallint(6) DEFAULT NULL,
  `category_id` smallint(6) DEFAULT NULL,
  `glcode_id` smallint(6) NOT NULL,
  `lookup_id` int(11) DEFAULT NULL,
  `rate` decimal(13,10) NOT NULL,
  `formula` varchar(100) DEFAULT NULL,
  PRIMARY KEY (`penalty_id`),
  KEY `category_id` (`category_id`),
  KEY `glcode_id` (`glcode_id`),
  KEY `lookup_id` (`lookup_id`),
  KEY `office_id` (`office_id`),
  CONSTRAINT `penalty_ibfk_1` FOREIGN KEY (`category_id`) REFERENCES `category_type` (`category_id`) ON DELETE NO ACTION ON UPDATE NO ACTION,
  CONSTRAINT `penalty_ibfk_2` FOREIGN KEY (`glcode_id`) REFERENCES `gl_code` (`glcode_id`) ON DELETE NO ACTION ON UPDATE NO ACTION,
  CONSTRAINT `penalty_ibfk_3` FOREIGN KEY (`lookup_id`) REFERENCES `lookup_value` (`lookup_id`) ON DELETE NO ACTION ON UPDATE NO ACTION,
  CONSTRAINT `penalty_ibfk_4` FOREIGN KEY (`office_id`) REFERENCES `office` (`office_id`) ON DELETE NO ACTION ON UPDATE NO ACTION
) ENGINE=InnoDB DEFAULT CHARSET=utf8;
/*!40101 SET character_set_client = @saved_cs_client */;

--
-- Dumping data for table `penalty`
--

LOCK TABLES `penalty` WRITE;
/*!40000 ALTER TABLE `penalty` DISABLE KEYS */;
/*!40000 ALTER TABLE `penalty` ENABLE KEYS */;
UNLOCK TABLES;

--
-- Table structure for table `personnel`
--

DROP TABLE IF EXISTS `personnel`;
/*!40101 SET @saved_cs_client     = @@character_set_client */;
/*!40101 SET character_set_client = utf8 */;
CREATE TABLE `personnel` (
  `personnel_id` smallint(6) NOT NULL AUTO_INCREMENT,
  `level_id` smallint(6) NOT NULL,
  `global_personnel_num` varchar(100) DEFAULT NULL,
  `office_id` smallint(6) DEFAULT NULL,
  `title` int(11) DEFAULT NULL,
  `personnel_status` smallint(6) DEFAULT NULL,
  `preferred_locale` smallint(6) DEFAULT NULL,
  `search_id` varchar(100) DEFAULT NULL,
  `max_child_count` int(11) DEFAULT NULL,
  `password` tinyblob,
  `login_name` varchar(200) DEFAULT NULL,
  `email_id` varchar(255) DEFAULT NULL,
  `password_changed` smallint(6) NOT NULL,
  `display_name` varchar(200) DEFAULT NULL,
  `created_by` smallint(6) NOT NULL,
  `created_date` date DEFAULT NULL,
  `updated_by` smallint(6) DEFAULT NULL,
  `updated_date` date DEFAULT NULL,
  `last_login` date DEFAULT NULL,
  `locked` smallint(6) NOT NULL,
  `no_of_tries` smallint(6) NOT NULL,
  `version_no` int(11) NOT NULL,
  PRIMARY KEY (`personnel_id`),
  UNIQUE KEY `personnel_global_idx` (`global_personnel_num`),
  UNIQUE KEY `personnel_search_idx` (`search_id`),
  UNIQUE KEY `personnel_login_idx` (`login_name`),
  KEY `created_by` (`created_by`),
  KEY `level_id` (`level_id`),
  KEY `preferred_locale` (`preferred_locale`),
  KEY `title` (`title`),
  KEY `updated_by` (`updated_by`),
  KEY `personnel_office_idx` (`office_id`),
  CONSTRAINT `personnel_ibfk_1` FOREIGN KEY (`office_id`) REFERENCES `office` (`office_id`) ON DELETE NO ACTION ON UPDATE NO ACTION,
  CONSTRAINT `personnel_ibfk_2` FOREIGN KEY (`created_by`) REFERENCES `personnel` (`personnel_id`) ON DELETE NO ACTION ON UPDATE NO ACTION,
  CONSTRAINT `personnel_ibfk_3` FOREIGN KEY (`level_id`) REFERENCES `personnel_level` (`level_id`) ON DELETE NO ACTION ON UPDATE NO ACTION,
  CONSTRAINT `personnel_ibfk_4` FOREIGN KEY (`preferred_locale`) REFERENCES `supported_locale` (`locale_id`) ON DELETE NO ACTION ON UPDATE NO ACTION,
  CONSTRAINT `personnel_ibfk_5` FOREIGN KEY (`title`) REFERENCES `lookup_value` (`lookup_id`) ON DELETE NO ACTION ON UPDATE NO ACTION,
  CONSTRAINT `personnel_ibfk_6` FOREIGN KEY (`updated_by`) REFERENCES `personnel` (`personnel_id`) ON DELETE NO ACTION ON UPDATE NO ACTION
) ENGINE=InnoDB AUTO_INCREMENT=8 DEFAULT CHARSET=utf8;
/*!40101 SET character_set_client = @saved_cs_client */;

--
-- Dumping data for table `personnel`
--

LOCK TABLES `personnel` WRITE;
/*!40000 ALTER TABLE `personnel` DISABLE KEYS */;
INSERT INTO `personnel` VALUES (1,2,'1',1,1,1,1,NULL,1,'\"d#0aM2NjdQS8','mifos',NULL,1,'mifos',1,NULL,1,'2011-01-13','2011-01-13',0,0,26),(2,2,'0002-00002',2,NULL,1,1,NULL,NULL,'La}$\"Uah','ROadminperson','',0,'RO admin person now',1,'2010-07-01',NULL,NULL,NULL,0,0,1),(3,1,'0003-00003',3,NULL,1,1,NULL,NULL,'|S* (8@v','br1lo1','',0,'br1 lo 1 smith',1,'2010-07-01',NULL,NULL,NULL,0,0,1),(4,1,'0003-00004',3,632,1,1,NULL,NULL,']g-]`t!wETC;yw','br1lo2','',0,'br1 lo 2 xxx',1,'2010-07-04',NULL,NULL,NULL,0,0,1),(5,1,'0004-00005',4,NULL,1,1,NULL,NULL,'>%):[L,U_I>HJTiX9','br2LOxx','',0,'br2 LO xxx',1,'2010-07-20',NULL,NULL,NULL,0,0,1),(6,1,'0003-00006',3,NULL,1,1,NULL,NULL,'YWJr]__DfYT','br1lo3Sturty','',0,'br1 lo3 Sturty xxx',1,'2010-07-29',NULL,NULL,NULL,0,0,1),(7,1,'0006-00007',6,632,1,1,NULL,NULL,'tQ$%*F7Yc_7	$u','mahfees','',0,'Fees LO xxx',1,'2010-08-27',NULL,NULL,NULL,0,0,1);
/*!40000 ALTER TABLE `personnel` ENABLE KEYS */;
UNLOCK TABLES;

--
-- Table structure for table `personnel_custom_field`
--

DROP TABLE IF EXISTS `personnel_custom_field`;
/*!40101 SET @saved_cs_client     = @@character_set_client */;
/*!40101 SET character_set_client = utf8 */;
CREATE TABLE `personnel_custom_field` (
  `personnel_custom_field_id` int(11) NOT NULL AUTO_INCREMENT,
  `field_id` smallint(6) NOT NULL,
  `personnel_id` smallint(6) NOT NULL,
  `field_value` varchar(100) DEFAULT NULL,
  PRIMARY KEY (`personnel_custom_field_id`),
  KEY `personnel_id` (`personnel_id`),
  KEY `field_id` (`field_id`),
  CONSTRAINT `personnel_custom_field_ibfk_1` FOREIGN KEY (`personnel_id`) REFERENCES `personnel` (`personnel_id`) ON DELETE NO ACTION ON UPDATE NO ACTION,
  CONSTRAINT `personnel_custom_field_ibfk_2` FOREIGN KEY (`field_id`) REFERENCES `custom_field_definition` (`field_id`) ON DELETE NO ACTION ON UPDATE NO ACTION
) ENGINE=InnoDB DEFAULT CHARSET=utf8;
/*!40101 SET character_set_client = @saved_cs_client */;

--
-- Dumping data for table `personnel_custom_field`
--

LOCK TABLES `personnel_custom_field` WRITE;
/*!40000 ALTER TABLE `personnel_custom_field` DISABLE KEYS */;
/*!40000 ALTER TABLE `personnel_custom_field` ENABLE KEYS */;
UNLOCK TABLES;

--
-- Table structure for table `personnel_details`
--

DROP TABLE IF EXISTS `personnel_details`;
/*!40101 SET @saved_cs_client     = @@character_set_client */;
/*!40101 SET character_set_client = utf8 */;
CREATE TABLE `personnel_details` (
  `personnel_id` smallint(6) NOT NULL,
  `first_name` varchar(100) NOT NULL,
  `middle_name` varchar(100) DEFAULT NULL,
  `second_last_name` varchar(100) DEFAULT NULL,
  `last_name` varchar(100) DEFAULT NULL,
  `government_id_number` varchar(50) DEFAULT NULL,
  `dob` date NOT NULL,
  `marital_status` int(11) DEFAULT NULL,
  `gender` int(11) NOT NULL,
  `date_of_joining_mfi` date DEFAULT NULL,
  `date_of_joining_branch` date DEFAULT NULL,
  `date_of_leaving_branch` date DEFAULT NULL,
  `address_1` varchar(200) DEFAULT NULL,
  `address_2` varchar(200) DEFAULT NULL,
  `address_3` varchar(200) DEFAULT NULL,
  `city` varchar(100) DEFAULT NULL,
  `state` varchar(100) DEFAULT NULL,
  `country` varchar(100) DEFAULT NULL,
  `postal_code` varchar(100) DEFAULT NULL,
  `telephone` varchar(20) DEFAULT NULL,
  KEY `personnel_id` (`personnel_id`),
  KEY `gender` (`gender`),
  KEY `marital_status` (`marital_status`),
  CONSTRAINT `personnel_details_ibfk_1` FOREIGN KEY (`personnel_id`) REFERENCES `personnel` (`personnel_id`) ON DELETE NO ACTION ON UPDATE NO ACTION,
  CONSTRAINT `personnel_details_ibfk_2` FOREIGN KEY (`gender`) REFERENCES `lookup_value` (`lookup_id`) ON DELETE NO ACTION ON UPDATE NO ACTION,
  CONSTRAINT `personnel_details_ibfk_3` FOREIGN KEY (`marital_status`) REFERENCES `lookup_value` (`lookup_id`) ON DELETE NO ACTION ON UPDATE NO ACTION
) ENGINE=InnoDB DEFAULT CHARSET=utf8;
/*!40101 SET character_set_client = @saved_cs_client */;

--
-- Dumping data for table `personnel_details`
--

LOCK TABLES `personnel_details` WRITE;
/*!40000 ALTER TABLE `personnel_details` DISABLE KEYS */;
INSERT INTO `personnel_details` VALUES (1,'Mifos',NULL,NULL,'MFI','123','1979-12-12',NULL,50,NULL,NULL,NULL,'Bangalore',NULL,NULL,'Bangalore','Bangalore','Bangalore',NULL,NULL),(2,'RO admin person','','','now','','1988-07-09',NULL,50,'2009-04-01','2010-07-01',NULL,'','','','','','','',''),(3,'br1 lo 1','','','smith','','1984-06-07',NULL,50,'2010-06-20','2010-07-01',NULL,'','','','','','','',''),(4,'br1 lo 2','','','xxx','','1966-07-09',NULL,49,'2010-07-04','2010-07-04',NULL,'','','','','','','',''),(5,'br2 LO','','','xxx','','1976-10-03',NULL,50,'2010-07-20','2010-07-20',NULL,'','','','','','','',''),(6,'br1 lo3 Sturty','','','xxx','','1977-08-08',NULL,50,'2010-07-29','2010-07-29',NULL,'','','','','','','',''),(7,'Fees LO','','','xxx','','1986-09-09',633,50,'2010-04-27','2010-08-27',NULL,'','','','','','','','');
/*!40000 ALTER TABLE `personnel_details` ENABLE KEYS */;
UNLOCK TABLES;

--
-- Table structure for table `personnel_hierarchy`
--

DROP TABLE IF EXISTS `personnel_hierarchy`;
/*!40101 SET @saved_cs_client     = @@character_set_client */;
/*!40101 SET character_set_client = utf8 */;
CREATE TABLE `personnel_hierarchy` (
  `hierarchy_id` int(11) NOT NULL,
  `parent_id` smallint(6) NOT NULL,
  `personnel_id` smallint(6) DEFAULT NULL,
  `status` smallint(6) DEFAULT NULL,
  `start_date` date DEFAULT NULL,
  `end_date` date NOT NULL,
  `updated_by` smallint(6) DEFAULT NULL,
  `updated_date` date DEFAULT NULL,
  PRIMARY KEY (`hierarchy_id`),
  KEY `parent_id` (`parent_id`),
  KEY `updated_by` (`updated_by`),
  KEY `personnel_hierarchy_idx` (`personnel_id`,`status`),
  CONSTRAINT `personnel_hierarchy_ibfk_1` FOREIGN KEY (`parent_id`) REFERENCES `personnel` (`personnel_id`) ON DELETE NO ACTION ON UPDATE NO ACTION,
  CONSTRAINT `personnel_hierarchy_ibfk_2` FOREIGN KEY (`personnel_id`) REFERENCES `personnel` (`personnel_id`) ON DELETE NO ACTION ON UPDATE NO ACTION,
  CONSTRAINT `personnel_hierarchy_ibfk_3` FOREIGN KEY (`updated_by`) REFERENCES `personnel` (`personnel_id`) ON DELETE NO ACTION ON UPDATE NO ACTION
) ENGINE=InnoDB DEFAULT CHARSET=utf8;
/*!40101 SET character_set_client = @saved_cs_client */;

--
-- Dumping data for table `personnel_hierarchy`
--

LOCK TABLES `personnel_hierarchy` WRITE;
/*!40000 ALTER TABLE `personnel_hierarchy` DISABLE KEYS */;
/*!40000 ALTER TABLE `personnel_hierarchy` ENABLE KEYS */;
UNLOCK TABLES;

--
-- Table structure for table `personnel_level`
--

DROP TABLE IF EXISTS `personnel_level`;
/*!40101 SET @saved_cs_client     = @@character_set_client */;
/*!40101 SET character_set_client = utf8 */;
CREATE TABLE `personnel_level` (
  `level_id` smallint(6) NOT NULL,
  `level_name_id` int(11) NOT NULL,
  `parent_level_id` smallint(6) DEFAULT NULL,
  `interaction_flag` smallint(6) DEFAULT NULL,
  PRIMARY KEY (`level_id`),
  KEY `parent_level_id` (`parent_level_id`),
  KEY `level_name_id` (`level_name_id`),
  CONSTRAINT `personnel_level_ibfk_1` FOREIGN KEY (`parent_level_id`) REFERENCES `personnel_level` (`level_id`) ON DELETE NO ACTION ON UPDATE NO ACTION,
  CONSTRAINT `personnel_level_ibfk_2` FOREIGN KEY (`level_name_id`) REFERENCES `lookup_value` (`lookup_id`) ON DELETE NO ACTION ON UPDATE NO ACTION
) ENGINE=InnoDB DEFAULT CHARSET=utf8;
/*!40101 SET character_set_client = @saved_cs_client */;

--
-- Dumping data for table `personnel_level`
--

LOCK TABLES `personnel_level` WRITE;
/*!40000 ALTER TABLE `personnel_level` DISABLE KEYS */;
INSERT INTO `personnel_level` VALUES (1,60,1,0),(2,61,1,0);
/*!40000 ALTER TABLE `personnel_level` ENABLE KEYS */;
UNLOCK TABLES;

--
-- Table structure for table `personnel_movement`
--

DROP TABLE IF EXISTS `personnel_movement`;
/*!40101 SET @saved_cs_client     = @@character_set_client */;
/*!40101 SET character_set_client = utf8 */;
CREATE TABLE `personnel_movement` (
  `personnel_movement_id` smallint(6) NOT NULL AUTO_INCREMENT,
  `personnel_id` smallint(6) DEFAULT NULL,
  `office_id` smallint(6) NOT NULL,
  `status` smallint(6) DEFAULT NULL,
  `start_date` date DEFAULT NULL,
  `end_date` date DEFAULT NULL,
  `updated_by` smallint(6) DEFAULT NULL,
  `updated_date` date DEFAULT NULL,
  PRIMARY KEY (`personnel_movement_id`),
  KEY `updated_by` (`updated_by`),
  KEY `office_id` (`office_id`),
  KEY `personnel_movement_idx` (`personnel_id`),
  CONSTRAINT `personnel_movement_ibfk_1` FOREIGN KEY (`personnel_id`) REFERENCES `personnel` (`personnel_id`) ON DELETE NO ACTION ON UPDATE NO ACTION,
  CONSTRAINT `personnel_movement_ibfk_2` FOREIGN KEY (`updated_by`) REFERENCES `personnel` (`personnel_id`) ON DELETE NO ACTION ON UPDATE NO ACTION,
  CONSTRAINT `personnel_movement_ibfk_3` FOREIGN KEY (`office_id`) REFERENCES `office` (`office_id`) ON DELETE NO ACTION ON UPDATE NO ACTION
) ENGINE=InnoDB DEFAULT CHARSET=utf8;
/*!40101 SET character_set_client = @saved_cs_client */;

--
-- Dumping data for table `personnel_movement`
--

LOCK TABLES `personnel_movement` WRITE;
/*!40000 ALTER TABLE `personnel_movement` DISABLE KEYS */;
/*!40000 ALTER TABLE `personnel_movement` ENABLE KEYS */;
UNLOCK TABLES;

--
-- Table structure for table `personnel_notes`
--

DROP TABLE IF EXISTS `personnel_notes`;
/*!40101 SET @saved_cs_client     = @@character_set_client */;
/*!40101 SET character_set_client = utf8 */;
CREATE TABLE `personnel_notes` (
  `comment_id` int(11) NOT NULL AUTO_INCREMENT,
  `personnel_id` smallint(6) NOT NULL,
  `comment_date` date NOT NULL,
  `comments` varchar(500) NOT NULL,
  `officer_id` smallint(6) DEFAULT NULL,
  PRIMARY KEY (`comment_id`),
  KEY `personnel_id` (`personnel_id`),
  KEY `officer_id` (`officer_id`),
  CONSTRAINT `personnel_notes_ibfk_1` FOREIGN KEY (`personnel_id`) REFERENCES `personnel` (`personnel_id`) ON DELETE NO ACTION ON UPDATE NO ACTION,
  CONSTRAINT `personnel_notes_ibfk_2` FOREIGN KEY (`officer_id`) REFERENCES `personnel` (`personnel_id`) ON DELETE NO ACTION ON UPDATE NO ACTION
) ENGINE=InnoDB DEFAULT CHARSET=utf8;
/*!40101 SET character_set_client = @saved_cs_client */;

--
-- Dumping data for table `personnel_notes`
--

LOCK TABLES `personnel_notes` WRITE;
/*!40000 ALTER TABLE `personnel_notes` DISABLE KEYS */;
/*!40000 ALTER TABLE `personnel_notes` ENABLE KEYS */;
UNLOCK TABLES;

--
-- Table structure for table `personnel_role`
--

DROP TABLE IF EXISTS `personnel_role`;
/*!40101 SET @saved_cs_client     = @@character_set_client */;
/*!40101 SET character_set_client = utf8 */;
CREATE TABLE `personnel_role` (
  `personnel_role_id` int(11) NOT NULL AUTO_INCREMENT,
  `role_id` smallint(6) NOT NULL,
  `personnel_id` smallint(6) NOT NULL,
  PRIMARY KEY (`personnel_role_id`),
  KEY `personnel_id` (`personnel_id`),
  KEY `role_id` (`role_id`),
  CONSTRAINT `personnel_role_ibfk_1` FOREIGN KEY (`personnel_id`) REFERENCES `personnel` (`personnel_id`) ON DELETE NO ACTION ON UPDATE NO ACTION,
  CONSTRAINT `personnel_role_ibfk_2` FOREIGN KEY (`role_id`) REFERENCES `role` (`role_id`) ON DELETE NO ACTION ON UPDATE NO ACTION
) ENGINE=InnoDB AUTO_INCREMENT=2 DEFAULT CHARSET=utf8;
/*!40101 SET character_set_client = @saved_cs_client */;

--
-- Dumping data for table `personnel_role`
--

LOCK TABLES `personnel_role` WRITE;
/*!40000 ALTER TABLE `personnel_role` DISABLE KEYS */;
INSERT INTO `personnel_role` VALUES (1,1,1);
/*!40000 ALTER TABLE `personnel_role` ENABLE KEYS */;
UNLOCK TABLES;

--
-- Table structure for table `personnel_status`
--

DROP TABLE IF EXISTS `personnel_status`;
/*!40101 SET @saved_cs_client     = @@character_set_client */;
/*!40101 SET character_set_client = utf8 */;
CREATE TABLE `personnel_status` (
  `personnel_status_id` smallint(6) NOT NULL AUTO_INCREMENT,
  `lookup_id` int(11) NOT NULL,
  PRIMARY KEY (`personnel_status_id`),
  KEY `lookup_id` (`lookup_id`),
  CONSTRAINT `personnel_status_ibfk_1` FOREIGN KEY (`lookup_id`) REFERENCES `lookup_value` (`lookup_id`) ON DELETE NO ACTION ON UPDATE NO ACTION
) ENGINE=InnoDB AUTO_INCREMENT=3 DEFAULT CHARSET=utf8;
/*!40101 SET character_set_client = @saved_cs_client */;

--
-- Dumping data for table `personnel_status`
--

LOCK TABLES `personnel_status` WRITE;
/*!40000 ALTER TABLE `personnel_status` DISABLE KEYS */;
INSERT INTO `personnel_status` VALUES (1,152),(2,153);
/*!40000 ALTER TABLE `personnel_status` ENABLE KEYS */;
UNLOCK TABLES;

--
-- Table structure for table `position`
--

DROP TABLE IF EXISTS `position`;
/*!40101 SET @saved_cs_client     = @@character_set_client */;
/*!40101 SET character_set_client = utf8 */;
CREATE TABLE `position` (
  `position_id` int(11) NOT NULL AUTO_INCREMENT,
  `lookup_id` int(11) NOT NULL,
  PRIMARY KEY (`position_id`),
  KEY `lookup_id` (`lookup_id`),
  CONSTRAINT `position_ibfk_1` FOREIGN KEY (`lookup_id`) REFERENCES `lookup_value` (`lookup_id`) ON DELETE NO ACTION ON UPDATE NO ACTION
) ENGINE=InnoDB AUTO_INCREMENT=5 DEFAULT CHARSET=utf8;
/*!40101 SET character_set_client = @saved_cs_client */;

--
-- Dumping data for table `position`
--

LOCK TABLES `position` WRITE;
/*!40000 ALTER TABLE `position` DISABLE KEYS */;
INSERT INTO `position` VALUES (1,186),(2,187),(3,188),(4,216);
/*!40000 ALTER TABLE `position` ENABLE KEYS */;
UNLOCK TABLES;

--
-- Table structure for table `ppi_likelihoods`
--

DROP TABLE IF EXISTS `ppi_likelihoods`;
/*!40101 SET @saved_cs_client     = @@character_set_client */;
/*!40101 SET character_set_client = utf8 */;
CREATE TABLE `ppi_likelihoods` (
  `likelihood_id` int(11) NOT NULL AUTO_INCREMENT,
  `survey_id` int(11) NOT NULL,
  `score_from` int(11) NOT NULL,
  `score_to` int(11) NOT NULL,
  `bottom_half_below` decimal(21,4) NOT NULL,
  `top_half_below` decimal(21,4) NOT NULL,
  `likelihood_order` int(11) NOT NULL,
  PRIMARY KEY (`likelihood_id`),
  KEY `survey_id` (`survey_id`),
  CONSTRAINT `ppi_likelihoods_ibfk_1` FOREIGN KEY (`survey_id`) REFERENCES `survey` (`survey_id`) ON DELETE NO ACTION ON UPDATE NO ACTION
) ENGINE=InnoDB DEFAULT CHARSET=utf8;
/*!40101 SET character_set_client = @saved_cs_client */;

--
-- Dumping data for table `ppi_likelihoods`
--

LOCK TABLES `ppi_likelihoods` WRITE;
/*!40000 ALTER TABLE `ppi_likelihoods` DISABLE KEYS */;
/*!40000 ALTER TABLE `ppi_likelihoods` ENABLE KEYS */;
UNLOCK TABLES;

--
-- Table structure for table `ppi_survey`
--

DROP TABLE IF EXISTS `ppi_survey`;
/*!40101 SET @saved_cs_client     = @@character_set_client */;
/*!40101 SET character_set_client = utf8 */;
CREATE TABLE `ppi_survey` (
  `country_id` int(11) NOT NULL,
  `survey_id` int(11) NOT NULL,
  `very_poor_min` int(11) NOT NULL,
  `very_poor_max` int(11) NOT NULL,
  `poor_min` int(11) NOT NULL,
  `poor_max` int(11) NOT NULL,
  `at_risk_min` int(11) NOT NULL,
  `at_risk_max` int(11) NOT NULL,
  `non_poor_min` int(11) NOT NULL,
  `non_poor_max` int(11) NOT NULL,
  PRIMARY KEY (`country_id`),
  KEY `survey_id` (`survey_id`),
  CONSTRAINT `ppi_survey_ibfk_1` FOREIGN KEY (`survey_id`) REFERENCES `survey` (`survey_id`) ON DELETE NO ACTION ON UPDATE NO ACTION
) ENGINE=InnoDB DEFAULT CHARSET=utf8;
/*!40101 SET character_set_client = @saved_cs_client */;

--
-- Dumping data for table `ppi_survey`
--

LOCK TABLES `ppi_survey` WRITE;
/*!40000 ALTER TABLE `ppi_survey` DISABLE KEYS */;
/*!40000 ALTER TABLE `ppi_survey` ENABLE KEYS */;
UNLOCK TABLES;

--
-- Table structure for table `ppi_survey_instance`
--

DROP TABLE IF EXISTS `ppi_survey_instance`;
/*!40101 SET @saved_cs_client     = @@character_set_client */;
/*!40101 SET character_set_client = utf8 */;
CREATE TABLE `ppi_survey_instance` (
  `instance_id` int(11) NOT NULL,
  `bottom_half_below` decimal(21,4) DEFAULT NULL,
  `top_half_below` decimal(21,4) DEFAULT NULL,
  PRIMARY KEY (`instance_id`)
) ENGINE=InnoDB DEFAULT CHARSET=utf8;
/*!40101 SET character_set_client = @saved_cs_client */;

--
-- Dumping data for table `ppi_survey_instance`
--

LOCK TABLES `ppi_survey_instance` WRITE;
/*!40000 ALTER TABLE `ppi_survey_instance` DISABLE KEYS */;
/*!40000 ALTER TABLE `ppi_survey_instance` ENABLE KEYS */;
UNLOCK TABLES;

--
-- Table structure for table `prd_applicable_master`
--

DROP TABLE IF EXISTS `prd_applicable_master`;
/*!40101 SET @saved_cs_client     = @@character_set_client */;
/*!40101 SET character_set_client = utf8 */;
CREATE TABLE `prd_applicable_master` (
  `prd_applicable_master_id` smallint(6) NOT NULL AUTO_INCREMENT,
  `lookup_id` int(11) NOT NULL,
  PRIMARY KEY (`prd_applicable_master_id`),
  KEY `lookup_id` (`lookup_id`),
  CONSTRAINT `prd_applicable_master_ibfk_1` FOREIGN KEY (`lookup_id`) REFERENCES `lookup_value` (`lookup_id`) ON DELETE NO ACTION ON UPDATE NO ACTION
) ENGINE=InnoDB AUTO_INCREMENT=4 DEFAULT CHARSET=utf8;
/*!40101 SET character_set_client = @saved_cs_client */;

--
-- Dumping data for table `prd_applicable_master`
--

LOCK TABLES `prd_applicable_master` WRITE;
/*!40000 ALTER TABLE `prd_applicable_master` DISABLE KEYS */;
INSERT INTO `prd_applicable_master` VALUES (1,68),(2,69),(3,70);
/*!40000 ALTER TABLE `prd_applicable_master` ENABLE KEYS */;
UNLOCK TABLES;

--
-- Table structure for table `prd_category`
--

DROP TABLE IF EXISTS `prd_category`;
/*!40101 SET @saved_cs_client     = @@character_set_client */;
/*!40101 SET character_set_client = utf8 */;
CREATE TABLE `prd_category` (
  `prd_category_id` smallint(6) NOT NULL AUTO_INCREMENT,
  `prd_type_id` smallint(6) NOT NULL,
  `global_prd_offering_num` varchar(50) NOT NULL,
  `prd_category_name` varchar(100) NOT NULL,
  `created_date` date DEFAULT NULL,
  `created_by` int(11) DEFAULT NULL,
  `office_id` smallint(6) DEFAULT NULL,
  `updated_by` int(11) DEFAULT NULL,
  `udpated_date` date DEFAULT NULL,
  `state` smallint(6) NOT NULL,
  `description` varchar(500) DEFAULT NULL,
  `version_no` int(11) DEFAULT NULL,
  PRIMARY KEY (`prd_category_id`),
  KEY `prd_type_id` (`prd_type_id`),
  CONSTRAINT `prd_category_ibfk_1` FOREIGN KEY (`prd_type_id`) REFERENCES `prd_type` (`prd_type_id`) ON DELETE NO ACTION ON UPDATE NO ACTION
) ENGINE=InnoDB AUTO_INCREMENT=3 DEFAULT CHARSET=utf8;
/*!40101 SET character_set_client = @saved_cs_client */;

--
-- Dumping data for table `prd_category`
--

LOCK TABLES `prd_category` WRITE;
/*!40000 ALTER TABLE `prd_category` DISABLE KEYS */;
INSERT INTO `prd_category` VALUES (1,1,'1-1','Other',NULL,NULL,NULL,NULL,NULL,1,NULL,1),(2,2,'1-2','Other',NULL,NULL,NULL,NULL,NULL,1,NULL,1);
/*!40000 ALTER TABLE `prd_category` ENABLE KEYS */;
UNLOCK TABLES;

--
-- Table structure for table `prd_category_status`
--

DROP TABLE IF EXISTS `prd_category_status`;
/*!40101 SET @saved_cs_client     = @@character_set_client */;
/*!40101 SET character_set_client = utf8 */;
CREATE TABLE `prd_category_status` (
  `prd_category_status_id` smallint(6) NOT NULL AUTO_INCREMENT,
  `lookup_id` int(11) NOT NULL,
  PRIMARY KEY (`prd_category_status_id`),
  KEY `lookup_id` (`lookup_id`),
  CONSTRAINT `prd_category_status_ibfk_1` FOREIGN KEY (`lookup_id`) REFERENCES `lookup_value` (`lookup_id`) ON DELETE NO ACTION ON UPDATE NO ACTION
) ENGINE=InnoDB AUTO_INCREMENT=3 DEFAULT CHARSET=utf8;
/*!40101 SET character_set_client = @saved_cs_client */;

--
-- Dumping data for table `prd_category_status`
--

LOCK TABLES `prd_category_status` WRITE;
/*!40000 ALTER TABLE `prd_category_status` DISABLE KEYS */;
INSERT INTO `prd_category_status` VALUES (2,113),(1,114);
/*!40000 ALTER TABLE `prd_category_status` ENABLE KEYS */;
UNLOCK TABLES;

--
-- Table structure for table `prd_checklist`
--

DROP TABLE IF EXISTS `prd_checklist`;
/*!40101 SET @saved_cs_client     = @@character_set_client */;
/*!40101 SET character_set_client = utf8 */;
CREATE TABLE `prd_checklist` (
  `checklist_id` smallint(6) NOT NULL,
  `prd_type_id` smallint(6) DEFAULT NULL,
  `account_status` smallint(6) NOT NULL,
  PRIMARY KEY (`checklist_id`),
  KEY `account_status` (`account_status`),
  KEY `prd_type_id` (`prd_type_id`),
  CONSTRAINT `prd_checklist_ibfk_1` FOREIGN KEY (`account_status`) REFERENCES `account_state` (`account_state_id`) ON DELETE NO ACTION ON UPDATE NO ACTION,
  CONSTRAINT `prd_checklist_ibfk_2` FOREIGN KEY (`checklist_id`) REFERENCES `checklist` (`checklist_id`) ON DELETE NO ACTION ON UPDATE NO ACTION,
  CONSTRAINT `prd_checklist_ibfk_3` FOREIGN KEY (`prd_type_id`) REFERENCES `prd_type` (`prd_type_id`) ON DELETE NO ACTION ON UPDATE NO ACTION
) ENGINE=InnoDB DEFAULT CHARSET=utf8;
/*!40101 SET character_set_client = @saved_cs_client */;

--
-- Dumping data for table `prd_checklist`
--

LOCK TABLES `prd_checklist` WRITE;
/*!40000 ALTER TABLE `prd_checklist` DISABLE KEYS */;
/*!40000 ALTER TABLE `prd_checklist` ENABLE KEYS */;
UNLOCK TABLES;

--
-- Table structure for table `prd_fee_frequency`
--

DROP TABLE IF EXISTS `prd_fee_frequency`;
/*!40101 SET @saved_cs_client     = @@character_set_client */;
/*!40101 SET character_set_client = utf8 */;
CREATE TABLE `prd_fee_frequency` (
  `prdoffering_fee_id` smallint(6) NOT NULL,
  `fee_id` smallint(6) DEFAULT NULL,
  `frequency_id` smallint(6) NOT NULL,
  PRIMARY KEY (`prdoffering_fee_id`),
  KEY `fee_id` (`fee_id`),
  KEY `frequency_id` (`frequency_id`),
  CONSTRAINT `prd_fee_frequency_ibfk_1` FOREIGN KEY (`fee_id`) REFERENCES `fees` (`fee_id`) ON DELETE NO ACTION ON UPDATE NO ACTION,
  CONSTRAINT `prd_fee_frequency_ibfk_2` FOREIGN KEY (`prdoffering_fee_id`) REFERENCES `prd_offering_fees` (`prd_offering_fee_id`) ON DELETE NO ACTION ON UPDATE NO ACTION,
  CONSTRAINT `prd_fee_frequency_ibfk_3` FOREIGN KEY (`frequency_id`) REFERENCES `recurrence_type` (`recurrence_id`) ON DELETE NO ACTION ON UPDATE NO ACTION
) ENGINE=InnoDB DEFAULT CHARSET=utf8;
/*!40101 SET character_set_client = @saved_cs_client */;

--
-- Dumping data for table `prd_fee_frequency`
--

LOCK TABLES `prd_fee_frequency` WRITE;
/*!40000 ALTER TABLE `prd_fee_frequency` DISABLE KEYS */;
/*!40000 ALTER TABLE `prd_fee_frequency` ENABLE KEYS */;
UNLOCK TABLES;

--
-- Table structure for table `prd_offering`
--

DROP TABLE IF EXISTS `prd_offering`;
/*!40101 SET @saved_cs_client     = @@character_set_client */;
/*!40101 SET character_set_client = utf8 */;
CREATE TABLE `prd_offering` (
  `prd_offering_id` smallint(6) NOT NULL AUTO_INCREMENT,
  `prd_applicable_master_id` smallint(6) NOT NULL,
  `global_prd_offering_num` varchar(50) NOT NULL,
  `prd_category_id` smallint(6) NOT NULL,
  `prd_type_id` smallint(6) DEFAULT NULL,
  `office_id` smallint(6) DEFAULT NULL,
  `start_date` date NOT NULL,
  `end_date` date DEFAULT NULL,
  `glcode_id` smallint(6) DEFAULT NULL,
  `prd_offering_name` varchar(50) NOT NULL,
  `prd_offering_short_name` varchar(50) NOT NULL,
  `offering_status_id` smallint(6) DEFAULT NULL,
  `description` varchar(200) DEFAULT NULL,
  `created_date` date NOT NULL,
  `created_by` int(11) NOT NULL,
  `updated_date` date DEFAULT NULL,
  `updated_by` int(11) DEFAULT NULL,
  `version_no` int(11) DEFAULT NULL,
  `prd_mix_flag` smallint(6) DEFAULT NULL,
  `currency_id` smallint(6) DEFAULT NULL,
  PRIMARY KEY (`prd_offering_id`),
  UNIQUE KEY `prd_offering_global_idx` (`global_prd_offering_num`),
  UNIQUE KEY `prd_offering_name_idx` (`prd_offering_name`),
  UNIQUE KEY `prd_offering_short_name_idx` (`prd_offering_short_name`),
  KEY `glcode_id` (`glcode_id`),
  KEY `prd_category_id` (`prd_category_id`),
  KEY `offering_status_id` (`offering_status_id`),
  KEY `prd_applicable_master_id` (`prd_applicable_master_id`),
  KEY `currency_id` (`currency_id`),
  KEY `prd_offering_office_idx` (`office_id`),
  KEY `prd_type_idx` (`prd_type_id`),
  CONSTRAINT `prd_offering_ibfk_1` FOREIGN KEY (`glcode_id`) REFERENCES `gl_code` (`glcode_id`) ON DELETE NO ACTION ON UPDATE NO ACTION,
  CONSTRAINT `prd_offering_ibfk_2` FOREIGN KEY (`office_id`) REFERENCES `office` (`office_id`) ON DELETE NO ACTION ON UPDATE NO ACTION,
  CONSTRAINT `prd_offering_ibfk_3` FOREIGN KEY (`prd_category_id`) REFERENCES `prd_category` (`prd_category_id`) ON DELETE NO ACTION ON UPDATE NO ACTION,
  CONSTRAINT `prd_offering_ibfk_4` FOREIGN KEY (`offering_status_id`) REFERENCES `prd_status` (`offering_status_id`) ON DELETE NO ACTION ON UPDATE NO ACTION,
  CONSTRAINT `prd_offering_ibfk_5` FOREIGN KEY (`prd_type_id`) REFERENCES `prd_type` (`prd_type_id`) ON DELETE NO ACTION ON UPDATE NO ACTION,
  CONSTRAINT `prd_offering_ibfk_6` FOREIGN KEY (`prd_applicable_master_id`) REFERENCES `prd_applicable_master` (`prd_applicable_master_id`) ON DELETE NO ACTION ON UPDATE NO ACTION,
  CONSTRAINT `prd_offering_ibfk_7` FOREIGN KEY (`currency_id`) REFERENCES `currency` (`currency_id`) ON DELETE NO ACTION ON UPDATE NO ACTION
) ENGINE=InnoDB AUTO_INCREMENT=8 DEFAULT CHARSET=utf8;
/*!40101 SET character_set_client = @saved_cs_client */;

--
-- Dumping data for table `prd_offering`
--

LOCK TABLES `prd_offering` WRITE;
/*!40000 ALTER TABLE `prd_offering` DISABLE KEYS */;
INSERT INTO `prd_offering` VALUES (1,1,'1-001',1,1,1,'2010-07-02',NULL,NULL,'loan prod 1','lp1',1,'','2010-07-02',1,'2010-08-28',1,1,NULL,2),(2,1,'1-002',2,2,1,'2010-07-02',NULL,NULL,'savings product 1','sp1',2,'','2010-07-02',1,NULL,NULL,0,NULL,NULL),(3,1,'1-003',2,2,1,'2010-07-02',NULL,NULL,'savings product 2','sp2',2,'','2010-07-02',1,NULL,NULL,0,NULL,NULL),(4,1,'1-004',1,1,1,'2010-07-02',NULL,NULL,'loan prod 2','lp2',1,'','2010-07-02',1,'2010-08-28',1,1,NULL,2),(5,2,'1-005',1,1,1,'2010-07-25',NULL,NULL,'group loan','gl',1,'','2010-07-25',1,'2010-08-28',1,1,NULL,2),(6,2,'1-006',2,2,1,'2010-07-25',NULL,NULL,'group savings product','gsp',2,'','2010-07-25',1,NULL,NULL,0,NULL,NULL),(7,3,'1-007',2,2,1,'2010-07-25',NULL,NULL,'center savings','cs1a',2,'','2010-07-25',1,NULL,NULL,0,NULL,NULL);
/*!40000 ALTER TABLE `prd_offering` ENABLE KEYS */;
UNLOCK TABLES;

--
-- Table structure for table `prd_offering_fees`
--

DROP TABLE IF EXISTS `prd_offering_fees`;
/*!40101 SET @saved_cs_client     = @@character_set_client */;
/*!40101 SET character_set_client = utf8 */;
CREATE TABLE `prd_offering_fees` (
  `prd_offering_fee_id` smallint(6) NOT NULL AUTO_INCREMENT,
  `fee_id` smallint(6) DEFAULT NULL,
  `prd_offering_id` smallint(6) DEFAULT NULL,
  PRIMARY KEY (`prd_offering_fee_id`),
  KEY `fee_id` (`fee_id`),
  KEY `prd_offering_fee_idx` (`prd_offering_id`,`fee_id`),
  CONSTRAINT `prd_offering_fees_ibfk_1` FOREIGN KEY (`fee_id`) REFERENCES `fees` (`fee_id`) ON DELETE NO ACTION ON UPDATE NO ACTION,
  CONSTRAINT `prd_offering_fees_ibfk_2` FOREIGN KEY (`prd_offering_id`) REFERENCES `prd_offering` (`prd_offering_id`) ON DELETE NO ACTION ON UPDATE NO ACTION
) ENGINE=InnoDB AUTO_INCREMENT=13 DEFAULT CHARSET=utf8;
/*!40101 SET character_set_client = @saved_cs_client */;

--
-- Dumping data for table `prd_offering_fees`
--

LOCK TABLES `prd_offering_fees` WRITE;
/*!40000 ALTER TABLE `prd_offering_fees` DISABLE KEYS */;
INSERT INTO `prd_offering_fees` VALUES (7,5,1),(6,6,1),(8,7,1),(5,8,1),(10,5,4),(12,6,4),(9,7,4),(11,8,4),(3,5,5),(1,6,5),(4,7,5),(2,8,5);
/*!40000 ALTER TABLE `prd_offering_fees` ENABLE KEYS */;
UNLOCK TABLES;

--
-- Table structure for table `prd_offering_meeting`
--

DROP TABLE IF EXISTS `prd_offering_meeting`;
/*!40101 SET @saved_cs_client     = @@character_set_client */;
/*!40101 SET character_set_client = utf8 */;
CREATE TABLE `prd_offering_meeting` (
  `prd_offering_meeting_id` smallint(6) NOT NULL AUTO_INCREMENT,
  `prd_offering_id` smallint(6) NOT NULL,
  `prd_meeting_id` int(11) DEFAULT NULL,
  `prd_offering_meeting_type_id` smallint(6) NOT NULL,
  PRIMARY KEY (`prd_offering_meeting_id`),
  KEY `prd_offering_id` (`prd_offering_id`),
  KEY `prd_meeting_id` (`prd_meeting_id`),
  KEY `prd_offering_meeting_type_id` (`prd_offering_meeting_type_id`),
  CONSTRAINT `prd_offering_meeting_ibfk_1` FOREIGN KEY (`prd_offering_id`) REFERENCES `prd_offering` (`prd_offering_id`),
  CONSTRAINT `prd_offering_meeting_ibfk_2` FOREIGN KEY (`prd_meeting_id`) REFERENCES `meeting` (`meeting_id`),
  CONSTRAINT `prd_offering_meeting_ibfk_3` FOREIGN KEY (`prd_offering_meeting_type_id`) REFERENCES `meeting_type` (`meeting_type_id`)
) ENGINE=InnoDB AUTO_INCREMENT=12 DEFAULT CHARSET=utf8;
/*!40101 SET character_set_client = @saved_cs_client */;

--
-- Dumping data for table `prd_offering_meeting`
--

LOCK TABLES `prd_offering_meeting` WRITE;
/*!40000 ALTER TABLE `prd_offering_meeting` DISABLE KEYS */;
INSERT INTO `prd_offering_meeting` VALUES (1,1,2,1),(2,2,3,3),(3,2,4,2),(4,3,5,2),(5,3,6,3),(6,4,8,1),(7,5,41,1),(8,6,42,3),(9,6,43,2),(10,7,44,3),(11,7,45,2);
/*!40000 ALTER TABLE `prd_offering_meeting` ENABLE KEYS */;
UNLOCK TABLES;

--
-- Table structure for table `prd_offering_mix`
--

DROP TABLE IF EXISTS `prd_offering_mix`;
/*!40101 SET @saved_cs_client     = @@character_set_client */;
/*!40101 SET character_set_client = utf8 */;
CREATE TABLE `prd_offering_mix` (
  `prd_offering_mix_id` int(11) NOT NULL AUTO_INCREMENT,
  `prd_offering_id` smallint(6) NOT NULL,
  `prd_offering_not_allowed_id` smallint(6) NOT NULL,
  `created_by` smallint(6) DEFAULT NULL,
  `created_date` date DEFAULT NULL,
  `updated_by` smallint(6) DEFAULT NULL,
  `updated_date` date DEFAULT NULL,
  `version_no` int(11) DEFAULT NULL,
  PRIMARY KEY (`prd_offering_mix_id`),
  KEY `prd_offering_mix_prd_offering_id_1` (`prd_offering_id`),
  KEY `prd_offering_mix_prd_offering_id_2` (`prd_offering_not_allowed_id`),
  CONSTRAINT `prd_offering_mix_prd_offering_id_1` FOREIGN KEY (`prd_offering_id`) REFERENCES `prd_offering` (`prd_offering_id`) ON DELETE NO ACTION ON UPDATE NO ACTION,
  CONSTRAINT `prd_offering_mix_prd_offering_id_2` FOREIGN KEY (`prd_offering_not_allowed_id`) REFERENCES `prd_offering` (`prd_offering_id`) ON DELETE NO ACTION ON UPDATE NO ACTION
) ENGINE=InnoDB DEFAULT CHARSET=utf8;
/*!40101 SET character_set_client = @saved_cs_client */;

--
-- Dumping data for table `prd_offering_mix`
--

LOCK TABLES `prd_offering_mix` WRITE;
/*!40000 ALTER TABLE `prd_offering_mix` DISABLE KEYS */;
/*!40000 ALTER TABLE `prd_offering_mix` ENABLE KEYS */;
UNLOCK TABLES;

--
-- Table structure for table `prd_offering_question_group`
--

DROP TABLE IF EXISTS `prd_offering_question_group`;
/*!40101 SET @saved_cs_client     = @@character_set_client */;
/*!40101 SET character_set_client = utf8 */;
CREATE TABLE `prd_offering_question_group` (
  `prd_offering_id` smallint(6) NOT NULL,
  `question_group_id` int(11) NOT NULL,
  KEY `prd_offering_id` (`prd_offering_id`),
  KEY `question_group_id` (`question_group_id`),
  CONSTRAINT `prd_offering_question_group_ibfk_1` FOREIGN KEY (`prd_offering_id`) REFERENCES `prd_offering` (`prd_offering_id`),
  CONSTRAINT `prd_offering_question_group_ibfk_2` FOREIGN KEY (`question_group_id`) REFERENCES `question_group` (`id`)
) ENGINE=InnoDB DEFAULT CHARSET=utf8;
/*!40101 SET character_set_client = @saved_cs_client */;

--
-- Dumping data for table `prd_offering_question_group`
--

LOCK TABLES `prd_offering_question_group` WRITE;
/*!40000 ALTER TABLE `prd_offering_question_group` DISABLE KEYS */;
/*!40000 ALTER TABLE `prd_offering_question_group` ENABLE KEYS */;
UNLOCK TABLES;

--
-- Table structure for table `prd_state`
--

DROP TABLE IF EXISTS `prd_state`;
/*!40101 SET @saved_cs_client     = @@character_set_client */;
/*!40101 SET character_set_client = utf8 */;
CREATE TABLE `prd_state` (
  `prd_state_id` smallint(6) NOT NULL AUTO_INCREMENT,
  `prd_state_lookup_id` int(11) DEFAULT NULL,
  PRIMARY KEY (`prd_state_id`),
  KEY `prd_state_lookup_id` (`prd_state_lookup_id`),
  CONSTRAINT `prd_state_ibfk_1` FOREIGN KEY (`prd_state_lookup_id`) REFERENCES `lookup_value` (`lookup_id`) ON DELETE NO ACTION ON UPDATE NO ACTION
) ENGINE=InnoDB AUTO_INCREMENT=3 DEFAULT CHARSET=utf8;
/*!40101 SET character_set_client = @saved_cs_client */;

--
-- Dumping data for table `prd_state`
--

LOCK TABLES `prd_state` WRITE;
/*!40000 ALTER TABLE `prd_state` DISABLE KEYS */;
INSERT INTO `prd_state` VALUES (1,115),(2,116);
/*!40000 ALTER TABLE `prd_state` ENABLE KEYS */;
UNLOCK TABLES;

--
-- Table structure for table `prd_status`
--

DROP TABLE IF EXISTS `prd_status`;
/*!40101 SET @saved_cs_client     = @@character_set_client */;
/*!40101 SET character_set_client = utf8 */;
CREATE TABLE `prd_status` (
  `offering_status_id` smallint(6) NOT NULL AUTO_INCREMENT,
  `prd_state_id` smallint(6) NOT NULL,
  `prd_type_id` smallint(6) NOT NULL,
  `currently_in_use` smallint(6) NOT NULL,
  `version_no` int(11) NOT NULL,
  PRIMARY KEY (`offering_status_id`),
  KEY `prd_type_id` (`prd_type_id`),
  KEY `prd_state_id` (`prd_state_id`),
  CONSTRAINT `prd_status_ibfk_1` FOREIGN KEY (`prd_type_id`) REFERENCES `prd_type` (`prd_type_id`) ON DELETE NO ACTION ON UPDATE NO ACTION,
  CONSTRAINT `prd_status_ibfk_2` FOREIGN KEY (`prd_state_id`) REFERENCES `prd_state` (`prd_state_id`) ON DELETE NO ACTION ON UPDATE NO ACTION
) ENGINE=InnoDB AUTO_INCREMENT=6 DEFAULT CHARSET=utf8;
/*!40101 SET character_set_client = @saved_cs_client */;

--
-- Dumping data for table `prd_status`
--

LOCK TABLES `prd_status` WRITE;
/*!40000 ALTER TABLE `prd_status` DISABLE KEYS */;
INSERT INTO `prd_status` VALUES (1,1,1,1,1),(2,1,2,1,1),(4,2,1,1,1),(5,2,2,1,1);
/*!40000 ALTER TABLE `prd_status` ENABLE KEYS */;
UNLOCK TABLES;

--
-- Table structure for table `prd_type`
--

DROP TABLE IF EXISTS `prd_type`;
/*!40101 SET @saved_cs_client     = @@character_set_client */;
/*!40101 SET character_set_client = utf8 */;
CREATE TABLE `prd_type` (
  `prd_type_id` smallint(6) NOT NULL AUTO_INCREMENT,
  `prd_type_lookup_id` int(11) NOT NULL,
  `lateness_days` smallint(6) DEFAULT NULL,
  `dormancy_days` smallint(6) DEFAULT NULL,
  `version_no` int(11) DEFAULT NULL,
  PRIMARY KEY (`prd_type_id`),
  KEY `prd_type_lookup_id` (`prd_type_lookup_id`),
  CONSTRAINT `prd_type_ibfk_1` FOREIGN KEY (`prd_type_lookup_id`) REFERENCES `lookup_value` (`lookup_id`) ON DELETE NO ACTION ON UPDATE NO ACTION
) ENGINE=InnoDB AUTO_INCREMENT=3 DEFAULT CHARSET=utf8;
/*!40101 SET character_set_client = @saved_cs_client */;

--
-- Dumping data for table `prd_type`
--

LOCK TABLES `prd_type` WRITE;
/*!40000 ALTER TABLE `prd_type` DISABLE KEYS */;
INSERT INTO `prd_type` VALUES (1,54,10,1,1),(2,55,12,30,1);
/*!40000 ALTER TABLE `prd_type` ENABLE KEYS */;
UNLOCK TABLES;

--
-- Table structure for table `product_offering_mandatory_savings`
--

DROP TABLE IF EXISTS `product_offering_mandatory_savings`;
/*!40101 SET @saved_cs_client     = @@character_set_client */;
/*!40101 SET character_set_client = utf8 */;
CREATE TABLE `product_offering_mandatory_savings` (
  `product_offering_mandatory_savings_id` smallint(6) NOT NULL,
  `product_offering_mandatory_savings_type` smallint(6) DEFAULT NULL,
  `prd_offering_id` smallint(6) DEFAULT NULL,
  `product_offering_mandatory_savings_value` smallint(6) DEFAULT NULL,
  `product_offering_mandatory_savings_range` smallint(6) DEFAULT NULL,
  PRIMARY KEY (`product_offering_mandatory_savings_id`),
  KEY `prd_offering_id` (`prd_offering_id`),
  CONSTRAINT `product_offering_mandatory_savings_ibfk_1` FOREIGN KEY (`prd_offering_id`) REFERENCES `prd_offering` (`prd_offering_id`) ON DELETE NO ACTION ON UPDATE NO ACTION
) ENGINE=InnoDB DEFAULT CHARSET=utf8;
/*!40101 SET character_set_client = @saved_cs_client */;

--
-- Dumping data for table `product_offering_mandatory_savings`
--

LOCK TABLES `product_offering_mandatory_savings` WRITE;
/*!40000 ALTER TABLE `product_offering_mandatory_savings` DISABLE KEYS */;
/*!40000 ALTER TABLE `product_offering_mandatory_savings` ENABLE KEYS */;
UNLOCK TABLES;

--
-- Table structure for table `program`
--

DROP TABLE IF EXISTS `program`;
/*!40101 SET @saved_cs_client     = @@character_set_client */;
/*!40101 SET character_set_client = utf8 */;
CREATE TABLE `program` (
  `program_id` int(11) NOT NULL AUTO_INCREMENT,
  `office_id` smallint(6) NOT NULL,
  `lookup_id` int(11) NOT NULL,
  `glcode_id` smallint(6) DEFAULT NULL,
  `program_name` varchar(100) DEFAULT NULL,
  `start_date` date NOT NULL,
  `end_date` date DEFAULT NULL,
  `confidentiality` smallint(6) DEFAULT NULL,
  PRIMARY KEY (`program_id`),
  KEY `glcode_id` (`glcode_id`),
  KEY `lookup_id` (`lookup_id`),
  KEY `office_id` (`office_id`),
  CONSTRAINT `program_ibfk_1` FOREIGN KEY (`glcode_id`) REFERENCES `gl_code` (`glcode_id`) ON DELETE NO ACTION ON UPDATE NO ACTION,
  CONSTRAINT `program_ibfk_2` FOREIGN KEY (`lookup_id`) REFERENCES `lookup_value` (`lookup_id`) ON DELETE NO ACTION ON UPDATE NO ACTION,
  CONSTRAINT `program_ibfk_3` FOREIGN KEY (`office_id`) REFERENCES `office` (`office_id`) ON DELETE NO ACTION ON UPDATE NO ACTION
) ENGINE=InnoDB DEFAULT CHARSET=utf8;
/*!40101 SET character_set_client = @saved_cs_client */;

--
-- Dumping data for table `program`
--

LOCK TABLES `program` WRITE;
/*!40000 ALTER TABLE `program` DISABLE KEYS */;
/*!40000 ALTER TABLE `program` ENABLE KEYS */;
UNLOCK TABLES;

--
-- Table structure for table `program_fund`
--

DROP TABLE IF EXISTS `program_fund`;
/*!40101 SET @saved_cs_client     = @@character_set_client */;
/*!40101 SET character_set_client = utf8 */;
CREATE TABLE `program_fund` (
  `program_fund_id` smallint(6) NOT NULL,
  `fund_id` smallint(6) DEFAULT NULL,
  `program_id` int(11) DEFAULT NULL,
  PRIMARY KEY (`program_fund_id`),
  KEY `fund_id` (`fund_id`),
  KEY `program_id` (`program_id`),
  CONSTRAINT `program_fund_ibfk_1` FOREIGN KEY (`fund_id`) REFERENCES `fund` (`fund_id`) ON DELETE NO ACTION ON UPDATE NO ACTION,
  CONSTRAINT `program_fund_ibfk_2` FOREIGN KEY (`program_id`) REFERENCES `program` (`program_id`) ON DELETE NO ACTION ON UPDATE NO ACTION
) ENGINE=InnoDB DEFAULT CHARSET=utf8;
/*!40101 SET character_set_client = @saved_cs_client */;

--
-- Dumping data for table `program_fund`
--

LOCK TABLES `program_fund` WRITE;
/*!40000 ALTER TABLE `program_fund` DISABLE KEYS */;
/*!40000 ALTER TABLE `program_fund` ENABLE KEYS */;
UNLOCK TABLES;

--
-- Table structure for table `question_choice_tags`
--

DROP TABLE IF EXISTS `question_choice_tags`;
/*!40101 SET @saved_cs_client     = @@character_set_client */;
/*!40101 SET character_set_client = utf8 */;
CREATE TABLE `question_choice_tags` (
  `id` int(11) NOT NULL AUTO_INCREMENT,
  `choice_id` int(11) NOT NULL,
  `tag_text` varchar(50) NOT NULL,
  PRIMARY KEY (`id`),
  UNIQUE KEY `choice_id` (`choice_id`,`tag_text`),
  CONSTRAINT `question_choice_tags_ibfk_1` FOREIGN KEY (`choice_id`) REFERENCES `question_choices` (`choice_id`)
) ENGINE=InnoDB DEFAULT CHARSET=utf8;
/*!40101 SET character_set_client = @saved_cs_client */;

--
-- Dumping data for table `question_choice_tags`
--

LOCK TABLES `question_choice_tags` WRITE;
/*!40000 ALTER TABLE `question_choice_tags` DISABLE KEYS */;
/*!40000 ALTER TABLE `question_choice_tags` ENABLE KEYS */;
UNLOCK TABLES;

--
-- Table structure for table `question_choices`
--

DROP TABLE IF EXISTS `question_choices`;
/*!40101 SET @saved_cs_client     = @@character_set_client */;
/*!40101 SET character_set_client = utf8 */;
CREATE TABLE `question_choices` (
  `choice_id` int(11) NOT NULL AUTO_INCREMENT,
  `question_id` int(11) NOT NULL,
  `choice_text` varchar(500) NOT NULL,
  `choice_order` int(11) NOT NULL,
  `ppi` varchar(1) NOT NULL,
  `ppi_points` int(11) DEFAULT NULL,
  PRIMARY KEY (`choice_id`),
  KEY `question_id` (`question_id`),
  CONSTRAINT `question_choices_ibfk_1` FOREIGN KEY (`question_id`) REFERENCES `questions` (`question_id`) ON DELETE NO ACTION ON UPDATE NO ACTION
) ENGINE=InnoDB AUTO_INCREMENT=974 DEFAULT CHARSET=utf8;
/*!40101 SET character_set_client = @saved_cs_client */;

--
-- Dumping data for table `question_choices`
--

LOCK TABLES `question_choices` WRITE;
/*!40000 ALTER TABLE `question_choices` DISABLE KEYS */;
INSERT INTO `question_choices` VALUES (1,2,'Eight or more',0,'N',NULL),(2,2,'Seven',1,'N',NULL),(3,2,'Six',2,'N',NULL),(4,2,'Five',3,'N',NULL),(5,2,'Four',4,'N',NULL),(6,2,'Three',5,'N',NULL),(7,2,'Two',6,'N',NULL),(8,2,'One',7,'N',NULL),(9,3,'Tradition',0,'N',NULL),(10,3,'Semi-permanent',1,'N',NULL),(11,3,'Permanent',2,'N',NULL),(12,4,'Communal standpipe; communal open, unprotected well; communal hand pump; lake/reservoir, river/spring, or other',0,'N',NULL),(13,4,'Piped into dwelling; piped outside dwelling (personal); personal hand pump; protected spring; or personal open, unprotected well',1,'N',NULL),(14,5,'Collected firewood, crop residue, or animal waste',0,'N',NULL),(15,5,'Purchased firewood',1,'N',NULL),(16,5,'Paraffin, electricity, gas, charcoal, saw dust, or other',2,'N',NULL),(17,6,'Collected firewood, grass, or other',0,'N',NULL),(18,6,'Paraffin',1,'N',NULL),(19,6,'Purchased firewood, electricity, gas, battery/dry cell (torch), or candles',2,'N',NULL),(20,7,'No',0,'N',NULL),(21,7,'Yes',1,'N',NULL),(22,8,'No',0,'N',NULL),(23,8,'Yes',1,'N',NULL),(24,9,'No',0,'N',NULL),(25,9,'Yes',1,'N',NULL),(26,10,'No',0,'N',NULL),(27,10,'Yes',1,'N',NULL),(28,11,'No',0,'N',NULL),(29,11,'Yes',1,'N',NULL),(30,13,'Four or more',0,'N',NULL),(31,13,'Three',1,'N',NULL),(32,13,'Two',2,'N',NULL),(33,13,'One',3,'N',NULL),(34,13,'None',4,'N',NULL),(35,14,'No',0,'N',NULL),(36,14,'Yes',1,'N',NULL),(37,14,'No children ages 614',2,'N',NULL),(38,15,'Not Port-a-Prince',0,'N',NULL),(39,15,'Port-a-Prince',1,'N',NULL),(40,16,'No',0,'N',NULL),(41,16,'Yes',1,'N',NULL),(42,17,'Earth',0,'N',NULL),(43,17,'Concrete or other',1,'N',NULL),(44,17,'Ceramic or wood planks',2,'N',NULL),(45,18,'No',0,'N',NULL),(46,18,'Yes',1,'N',NULL),(47,19,'No',0,'N',NULL),(48,19,'Yes',1,'N',NULL),(49,20,'None',0,'N',NULL),(50,20,'One',1,'N',NULL),(51,20,'Two or three',2,'N',NULL),(52,20,'Four or more',3,'N',NULL),(53,21,'Straw, palm leaves, or other',0,'N',NULL),(54,21,'Iron',1,'N',NULL),(55,21,'Concrete',2,'N',NULL),(56,22,'No',0,'N',NULL),(57,22,'Yes',1,'N',NULL),(58,24,'Four or more',0,'N',NULL),(59,24,'Three',1,'N',NULL),(60,24,'Two',2,'N',NULL),(61,24,'One',3,'N',NULL),(62,24,'None',4,'N',NULL),(63,25,'Yes',0,'N',NULL),(64,25,'No',1,'N',NULL),(65,26,'Open field',0,'N',NULL),(66,26,'Kacha latrine (temporary or permanent), pacca (pit or water seal), or sanitary',1,'N',NULL),(67,27,'One, two, or three',0,'N',NULL),(68,27,'Four',1,'N',NULL),(69,27,'Five or more',2,'N',NULL),(70,28,'Mud brick, hemp/hay/ bamboo, or other',0,'N',NULL),(71,28,'C.I. sheet/wood',1,'N',NULL),(72,28,'Brick/cement',2,'N',NULL),(73,29,'Tile/wood, hemp/hay/ bamboo, or other',0,'N',NULL),(74,29,'C.I. sheet/wood',1,'N',NULL),(75,29,'Cement',2,'N',NULL),(76,30,'None, or less than 0.5 acres',0,'N',NULL),(77,30,'More than 0.5 acres, but less than 1 acre',1,'N',NULL),(78,30,'More than 1 acre',2,'N',NULL),(79,31,'No',0,'N',NULL),(80,31,'Yes',1,'N',NULL),(81,32,'No',0,'N',NULL),(82,32,'Yes',1,'N',NULL),(83,33,'No',0,'N',NULL),(84,33,'Yes',1,'N',NULL),(85,35,'Four or more',0,'N',NULL),(86,35,'Three',1,'N',NULL),(87,35,'Two',2,'N',NULL),(88,35,'One',3,'N',NULL),(89,35,'None',4,'N',NULL),(90,36,'None, pre-school, or kindergarten',0,'N',NULL),(91,36,'Grade school (incomplete)',1,'N',NULL),(92,36,'Grade school (complete)',2,'N',NULL),(93,36,'High school (incomplete)',3,'N',NULL),(94,36,'High school (complete), non-university superior (incomplete) or no female head',4,'N',NULL),(95,36,'Non-university superior (complete) or higher',5,'N',NULL),(96,37,'Earth, wood planks, other, or no residence',0,'N',NULL),(97,37,'Cement',1,'N',NULL),(98,37,'Parquet, polished wood, linoleum, vinyl, tile, or similar',2,'N',NULL),(99,38,'Adobe, mud, or matting',0,'N',NULL),(100,38,'Wattle and daub, wood, matting, brick or cement blocks, stone blocks with lime or cement, other, or no residence',1,'N',NULL),(101,39,'One',0,'N',NULL),(102,39,'Two',1,'N',NULL),(103,39,'Three, four, or five',2,'N',NULL),(104,39,'Six or more',3,'N',NULL),(105,40,'Other',0,'N',NULL),(106,40,'Firewood, charcoal, or kerosene',1,'N',NULL),(107,40,'Gas (LPG or natural)',2,'N',NULL),(108,40,'Electricity or does not cook',3,'N',NULL),(109,41,'No',0,'N',NULL),(110,41,'Yes',1,'N',NULL),(111,42,'None',0,'N',NULL),(112,42,'One',1,'N',NULL),(113,42,'Two or more',2,'N',NULL),(114,43,'No',0,'N',NULL),(115,43,'Yes',1,'N',NULL),(116,44,'No',0,'N',NULL),(117,44,'Yes',1,'N',NULL),(118,46,'Eight or more',0,'N',NULL),(119,46,'Six or seven',1,'N',NULL),(120,46,'Five',2,'N',NULL),(121,46,'Four',3,'N',NULL),(122,46,'Three',4,'N',NULL),(123,46,'Two',5,'N',NULL),(124,46,'One',6,'N',NULL),(125,47,'Not all',0,'N',NULL),(126,47,'No children ages 6 to 18',1,'N',NULL),(127,47,'All',2,'N',NULL),(128,48,'Earth/mud, or dirt/straw',0,'N',NULL),(129,48,'Wood, tile, plank, concrete, or other',1,'N',NULL),(130,49,'Mud/mud bricks',0,'N',NULL),(131,49,'Thatch (grass or straw)',1,'N',NULL),(132,49,'Wood/bamboo, corrugated iron sheets, cement/concrete, roofing tiles, or other',2,'N',NULL),(133,50,'Unprotected well/rain water, or untreated pipe-borne',0,'N',NULL),(134,50,'Vendor, truck, protected well, river, lake, or pond',1,'N',NULL),(135,50,'Treated pipe-borne water, borehole/hand pump, or other',2,'N',NULL),(136,51,'Pail/bucket, covered or uncovered pit latrine, ventilated improved pit latrine, other, or none',0,'N',NULL),(137,51,'Toilet on water, or flush to sewer or septic tank',1,'N',NULL),(138,52,'No',0,'N',NULL),(139,52,'Yes',1,'N',NULL),(140,53,'No',0,'N',NULL),(141,53,'Yes',1,'N',NULL),(142,54,'No',0,'N',NULL),(143,54,'Yes',1,'N',NULL),(144,55,'No',0,'N',NULL),(145,55,'Yes',1,'N',NULL),(146,57,'Six or more',0,'N',NULL),(147,57,'Five',1,'N',NULL),(148,57,'Four',2,'N',NULL),(149,57,'Three',3,'N',NULL),(150,57,'Two',4,'N',NULL),(151,57,'One',5,'N',NULL),(152,58,'Not all, or no children aged 5 to 18',0,'N',NULL),(153,58,'All',1,'N',NULL),(154,59,'None',0,'N',NULL),(155,59,'One or two',1,'N',NULL),(156,59,'Three',2,'N',NULL),(157,59,'Four or more',3,'N',NULL),(158,60,'Public utilities retail, safe/unsafe well, safe/unsafe water spring, river, rain water, or other',0,'N',NULL),(159,60,'Public utilities (in pipes), or drilled/pumped well',1,'N',NULL),(160,60,'From manufacturing',2,'N',NULL),(161,61,'Toilet over water, hole in ground/river, no toilet, or no one uses bathroom facility',0,'N',NULL),(162,61,'Flush/sitting toilet',1,'N',NULL),(163,62,'Earth/soil',0,'N',NULL),(164,62,'Not earth/soil',1,'N',NULL),(165,63,'Bamboo, other, or does not have',0,'N',NULL),(166,63,'Concrete, gypsum, wood, or asbestos',1,'N',NULL),(167,64,'No',0,'N',NULL),(168,64,'Yes',1,'N',NULL),(169,65,'No',0,'N',NULL),(170,65,'Yes',1,'N',NULL),(171,66,'No',0,'N',NULL),(172,66,'Yes',1,'N',NULL),(173,68,'Seven or more',0,'N',NULL),(174,68,'Six',1,'N',NULL),(175,68,'Five',2,'N',NULL),(176,68,'Four',3,'N',NULL),(177,68,'Three',4,'N',NULL),(178,68,'Two',5,'N',NULL),(179,68,'One',6,'N',NULL),(180,69,'None',0,'N',NULL),(181,69,'One',1,'N',NULL),(182,69,'Two or more',2,'N',NULL),(183,70,'Four or less',0,'N',NULL),(184,70,'Five or six',1,'N',NULL),(185,70,'Seven or more',2,'N',NULL),(186,71,'Bricks, cement block/concrete, corrugated iron/zinc, wood, plastic, cardboard, mixture of mud and cement, wattle and daub, mud, thatching, asbestos, or other',0,'N',NULL),(187,71,'Tile',1,'N',NULL),(188,72,'Pit latrine off-site with or without ventilation pipe, bucket toilet off-site, none, or other',0,'N',NULL),(189,72,'Pit latrine on-site with or without ventilation pipe, or bucket toilet on-site',1,'N',NULL),(190,72,'Flush toilet in dwelling/on-site/off-site with off-site/on-site disposal (septic tank), or chemical toilet on-site or off-site',2,'N',NULL),(191,73,'Paraffin, coal, wood, animal dung, none, or other',0,'N',NULL),(192,73,'Electricity from mains/generator/solar, or gas',1,'N',NULL),(193,74,'No',0,'N',NULL),(194,74,'Yes',1,'N',NULL),(195,75,'No',0,'N',NULL),(196,75,'Yes',1,'N',NULL),(197,76,'No',0,'N',NULL),(198,76,'Yes',1,'N',NULL),(199,77,'No',0,'N',NULL),(200,77,'Yes',1,'N',NULL),(201,79,'Six or more',0,'N',NULL),(202,79,'Five',1,'N',NULL),(203,79,'Four',2,'N',NULL),(204,79,'Three',3,'N',NULL),(205,79,'One or two',4,'N',NULL),(206,80,'None',0,'N',NULL),(207,80,'One or more',1,'N',NULL),(208,81,'Year 1 or less',0,'N',NULL),(209,81,'Years 2 to 7',1,'N',NULL),(210,81,'Years 8 or 9',2,'N',NULL),(211,81,'Year 10',3,'N',NULL),(212,81,'No female head/spouse',4,'N',NULL),(213,81,'G.C.E. (O/L) or equivalent, Year 12, or higher',5,'N',NULL),(214,82,'Mud, or other',0,'N',NULL),(215,82,'Cement',1,'N',NULL),(216,82,'Terrazzo/tile',2,'N',NULL),(217,83,'None',0,'N',NULL),(218,83,'One',1,'N',NULL),(219,83,'Two',2,'N',NULL),(220,83,'Three or more',3,'N',NULL),(221,84,'No',0,'N',NULL),(222,84,'Yes',1,'N',NULL),(223,85,'No television',0,'N',NULL),(224,85,'Television, but no VCD/DVD',1,'N',NULL),(225,85,'Television and VCD/DVD',2,'N',NULL),(226,86,'No',0,'N',NULL),(227,86,'Yes',1,'N',NULL),(228,87,'No',0,'N',NULL),(229,87,'Yes',1,'N',NULL),(230,88,'None',0,'N',NULL),(231,88,'Bicycle only',1,'N',NULL),(232,88,'Motorcycle etc., but no motor car etc. (regardless of bicycle)',2,'N',NULL),(233,88,'Motorcycle etc. (regardless of bicycle or motor car etc.)',3,'N',NULL),(234,90,'Three or more',0,'N',NULL),(235,90,'Two',1,'N',NULL),(236,90,'One',2,'N',NULL),(237,90,'None',3,'N',NULL),(238,91,'Four or more',0,'N',NULL),(239,91,'Two or three',1,'N',NULL),(240,91,'One or none',2,'N',NULL),(241,92,'Makeshift or other',0,'N',NULL),(242,92,'Semi-permanent house',1,'N',NULL),(243,92,'Strong house with a shared kitchen or shared bathroom/toilet',2,'N',NULL),(244,92,'Villa or strong house with a private kitchen and private',3,'N',NULL),(245,93,'None or other',0,'N',NULL),(246,93,'Double-vault compost latrine, or toilet directly over water',1,'N',NULL),(247,93,'Suilabh, or flush toilet with septic tank or sewage pipes',2,'N',NULL),(248,94,'Public tap, deep drilled wells, hand-dug and reinforced/non-reinforced wells, covered wells, protected/unprotected springs, rain, small water tank, water tank, river, lake, pond, or other',0,'N',NULL),(249,94,'Private tap water inside/outside the house, or purchased water (in tank or bottle)',1,'N',NULL),(250,95,'None',0,'N',NULL),(251,95,'Electric cooker, rice cooker, or pressurized cooker (no gas cooker)',1,'N',NULL),(252,95,'Gas cooker',2,'N',NULL),(253,96,'No',0,'N',NULL),(254,96,'Yes',1,'N',NULL),(255,97,'No',0,'N',NULL),(256,97,'Yes',1,'N',NULL),(257,98,'No',0,'N',NULL),(258,98,'Yes',1,'N',NULL),(259,99,'No',0,'N',NULL),(260,99,'Yes',1,'N',NULL),(261,101,'Balochistan',0,'N',NULL),(262,101,'Northwest Frontier Province',1,'N',NULL),(263,101,'Sindh',2,'N',NULL),(264,101,'Punjab or Islamabad',3,'N',NULL),(265,102,'Five or more',0,'N',NULL),(266,102,'Four',1,'N',NULL),(267,102,'Three',2,'N',NULL),(268,102,'Two',3,'N',NULL),(269,102,'One',4,'N',NULL),(270,102,'None',5,'N',NULL),(271,103,'Not all',0,'N',NULL),(272,103,'All, or no children ages 5 to 13',1,'N',NULL),(273,104,'Two or more',0,'N',NULL),(274,104,'One',1,'N',NULL),(275,104,'None',2,'N',NULL),(276,105,'Less than Class 1 or no data',0,'N',NULL),(277,105,'No female head/spouse',1,'N',NULL),(278,105,'Class 1 or higher',2,'N',NULL),(279,106,'Others',0,'N',NULL),(280,106,'Hand pump, covered/closed well, motorized pump/tube well, or piped water',1,'N',NULL),(281,107,'None or other',0,'N',NULL),(282,107,'Flush connected to pit/septic tank or open drain',1,'N',NULL),(283,107,'Flush connected to public sewerage',2,'N',NULL),(284,108,'No',0,'N',NULL),(285,108,'Yes',1,'N',NULL),(286,109,'No',0,'N',NULL),(287,109,'Yes',1,'N',NULL),(288,110,'No',0,'N',NULL),(289,110,'Yes',1,'N',NULL),(290,112,'Six or more',0,'N',NULL),(291,112,'Five',1,'N',NULL),(292,112,'Four',2,'N',NULL),(293,112,'Three',3,'N',NULL),(294,112,'Two or one',4,'N',NULL),(295,113,'No',0,'N',NULL),(296,113,'Yes',1,'N',NULL),(297,113,'No children ages 6 to 12',2,'N',NULL),(298,114,'One',0,'N',NULL),(299,114,'Two',1,'N',NULL),(300,114,'Three or more',2,'N',NULL),(301,115,'Wood and grass, mud and stone, or other',0,'N',NULL),(302,115,'Wood and mud, reeds and bamboo, cement and stone, hollow blocks, or bricks',1,'N',NULL),(303,116,'Pit latrine (shared), field/forest, container (household utensils), or other',0,'N',NULL),(304,116,'Pit latrine (private)',1,'N',NULL),(305,116,'Flush toilet (private or shared)',2,'N',NULL),(306,117,'Mainly firewood (purchase or collected), animal dung, or other',0,'N',NULL),(307,117,'Crop residue',1,'N',NULL),(308,117,'Charcoal, kerosene, butane gas, electricity, or does not use fuel',2,'N',NULL),(309,118,'No',0,'N',NULL),(310,118,'Yes',1,'N',NULL),(311,119,'No',0,'N',NULL),(312,119,'Yes',1,'N',NULL),(313,120,'No',0,'N',NULL),(314,120,'Yes',1,'N',NULL),(315,121,'No',0,'N',NULL),(316,121,'Yes',1,'N',NULL),(317,122,'No',0,'N',NULL),(318,122,'Yes',1,'N',NULL),(319,124,'Ten or more',0,'N',NULL),(320,124,'Eight or nine',1,'N',NULL),(321,124,'Seven',2,'N',NULL),(322,124,'Six',3,'N',NULL),(323,124,'Four or five',4,'N',NULL),(324,124,'Three',5,'N',NULL),(325,124,'One or two',6,'N',NULL),(326,125,'Not all',0,'N',NULL),(327,125,'All',1,'N',NULL),(328,125,'No children aged 12 to 18',2,'N',NULL),(329,126,'Concrete, mud/soil, stone, or other',0,'N',NULL),(330,126,'Floor tiles or marble',1,'N',NULL),(331,127,'Wood and mud, wood, hay, mud and hay, metal sheets and mud, or other',0,'N',NULL),(332,127,'Reinforced concrete, wood and concrete, or metal sheets',1,'N',NULL),(333,128,'Non-flush toilet, other, or no toilet',0,'N',NULL),(334,128,'Flush toilet',1,'N',NULL),(335,129,'One',0,'N',NULL),(336,129,'Two',1,'N',NULL),(337,129,'Three',2,'N',NULL),(338,129,'Four',3,'N',NULL),(339,129,'Five',4,'N',NULL),(340,129,'Six or more',5,'N',NULL),(341,130,'No',0,'N',NULL),(342,130,'Yes',1,'N',NULL),(343,131,'No',0,'N',NULL),(344,131,'Yes',1,'N',NULL),(345,132,'No',0,'N',NULL),(346,132,'Yes',1,'N',NULL),(347,133,'No',0,'N',NULL),(348,133,'Yes',1,'N',NULL),(349,135,'Autre',0,'N',NULL),(350,135,'Briques en banco ou en ciment',1,'N',NULL),(351,136,'Lampe tempte ou lampe a ptrole artisanale',0,'N',NULL),(352,136,'Bougie, bois ou autre',1,'N',NULL),(353,136,'Groupe lectrogene, solaire, lampe  gaz ou lectricit (SENELEC)',2,'N',NULL),(354,137,'Autre',0,'N',NULL),(355,137,'Gaz',1,'N',NULL),(356,138,'Autre',0,'N',NULL),(357,138,'Robinet interieur',1,'N',NULL),(358,139,'Latrines non couvertes, cuvette/seau, aucun ou autre',0,'N',NULL),(359,139,'Latrines couvertes, latrines ventiles amliores ou chasse d\'eau avec fosse septique',1,'N',NULL),(360,139,'Chasse d\'eau avec gout',2,'N',NULL),(361,140,'Non',0,'N',NULL),(362,140,'Oui',1,'N',NULL),(363,141,'Non',0,'N',NULL),(364,141,'Oui',1,'N',NULL),(365,142,'Non',0,'N',NULL),(366,142,'Oui',1,'N',NULL),(367,143,'Non',0,'N',NULL),(368,143,'Oui',1,'N',NULL),(369,144,'Il n\'y a pas chef de famille fminin',0,'N',NULL),(370,144,'Non',1,'N',NULL),(371,144,'Oui',2,'N',NULL),(372,146,'Four or more',0,'N',NULL),(373,146,'Three',1,'N',NULL),(374,146,'Two',2,'N',NULL),(375,146,'One',3,'N',NULL),(376,146,'None',4,'N',NULL),(377,147,'Not all',0,'N',NULL),(378,147,'No children ages 5 to 12',1,'N',NULL),(379,147,'All',2,'N',NULL),(380,148,'No',0,'N',NULL),(381,148,'Yes',1,'N',NULL),(382,149,'No',0,'N',NULL),(383,149,'No female head/spouse',1,'N',NULL),(384,149,'Yes',2,'N',NULL),(385,150,'Straw/thatch, wood/planks, earth/mud, or other',0,'N',NULL),(386,150,'Tiles/slate',1,'N',NULL),(387,150,'Galvanized iron, or concrete/cement',2,'N',NULL),(388,151,'No toilet',0,'N',NULL),(389,151,'Household non-flush, communal latrine, household flush (connected to municipal sewer), or household flush (connected to septic tank)',1,'N',NULL),(390,152,'Open fireplace, other, or no data',0,'N',NULL),(391,152,'Mud stove, smokeless stove, or kerosene/gas stove',1,'N',NULL),(392,153,'None',0,'N',NULL),(393,153,'One',1,'N',NULL),(394,153,'Two or more',2,'N',NULL),(395,154,'No',0,'N',NULL),(396,154,'Yes',1,'N',NULL),(397,155,'No',0,'N',NULL),(398,155,'Yes',1,'N',NULL),(399,157,'Ten or more',0,'N',NULL),(400,157,'Nine',1,'N',NULL),(401,157,'Eight',2,'N',NULL),(402,157,'Five, six, or seven',3,'N',NULL),(403,157,'Four',4,'N',NULL),(404,157,'One, two, or three',5,'N',NULL),(405,158,'Cement cob, mud, or other',0,'N',NULL),(406,158,'Cleaned stone, stone and cement, old stone, or concrete',1,'N',NULL),(407,159,'No',0,'N',NULL),(408,159,'Yes',1,'N',NULL),(409,160,'No',0,'N',NULL),(410,160,'Yes',1,'N',NULL),(411,161,'None',0,'N',NULL),(412,161,'Only cellular',1,'N',NULL),(413,161,'Land-line (regardless of cellular)',2,'N',NULL),(414,162,'None',0,'N',NULL),(415,162,'Only T.V.',1,'N',NULL),(416,162,'T.V. and VCR and/or DVD',2,'N',NULL),(417,163,'No',0,'N',NULL),(418,163,'Yes',1,'N',NULL),(419,164,'No',0,'N',NULL),(420,164,'Yes',1,'N',NULL),(421,165,'No',0,'N',NULL),(422,165,'Yes',1,'N',NULL),(423,166,'None',0,'N',NULL),(424,166,'One',1,'N',NULL),(425,166,'Two or more',2,'N',NULL),(426,168,'3 or more',0,'N',NULL),(427,168,'0, 1, or 2',1,'N',NULL),(428,169,'Not all',0,'N',NULL),(429,169,'All',1,'N',NULL),(430,169,'No children aged 6 to 17',2,'N',NULL),(431,170,'Mud/cow dung; grass/sticks/makuti;',0,'N',NULL),(432,170,'Other',1,'N',NULL),(433,171,'Other',0,'N',NULL),(434,171,'Flush to sewer; flush to septic tank; pan/bucket; covered pit latrine; or ventilation improved pit latrine',1,'N',NULL),(435,172,'No',0,'N',NULL),(436,172,'Yes',1,'N',NULL),(437,173,'No',0,'N',NULL),(438,173,'Yes',1,'N',NULL),(439,174,'No',0,'N',NULL),(440,174,'Yes',1,'N',NULL),(441,175,'No',0,'N',NULL),(442,175,'Yes',1,'N',NULL),(443,176,'No',0,'N',NULL),(444,176,'Yes',1,'N',NULL),(445,177,'None or unknown',0,'N',NULL),(446,177,'1 or more',1,'N',NULL),(447,179,'Five or more',0,'N',NULL),(448,179,'Four',1,'N',NULL),(449,179,'Three',2,'N',NULL),(450,179,'Two',3,'N',NULL),(451,179,'One',4,'N',NULL),(452,179,'None',5,'N',NULL),(453,180,'None, pre-school, or literacy program',0,'N',NULL),(454,180,'Primary school',1,'N',NULL),(455,180,'No female head/spouse, common cycle, or no data',2,'N',NULL),(456,180,'Diversified or higher',3,'N',NULL),(457,181,'No data or no main occupation',0,'N',NULL),(458,181,'Farmer, rancher, agricultural worker, or no male head/spouse',1,'N',NULL),(459,181,'Shop owner, salesperson, service worker, transport and storage operator, or worker in textiles, construction, mechanics, graphics, chemicals, food processing, etc.',2,'N',NULL),(460,181,'Office worker, transportation operator, professional, technician, director, manager, administrator, or related job',3,'N',NULL),(461,182,'None',0,'N',NULL),(462,182,'One',1,'N',NULL),(463,182,'Two or more',2,'N',NULL),(464,183,'One',0,'N',NULL),(465,183,'Two',1,'N',NULL),(466,183,'Three',2,'N',NULL),(467,183,'Four or more',3,'N',NULL),(468,184,'Dirt, other, or no data',0,'N',NULL),(469,184,'Mud bricks, poured concrete, or wood',1,'N',NULL),(470,184,'Cement bricks',2,'N',NULL),(471,184,'Ceramic tile or granite',3,'N',NULL),(472,185,'Not public network',0,'N',NULL),(473,185,'Public network',1,'N',NULL),(474,186,'No',0,'N',NULL),(475,186,'Yes',1,'N',NULL),(476,187,'No',0,'N',NULL),(477,187,'Yes',1,'N',NULL),(478,188,'No',0,'N',NULL),(479,188,'Yes, without cable',1,'N',NULL),(480,188,'Yes, with cable',2,'N',NULL),(481,190,'Five or more',0,'N',NULL),(482,190,'Four',1,'N',NULL),(483,190,'Three',2,'N',NULL),(484,190,'Two',3,'N',NULL),(485,190,'One',4,'N',NULL),(486,190,'None',5,'N',NULL),(487,191,'Three or more',0,'N',NULL),(488,191,'Two',1,'N',NULL),(489,191,'One or none',2,'N',NULL),(490,192,'Tile or thatch',0,'N',NULL),(491,192,'Mud, corrugated metal sheets, concrete, or other',1,'N',NULL),(492,193,'Partly cement or others',0,'N',NULL),(493,193,'Cement',1,'N',NULL),(494,194,'Surface water, non-modern well, drilled well, or others',0,'N',NULL),(495,194,'Modern well',1,'N',NULL),(496,194,'Public pump',2,'N',NULL),(497,194,'Faucet tap',3,'N',NULL),(498,195,'Others',0,'N',NULL),(499,195,'Latrine (private or shared with other households) or flush toilet (private inside, private outside, or shared with other households)',1,'N',NULL),(500,196,'No',0,'N',NULL),(501,196,'Yes',1,'N',NULL),(502,197,'No',0,'N',NULL),(503,197,'Yes',1,'N',NULL),(504,198,'No',0,'N',NULL),(505,198,'Yes',1,'N',NULL),(506,199,'No',0,'N',NULL),(507,199,'Yes',1,'N',NULL),(508,201,'Four or more',0,'N',NULL),(509,201,'Three',1,'N',NULL),(510,201,'Two',2,'N',NULL),(511,201,'One',3,'N',NULL),(512,201,'None',4,'N',NULL),(513,202,'One',0,'N',NULL),(514,202,'Two',1,'N',NULL),(515,202,'Three',2,'N',NULL),(516,202,'Four',3,'N',NULL),(517,202,'Five or more',4,'N',NULL),(518,203,'None',0,'N',NULL),(519,203,'One',1,'N',NULL),(520,203,'Two or more',2,'N',NULL),(521,204,'No',0,'N',NULL),(522,204,'Yes',1,'N',NULL),(523,204,'There is no female head/spouse',2,'N',NULL),(524,205,'Firewood, charcoal, kerosene, or other',0,'N',NULL),(525,205,'Propane, electricity, or does not cook',1,'N',NULL),(526,206,'No',0,'N',NULL),(527,206,'Yes',1,'N',NULL),(528,207,'No',0,'N',NULL),(529,207,'Yes',1,'N',NULL),(530,208,'None',0,'N',NULL),(531,208,'Only a television',1,'N',NULL),(532,208,'Both a television and a VCR or DVD',2,'N',NULL),(533,209,'None',0,'N',NULL),(534,209,'Only a radio, or only a stereo system',1,'N',NULL),(535,209,'Both a radio and a stereo system',2,'N',NULL),(536,210,'No',0,'N',NULL),(537,210,'Yes',1,'N',NULL),(538,212,'Five or more',0,'N',NULL),(539,212,'Four',1,'N',NULL),(540,212,'Three',2,'N',NULL),(541,212,'Two',3,'N',NULL),(542,212,'One',4,'N',NULL),(543,213,'No',0,'N',NULL),(544,213,'Yes',1,'N',NULL),(545,213,'No members ages 5 to 18',2,'N',NULL),(546,214,'Three or less',0,'N',NULL),(547,214,'Four to eleven',1,'N',NULL),(548,214,'Twelve or more',2,'N',NULL),(549,214,'No female head/spouse',3,'N',NULL),(550,215,'None',0,'N',NULL),(551,215,'One',1,'N',NULL),(552,215,'Two or more',2,'N',NULL),(553,216,'None',0,'N',NULL),(554,216,'One or more',1,'N',NULL),(555,217,'One to four',0,'N',NULL),(556,217,'Five',1,'N',NULL),(557,217,'Six',2,'N',NULL),(558,217,'Seven',3,'N',NULL),(559,217,'Eight or more',4,'N',NULL),(560,218,'Ditch, other, or no bathroom',0,'N',NULL),(561,218,'Simple hole, or directly into river, lake, or ocean',1,'N',NULL),(562,218,'Septic tank not connected to public sewage/rainwater system',2,'N',NULL),(563,218,'Septic tank connected to public sewage/rainwater system',3,'N',NULL),(564,218,'Direct connection to public sewage/rainwater system',4,'N',NULL),(565,219,'No',0,'N',NULL),(566,219,'Yes, with one door',1,'N',NULL),(567,219,'Yes, with two doors',2,'N',NULL),(568,220,'No',0,'N',NULL),(569,220,'Yes',1,'N',NULL),(570,221,'None',0,'N',NULL),(571,221,'Cellular but not land-line',1,'N',NULL),(572,221,'Land-line but not cellular',2,'N',NULL),(573,221,'Both',3,'N',NULL),(574,223,'Five or more',0,'N',NULL),(575,223,'Four',1,'N',NULL),(576,223,'Three',2,'N',NULL),(577,223,'Two',3,'N',NULL),(578,223,'One',4,'N',NULL),(579,223,'None',5,'N',NULL),(580,224,'No',0,'N',NULL),(581,224,'Yes',1,'N',NULL),(582,224,'No children ages 6 to 14',2,'N',NULL),(583,225,'Graduate primary or less',0,'N',NULL),(584,225,'First- to fourth-year secondary',1,'N',NULL),(585,225,'Graduate secondary',2,'N',NULL),(586,225,'First-year college or higher, or no female head/spouse',3,'N',NULL),(587,226,'No',0,'N',NULL),(588,226,'Yes',1,'N',NULL),(589,227,'Light materials (cogon, nipa, or sawali, bamboo, anahaw)',0,'N',NULL),(590,227,'Strong materials (iron, aluminum, tile, concrete, brick, stone, wood, asbestos)',1,'N',NULL),(591,228,'Light materials (Salvaged, makeshift, cogon, nipa, or anahaw)',0,'N',NULL),(592,228,'Strong materials (Galvanized iron, aluminum tile, concrete, brick, stone, or asbestos)',1,'N',NULL),(593,229,'None, open pit, closed pit, or other',0,'N',NULL),(594,229,'Water sealed',1,'N',NULL),(595,230,'No',0,'N',NULL),(596,230,'Yes',1,'N',NULL),(597,231,'None',0,'N',NULL),(598,231,'One',1,'N',NULL),(599,231,'Two or more',2,'N',NULL),(600,232,'No',0,'N',NULL),(601,232,'Yes',1,'N',NULL),(602,234,'Five or more',0,'N',NULL),(603,234,'Four',1,'N',NULL),(604,234,'Three',2,'N',NULL),(605,234,'Two',3,'N',NULL),(606,234,'One',4,'N',NULL),(607,235,'No formal school, primary (Class 1 - 4), or secondary (Class 5 - 8)',0,'N',NULL),(608,235,'Vocational, complementary, apprenticeship, or lower high school (Class 9-10)',1,'N',NULL),(609,235,'High school (Class 9-12)',2,'N',NULL),(610,235,'Specialty post-high school, technical foreman, or university short-term (college)',3,'N',NULL),(611,235,'University long-term',4,'N',NULL),(612,236,'Own system, not available, or no data',0,'N',NULL),(613,236,'Public system',1,'N',NULL),(614,237,'No land-line, and no mobile',0,'N',NULL),(615,237,'No land-line, but one mobile',1,'N',NULL),(616,237,'One or more land-lines, but no mobile',2,'N',NULL),(617,237,'No land-line, but two or more mobiles',3,'N',NULL),(618,237,'One or more land-lines, and one mobile',4,'N',NULL),(619,237,'One or more land-lines, and two or more mobiles',5,'N',NULL),(620,238,'No',0,'N',NULL),(621,238,'Yes',1,'N',NULL),(622,239,'None',0,'N',NULL),(623,239,'Only non-automatic',1,'N',NULL),(624,239,'Automatic (regardless of owning non-automatic)',2,'N',NULL),(625,240,'None',0,'N',NULL),(626,240,'Refrigerator only or freezer only',1,'N',NULL),(627,240,'Refrigerator and freezer, or refrigerating combine',2,'N',NULL),(628,241,'No',0,'N',NULL),(629,241,'Yes',1,'N',NULL),(630,242,'No',0,'N',NULL),(631,242,'Yes',1,'N',NULL),(632,243,'No',0,'N',NULL),(633,243,'Yes',1,'N',NULL),(634,245,'Five or more',0,'N',NULL),(635,245,'Four',1,'N',NULL),(636,245,'Three',2,'N',NULL),(637,245,'Two',3,'N',NULL),(638,245,'One',4,'N',NULL),(639,245,'None',5,'N',NULL),(640,246,'No',0,'N',NULL),(641,246,'No children ages 7 to 13',1,'N',NULL),(642,246,'Yes',2,'N',NULL),(643,247,'No',0,'N',NULL),(644,247,'Yes',1,'N',NULL),(645,247,'No female head/spouse',2,'N',NULL),(646,248,'Yes',0,'N',NULL),(647,248,'No',1,'N',NULL),(648,249,'Earth, sand, wood, parquet, or other',0,'N',NULL),(649,249,'Mud bricks or cement slab',1,'N',NULL),(650,249,'Formed cement bricks',2,'N',NULL),(651,249,'Granite or ceramic',3,'N',NULL),(652,250,'No',0,'N',NULL),(653,250,'Yes',1,'N',NULL),(654,251,'No',0,'N',NULL),(655,251,'Yes',1,'N',NULL),(656,252,'Yes',0,'N',NULL),(657,252,'No',1,'N',NULL),(658,253,'No',0,'N',NULL),(659,253,'Yes',1,'N',NULL),(660,254,'No',0,'N',NULL),(661,254,'Yes',1,'N',NULL),(662,254,'No one works mainly in agriculture',2,'N',NULL),(663,256,'Seven or more',0,'N',NULL),(664,256,'Six',1,'N',NULL),(665,256,'Five',2,'N',NULL),(666,256,'Four',3,'N',NULL),(667,256,'Three',4,'N',NULL),(668,256,'One or two',5,'N',NULL),(669,257,'No',0,'N',NULL),(670,257,'Yes',1,'N',NULL),(671,257,'No children 6 to 18',2,'N',NULL),(672,258,'No',0,'N',NULL),(673,258,'No female head/spouse',1,'N',NULL),(674,258,'Yes',2,'N',NULL),(675,259,'Yes',0,'N',NULL),(676,259,'No',1,'N',NULL),(677,260,'Stones, mud, wood, tin, asbestos, or other',0,'N',NULL),(678,260,'Bricks with mortar',1,'N',NULL),(679,260,'Concrete',2,'N',NULL),(680,261,'One',0,'N',NULL),(681,261,'Two',1,'N',NULL),(682,261,'Three',2,'N',NULL),(683,261,'Four or more',3,'N',NULL),(684,262,'Well, pump, public network with no connection, public network with tap outside building, or other',0,'N',NULL),(685,262,'Public network with tap inside building',1,'N',NULL),(686,263,'No toilet available, or shared toilet',0,'N',NULL),(687,263,'Private non-flush toilet',1,'N',NULL),(688,263,'Private flush toilet',2,'N',NULL),(689,264,'No',0,'N',NULL),(690,264,'Yes',1,'N',NULL),(691,265,'No',0,'N',NULL),(692,265,'Yes, only non-automatic',1,'N',NULL),(693,265,'Yes, automatic',2,'N',NULL),(694,267,'Five or more /    /    ',0,'N',NULL),(695,267,'Four /  / ',1,'N',NULL),(696,267,'Three /  / ',2,'N',NULL),(697,267,'Two /  / ',3,'N',NULL),(698,267,'One /  / ',4,'N',NULL),(699,267,'None /   /  ',5,'N',NULL),(700,268,'Labourers (agricultural, plantation, other farm), hunters, tobacco preparers and tobacco product makers, and other labourers /  (/ /)    /     / , ,      ',0,'N',NULL),(701,268,'Others /  / ',1,'N',NULL),(702,268,'Professionals, technicians, clerks, administrators, managers, executives, directors, supervisors, and teachers / / / / /// / , , , , ,  ,   ',2,'N',NULL),(703,269,'No /  / ',0,'N',NULL),(704,269,'Yes /  / ',1,'N',NULL),(705,270,'Firewood and chips, charcoal, or none / //  / ,   ,    ',0,'N',NULL),(706,270,'Others /  / / / / ',1,'N',NULL),(707,270,'LPG /  (..) /  ',2,'N',NULL),(708,271,'No /  / ',0,'N',NULL),(709,271,'Yes /  / ',1,'N',NULL),(710,272,'No /  / ',0,'N',NULL),(711,272,'Yes /  / ',1,'N',NULL),(712,273,'No /  / ',0,'N',NULL),(713,273,'Yes /  / ',1,'N',NULL),(714,274,'No /  / ',0,'N',NULL),(715,274,'Yes /  / ',1,'N',NULL),(716,275,'None /   /  ',0,'N',NULL),(717,275,'One /  / ',1,'N',NULL),(718,275,'Two or more /    /    ',2,'N',NULL),(719,276,'None /   /  ',0,'N',NULL),(720,276,'One /  / ',1,'N',NULL),(721,276,'Two or more /    /    ',2,'N',NULL),(722,278,'Eight or more',0,'N',NULL),(723,278,'Seven',1,'N',NULL),(724,278,'Six',2,'N',NULL),(725,278,'Five',3,'N',NULL),(726,278,'Four',4,'N',NULL),(727,278,'Three',5,'N',NULL),(728,278,'One or two',6,'N',NULL),(729,279,'Not all',0,'N',NULL),(730,279,'All, or no children ages 7 to 15',1,'N',NULL),(731,280,'Bamboo or thatch, makeshift, salvaged, or improvised materials, other, or no data',0,'N',NULL),(732,280,'Wood or logs, plywood, galvanized iron or aluminum, or fibrous cement',1,'N',NULL),(733,280,'Concrete, brick, or stone',2,'N',NULL),(734,281,'Firewood or other',0,'N',NULL),(735,281,'Charcoal, firewood and charcoal, liquefied petroleum gas, kerosene, publicly-provided electricity, gas and electricity, privately-generated electricity, or none/does not cook',1,'N',NULL),(736,282,'Open land',0,'N',NULL),(737,282,'None',1,'N',NULL),(738,282,'Pit latrine, septic tank, other without septic tank, public toilet, shared toilet, or other',2,'N',NULL),(739,282,'Connected to sewerage',3,'N',NULL),(740,283,'No bicycles, and no motorcycles',0,'N',NULL),(741,283,'One bicycle, and no motorcycles',1,'N',NULL),(742,283,'Two bicycles, and no motorcycles',2,'N',NULL),(743,283,'Three or more bicycles, and no motorcycles',3,'N',NULL),(744,283,'One or more motorcycles (regardless of bicycles)',4,'N',NULL),(745,284,'No',0,'N',NULL),(746,284,'Yes',1,'N',NULL),(747,285,'No',0,'N',NULL),(748,285,'Yes',1,'N',NULL),(749,286,'No',0,'N',NULL),(750,286,'Yes',1,'N',NULL),(751,287,'No',0,'N',NULL),(752,287,'Yes',1,'N',NULL),(753,289,'Five or more',0,'N',NULL),(754,289,'Four',1,'N',NULL),(755,289,'Three',2,'N',NULL),(756,289,'Two',3,'N',NULL),(757,289,'One',4,'N',NULL),(758,290,'No',0,'N',NULL),(759,290,'Yes',1,'N',NULL),(760,291,'24 or less',0,'N',NULL),(761,291,'25 to 39',1,'N',NULL),(762,291,'40 to 59',2,'N',NULL),(763,291,'60 to 99',3,'N',NULL),(764,291,'100 or more',4,'N',NULL),(765,292,'None',0,'N',NULL),(766,292,'Individual water heater',1,'N',NULL),(767,292,'Centralized',2,'N',NULL),(768,293,'None',0,'N',NULL),(769,293,'One',1,'N',NULL),(770,293,'Two or more',2,'N',NULL),(771,294,'None',0,'N',NULL),(772,294,'One',1,'N',NULL),(773,294,'Two or more',2,'N',NULL),(774,295,'No',0,'N',NULL),(775,295,'Yes',1,'N',NULL),(776,296,'No',0,'N',NULL),(777,296,'Yes',1,'N',NULL),(778,297,'None',0,'N',NULL),(779,297,'One or more land-lines, and no cellular',1,'N',NULL),(780,297,'No land-lines, and one cellular',2,'N',NULL),(781,297,'One or more land-lines, and one cellular',3,'N',NULL),(782,297,'No land-lines, and two or more cellular',4,'N',NULL),(783,297,'One or more land-lines, and two cellular',5,'N',NULL),(784,297,'One or more land-lines, and three or more cellular',6,'N',NULL),(785,298,'No',0,'N',NULL),(786,298,'Yes',1,'N',NULL),(787,300,'Eight or more',0,'N',NULL),(788,300,'Seven',1,'N',NULL),(789,300,'Six',2,'N',NULL),(790,300,'Five',3,'N',NULL),(791,300,'Four',4,'N',NULL),(792,300,'Three',5,'N',NULL),(793,300,'One or two',6,'N',NULL),(794,301,'Not all',0,'N',NULL),(795,301,'All, and all are in a non-autonomous public school, community school, or other',1,'N',NULL),(796,301,'All, and one is in autonomous or private school',2,'N',NULL),(797,301,'No children ages 7 to 12',3,'N',NULL),(798,301,'All, and two or more in autonomous or private school',4,'N',NULL),(799,302,'No',0,'N',NULL),(800,302,'Yes, or no female head/spouse',1,'N',NULL),(801,303,'Earth, or other',0,'N',NULL),(802,303,'Wooded planks, tiles or concrete, mud bricks, or cement bricks or tile (mosaic, ceramic, or glazed)',1,'N',NULL),(803,304,'None',0,'N',NULL),(804,304,'Outhouse or latrine (with or without treatment), or flush toilet connected to cesspool, septic tank, river, or stream',1,'N',NULL),(805,304,'Flush toilet connected to sewer',2,'N',NULL),(806,305,'Non-purchased firewood',0,'N',NULL),(807,305,'Purchased firewood',1,'N',NULL),(808,305,'Charcoal, butane or propane gas, kerosene, electricity, other, or does not cook',2,'N',NULL),(809,306,'No',0,'N',NULL),(810,306,'Yes',1,'N',NULL),(811,307,'No',0,'N',NULL),(812,307,'Yes',1,'N',NULL),(813,308,'No',0,'N',NULL),(814,308,'Yes',1,'N',NULL),(815,309,'None',0,'N',NULL),(816,309,'Only radio',1,'N',NULL),(817,309,'Radio/tape player, regardless of radio, and no stereo',2,'N',NULL),(818,309,'Stereo, regardless of radio and radio/tape player',3,'N',NULL),(819,311,'Eight or more',0,'N',NULL),(820,311,'Seven',1,'N',NULL),(821,311,'Six',2,'N',NULL),(822,311,'Five',3,'N',NULL),(823,311,'Four',4,'N',NULL),(824,311,'Three',5,'N',NULL),(825,311,'One or two',6,'N',NULL),(826,312,'Arabic house, or other',0,'N',NULL),(827,312,'Villa, or apartment',1,'N',NULL),(828,313,'One',0,'N',NULL),(829,313,'Two or three',1,'N',NULL),(830,313,'Four',2,'N',NULL),(831,313,'Five or more',3,'N',NULL),(832,314,'No',0,'N',NULL),(833,314,'Yes',1,'N',NULL),(834,315,'No',0,'N',NULL),(835,315,'Yes',1,'N',NULL),(836,316,'None',0,'N',NULL),(837,316,'One',1,'N',NULL),(838,316,'Two',2,'N',NULL),(839,317,'No',0,'N',NULL),(840,317,'Yes',1,'N',NULL),(841,318,'None',0,'N',NULL),(842,318,'One',1,'N',NULL),(843,318,'Two',2,'N',NULL),(844,318,'Three or more',3,'N',NULL),(845,319,'None',0,'N',NULL),(846,319,'Motorcycle only',1,'N',NULL),(847,319,'Car (regardless of motorcycle)',2,'N',NULL),(848,320,'Farm, or does not work',0,'N',NULL),(849,320,'No male head/spouse',1,'N',NULL),(850,320,'Enterprise, or at home',2,'N',NULL),(851,320,'Other',3,'N',NULL),(852,322,'Four or more',0,'N',NULL),(853,322,'Three',1,'N',NULL),(854,322,'Two',2,'N',NULL),(855,322,'One',3,'N',NULL),(856,322,'None',4,'N',NULL),(857,323,'None',0,'N',NULL),(858,323,'Up to third grade',1,'N',NULL),(859,323,'Fourth grade through high school',2,'N',NULL),(860,323,'College preparatory 1 - 3',3,'N',NULL),(861,323,'Normal/technical/commercial',4,'N',NULL),(862,323,'Professional, master\'s or doctorate',5,'N',NULL),(863,323,'No female head/spouse',6,'N',NULL),(864,324,'None',0,'N',NULL),(865,324,'One',1,'N',NULL),(866,324,'Two or more',2,'N',NULL),(867,325,'Dirt',0,'N',NULL),(868,325,'Cement/concrete',1,'N',NULL),(869,325,'Other',2,'N',NULL),(870,326,'No toilet, or no water supply',0,'N',NULL),(871,326,'Carried by bucket',1,'N',NULL),(872,326,'Piped',2,'N',NULL),(873,327,'No',0,'N',NULL),(874,327,'Yes',1,'N',NULL),(875,328,'Firewood',0,'N',NULL),(876,328,'Other',1,'N',NULL),(877,329,'No',0,'N',NULL),(878,329,'Yes',1,'N',NULL),(879,330,'No',0,'N',NULL),(880,330,'Yes',1,'N',NULL),(881,331,'None',0,'N',NULL),(882,331,'One',1,'N',NULL),(883,331,'Two',2,'N',NULL),(884,331,'Three or more',3,'N',NULL),(885,333,'Seven or more',0,'N',NULL),(886,333,'Six',1,'N',NULL),(887,333,'Five',2,'N',NULL),(888,333,'Four',3,'N',NULL),(889,333,'Three',4,'N',NULL),(890,333,'Two',5,'N',NULL),(891,333,'One',6,'N',NULL),(892,334,'Not all',0,'N',NULL),(893,334,'All',1,'N',NULL),(894,334,'No children ages 6 to 17',2,'N',NULL),(895,335,'Earth, bricks, or other',0,'N',NULL),(896,335,'Wooden planks, cement, hardwood floors, parquet, rugs or carpets',1,'N',NULL),(897,335,'Tile (mosaic, stone, or ceramic)',2,'N',NULL),(898,336,'Firewood, dung/manure, kerosene, LPG in a cylinder, or other',0,'N',NULL),(899,336,'Piped-in natural gas, electricity, or does not cook',1,'N',NULL),(900,337,'No',0,'N',NULL),(901,337,'Yes',1,'N',NULL),(902,338,'No',0,'N',NULL),(903,338,'Yes',1,'N',NULL),(904,339,'No',0,'N',NULL),(905,339,'Yes',1,'N',NULL),(906,340,'No',0,'N',NULL),(907,340,'Yes',1,'N',NULL),(908,341,'No',0,'N',NULL),(909,341,'Yes',1,'N',NULL),(910,342,'No',0,'N',NULL),(911,342,'Yes',1,'N',NULL),(912,344,'Four or more',0,'N',NULL),(913,344,'Three',1,'N',NULL),(914,344,'Two',2,'N',NULL),(915,344,'One',3,'N',NULL),(916,344,'None',4,'N',NULL),(917,345,'No',0,'N',NULL),(918,345,'No one in the age range',1,'N',NULL),(919,345,'Yes',2,'N',NULL),(920,346,'Tile, palm leaves, straw, or leaves',0,'N',NULL),(921,346,'Tin, asbestos (Eternit), or other',1,'N',NULL),(922,346,'Reinforced concrete/flagstone/concrete',2,'N',NULL),(923,347,'None, latrine, flush toilet and pit, Flush toilet and septic tank not inside the residence',0,'N',NULL),(924,347,'Flush toilet to sewer system not inside the residence',1,'N',NULL),(925,347,'Flush toilet and septic tank inside the residence',2,'N',NULL),(926,347,'Flush toilet to sewer system inside the residence',3,'N',NULL),(927,348,'No',0,'N',NULL),(928,348,'Yes',1,'N',NULL),(929,349,'Firewood/charcoal or other',0,'N',NULL),(930,349,'Gas, electricity, or no one cooks',1,'N',NULL),(931,350,'No',0,'N',NULL),(932,350,'Yes',1,'N',NULL),(933,351,'No',0,'N',NULL),(934,351,'Yes',1,'N',NULL),(935,352,'None',0,'N',NULL),(936,352,'One',1,'N',NULL),(937,352,'Two',2,'N',NULL),(938,352,'Three or more',3,'N',NULL),(939,353,'No',0,'N',NULL),(940,353,'Yes',1,'N',NULL),(941,355,'Seven or more',0,'N',NULL),(942,355,'Six',1,'N',NULL),(943,355,'Five',2,'N',NULL),(944,355,'Four',3,'N',NULL),(945,355,'Three',4,'N',NULL),(946,355,'Two',5,'N',NULL),(947,355,'One',6,'N',NULL),(948,356,'No',0,'N',NULL),(949,356,'Yes, or no children ages 5 to 12',1,'N',NULL),(950,357,'No female head/spouse',0,'N',NULL),(951,357,'None or pre-school',1,'N',NULL),(952,357,'Primary or middle',2,'N',NULL),(953,357,'Any JSS, SSS, S, L, U, or higher',3,'N',NULL),(954,358,'Male head/spouse has no job',0,'N',NULL),(955,358,'Yes, main job is in agriculture',1,'N',NULL),(956,358,'No, main job is not in agriculture',2,'N',NULL),(957,358,'No male head/spouse',3,'N',NULL),(958,359,'Palm leaves/raffia/thatch, wood, mud bricks/earth, bamboo, or other',0,'N',NULL),(959,359,'Corrugated iron sheets, cement/concrete, asbestos/slate, or roofing tiles',1,'N',NULL),(960,360,'Not electricity (mains)',0,'N',NULL),(961,360,'Electricity (mains)',1,'N',NULL),(962,361,'Borehole, well (with pump or not, protected or not), or other',0,'N',NULL),(963,361,'River/stream, rain water/spring, or dugout/pond/lake/dam',1,'N',NULL),(964,361,'Indoor plumbing, inside standpipe, sachet/bottled water,  standpipe/tap (public or private outside), pipe in neighbors, water truck/tanker, or water vendor',2,'N',NULL),(965,362,'No',0,'N',NULL),(966,362,'Yes',1,'N',NULL),(967,363,'No',0,'N',NULL),(968,363,'Yes',1,'N',NULL),(969,364,'None',0,'N',NULL),(970,364,'Only radio',1,'N',NULL),(971,364,'Radio cassette but no record player nor 3-in-1 (regardless of radio)',2,'N',NULL),(972,364,'Record player but no 3-in-1 (regardless of radio or cassette)',3,'N',NULL),(973,364,'3-in-1 radio system (regardless of any others)',4,'N',NULL);
/*!40000 ALTER TABLE `question_choices` ENABLE KEYS */;
UNLOCK TABLES;

--
-- Table structure for table `question_group`
--

DROP TABLE IF EXISTS `question_group`;
/*!40101 SET @saved_cs_client     = @@character_set_client */;
/*!40101 SET character_set_client = utf8 */;
CREATE TABLE `question_group` (
  `id` int(11) NOT NULL AUTO_INCREMENT,
  `title` varchar(200) NOT NULL,
  `date_of_creation` date NOT NULL,
  `state` int(11) NOT NULL,
  `is_editable` tinyint(4) NOT NULL DEFAULT '0',
  `is_ppi` tinyint(4) NOT NULL DEFAULT '0',
  PRIMARY KEY (`id`)
) ENGINE=InnoDB AUTO_INCREMENT=34 DEFAULT CHARSET=utf8;
/*!40101 SET character_set_client = @saved_cs_client */;

--
-- Dumping data for table `question_group`
--

LOCK TABLES `question_group` WRITE;
/*!40000 ALTER TABLE `question_group` DISABLE KEYS */;
INSERT INTO `question_group` VALUES (1,'PPI Malawi 2010','2011-01-13',1,0,1),(2,'PPI Haiti 2006','2011-01-13',1,0,1),(3,'PPI Bangladesh 2009','2011-01-13',1,0,1),(4,'PPI Peru 2009','2011-01-13',1,0,1),(5,'PPI Nigeria 2008','2011-01-13',1,0,1),(6,'PPI Indonesia 2009','2011-01-13',1,0,1),(7,'PPI Southafrica 2009','2011-01-13',1,0,1),(8,'PPI Srilanka 2010','2011-01-13',1,0,1),(9,'PPI Vietnam 2009','2011-01-13',1,0,1),(10,'PPI Pakistan 2009','2011-01-13',1,0,1),(11,'PPI Ethiopia 2009','2011-01-13',1,0,1),(12,'PPI Yemen 2009','2011-01-13',1,0,1),(13,'PPI Senegal 2009','2011-01-13',1,0,1),(14,'PPI Nepal 2009','2011-01-13',1,0,1),(15,'PPI Palestine 2010','2011-01-13',1,0,1),(16,'PPI Kenya 2008','2011-01-13',1,0,1),(17,'PPI Honduras 2010','2011-01-13',1,0,1),(18,'PPI Mali 2010','2011-01-13',1,0,1),(19,'PPI Elsalvador 2010','2011-01-13',1,0,1),(20,'PPI Brazil 2010','2011-01-13',1,0,1),(21,'PPI Philippines 2009','2011-01-13',1,0,1),(22,'PPI Romania 2009','2011-01-13',1,0,1),(23,'PPI Guatemala 2010','2011-01-13',1,0,1),(24,'PPI Egypt 2010','2011-01-13',1,0,1),(25,'PPI India 2008','2011-01-13',1,0,1),(26,'PPI Cambodia 2009','2011-01-13',1,0,1),(27,'PPI Russia 2010','2011-01-13',1,0,1),(28,'PPI Nicaragua 2010','2011-01-13',1,0,1),(29,'PPI Syria 2010','2011-01-13',1,0,1),(30,'PPI Mexico 2009','2011-01-13',1,0,1),(31,'PPI Bolivia 2009','2011-01-13',1,0,1),(32,'PPI Ecuador 2008','2011-01-13',1,0,1),(33,'PPI Ghana 2010','2011-01-13',1,0,1);
/*!40000 ALTER TABLE `question_group` ENABLE KEYS */;
UNLOCK TABLES;

--
-- Table structure for table `question_group_event_sources`
--

DROP TABLE IF EXISTS `question_group_event_sources`;
/*!40101 SET @saved_cs_client     = @@character_set_client */;
/*!40101 SET character_set_client = utf8 */;
CREATE TABLE `question_group_event_sources` (
  `id` int(11) NOT NULL AUTO_INCREMENT,
  `question_group_id` int(11) NOT NULL,
  `event_source_id` int(11) NOT NULL,
  PRIMARY KEY (`id`),
  KEY `question_group_id` (`question_group_id`),
  KEY `event_source_id` (`event_source_id`),
  CONSTRAINT `question_group_event_sources_ibfk_1` FOREIGN KEY (`question_group_id`) REFERENCES `question_group` (`id`),
  CONSTRAINT `question_group_event_sources_ibfk_2` FOREIGN KEY (`event_source_id`) REFERENCES `event_sources` (`id`)
) ENGINE=InnoDB AUTO_INCREMENT=34 DEFAULT CHARSET=utf8;
/*!40101 SET character_set_client = @saved_cs_client */;

--
-- Dumping data for table `question_group_event_sources`
--

LOCK TABLES `question_group_event_sources` WRITE;
/*!40000 ALTER TABLE `question_group_event_sources` DISABLE KEYS */;
INSERT INTO `question_group_event_sources` VALUES (1,1,1),(2,2,1),(3,3,1),(4,4,1),(5,5,1),(6,6,1),(7,7,1),(8,8,1),(9,9,1),(10,10,1),(11,11,1),(12,12,1),(13,13,1),(14,14,1),(15,15,1),(16,16,1),(17,17,1),(18,18,1),(19,19,1),(20,20,1),(21,21,1),(22,22,1),(23,23,1),(24,24,1),(25,25,1),(26,26,1),(27,27,1),(28,28,1),(29,29,1),(30,30,1),(31,31,1),(32,32,1),(33,33,1);
/*!40000 ALTER TABLE `question_group_event_sources` ENABLE KEYS */;
UNLOCK TABLES;

--
-- Table structure for table `question_group_instance`
--

DROP TABLE IF EXISTS `question_group_instance`;
/*!40101 SET @saved_cs_client     = @@character_set_client */;
/*!40101 SET character_set_client = utf8 */;
CREATE TABLE `question_group_instance` (
  `id` int(11) NOT NULL AUTO_INCREMENT,
  `question_group_id` int(11) NOT NULL,
  `entity_id` int(11) NOT NULL,
  `date_conducted` date NOT NULL,
  `completed_status` smallint(6) NOT NULL,
  `created_by` int(11) NOT NULL,
  `version_id` int(11) NOT NULL,
  `event_source_id` int(11) NOT NULL,
  PRIMARY KEY (`id`),
  KEY `question_group_id` (`question_group_id`),
  CONSTRAINT `question_group_instance_ibfk_1` FOREIGN KEY (`question_group_id`) REFERENCES `question_group` (`id`)
) ENGINE=InnoDB AUTO_INCREMENT=100 DEFAULT CHARSET=utf8;
/*!40101 SET character_set_client = @saved_cs_client */;

--
-- Dumping data for table `question_group_instance`
--

LOCK TABLES `question_group_instance` WRITE;
/*!40000 ALTER TABLE `question_group_instance` DISABLE KEYS */;
INSERT INTO `question_group_instance` VALUES (1,1,6,'2011-01-13',1,1,1,1),(2,1,6,'2011-01-13',1,1,1,1),(3,1,6,'2011-01-13',1,1,1,1),(4,2,6,'2011-01-13',1,1,1,1),(5,2,6,'2011-01-13',1,1,1,1),(6,2,6,'2011-01-13',1,1,1,1),(7,3,6,'2011-01-13',1,1,1,1),(8,3,6,'2011-01-13',1,1,1,1),(9,3,6,'2011-01-13',1,1,1,1),(10,4,6,'2011-01-13',1,1,1,1),(11,4,6,'2011-01-13',1,1,1,1),(12,4,6,'2011-01-13',1,1,1,1),(13,5,6,'2011-01-13',1,1,1,1),(14,5,6,'2011-01-13',1,1,1,1),(15,5,6,'2011-01-13',1,1,1,1),(16,6,6,'2011-01-13',1,1,1,1),(17,6,6,'2011-01-13',1,1,1,1),(18,6,6,'2011-01-13',1,1,1,1),(19,7,6,'2011-01-13',1,1,1,1),(20,7,6,'2011-01-13',1,1,1,1),(21,7,6,'2011-01-13',1,1,1,1),(22,8,6,'2011-01-13',1,1,1,1),(23,8,6,'2011-01-13',1,1,1,1),(24,8,6,'2011-01-13',1,1,1,1),(25,9,6,'2011-01-13',1,1,1,1),(26,9,6,'2011-01-13',1,1,1,1),(27,9,6,'2011-01-13',1,1,1,1),(28,10,6,'2011-01-13',1,1,1,1),(29,10,6,'2011-01-13',1,1,1,1),(30,10,6,'2011-01-13',1,1,1,1),(31,11,6,'2011-01-13',1,1,1,1),(32,11,6,'2011-01-13',1,1,1,1),(33,11,6,'2011-01-13',1,1,1,1),(34,12,6,'2011-01-13',1,1,1,1),(35,12,6,'2011-01-13',1,1,1,1),(36,12,6,'2011-01-13',1,1,1,1),(37,13,6,'2011-01-13',1,1,1,1),(38,13,6,'2011-01-13',1,1,1,1),(39,13,6,'2011-01-13',1,1,1,1),(40,14,6,'2011-01-13',1,1,1,1),(41,14,6,'2011-01-13',1,1,1,1),(42,14,6,'2011-01-13',1,1,1,1),(43,15,6,'2011-01-13',1,1,1,1),(44,15,6,'2011-01-13',1,1,1,1),(45,15,6,'2011-01-13',1,1,1,1),(46,16,6,'2011-01-13',1,1,1,1),(47,16,6,'2011-01-13',1,1,1,1),(48,16,6,'2011-01-13',1,1,1,1),(49,17,6,'2011-01-13',1,1,1,1),(50,17,6,'2011-01-13',1,1,1,1),(51,17,6,'2011-01-13',1,1,1,1),(52,18,6,'2011-01-13',1,1,1,1),(53,18,6,'2011-01-13',1,1,1,1),(54,18,6,'2011-01-13',1,1,1,1),(55,19,6,'2011-01-13',1,1,1,1),(56,19,6,'2011-01-13',1,1,1,1),(57,19,6,'2011-01-13',1,1,1,1),(58,20,6,'2011-01-13',1,1,1,1),(59,20,6,'2011-01-13',1,1,1,1),(60,20,6,'2011-01-13',1,1,1,1),(61,21,6,'2011-01-13',1,1,1,1),(62,21,6,'2011-01-13',1,1,1,1),(63,21,6,'2011-01-13',1,1,1,1),(64,22,6,'2011-01-13',1,1,1,1),(65,22,6,'2011-01-13',1,1,1,1),(66,22,6,'2011-01-13',1,1,1,1),(67,23,6,'2011-01-13',1,1,1,1),(68,23,6,'2011-01-13',1,1,1,1),(69,23,6,'2011-01-13',1,1,1,1),(70,24,6,'2011-01-13',1,1,1,1),(71,24,6,'2011-01-13',1,1,1,1),(72,24,6,'2011-01-13',1,1,1,1),(73,25,6,'2011-01-13',1,1,1,1),(74,25,6,'2011-01-13',1,1,1,1),(75,25,6,'2011-01-13',1,1,1,1),(76,26,6,'2011-01-13',1,1,1,1),(77,26,6,'2011-01-13',1,1,1,1),(78,26,6,'2011-01-13',1,1,1,1),(79,27,6,'2011-01-13',1,1,1,1),(80,27,6,'2011-01-13',1,1,1,1),(81,27,6,'2011-01-13',1,1,1,1),(82,28,6,'2011-01-13',1,1,1,1),(83,28,6,'2011-01-13',1,1,1,1),(84,28,6,'2011-01-13',1,1,1,1),(85,29,6,'2011-01-13',1,1,1,1),(86,29,6,'2011-01-13',1,1,1,1),(87,29,6,'2011-01-13',1,1,1,1),(88,30,6,'2011-01-13',1,1,1,1),(89,30,6,'2011-01-13',1,1,1,1),(90,30,6,'2011-01-13',1,1,1,1),(91,31,6,'2011-01-13',1,1,1,1),(92,31,6,'2011-01-13',1,1,1,1),(93,31,6,'2011-01-13',1,1,1,1),(94,32,6,'2011-01-13',1,1,1,1),(95,32,6,'2011-01-13',1,1,1,1),(96,32,6,'2011-01-13',1,1,1,1),(97,33,6,'2011-01-13',1,1,1,1),(98,33,6,'2011-01-13',1,1,1,1),(99,33,6,'2011-01-13',1,1,1,1);
/*!40000 ALTER TABLE `question_group_instance` ENABLE KEYS */;
UNLOCK TABLES;

--
-- Table structure for table `question_group_response`
--

DROP TABLE IF EXISTS `question_group_response`;
/*!40101 SET @saved_cs_client     = @@character_set_client */;
/*!40101 SET character_set_client = utf8 */;
CREATE TABLE `question_group_response` (
  `id` int(11) NOT NULL AUTO_INCREMENT,
  `question_group_instance_id` int(11) NOT NULL,
  `sections_questions_id` int(11) NOT NULL,
  `response` varchar(500) NOT NULL,
  `tag` varchar(50) DEFAULT NULL,
  PRIMARY KEY (`id`),
  KEY `sections_questions_id` (`sections_questions_id`),
  KEY `question_group_instance_id` (`question_group_instance_id`),
  CONSTRAINT `question_group_response_ibfk_1` FOREIGN KEY (`sections_questions_id`) REFERENCES `sections_questions` (`id`),
  CONSTRAINT `question_group_response_ibfk_2` FOREIGN KEY (`question_group_instance_id`) REFERENCES `question_group_instance` (`id`)
) ENGINE=InnoDB AUTO_INCREMENT=1093 DEFAULT CHARSET=utf8;
/*!40101 SET character_set_client = @saved_cs_client */;

--
-- Dumping data for table `question_group_response`
--

LOCK TABLES `question_group_response` WRITE;
/*!40000 ALTER TABLE `question_group_response` DISABLE KEYS */;
INSERT INTO `question_group_response` VALUES (1,1,1,'01/11/2010',NULL),(2,1,2,'Eight or more',NULL),(3,1,3,'Tradition',NULL),(4,1,4,'Communal standpipe; communal open, unprotected well; communal hand pump; lake/reservoir, river/spring, or other',NULL),(5,1,5,'Collected firewood, crop residue, or animal waste',NULL),(6,1,6,'Collected firewood, grass, or other',NULL),(7,1,7,'No',NULL),(8,1,8,'No',NULL),(9,1,9,'No',NULL),(10,1,10,'No',NULL),(11,1,11,'No',NULL),(12,2,1,'02/11/2010',NULL),(13,2,2,'One',NULL),(14,2,3,'Permanent',NULL),(15,2,4,'Piped into dwelling; piped outside dwelling (personal); personal hand pump; protected spring; or personal open, unprotected well',NULL),(16,2,5,'Paraffin, electricity, gas, charcoal, saw dust, or other',NULL),(17,2,6,'Purchased firewood, electricity, gas, battery/dry cell (torch), or candles',NULL),(18,2,7,'Yes',NULL),(19,2,8,'Yes',NULL),(20,2,9,'Yes',NULL),(21,2,10,'Yes',NULL),(22,2,11,'Yes',NULL),(23,3,1,'03/11/2010',NULL),(24,3,2,'Five',NULL),(25,3,3,'Permanent',NULL),(26,3,4,'Piped into dwelling; piped outside dwelling (personal); personal hand pump; protected spring; or personal open, unprotected well',NULL),(27,3,5,'Purchased firewood',NULL),(28,3,6,'Purchased firewood, electricity, gas, battery/dry cell (torch), or candles',NULL),(29,3,7,'Yes',NULL),(30,3,8,'No',NULL),(31,3,9,'Yes',NULL),(32,3,10,'Yes',NULL),(33,3,11,'Yes',NULL),(34,4,12,'01/11/2010',NULL),(35,4,13,'Four or more',NULL),(36,4,14,'No',NULL),(37,4,15,'Not Port-a-Prince',NULL),(38,4,16,'No',NULL),(39,4,17,'Earth',NULL),(40,4,18,'No',NULL),(41,4,19,'No',NULL),(42,4,20,'None',NULL),(43,4,21,'Straw, palm leaves, or other',NULL),(44,4,22,'No',NULL),(45,5,12,'02/11/2010',NULL),(46,5,13,'None',NULL),(47,5,14,'No children ages 614',NULL),(48,5,15,'Port-a-Prince',NULL),(49,5,16,'Yes',NULL),(50,5,17,'Ceramic or wood planks',NULL),(51,5,18,'Yes',NULL),(52,5,19,'Yes',NULL),(53,5,20,'Four or more',NULL),(54,5,21,'Concrete',NULL),(55,5,22,'Yes',NULL),(56,6,12,'03/11/2010',NULL),(57,6,13,'Four or more',NULL),(58,6,14,'Yes',NULL),(59,6,15,'Port-a-Prince',NULL),(60,6,16,'No',NULL),(61,6,17,'Concrete or other',NULL),(62,6,18,'No',NULL),(63,6,19,'No',NULL),(64,6,20,'Two or three',NULL),(65,6,21,'Concrete',NULL),(66,6,22,'No',NULL),(67,7,23,'01/11/2010',NULL),(68,7,24,'Four or more',NULL),(69,7,25,'Yes',NULL),(70,7,26,'Open field',NULL),(71,7,27,'One, two, or three',NULL),(72,7,28,'Mud brick, hemp/hay/ bamboo, or other',NULL),(73,7,29,'Tile/wood, hemp/hay/ bamboo, or other',NULL),(74,7,30,'None, or less than 0.5 acres',NULL),(75,7,31,'No',NULL),(76,7,32,'No',NULL),(77,7,33,'No',NULL),(78,8,23,'02/11/2010',NULL),(79,8,24,'None',NULL),(80,8,25,'No',NULL),(81,8,26,'Kacha latrine (temporary or permanent), pacca (pit or water seal), or sanitary',NULL),(82,8,27,'Five or more',NULL),(83,8,28,'Brick/cement',NULL),(84,8,29,'Cement',NULL),(85,8,30,'More than 1 acre',NULL),(86,8,31,'Yes',NULL),(87,8,32,'Yes',NULL),(88,8,33,'Yes',NULL),(89,9,23,'03/11/2010',NULL),(90,9,24,'Four or more',NULL),(91,9,25,'No',NULL),(92,9,26,'Kacha latrine (temporary or permanent), pacca (pit or water seal), or sanitary',NULL),(93,9,27,'Four',NULL),(94,9,28,'Brick/cement',NULL),(95,9,29,'C.I. sheet/wood',NULL),(96,9,30,'More than 0.5 acres, but less than 1 acre',NULL),(97,9,31,'No',NULL),(98,9,32,'Yes',NULL),(99,9,33,'Yes',NULL),(100,10,34,'01/11/2010',NULL),(101,10,35,'Four or more',NULL),(102,10,36,'None, pre-school, or kindergarten',NULL),(103,10,37,'Earth, wood planks, other, or no residence',NULL),(104,10,38,'Adobe, mud, or matting',NULL),(105,10,39,'One',NULL),(106,10,40,'Other',NULL),(107,10,41,'No',NULL),(108,10,42,'None',NULL),(109,10,43,'No',NULL),(110,10,44,'No',NULL),(111,11,34,'02/11/2010',NULL),(112,11,35,'None',NULL),(113,11,36,'Non-university superior (complete) or higher',NULL),(114,11,37,'Parquet, polished wood, linoleum, vinyl, tile, or similar',NULL),(115,11,38,'Wattle and daub, wood, matting, brick or cement blocks, stone blocks with lime or cement, other, or no residence',NULL),(116,11,39,'Six or more',NULL),(117,11,40,'Electricity or does not cook',NULL),(118,11,41,'Yes',NULL),(119,11,42,'Two or more',NULL),(120,11,43,'Yes',NULL),(121,11,44,'Yes',NULL),(122,12,34,'03/11/2010',NULL),(123,12,35,'Two',NULL),(124,12,36,'None, pre-school, or kindergarten',NULL),(125,12,37,'Parquet, polished wood, linoleum, vinyl, tile, or similar',NULL),(126,12,38,'Wattle and daub, wood, matting, brick or cement blocks, stone blocks with lime or cement, other, or no residence',NULL),(127,12,39,'Two',NULL),(128,12,40,'Electricity or does not cook',NULL),(129,12,41,'Yes',NULL),(130,12,42,'None',NULL),(131,12,43,'Yes',NULL),(132,12,44,'No',NULL),(133,13,45,'01/11/2010',NULL),(134,13,46,'Eight or more',NULL),(135,13,47,'Not all',NULL),(136,13,48,'Earth/mud, or dirt/straw',NULL),(137,13,49,'Mud/mud bricks',NULL),(138,13,50,'Unprotected well/rain water, or untreated pipe-borne',NULL),(139,13,51,'Pail/bucket, covered or uncovered pit latrine, ventilated improved pit latrine, other, or none',NULL),(140,13,52,'No',NULL),(141,13,53,'No',NULL),(142,13,54,'No',NULL),(143,13,55,'No',NULL),(144,14,45,'02/11/2010',NULL),(145,14,46,'One',NULL),(146,14,47,'All',NULL),(147,14,48,'Wood, tile, plank, concrete, or other',NULL),(148,14,49,'Wood/bamboo, corrugated iron sheets, cement/concrete, roofing tiles, or other',NULL),(149,14,50,'Treated pipe-borne water, borehole/hand pump, or other',NULL),(150,14,51,'Toilet on water, or flush to sewer or septic tank',NULL),(151,14,52,'Yes',NULL),(152,14,53,'Yes',NULL),(153,14,54,'Yes',NULL),(154,14,55,'Yes',NULL),(155,15,45,'03/11/2010',NULL),(156,15,46,'Six or seven',NULL),(157,15,47,'All',NULL),(158,15,48,'Earth/mud, or dirt/straw',NULL),(159,15,49,'Wood/bamboo, corrugated iron sheets, cement/concrete, roofing tiles, or other',NULL),(160,15,50,'Unprotected well/rain water, or untreated pipe-borne',NULL),(161,15,51,'Pail/bucket, covered or uncovered pit latrine, ventilated improved pit latrine, other, or none',NULL),(162,15,52,'No',NULL),(163,15,53,'Yes',NULL),(164,15,54,'Yes',NULL),(165,15,55,'No',NULL),(166,16,56,'01/11/2010',NULL),(167,16,57,'Six or more',NULL),(168,16,58,'Not all, or no children aged 5 to 18',NULL),(169,16,59,'None',NULL),(170,16,60,'Public utilities retail, safe/unsafe well, safe/unsafe water spring, river, rain water, or other',NULL),(171,16,61,'Toilet over water, hole in ground/river, no toilet, or no one uses bathroom facility',NULL),(172,16,62,'Earth/soil',NULL),(173,16,63,'Bamboo, other, or does not have',NULL),(174,16,64,'No',NULL),(175,16,65,'No',NULL),(176,16,66,'No',NULL),(177,17,56,'02/11/2010',NULL),(178,17,57,'One',NULL),(179,17,58,'All',NULL),(180,17,59,'Four or more',NULL),(181,17,60,'From manufacturing',NULL),(182,17,61,'Flush/sitting toilet',NULL),(183,17,62,'Not earth/soil',NULL),(184,17,63,'Concrete, gypsum, wood, or asbestos',NULL),(185,17,64,'Yes',NULL),(186,17,65,'Yes',NULL),(187,17,66,'Yes',NULL),(188,18,56,'03/11/2010',NULL),(189,18,57,'Three',NULL),(190,18,58,'Not all, or no children aged 5 to 18',NULL),(191,18,59,'One or two',NULL),(192,18,60,'Public utilities (in pipes), or drilled/pumped well',NULL),(193,18,61,'Toilet over water, hole in ground/river, no toilet, or no one uses bathroom facility',NULL),(194,18,62,'Earth/soil',NULL),(195,18,63,'Concrete, gypsum, wood, or asbestos',NULL),(196,18,64,'No',NULL),(197,18,65,'No',NULL),(198,18,66,'Yes',NULL),(199,19,67,'01/11/2010',NULL),(200,19,68,'Seven or more',NULL),(201,19,69,'None',NULL),(202,19,70,'Four or less',NULL),(203,19,71,'Bricks, cement block/concrete, corrugated iron/zinc, wood, plastic, cardboard, mixture of mud and cement, wattle and daub, mud, thatching, asbestos, or other',NULL),(204,19,72,'Pit latrine off-site with or without ventilation pipe, bucket toilet off-site, none, or other',NULL),(205,19,73,'Paraffin, coal, wood, animal dung, none, or other',NULL),(206,19,74,'No',NULL),(207,19,75,'No',NULL),(208,19,76,'No',NULL),(209,19,77,'No',NULL),(210,20,67,'02/11/2010',NULL),(211,20,68,'One',NULL),(212,20,69,'Two or more',NULL),(213,20,70,'Seven or more',NULL),(214,20,71,'Tile',NULL),(215,20,72,'Flush toilet in dwelling/on-site/off-site with off-site/on-site disposal (septic tank), or chemical toilet on-site or off-site',NULL),(216,20,73,'Electricity from mains/generator/solar, or gas',NULL),(217,20,74,'Yes',NULL),(218,20,75,'Yes',NULL),(219,20,76,'Yes',NULL),(220,20,77,'Yes',NULL),(221,21,67,'03/11/2010',NULL),(222,21,68,'Seven or more',NULL),(223,21,69,'One',NULL),(224,21,70,'Five or six',NULL),(225,21,71,'Tile',NULL),(226,21,72,'Pit latrine off-site with or without ventilation pipe, bucket toilet off-site, none, or other',NULL),(227,21,73,'Paraffin, coal, wood, animal dung, none, or other',NULL),(228,21,74,'No',NULL),(229,21,75,'No',NULL),(230,21,76,'Yes',NULL),(231,21,77,'Yes',NULL),(232,22,78,'01/11/2010',NULL),(233,22,79,'Six or more',NULL),(234,22,80,'None',NULL),(235,22,81,'Year 1 or less',NULL),(236,22,82,'Mud, or other',NULL),(237,22,83,'None',NULL),(238,22,84,'No',NULL),(239,22,85,'No television',NULL),(240,22,86,'No',NULL),(241,22,87,'No',NULL),(242,22,88,'None',NULL),(243,23,78,'02/11/2010',NULL),(244,23,79,'One or two',NULL),(245,23,80,'One or more',NULL),(246,23,81,'G.C.E. (O/L) or equivalent, Year 12, or higher',NULL),(247,23,82,'Terrazzo/tile',NULL),(248,23,83,'Three or more',NULL),(249,23,84,'Yes',NULL),(250,23,85,'Television and VCD/DVD',NULL),(251,23,86,'Yes',NULL),(252,23,87,'Yes',NULL),(253,23,88,'Motorcycle etc. (regardless of bicycle or motor car etc.)',NULL),(254,24,78,'03/11/2010',NULL),(255,24,79,'Four',NULL),(256,24,80,'One or more',NULL),(257,24,81,'No female head/spouse',NULL),(258,24,82,'Cement',NULL),(259,24,83,'Two',NULL),(260,24,84,'No',NULL),(261,24,85,'No television',NULL),(262,24,86,'Yes',NULL),(263,24,87,'No',NULL),(264,24,88,'Motorcycle etc., but no motor car etc. (regardless of bicycle)',NULL),(265,25,89,'01/11/2010',NULL),(266,25,90,'Three or more',NULL),(267,25,91,'Four or more',NULL),(268,25,92,'Makeshift or other',NULL),(269,25,93,'None or other',NULL),(270,25,94,'Public tap, deep drilled wells, hand-dug and reinforced/non-reinforced wells, covered wells, protected/unprotected springs, rain, small water tank, water tank, river, lake, pond, or other',NULL),(271,25,95,'None',NULL),(272,25,96,'No',NULL),(273,25,97,'No',NULL),(274,25,98,'No',NULL),(275,25,99,'No',NULL),(276,26,89,'02/11/2010',NULL),(277,26,90,'None',NULL),(278,26,91,'One or none',NULL),(279,26,92,'Villa or strong house with a private kitchen and private',NULL),(280,26,93,'Suilabh, or flush toilet with septic tank or sewage pipes',NULL),(281,26,94,'Private tap water inside/outside the house, or purchased water (in tank or bottle)',NULL),(282,26,95,'Gas cooker',NULL),(283,26,96,'Yes',NULL),(284,26,97,'Yes',NULL),(285,26,98,'Yes',NULL),(286,26,99,'Yes',NULL),(287,27,89,'03/11/2010',NULL),(288,27,90,'One',NULL),(289,27,91,'One or none',NULL),(290,27,92,'Strong house with a shared kitchen or shared bathroom/toilet',NULL),(291,27,93,'Suilabh, or flush toilet with septic tank or sewage pipes',NULL),(292,27,94,'Private tap water inside/outside the house, or purchased water (in tank or bottle)',NULL),(293,27,95,'Gas cooker',NULL),(294,27,96,'No',NULL),(295,27,97,'No',NULL),(296,27,98,'No',NULL),(297,27,99,'No',NULL),(298,28,100,'01/11/2010',NULL),(299,28,101,'Balochistan',NULL),(300,28,102,'Five or more',NULL),(301,28,103,'Not all',NULL),(302,28,104,'Two or more',NULL),(303,28,105,'Less than Class 1 or no data',NULL),(304,28,106,'Others',NULL),(305,28,107,'None or other',NULL),(306,28,108,'No',NULL),(307,28,109,'No',NULL),(308,28,110,'No',NULL),(309,29,100,'02/11/2010',NULL),(310,29,101,'Punjab or Islamabad',NULL),(311,29,102,'None',NULL),(312,29,103,'All, or no children ages 5 to 13',NULL),(313,29,104,'None',NULL),(314,29,105,'Class 1 or higher',NULL),(315,29,106,'Hand pump, covered/closed well, motorized pump/tube well, or piped water',NULL),(316,29,107,'Flush connected to public sewerage',NULL),(317,29,108,'Yes',NULL),(318,29,109,'Yes',NULL),(319,29,110,'Yes',NULL),(320,30,100,'03/11/2010',NULL),(321,30,101,'Punjab or Islamabad',NULL),(322,30,102,'Two',NULL),(323,30,103,'All, or no children ages 5 to 13',NULL),(324,30,104,'Two or more',NULL),(325,30,105,'No female head/spouse',NULL),(326,30,106,'Others',NULL),(327,30,107,'Flush connected to pit/septic tank or open drain',NULL),(328,30,108,'No',NULL),(329,30,109,'No',NULL),(330,30,110,'Yes',NULL),(331,31,111,'01/11/2010',NULL),(332,31,112,'Six or more',NULL),(333,31,113,'No',NULL),(334,31,114,'One',NULL),(335,31,115,'Wood and grass, mud and stone, or other',NULL),(336,31,116,'Pit latrine (shared), field/forest, container (household utensils), or other',NULL),(337,31,117,'Mainly firewood (purchase or collected), animal dung, or other',NULL),(338,31,118,'No',NULL),(339,31,119,'No',NULL),(340,31,120,'No',NULL),(341,31,121,'No',NULL),(342,31,122,'No',NULL),(343,32,111,'02/11/2010',NULL),(344,32,112,'Two or one',NULL),(345,32,113,'No children ages 6 to 12',NULL),(346,32,114,'Three or more',NULL),(347,32,115,'Wood and mud, reeds and bamboo, cement and stone, hollow blocks, or bricks',NULL),(348,32,116,'Flush toilet (private or shared)',NULL),(349,32,117,'Charcoal, kerosene, butane gas, electricity, or does not use fuel',NULL),(350,32,118,'Yes',NULL),(351,32,119,'Yes',NULL),(352,32,120,'Yes',NULL),(353,32,121,'Yes',NULL),(354,32,122,'Yes',NULL),(355,33,111,'03/11/2010',NULL),(356,33,112,'Six or more',NULL),(357,33,113,'Yes',NULL),(358,33,114,'Three or more',NULL),(359,33,115,'Wood and mud, reeds and bamboo, cement and stone, hollow blocks, or bricks',NULL),(360,33,116,'Pit latrine (private)',NULL),(361,33,117,'Mainly firewood (purchase or collected), animal dung, or other',NULL),(362,33,118,'Yes',NULL),(363,33,119,'No',NULL),(364,33,120,'Yes',NULL),(365,33,121,'No',NULL),(366,33,122,'Yes',NULL),(367,34,123,'01/11/2010',NULL),(368,34,124,'Ten or more',NULL),(369,34,125,'Not all',NULL),(370,34,126,'Concrete, mud/soil, stone, or other',NULL),(371,34,127,'Wood and mud, wood, hay, mud and hay, metal sheets and mud, or other',NULL),(372,34,128,'Non-flush toilet, other, or no toilet',NULL),(373,34,129,'One',NULL),(374,34,130,'No',NULL),(375,34,131,'No',NULL),(376,34,132,'No',NULL),(377,34,133,'No',NULL),(378,35,123,'02/11/2010',NULL),(379,35,124,'One or two',NULL),(380,35,125,'No children aged 12 to 18',NULL),(381,35,126,'Floor tiles or marble',NULL),(382,35,127,'Reinforced concrete, wood and concrete, or metal sheets',NULL),(383,35,128,'Flush toilet',NULL),(384,35,129,'Six or more',NULL),(385,35,130,'Yes',NULL),(386,35,131,'Yes',NULL),(387,35,132,'Yes',NULL),(388,35,133,'Yes',NULL),(389,36,123,'03/11/2010',NULL),(390,36,124,'Three',NULL),(391,36,125,'Not all',NULL),(392,36,126,'Floor tiles or marble',NULL),(393,36,127,'Wood and mud, wood, hay, mud and hay, metal sheets and mud, or other',NULL),(394,36,128,'Non-flush toilet, other, or no toilet',NULL),(395,36,129,'Six or more',NULL),(396,36,130,'No',NULL),(397,36,131,'Yes',NULL),(398,36,132,'No',NULL),(399,36,133,'Yes',NULL),(400,37,134,'01/11/2010',NULL),(401,37,135,'Autre',NULL),(402,37,136,'Lampe tempte ou lampe a ptrole artisanale',NULL),(403,37,137,'Autre',NULL),(404,37,138,'Autre',NULL),(405,37,139,'Latrines non couvertes, cuvette/seau, aucun ou autre',NULL),(406,37,140,'Non',NULL),(407,37,141,'Non',NULL),(408,37,142,'Non',NULL),(409,37,143,'Non',NULL),(410,37,144,'Il n\'y a pas chef de famille fminin',NULL),(411,38,134,'02/11/2010',NULL),(412,38,135,'Briques en banco ou en ciment',NULL),(413,38,136,'Groupe lectrogene, solaire, lampe  gaz ou lectricit (SENELEC)',NULL),(414,38,137,'Gaz',NULL),(415,38,138,'Robinet interieur',NULL),(416,38,139,'Chasse d\'eau avec gout',NULL),(417,38,140,'Oui',NULL),(418,38,141,'Oui',NULL),(419,38,142,'Oui',NULL),(420,38,143,'Oui',NULL),(421,38,144,'Oui',NULL),(422,39,134,'03/11/2010',NULL),(423,39,135,'Briques en banco ou en ciment',NULL),(424,39,136,'Groupe lectrogene, solaire, lampe  gaz ou lectricit (SENELEC)',NULL),(425,39,137,'Autre',NULL),(426,39,138,'Autre',NULL),(427,39,139,'Latrines non couvertes, cuvette/seau, aucun ou autre',NULL),(428,39,140,'Oui',NULL),(429,39,141,'Non',NULL),(430,39,142,'Oui',NULL),(431,39,143,'Non',NULL),(432,39,144,'Oui',NULL),(433,40,145,'01/11/2010',NULL),(434,40,146,'Four or more',NULL),(435,40,147,'Not all',NULL),(436,40,148,'No',NULL),(437,40,149,'No',NULL),(438,40,150,'Straw/thatch, wood/planks, earth/mud, or other',NULL),(439,40,151,'No toilet',NULL),(440,40,152,'Open fireplace, other, or no data',NULL),(441,40,153,'None',NULL),(442,40,154,'No',NULL),(443,40,155,'No',NULL),(444,41,145,'02/11/2010',NULL),(445,41,146,'None',NULL),(446,41,147,'All',NULL),(447,41,148,'Yes',NULL),(448,41,149,'Yes',NULL),(449,41,150,'Galvanized iron, or concrete/cement',NULL),(450,41,151,'Household non-flush, communal latrine, household flush (connected to municipal sewer), or household flush (connected to septic tank)',NULL),(451,41,152,'Mud stove, smokeless stove, or kerosene/gas stove',NULL),(452,41,153,'Two or more',NULL),(453,41,154,'Yes',NULL),(454,41,155,'Yes',NULL),(455,42,145,'03/11/2010',NULL),(456,42,146,'None',NULL),(457,42,147,'All',NULL),(458,42,148,'Yes',NULL),(459,42,149,'No female head/spouse',NULL),(460,42,150,'Straw/thatch, wood/planks, earth/mud, or other',NULL),(461,42,151,'No toilet',NULL),(462,42,152,'Open fireplace, other, or no data',NULL),(463,42,153,'One',NULL),(464,42,154,'No',NULL),(465,42,155,'No',NULL),(466,43,156,'01/11/2010',NULL),(467,43,157,'Ten or more',NULL),(468,43,158,'Cement cob, mud, or other',NULL),(469,43,159,'No',NULL),(470,43,160,'No',NULL),(471,43,161,'None',NULL),(472,43,162,'None',NULL),(473,43,163,'No',NULL),(474,43,164,'No',NULL),(475,43,165,'No',NULL),(476,43,166,'None',NULL),(477,44,156,'02/11/2010',NULL),(478,44,157,'One, two, or three',NULL),(479,44,158,'Cleaned stone, stone and cement, old stone, or concrete',NULL),(480,44,159,'Yes',NULL),(481,44,160,'Yes',NULL),(482,44,161,'Land-line (regardless of cellular)',NULL),(483,44,162,'T.V. and VCR and/or DVD',NULL),(484,44,163,'Yes',NULL),(485,44,164,'Yes',NULL),(486,44,165,'Yes',NULL),(487,44,166,'Two or more',NULL),(488,45,156,'03/11/2010',NULL),(489,45,157,'Five, six, or seven',NULL),(490,45,158,'Cleaned stone, stone and cement, old stone, or concrete',NULL),(491,45,159,'Yes',NULL),(492,45,160,'No',NULL),(493,45,161,'Only cellular',NULL),(494,45,162,'None',NULL),(495,45,163,'No',NULL),(496,45,164,'No',NULL),(497,45,165,'No',NULL),(498,45,166,'None',NULL),(499,46,167,'01/11/2010',NULL),(500,46,168,'3 or more',NULL),(501,46,169,'Not all',NULL),(502,46,170,'Mud/cow dung; grass/sticks/makuti;',NULL),(503,46,171,'Other',NULL),(504,46,172,'No',NULL),(505,46,173,'No',NULL),(506,46,174,'No',NULL),(507,46,175,'No',NULL),(508,46,176,'No',NULL),(509,46,177,'None or unknown',NULL),(510,47,167,'02/11/2010',NULL),(511,47,168,'0, 1, or 2',NULL),(512,47,169,'No children aged 6 to 17',NULL),(513,47,170,'Other',NULL),(514,47,171,'Flush to sewer; flush to septic tank; pan/bucket; covered pit latrine; or ventilation improved pit latrine',NULL),(515,47,172,'Yes',NULL),(516,47,173,'Yes',NULL),(517,47,174,'Yes',NULL),(518,47,175,'Yes',NULL),(519,47,176,'Yes',NULL),(520,47,177,'1 or more',NULL),(521,48,167,'03/11/2010',NULL),(522,48,168,'0, 1, or 2',NULL),(523,48,169,'No children aged 6 to 17',NULL),(524,48,170,'Other',NULL),(525,48,171,'Flush to sewer; flush to septic tank; pan/bucket; covered pit latrine; or ventilation improved pit latrine',NULL),(526,48,172,'Yes',NULL),(527,48,173,'Yes',NULL),(528,48,174,'Yes',NULL),(529,48,175,'Yes',NULL),(530,48,176,'Yes',NULL),(531,48,177,'1 or more',NULL),(532,49,178,'01/11/2010',NULL),(533,49,179,'Five or more',NULL),(534,49,180,'None, pre-school, or literacy program',NULL),(535,49,181,'No data or no main occupation',NULL),(536,49,182,'None',NULL),(537,49,183,'One',NULL),(538,49,184,'Dirt, other, or no data',NULL),(539,49,185,'Not public network',NULL),(540,49,186,'No',NULL),(541,49,187,'No',NULL),(542,49,188,'No',NULL),(543,50,178,'02/11/2010',NULL),(544,50,179,'None',NULL),(545,50,180,'Diversified or higher',NULL),(546,50,181,'Office worker, transportation operator, professional, technician, director, manager, administrator, or related job',NULL),(547,50,182,'Two or more',NULL),(548,50,183,'Four or more',NULL),(549,50,184,'Ceramic tile or granite',NULL),(550,50,185,'Public network',NULL),(551,50,186,'Yes',NULL),(552,50,187,'Yes',NULL),(553,50,188,'Yes, with cable',NULL),(554,51,178,'03/11/2010',NULL),(555,51,179,'Five or more',NULL),(556,51,180,'Primary school',NULL),(557,51,181,'Farmer, rancher, agricultural worker, or no male head/spouse',NULL),(558,51,182,'One',NULL),(559,51,183,'One',NULL),(560,51,184,'Dirt, other, or no data',NULL),(561,51,185,'Not public network',NULL),(562,51,186,'Yes',NULL),(563,51,187,'No',NULL),(564,51,188,'Yes, without cable',NULL),(565,52,189,'01/11/2010',NULL),(566,52,190,'Five or more',NULL),(567,52,191,'Three or more',NULL),(568,52,192,'Tile or thatch',NULL),(569,52,193,'Partly cement or others',NULL),(570,52,194,'Surface water, non-modern well, drilled well, or others',NULL),(571,52,195,'Others',NULL),(572,52,196,'No',NULL),(573,52,197,'No',NULL),(574,52,198,'No',NULL),(575,52,199,'No',NULL),(576,53,189,'02/11/2010',NULL),(577,53,190,'None',NULL),(578,53,191,'One or none',NULL),(579,53,192,'Mud, corrugated metal sheets, concrete, or other',NULL),(580,53,193,'Cement',NULL),(581,53,194,'Faucet tap',NULL),(582,53,195,'Latrine (private or shared with other households) or flush toilet (private inside, private outside, or shared with other households)',NULL),(583,53,196,'Yes',NULL),(584,53,197,'Yes',NULL),(585,53,198,'Yes',NULL),(586,53,199,'Yes',NULL),(587,54,189,'03/11/2010',NULL),(588,54,190,'Four',NULL),(589,54,191,'One or none',NULL),(590,54,192,'Mud, corrugated metal sheets, concrete, or other',NULL),(591,54,193,'Partly cement or others',NULL),(592,54,194,'Surface water, non-modern well, drilled well, or others',NULL),(593,54,195,'Latrine (private or shared with other households) or flush toilet (private inside, private outside, or shared with other households)',NULL),(594,54,196,'Yes',NULL),(595,54,197,'No',NULL),(596,54,198,'Yes',NULL),(597,54,199,'Yes',NULL),(598,55,200,'01/11/2010',NULL),(599,55,201,'Four or more',NULL),(600,55,202,'One',NULL),(601,55,203,'None',NULL),(602,55,204,'No',NULL),(603,55,205,'Firewood, charcoal, kerosene, or other',NULL),(604,55,206,'No',NULL),(605,55,207,'No',NULL),(606,55,208,'None',NULL),(607,55,209,'None',NULL),(608,55,210,'No',NULL),(609,56,200,'02/11/2010',NULL),(610,56,201,'None',NULL),(611,56,202,'Five or more',NULL),(612,56,203,'Two or more',NULL),(613,56,204,'There is no female head/spouse',NULL),(614,56,205,'Propane, electricity, or does not cook',NULL),(615,56,206,'Yes',NULL),(616,56,207,'Yes',NULL),(617,56,208,'Both a television and a VCR or DVD',NULL),(618,56,209,'Both a radio and a stereo system',NULL),(619,56,210,'Yes',NULL),(620,57,200,'03/11/2010',NULL),(621,57,201,'Three',NULL),(622,57,202,'Five or more',NULL),(623,57,203,'Two or more',NULL),(624,57,204,'Yes',NULL),(625,57,205,'Propane, electricity, or does not cook',NULL),(626,57,206,'Yes',NULL),(627,57,207,'No',NULL),(628,57,208,'Only a television',NULL),(629,57,209,'None',NULL),(630,57,210,'No',NULL),(631,58,211,'01/11/2010',NULL),(632,58,212,'Five or more',NULL),(633,58,213,'No',NULL),(634,58,214,'Three or less',NULL),(635,58,215,'None',NULL),(636,58,216,'None',NULL),(637,58,217,'One to four',NULL),(638,58,218,'Ditch, other, or no bathroom',NULL),(639,58,219,'No',NULL),(640,58,220,'No',NULL),(641,58,221,'None',NULL),(642,59,211,'02/11/2010',NULL),(643,59,212,'One',NULL),(644,59,213,'No members ages 5 to 18',NULL),(645,59,214,'No female head/spouse',NULL),(646,59,215,'Two or more',NULL),(647,59,216,'One or more',NULL),(648,59,217,'Eight or more',NULL),(649,59,218,'Direct connection to public sewage/rainwater system',NULL),(650,59,219,'Yes, with two doors',NULL),(651,59,220,'Yes',NULL),(652,59,221,'Both',NULL),(653,60,211,'03/11/2010',NULL),(654,60,212,'Four',NULL),(655,60,213,'No members ages 5 to 18',NULL),(656,60,214,'Three or less',NULL),(657,60,215,'None',NULL),(658,60,216,'One or more',NULL),(659,60,217,'One to four',NULL),(660,60,218,'Simple hole, or directly into river, lake, or ocean',NULL),(661,60,219,'No',NULL),(662,60,220,'Yes',NULL),(663,60,221,'Cellular but not land-line',NULL),(664,61,222,'01/11/2010',NULL),(665,61,223,'Five or more',NULL),(666,61,224,'No',NULL),(667,61,225,'Graduate primary or less',NULL),(668,61,226,'No',NULL),(669,61,227,'Light materials (cogon, nipa, or sawali, bamboo, anahaw)',NULL),(670,61,228,'Light materials (Salvaged, makeshift, cogon, nipa, or anahaw)',NULL),(671,61,229,'None, open pit, closed pit, or other',NULL),(672,61,230,'No',NULL),(673,61,231,'None',NULL),(674,61,232,'No',NULL),(675,62,222,'02/11/2010',NULL),(676,62,223,'None',NULL),(677,62,224,'No children ages 6 to 14',NULL),(678,62,225,'First-year college or higher, or no female head/spouse',NULL),(679,62,226,'Yes',NULL),(680,62,227,'Strong materials (iron, aluminum, tile, concrete, brick, stone, wood, asbestos)',NULL),(681,62,228,'Strong materials (Galvanized iron, aluminum tile, concrete, brick, stone, or asbestos)',NULL),(682,62,229,'Water sealed',NULL),(683,62,230,'Yes',NULL),(684,62,231,'Two or more',NULL),(685,62,232,'Yes',NULL),(686,63,222,'03/11/2010',NULL),(687,63,223,'None',NULL),(688,63,224,'No children ages 6 to 14',NULL),(689,63,225,'First-year college or higher, or no female head/spouse',NULL),(690,63,226,'No',NULL),(691,63,227,'Light materials (cogon, nipa, or sawali, bamboo, anahaw)',NULL),(692,63,228,'Light materials (Salvaged, makeshift, cogon, nipa, or anahaw)',NULL),(693,63,229,'None, open pit, closed pit, or other',NULL),(694,63,230,'No',NULL),(695,63,231,'One',NULL),(696,63,232,'No',NULL),(697,64,233,'01/11/2010',NULL),(698,64,234,'Five or more',NULL),(699,64,235,'No formal school, primary (Class 1 - 4), or secondary (Class 5 - 8)',NULL),(700,64,236,'Own system, not available, or no data',NULL),(701,64,237,'No land-line, and no mobile',NULL),(702,64,238,'No',NULL),(703,64,239,'None',NULL),(704,64,240,'None',NULL),(705,64,241,'No',NULL),(706,64,242,'No',NULL),(707,64,243,'No',NULL),(708,65,233,'02/11/2010',NULL),(709,65,234,'One',NULL),(710,65,235,'University long-term',NULL),(711,65,236,'Public system',NULL),(712,65,237,'One or more land-lines, and two or more mobiles',NULL),(713,65,238,'Yes',NULL),(714,65,239,'Automatic (regardless of owning non-automatic)',NULL),(715,65,240,'Refrigerator and freezer, or refrigerating combine',NULL),(716,65,241,'Yes',NULL),(717,65,242,'Yes',NULL),(718,65,243,'Yes',NULL),(719,66,233,'03/11/2010',NULL),(720,66,234,'Four',NULL),(721,66,235,'No formal school, primary (Class 1 - 4), or secondary (Class 5 - 8)',NULL),(722,66,236,'Public system',NULL),(723,66,237,'No land-line, but one mobile',NULL),(724,66,238,'Yes',NULL),(725,66,239,'Only non-automatic',NULL),(726,66,240,'None',NULL),(727,66,241,'Yes',NULL),(728,66,242,'Yes',NULL),(729,66,243,'Yes',NULL),(730,67,244,'01/11/2010',NULL),(731,67,245,'Five or more',NULL),(732,67,246,'No',NULL),(733,67,247,'No',NULL),(734,67,248,'Yes',NULL),(735,67,249,'Earth, sand, wood, parquet, or other',NULL),(736,67,250,'No',NULL),(737,67,251,'No',NULL),(738,67,252,'Yes',NULL),(739,67,253,'No',NULL),(740,67,254,'No',NULL),(741,68,244,'02/11/2010',NULL),(742,68,245,'None',NULL),(743,68,246,'Yes',NULL),(744,68,247,'No female head/spouse',NULL),(745,68,248,'No',NULL),(746,68,249,'Granite or ceramic',NULL),(747,68,250,'Yes',NULL),(748,68,251,'Yes',NULL),(749,68,252,'No',NULL),(750,68,253,'Yes',NULL),(751,68,254,'No one works mainly in agriculture',NULL),(752,69,244,'03/11/2010',NULL),(753,69,245,'Three',NULL),(754,69,246,'No children ages 7 to 13',NULL),(755,69,247,'No',NULL),(756,69,248,'Yes',NULL),(757,69,249,'Earth, sand, wood, parquet, or other',NULL),(758,69,250,'No',NULL),(759,69,251,'Yes',NULL),(760,69,252,'Yes',NULL),(761,69,253,'Yes',NULL),(762,69,254,'No',NULL),(763,70,255,'01/11/2010',NULL),(764,70,256,'Seven or more',NULL),(765,70,257,'No',NULL),(766,70,258,'No',NULL),(767,70,259,'Yes',NULL),(768,70,260,'Stones, mud, wood, tin, asbestos, or other',NULL),(769,70,261,'One',NULL),(770,70,262,'Well, pump, public network with no connection, public network with tap outside building, or other',NULL),(771,70,263,'No toilet available, or shared toilet',NULL),(772,70,264,'No',NULL),(773,70,265,'No',NULL),(774,71,255,'02/11/2010',NULL),(775,71,256,'One or two',NULL),(776,71,257,'No children 6 to 18',NULL),(777,71,258,'Yes',NULL),(778,71,259,'No',NULL),(779,71,260,'Concrete',NULL),(780,71,261,'Four or more',NULL),(781,71,262,'Public network with tap inside building',NULL),(782,71,263,'Private flush toilet',NULL),(783,71,264,'Yes',NULL),(784,71,265,'Yes, automatic',NULL),(785,72,255,'03/11/2010',NULL),(786,72,256,'Three',NULL),(787,72,257,'No',NULL),(788,72,258,'Yes',NULL),(789,72,259,'No',NULL),(790,72,260,'Concrete',NULL),(791,72,261,'Four or more',NULL),(792,72,262,'Well, pump, public network with no connection, public network with tap outside building, or other',NULL),(793,72,263,'Private flush toilet',NULL),(794,72,264,'Yes',NULL),(795,72,265,'Yes, automatic',NULL),(796,73,266,'01/11/2010',NULL),(797,73,267,'Five or more /    /    ',NULL),(798,73,268,'Labourers (agricultural, plantation, other farm), hunters, tobacco preparers and tobacco product makers, and other labourers /  (/ /)    /     / , ,      ',NULL),(799,73,269,'No /  / ',NULL),(800,73,270,'Firewood and chips, charcoal, or none / //  / ,   ,    ',NULL),(801,73,271,'No /  / ',NULL),(802,73,272,'No /  / ',NULL),(803,73,273,'No /  / ',NULL),(804,73,274,'No /  / ',NULL),(805,73,275,'None /   /  ',NULL),(806,73,276,'None /   /  ',NULL),(807,74,266,'02/11/2010',NULL),(808,74,267,'None /   /  ',NULL),(809,74,268,'Professionals, technicians, clerks, administrators, managers, executives, directors, supervisors, and teachers / / / / /// / , , , , ,  ,   ',NULL),(810,74,269,'Yes /  / ',NULL),(811,74,270,'LPG /  (..) /  ',NULL),(812,74,271,'Yes /  / ',NULL),(813,74,272,'Yes /  / ',NULL),(814,74,273,'Yes /  / ',NULL),(815,74,274,'Yes /  / ',NULL),(816,74,275,'Two or more /    /    ',NULL),(817,74,276,'Two or more /    /    ',NULL),(818,75,266,'03/11/2010',NULL),(819,75,267,'Two /  / ',NULL),(820,75,268,'Professionals, technicians, clerks, administrators, managers, executives, directors, supervisors, and teachers / / / / /// / , , , , ,  ,   ',NULL),(821,75,269,'No /  / ',NULL),(822,75,270,'Others /  / / / / ',NULL),(823,75,271,'Yes /  / ',NULL),(824,75,272,'No /  / ',NULL),(825,75,273,'Yes /  / ',NULL),(826,75,274,'Yes /  / ',NULL),(827,75,275,'One /  / ',NULL),(828,75,276,'None /   /  ',NULL),(829,76,277,'01/11/2010',NULL),(830,76,278,'Eight or more',NULL),(831,76,279,'Not all',NULL),(832,76,280,'Bamboo or thatch, makeshift, salvaged, or improvised materials, other, or no data',NULL),(833,76,281,'Firewood or other',NULL),(834,76,282,'Open land',NULL),(835,76,283,'No bicycles, and no motorcycles',NULL),(836,76,284,'No',NULL),(837,76,285,'No',NULL),(838,76,286,'No',NULL),(839,76,287,'No',NULL),(840,77,277,'02/11/2010',NULL),(841,77,278,'One or two',NULL),(842,77,279,'All, or no children ages 7 to 15',NULL),(843,77,280,'Concrete, brick, or stone',NULL),(844,77,281,'Charcoal, firewood and charcoal, liquefied petroleum gas, kerosene, publicly-provided electricity, gas and electricity, privately-generated electricity, or none/does not cook',NULL),(845,77,282,'Connected to sewerage',NULL),(846,77,283,'One or more motorcycles (regardless of bicycles)',NULL),(847,77,284,'Yes',NULL),(848,77,285,'Yes',NULL),(849,77,286,'Yes',NULL),(850,77,287,'Yes',NULL),(851,78,277,'03/11/2010',NULL),(852,78,278,'One or two',NULL),(853,78,279,'All, or no children ages 7 to 15',NULL),(854,78,280,'Concrete, brick, or stone',NULL),(855,78,281,'Charcoal, firewood and charcoal, liquefied petroleum gas, kerosene, publicly-provided electricity, gas and electricity, privately-generated electricity, or none/does not cook',NULL),(856,78,282,'Open land',NULL),(857,78,283,'Three or more bicycles, and no motorcycles',NULL),(858,78,284,'Yes',NULL),(859,78,285,'No',NULL),(860,78,286,'No',NULL),(861,78,287,'No',NULL),(862,79,288,'01/11/2010',NULL),(863,79,289,'Five or more',NULL),(864,79,290,'No',NULL),(865,79,291,'24 or less',NULL),(866,79,292,'None',NULL),(867,79,293,'None',NULL),(868,79,294,'None',NULL),(869,79,295,'No',NULL),(870,79,296,'No',NULL),(871,79,297,'None',NULL),(872,79,298,'No',NULL),(873,80,288,'02/11/2010',NULL),(874,80,289,'One',NULL),(875,80,290,'Yes',NULL),(876,80,291,'100 or more',NULL),(877,80,292,'Centralized',NULL),(878,80,293,'Two or more',NULL),(879,80,294,'Two or more',NULL),(880,80,295,'Yes',NULL),(881,80,296,'Yes',NULL),(882,80,297,'One or more land-lines, and three or more cellular',NULL),(883,80,298,'Yes',NULL),(884,81,288,'03/11/2010',NULL),(885,81,289,'One',NULL),(886,81,290,'Yes',NULL),(887,81,291,'24 or less',NULL),(888,81,292,'Individual water heater',NULL),(889,81,293,'None',NULL),(890,81,294,'Two or more',NULL),(891,81,295,'No',NULL),(892,81,296,'Yes',NULL),(893,81,297,'No land-lines, and two or more cellular',NULL),(894,81,298,'Yes',NULL),(895,82,299,'01/11/2010',NULL),(896,82,300,'Eight or more',NULL),(897,82,301,'Not all',NULL),(898,82,302,'No',NULL),(899,82,303,'Earth, or other',NULL),(900,82,304,'None',NULL),(901,82,305,'Non-purchased firewood',NULL),(902,82,306,'No',NULL),(903,82,307,'No',NULL),(904,82,308,'No',NULL),(905,82,309,'None',NULL),(906,83,299,'02/11/2010',NULL),(907,83,300,'One or two',NULL),(908,83,301,'All, and two or more in autonomous or private school',NULL),(909,83,302,'Yes, or no female head/spouse',NULL),(910,83,303,'Wooded planks, tiles or concrete, mud bricks, or cement bricks or tile (mosaic, ceramic, or glazed)',NULL),(911,83,304,'Flush toilet connected to sewer',NULL),(912,83,305,'Charcoal, butane or propane gas, kerosene, electricity, other, or does not cook',NULL),(913,83,306,'Yes',NULL),(914,83,307,'Yes',NULL),(915,83,308,'Yes',NULL),(916,83,309,'Stereo, regardless of radio and radio/tape player',NULL),(917,84,299,'03/11/2010',NULL),(918,84,300,'Eight or more',NULL),(919,84,301,'All, and one is in autonomous or private school',NULL),(920,84,302,'No',NULL),(921,84,303,'Earth, or other',NULL),(922,84,304,'None',NULL),(923,84,305,'Purchased firewood',NULL),(924,84,306,'Yes',NULL),(925,84,307,'No',NULL),(926,84,308,'Yes',NULL),(927,84,309,'Radio/tape player, regardless of radio, and no stereo',NULL),(928,85,310,'01/11/2010',NULL),(929,85,311,'Eight or more',NULL),(930,85,312,'Arabic house, or other',NULL),(931,85,313,'One',NULL),(932,85,314,'No',NULL),(933,85,315,'No',NULL),(934,85,316,'None',NULL),(935,85,317,'No',NULL),(936,85,318,'None',NULL),(937,85,319,'None',NULL),(938,85,320,'Farm, or does not work',NULL),(939,86,310,'02/11/2010',NULL),(940,86,311,'One or two',NULL),(941,86,312,'Villa, or apartment',NULL),(942,86,313,'Five or more',NULL),(943,86,314,'Yes',NULL),(944,86,315,'Yes',NULL),(945,86,316,'Two',NULL),(946,86,317,'Yes',NULL),(947,86,318,'Three or more',NULL),(948,86,319,'Car (regardless of motorcycle)',NULL),(949,86,320,'Other',NULL),(950,87,310,'03/11/2010',NULL),(951,87,311,'Eight or more',NULL),(952,87,312,'Villa, or apartment',NULL),(953,87,313,'Four',NULL),(954,87,314,'No',NULL),(955,87,315,'No',NULL),(956,87,316,'One',NULL),(957,87,317,'No',NULL),(958,87,318,'Two',NULL),(959,87,319,'Car (regardless of motorcycle)',NULL),(960,87,320,'Farm, or does not work',NULL),(961,88,321,'01/11/2010',NULL),(962,88,322,'Four or more',NULL),(963,88,323,'None',NULL),(964,88,324,'None',NULL),(965,88,325,'Dirt',NULL),(966,88,326,'No toilet, or no water supply',NULL),(967,88,327,'No',NULL),(968,88,328,'Firewood',NULL),(969,88,329,'No',NULL),(970,88,330,'No',NULL),(971,88,331,'None',NULL),(972,89,321,'02/11/2010',NULL),(973,89,322,'None',NULL),(974,89,323,'No female head/spouse',NULL),(975,89,324,'Two or more',NULL),(976,89,325,'Other',NULL),(977,89,326,'Piped',NULL),(978,89,327,'Yes',NULL),(979,89,328,'Other',NULL),(980,89,329,'Yes',NULL),(981,89,330,'Yes',NULL),(982,89,331,'Three or more',NULL),(983,90,321,'03/11/2010',NULL),(984,90,322,'One',NULL),(985,90,323,'Up to third grade',NULL),(986,90,324,'One',NULL),(987,90,325,'Cement/concrete',NULL),(988,90,326,'No toilet, or no water supply',NULL),(989,90,327,'No',NULL),(990,90,328,'Firewood',NULL),(991,90,329,'Yes',NULL),(992,90,330,'No',NULL),(993,90,331,'Two',NULL),(994,91,332,'01/11/2010',NULL),(995,91,333,'Seven or more',NULL),(996,91,334,'Not all',NULL),(997,91,335,'Earth, bricks, or other',NULL),(998,91,336,'Firewood, dung/manure, kerosene, LPG in a cylinder, or other',NULL),(999,91,337,'No',NULL),(1000,91,338,'No',NULL),(1001,91,339,'No',NULL),(1002,91,340,'No',NULL),(1003,91,341,'No',NULL),(1004,91,342,'No',NULL),(1005,92,332,'02/11/2010',NULL),(1006,92,333,'One',NULL),(1007,92,334,'No children ages 6 to 17',NULL),(1008,92,335,'Tile (mosaic, stone, or ceramic)',NULL),(1009,92,336,'Piped-in natural gas, electricity, or does not cook',NULL),(1010,92,337,'Yes',NULL),(1011,92,338,'Yes',NULL),(1012,92,339,'Yes',NULL),(1013,92,340,'Yes',NULL),(1014,92,341,'Yes',NULL),(1015,92,342,'Yes',NULL),(1016,93,332,'03/11/2010',NULL),(1017,93,333,'Five',NULL),(1018,93,334,'No children ages 6 to 17',NULL),(1019,93,335,'Wooden planks, cement, hardwood floors, parquet, rugs or carpets',NULL),(1020,93,336,'Piped-in natural gas, electricity, or does not cook',NULL),(1021,93,337,'Yes',NULL),(1022,93,338,'Yes',NULL),(1023,93,339,'Yes',NULL),(1024,93,340,'Yes',NULL),(1025,93,341,'Yes',NULL),(1026,93,342,'Yes',NULL),(1027,94,343,'01/11/2010',NULL),(1028,94,344,'Four or more',NULL),(1029,94,345,'No',NULL),(1030,94,346,'Tile, palm leaves, straw, or leaves',NULL),(1031,94,347,'None, latrine, flush toilet and pit, Flush toilet and septic tank not inside the residence',NULL),(1032,94,348,'No',NULL),(1033,94,349,'Firewood/charcoal or other',NULL),(1034,94,350,'No',NULL),(1035,94,351,'No',NULL),(1036,94,352,'None',NULL),(1037,94,353,'No',NULL),(1038,95,343,'02/11/2010',NULL),(1039,95,344,'None',NULL),(1040,95,345,'Yes',NULL),(1041,95,346,'Reinforced concrete/flagstone/concrete',NULL),(1042,95,347,'Flush toilet to sewer system inside the residence',NULL),(1043,95,348,'Yes',NULL),(1044,95,349,'Gas, electricity, or no one cooks',NULL),(1045,95,350,'Yes',NULL),(1046,95,351,'Yes',NULL),(1047,95,352,'Three or more',NULL),(1048,95,353,'Yes',NULL),(1049,96,343,'03/11/2010',NULL),(1050,96,344,'None',NULL),(1051,96,345,'Yes',NULL),(1052,96,346,'Tin, asbestos (Eternit), or other',NULL),(1053,96,347,'Flush toilet to sewer system not inside the residence',NULL),(1054,96,348,'Yes',NULL),(1055,96,349,'Gas, electricity, or no one cooks',NULL),(1056,96,350,'No',NULL),(1057,96,351,'No',NULL),(1058,96,352,'Three or more',NULL),(1059,96,353,'No',NULL),(1060,97,354,'01/11/2010',NULL),(1061,97,355,'Seven or more',NULL),(1062,97,356,'No',NULL),(1063,97,357,'No female head/spouse',NULL),(1064,97,358,'Male head/spouse has no job',NULL),(1065,97,359,'Palm leaves/raffia/thatch, wood, mud bricks/earth, bamboo, or other',NULL),(1066,97,360,'Not electricity (mains)',NULL),(1067,97,361,'Borehole, well (with pump or not, protected or not), or other',NULL),(1068,97,362,'No',NULL),(1069,97,363,'No',NULL),(1070,97,364,'None',NULL),(1071,98,354,'02/11/2010',NULL),(1072,98,355,'One',NULL),(1073,98,356,'Yes, or no children ages 5 to 12',NULL),(1074,98,357,'Any JSS, SSS, S, L, U, or higher',NULL),(1075,98,358,'No male head/spouse',NULL),(1076,98,359,'Corrugated iron sheets, cement/concrete, asbestos/slate, or roofing tiles',NULL),(1077,98,360,'Electricity (mains)',NULL),(1078,98,361,'Indoor plumbing, inside standpipe, sachet/bottled water,  standpipe/tap (public or private outside), pipe in neighbors, water truck/tanker, or water vendor',NULL),(1079,98,362,'Yes',NULL),(1080,98,363,'Yes',NULL),(1081,98,364,'3-in-1 radio system (regardless of any others)',NULL),(1082,99,354,'03/11/2010',NULL),(1083,99,355,'Five',NULL),(1084,99,356,'Yes, or no children ages 5 to 12',NULL),(1085,99,357,'Any JSS, SSS, S, L, U, or higher',NULL),(1086,99,358,'No male head/spouse',NULL),(1087,99,359,'Palm leaves/raffia/thatch, wood, mud bricks/earth, bamboo, or other',NULL),(1088,99,360,'Electricity (mains)',NULL),(1089,99,361,'Indoor plumbing, inside standpipe, sachet/bottled water,  standpipe/tap (public or private outside), pipe in neighbors, water truck/tanker, or water vendor',NULL),(1090,99,362,'No',NULL),(1091,99,363,'No',NULL),(1092,99,364,'Record player but no 3-in-1 (regardless of radio or cassette)',NULL);
/*!40000 ALTER TABLE `question_group_response` ENABLE KEYS */;
UNLOCK TABLES;

--
-- Table structure for table `questions`
--

DROP TABLE IF EXISTS `questions`;
/*!40101 SET @saved_cs_client     = @@character_set_client */;
/*!40101 SET character_set_client = utf8 */;
CREATE TABLE `questions` (
  `question_id` int(11) NOT NULL AUTO_INCREMENT,
  `answer_type` int(11) NOT NULL,
  `question_state` int(11) NOT NULL,
  `question_text` varchar(1000) NOT NULL,
  `numeric_min` int(11) DEFAULT NULL,
  `numeric_max` int(11) DEFAULT NULL,
  `nickname` varchar(64) NOT NULL,
  PRIMARY KEY (`question_id`),
  UNIQUE KEY `nickname` (`nickname`)
) ENGINE=InnoDB AUTO_INCREMENT=365 DEFAULT CHARSET=utf8;
/*!40101 SET character_set_client = @saved_cs_client */;

--
-- Dumping data for table `questions`
--

LOCK TABLES `questions` WRITE;
/*!40000 ALTER TABLE `questions` DISABLE KEYS */;
INSERT INTO `questions` VALUES (1,5,3,'Date Survey Was Taken',NULL,NULL,'ppi_malawi_2010_survey_date'),(2,6,3,'How many household members are there?',NULL,NULL,'ppi_malawi_2010_family_members'),(3,6,3,'What general type of construction materials are used for the dwelling?',NULL,NULL,'ppi_malawi_2010_family_members_in_agriculture'),(4,6,3,'What was your main source of drinking water in the past month?',NULL,NULL,'ppi_malawi_2010_water_source'),(5,6,3,'What is your main source of cooking fuel?',NULL,NULL,'ppi_malawi_2010_cooking_fuel'),(6,6,3,'What is your main source of lighting fuel?',NULL,NULL,'ppi_malawi_2010_lighting_fuel'),(7,6,3,'Does your household own a lantern (paraffin)?',NULL,NULL,'ppi_malawi_2010_owns_lantern'),(8,6,3,'Does your household own a chair, table, upholstered chair, sofa set, or coffee table?',NULL,NULL,'ppi_malawi_2010_owns_furnature'),(9,6,3,'Does your household own a bicycle, motorcycle/scooter, or car?',NULL,NULL,'ppi_malawi_2010_owns_bicycle_scooter_car'),(10,6,3,'Does your household own a tape or CD player/HiFi?',NULL,NULL,'ppi_malawi_2010_owns_hifi'),(11,6,3,'Does your household own an iron (for pressing clothes)?',NULL,NULL,'ppi_malawi_2010_owns_iron'),(12,5,3,'Date Survey Was Taken',NULL,NULL,'ppi_haiti_2006_survey_date'),(13,6,3,'How many people in the household are 14 years old or younger?',NULL,NULL,'ppi_haiti_2006_family_members_0_to_14'),(14,6,3,'Do all children of ages 614 attend school?',NULL,NULL,'ppi_haiti_2006_all_family_members_6_to_14_in_school'),(15,6,3,'Where does the household reside?',NULL,NULL,'ppi_haiti_2006_household_location'),(16,6,3,'Does the household own a radio/cassette player?',NULL,NULL,'ppi_haiti_2006_owns_radio'),(17,6,3,'What are the dwelling\'s floors made of?',NULL,NULL,'ppi_haiti_2006_house_floors'),(18,6,3,'In the past 12 months, did the household receive any money or gifts remitted from abroad?',NULL,NULL,'ppi_haiti_2006_money_from_abroad'),(19,6,3,'Does any household member have salaried employment?',NULL,NULL,'ppi_haiti_2006_salaried_employment'),(20,6,3,'How many plots of agricultural land, forest land, pasture land, or gardens does the household use?',NULL,NULL,'ppi_haiti_2006_how_many_plots'),(21,6,3,'What is the dwelling\'s roof made of?',NULL,NULL,'ppi_haiti_2006_house_roof'),(22,6,3,'Does the household own any pigs?',NULL,NULL,'ppi_haiti_2006_owns_pigs'),(23,5,3,'Date Survey Was Taken',NULL,NULL,'ppi_bangladesh_2009_survey_date'),(24,6,3,'How many household members are 11-years-old or younger?',NULL,NULL,'ppi_bangladesh_2009_family_members_0_to_11'),(25,6,3,'Does any household member work for a daily wage?',NULL,NULL,'ppi_bangladesh_2009_daily_wage_earner'),(26,6,3,'What type of latrine does the household use?',NULL,NULL,'ppi_bangladesh_2009_latrine_type'),(27,6,3,'How many rooms does the household occupy (excluding rooms used for business)?',NULL,NULL,'ppi_bangladesh_2009_rooms_for_family'),(28,6,3,'What is the main construction material of the walls?',NULL,NULL,'ppi_bangladesh_2009_house_walls'),(29,6,3,'What is the main construction material of the roof?',NULL,NULL,'ppi_bangladesh_2009_house_roof'),(30,6,3,'What is the total cultivable agricultural land owned by the household?',NULL,NULL,'ppi_bangladesh_2009_land_owned'),(31,6,3,'Does the household own a television?',NULL,NULL,'ppi_bangladesh_2009_owns_television'),(32,6,3,'Does the household own a two-in-one cassette player?',NULL,NULL,'ppi_bangladesh_2009_owns_cassette_player'),(33,6,3,'Does the household own a wristwatch?',NULL,NULL,'ppi_bangladesh_2009_owns_wristwatch'),(34,5,3,'Date Survey Was Taken',NULL,NULL,'ppi_peru_2009_survey_date'),(35,6,3,'How many household members are 17-years-old or younger?',NULL,NULL,'ppi_peru_2009_family_members_0_to_17'),(36,6,3,'What is the highest educational level that the female head/spouse completed?',NULL,NULL,'ppi_peru_2009_female_head_education_level'),(37,6,3,'What is the main material of the floors?',NULL,NULL,'ppi_peru_2009_house_floors'),(38,6,3,'What is the main material of the exterior walls?',NULL,NULL,'ppi_peru_2009_house_walls'),(39,6,3,'Excluding bathrooms, kitchen, hallways, and garage, how many rooms does the residence have?',NULL,NULL,'ppi_peru_2009_house_rooms'),(40,6,3,'What fuel does the household most frequently use for cooking?',NULL,NULL,'ppi_peru_2009_cooking_fuel'),(41,6,3,'Does the household have a refrigerator/freezer?',NULL,NULL,'ppi_peru_2009_has_refrigerator'),(42,6,3,'How many color televisions does the household have?',NULL,NULL,'ppi_peru_2009_color_televisions'),(43,6,3,'Does the household have a blender?',NULL,NULL,'ppi_peru_2009_has_blender'),(44,6,3,'Does the household have an iron?',NULL,NULL,'ppi_peru_2009_has_iron'),(45,5,3,'Date Survey Was Taken',NULL,NULL,'ppi_nigeria_2008_survey_date'),(46,6,3,'How many members does the household have?',NULL,NULL,'ppi_nigeria_2008_family_members'),(47,6,3,'How many household members aged 6 to 18 are currently attending school?',NULL,NULL,'ppi_nigeria_2008_all_family_members_6_to_18_in_school'),(48,6,3,'What is the main flooring material of the house?',NULL,NULL,'ppi_nigeria_2008_house_floors'),(49,6,3,'What is the main roofing material of the house?',NULL,NULL,'ppi_nigeria_2008_house_roof'),(50,6,3,'What is the main source of drinking water for the household?',NULL,NULL,'ppi_nigeria_2008_water_source'),(51,6,3,'What type of toilet is used by the household?',NULL,NULL,'ppi_nigeria_2008_toilet_type'),(52,6,3,'Does any member of the household own a television?',NULL,NULL,'ppi_nigeria_2008_owns_television'),(53,6,3,'Does any member of the household own a stove?',NULL,NULL,'ppi_nigeria_2008_owns_stove'),(54,6,3,'Does any member of the household own a mattress/bed?',NULL,NULL,'ppi_nigeria_2008_owns_bed'),(55,6,3,'Does any member of the household own a radio?',NULL,NULL,'ppi_nigeria_2008_owns_radio'),(56,5,3,'Date Survey Was Taken',NULL,NULL,'ppi_indonesia_2009_survey_date'),(57,6,3,'How many members does the household have?',NULL,NULL,'ppi_indonesia_2009_family_members'),(58,6,3,'How many household members aged 5 to 18 are currently attending school?',NULL,NULL,'ppi_indonesia_2009_family_members_5_to_18_in_school'),(59,6,3,'In the past week, how many household members ages 11 or older worked or had a job/work/business?',NULL,NULL,'ppi_indonesia_2009_11_and_up_worked_last_week'),(60,6,3,'What is the main source of drinking water of the household?',NULL,NULL,'ppi_indonesia_2009_water_source'),(61,6,3,'What type of toilet does the household have?',NULL,NULL,'ppi_indonesia_2009_toilet_type'),(62,6,3,'What is the household\'s main flooring material?',NULL,NULL,'ppi_indonesia_2009_house_floors'),(63,6,3,'What is the household\'s main ceiling material?',NULL,NULL,'ppi_indonesia_2009_house_ceiling'),(64,6,3,'Does the household own a refrigerator?',NULL,NULL,'ppi_indonesia_2009_owns_refrigerator'),(65,6,3,'Does the household own a motorcycle?',NULL,NULL,'ppi_indonesia_2009_owns_motorcycle'),(66,6,3,'Does the household own a television?',NULL,NULL,'ppi_indonesia_2009_owns_television'),(67,5,3,'Date Survey Was Taken',NULL,NULL,'ppi_southafrica_2009_survey_date'),(68,6,3,'How many members does the household have?',NULL,NULL,'ppi_southafrica_2009_family_members'),(69,6,3,'How many household members\' main income is from salaries and wages, net profit from business or professional practice/ activities, or commercial farming?',NULL,NULL,'ppi_southafrica_2009_wage_earners'),(70,6,3,'How many rooms are in the dwelling unit, including bedrooms, living rooms, dining rooms, kitchens, and bathrooms, etc.?',NULL,NULL,'ppi_southafrica_2009_house_rooms'),(71,6,3,'What is the main material used for the roof of the main dwelling?',NULL,NULL,'ppi_southafrica_2009_house_roof'),(72,6,3,'What type of toilet facility is available for this household?',NULL,NULL,'ppi_southafrica_2009_toilet_type'),(73,6,3,'What is the main source of cooking energy/fuel for this household?',NULL,NULL,'ppi_southafrica_2009_cooking_fuel'),(74,6,3,'Does the household own a washing machine?',NULL,NULL,'ppi_southafrica_2009_owns_washing_machine'),(75,6,3,'Does the household own a videocassette recorder/DVD?',NULL,NULL,'ppi_southafrica_2009_owns_vcr_dvd'),(76,6,3,'Does the household own a microwave?',NULL,NULL,'ppi_southafrica_2009_owns_microwave'),(77,6,3,'Does the household own a refrigerator or freezer?',NULL,NULL,'ppi_southafrica_2009_owns_refrigerator'),(78,5,3,'Date Survey Was Taken',NULL,NULL,'ppi_srilanka_2010_survey_date'),(79,6,3,'How many members does the household have?',NULL,NULL,'ppi_srilanka_2010_family_members'),(80,6,3,'How many household members are employees of government or semi-government entities?',NULL,NULL,'ppi_srilanka_2010_family_members_employeed_by_government'),(81,6,3,'What is the highest educational level that the female head/spouse has passed?',NULL,NULL,'ppi_srilanka_2010_female_head_education_level'),(82,6,3,'What is the principal construction material of the floors?',NULL,NULL,'ppi_srilanka_2010_house_floors'),(83,6,3,'How many bedrooms does the household use?',NULL,NULL,'ppi_srilanka_2010_house_bedrooms'),(84,6,3,'Does the household own an electric fan?',NULL,NULL,'ppi_srilanka_2010_owns_fan'),(85,6,3,'Does the household own a television and a VCD/DVD?',NULL,NULL,'ppi_srilanka_2010_owns_tv_and_dvd'),(86,6,3,'Does the household own a cooker (gas, kerosene, or electric)?',NULL,NULL,'ppi_srilanka_2010_owns_cooker'),(87,6,3,'Does the household own a refrigerator?',NULL,NULL,'ppi_srilanka_2010_owns_refrigerator'),(88,6,3,'Does the household own a bicycle; motorcycle, scooter, or three-wheeler; or motor car, van, bus, lorry, 2-wheel or 4-wheel tractor?',NULL,NULL,'ppi_srilanka_2010_owns_transportation'),(89,5,3,'Date Survey Was Taken',NULL,NULL,'ppi_vietnam_2009_survey_date'),(90,6,3,'How many household members are 14-years-old or younger?',NULL,NULL,'ppi_vietnam_2009_family_members_0_to_14'),(91,6,3,'In the past 12 months, how many household members were self-employed in agriculture, forestry, or aquaculture?',NULL,NULL,'ppi_vietnam_2009_self_employed_agriculture'),(92,6,3,'What type is the household\'s main residence?',NULL,NULL,'ppi_vietnam_2009_residence_type'),(93,6,3,'What type of toilet arrangement does the household have?',NULL,NULL,'ppi_vietnam_2009_toilet_type'),(94,6,3,'What is the household\'s main source of water for cooking and drinking?',NULL,NULL,'ppi_vietnam_2009_water_source'),(95,6,3,'What kind of cooker does the household have?',NULL,NULL,'ppi_vietnam_2009_cooker_type'),(96,6,3,'Does the household have a motorcycle?',NULL,NULL,'ppi_vietnam_2009_has_motorcycle'),(97,6,3,'Does the household have a video player?',NULL,NULL,'ppi_vietnam_2009_has_video_player'),(98,6,3,'Does the household have a wardrobe of any kind?',NULL,NULL,'ppi_vietnam_2009_has_wardrobe'),(99,6,3,'Does the household have a refrigerator or freezer?',NULL,NULL,'ppi_vietnam_2009_has_refriderator'),(100,5,3,'Date Survey Was Taken',NULL,NULL,'ppi_pakistan_2009_survey_date'),(101,6,3,'In what province does the household live?',NULL,NULL,'ppi_pakistan_2009_province'),(102,6,3,'How many household members are 13 years old or younger?',NULL,NULL,'ppi_pakistan_2009_family_members_0_to_13'),(103,6,3,'How many children ages 5 to 13 attend school?',NULL,NULL,'ppi_pakistan_2009_family_members_5_to_13_in_school'),(104,6,3,'How many household members work in elementary occupations (not senior officials, managers, professionals, technicians or associated professionals, clerks, salespeople, service or shop workers, skilled workers in agriculture or fishery, craft or trade workers, or plant/machinery operators)?',NULL,NULL,'ppi_pakistan_2009_employed_elementary_work'),(105,6,3,'What is the highest educational level completed by the female head/spouse?',NULL,NULL,'ppi_pakistan_2009_female_head_education_level'),(106,6,3,'What is the main source of drinking water for the household?',NULL,NULL,'ppi_pakistan_2009_water_source'),(107,6,3,'What type of toilet is used by your household?',NULL,NULL,'ppi_pakistan_2009_toilet_type'),(108,6,3,'Does the household own a refrigerator or freezer?',NULL,NULL,'ppi_pakistan_2009_owns_refrigerator'),(109,6,3,'Does the household own a television?',NULL,NULL,'ppi_pakistan_2009_owns_television'),(110,6,3,'Does the household own a motorcycle, scooter, car, or other vehicle?',NULL,NULL,'ppi_pakistan_2009_owns_trasportation'),(111,5,3,'Date Survey Was Taken',NULL,NULL,'ppi_ethiopia_2009_survey_date'),(112,6,3,'How many people are in the household?',NULL,NULL,'ppi_ethiopia_2009_family_members'),(113,6,3,'Do all children ages 6 to 12 attend school?',NULL,NULL,'ppi_ethiopia_2009_all_family_members_6_to_12_in_school'),(114,6,3,'Excluding kitchen and toilets, how many rooms does the dwelling unit have?',NULL,NULL,'ppi_ethiopia_2009_rooms_in_house'),(115,6,3,'What is the main construction material of the walls of the dwelling unit?',NULL,NULL,'ppi_ethiopia_2009_house_walls'),(116,6,3,'What type of toilet facility does the household use?',NULL,NULL,'ppi_ethiopia_2009_toilet_type'),(117,6,3,'What is the main source of cooking fuel?',NULL,NULL,'ppi_ethiopia_2009_cooking_fuel'),(118,6,3,'Does the household currently own any mattresses and/or beds?',NULL,NULL,'ppi_ethiopia_2009_owns_mattress_or_bed'),(119,6,3,'Does the household currently own any radios?',NULL,NULL,'ppi_ethiopia_2009_owns_radio'),(120,6,3,'Does the household currently own any watches or clocks?',NULL,NULL,'ppi_ethiopia_2009_owns_watches_or_clocks'),(121,6,3,'Does the household currently own any cattle, sheep, or goats?',NULL,NULL,'ppi_ethiopia_2009_owns_cattle_sheep_goats'),(122,6,3,'Does the household currently own any jewelry (gold/silver)?',NULL,NULL,'ppi_ethiopia_2009_owns_jewelry'),(123,5,3,'Date Survey Was Taken',NULL,NULL,'ppi_yemen_2009_survey_date'),(124,6,3,'How many members does the household have?',NULL,NULL,'ppi_yemen_2009_family_members'),(125,6,3,'How many household members aged 12 to 18 currently attend school?',NULL,NULL,'ppi_yemen_2009_family_members_12_to_18_in_school'),(126,6,3,'What is the main material used for the floor?',NULL,NULL,'ppi_yemen_2009_house_floors'),(127,6,3,'What is the main material used for the ceiling?',NULL,NULL,'ppi_yemen_2009_house_ceiling'),(128,6,3,'What type of toilet does the household have?',NULL,NULL,'ppi_yemen_2009_toilet_type'),(129,6,3,'How many rooms are there in the house, excluding bathrooms and kitchens?',NULL,NULL,'ppi_yemen_2009_house_rooms'),(130,6,3,'Does the household or any of its members own a TV?',NULL,NULL,'ppi_yemen_2009_owns_television'),(131,6,3,'Does the household or any of its members own a gas cylinder?',NULL,NULL,'ppi_yemen_2009_owns_gas_cylinder'),(132,6,3,'Does the household or any of its members own a radio/cassette recorder?',NULL,NULL,'ppi_yemen_2009_owns_radio'),(133,6,3,'Does the household or any of its members own a washing machine?',NULL,NULL,'ppi_yemen_2009_owns_washing_machine'),(134,5,3,'Date Survey Was Taken',NULL,NULL,'ppi_senegal_2009_survey_date'),(135,6,3,'Quel est le matriau des murs de la maison?',NULL,NULL,'ppi_senegal_2009_house_walls'),(136,6,3,'Quelle est la principale source utilise pour l\'lairage?',NULL,NULL,'ppi_senegal_2009_energy_for_lighting'),(137,6,3,'Quelle est la principale source utilise pour faire la cuisine?',NULL,NULL,'ppi_senegal_2009_cooking_fuel'),(138,6,3,'Quel est la principale source d\'approvisionnement en eau utilise pour boire?',NULL,NULL,'ppi_senegal_2009_water_source'),(139,6,3,'Quel type de toilettes utilise le mnage?',NULL,NULL,'ppi_senegal_2009_toilet_type'),(140,6,3,'Votre mnage possde-t-il un refrigerateur/congelateur?',NULL,NULL,'ppi_senegal_2009_owns_refrigerator'),(141,6,3,'Votre mnage possde-t-il une tlvision?',NULL,NULL,'ppi_senegal_2009_owns_television'),(142,6,3,'Votre mnage possde-t-il un ventilateur?',NULL,NULL,'ppi_senegal_2009_owns_fan'),(143,6,3,'Votre mnage possde-t-il un fer  repasser lectronique?',NULL,NULL,'ppi_senegal_2009_owns_iron'),(144,6,3,'Est-ce que la chef de famille fminin sait lire et crire dans une langue quelconque?',NULL,NULL,'ppi_senegal_2009_female_head_literate'),(145,5,3,'Date Survey Was Taken',NULL,NULL,'ppi_nepal_2009_survey_date'),(146,6,3,'How many household members are 12-years-old or younger?',NULL,NULL,'ppi_nepal_2009_family_members_0_to_12'),(147,6,3,'How many children ages 5 to 12 attend school?',NULL,NULL,'ppi_nepal_2009_family_members_5_to_12_in_school'),(148,6,3,'Do any household members attend a private school?',NULL,NULL,'ppi_nepal_2009_family_members_at_private_school'),(149,6,3,'Does the female head/spouse know how to read a letter?',NULL,NULL,'ppi_nepal_2009_female_head_can_read'),(150,6,3,'What is the main material of the roof?',NULL,NULL,'ppi_nepal_2009_house_roof'),(151,6,3,'What type of toilet is used in your household?',NULL,NULL,'ppi_nepal_2009_toilet_type'),(152,6,3,'What type of stove does your household mainly use for cooking?',NULL,NULL,'ppi_nepal_2009_stove_type'),(153,6,3,'How many radio/tape/CD players does the household own?',NULL,NULL,'ppi_nepal_2009_music_players'),(154,6,3,'Does the household own any bicycles, motorcycles/scooters, motor cars, etc.',NULL,NULL,'ppi_nepal_2009_owns_transportation'),(155,6,3,'Does the household own any televisions/decks?',NULL,NULL,'ppi_nepal_2009_owns_television'),(156,5,3,'Date Survey Was Taken',NULL,NULL,'ppi_palestine_2010_survey_date'),(157,6,3,'How many members does the household have?',NULL,NULL,'ppi_palestine_2010_family_members'),(158,6,3,'What is the main building material used in the exterior walls of the residence?',NULL,NULL,'ppi_palestine_2010_house_walls'),(159,6,3,'Does the household have a solar water heater?',NULL,NULL,'ppi_palestine_2010_has_solar_water_heater'),(160,6,3,'Does the household have a vacuum cleaner?',NULL,NULL,'ppi_palestine_2010_has_vacuum'),(161,6,3,'Does the household have a land-line and/or cellular telephone?',NULL,NULL,'ppi_palestine_2010_has_phone'),(162,6,3,'Does the household have a T.V. and a VCR and/or DVD?',NULL,NULL,'ppi_palestine_2010_has_tv_vcr_dvd'),(163,6,3,'Does the household have a satellite dish?',NULL,NULL,'ppi_palestine_2010_has_satellite_dish'),(164,6,3,'Does the household have a computer?',NULL,NULL,'ppi_palestine_2010_has_computer'),(165,6,3,'Does the household have a bookcase?',NULL,NULL,'ppi_palestine_2010_has_bookcase'),(166,6,3,'How many household members are employed?',NULL,NULL,'ppi_palestine_2010_family_members_employed'),(167,5,3,'Date Survey Was Taken',NULL,NULL,'ppi_kenya_2008_survey_date'),(168,6,3,'How many household members are aged 25 or younger?',NULL,NULL,'ppi_kenya_2008_family_members_0_to_25'),(169,6,3,'How many household members aged 6 to 17 are currently attending school?',NULL,NULL,'ppi_kenya_2008_family_members_6_to_17_in_school'),(170,6,3,'What is the material of the walls of the house?',NULL,NULL,'ppi_kenya_2008_house_walls'),(171,6,3,'What kind of toilet facility does your household use?',NULL,NULL,'ppi_kenya_2008_toilet_type'),(172,6,3,'Does the household own a TV?',NULL,NULL,'ppi_kenya_2008_owns_television'),(173,6,3,'Does the household own a sofa?',NULL,NULL,'ppi_kenya_2008_owns_sofa'),(174,6,3,'Does the household own a stove?',NULL,NULL,'ppi_kenya_2008_owns_stove'),(175,6,3,'Does the household own a radio?',NULL,NULL,'ppi_kenya_2008_owns_radio'),(176,6,3,'Does the household own a bicycle?',NULL,NULL,'ppi_kenya_2008_owns_bicycle'),(177,6,3,'How many head of cattle are owned by the household currently?',NULL,NULL,'ppi_kenya_2008_cattle_owned'),(178,5,3,'Date Survey Was Taken',NULL,NULL,'ppi_honduras_2010_survey_date'),(179,6,3,'How many household members are 14-years-old or younger?',NULL,NULL,'ppi_honduras_2010_family_members_0_to_14'),(180,6,3,'What is the highest educational level that the female head/spouse has reached?',NULL,NULL,'ppi_honduras_2010_female_head_education_level'),(181,6,3,'What is the main occupation of the male head/ spouse?',NULL,NULL,'ppi_honduras_2010_male_head_occupation'),(182,6,3,'How many household members receive a salary in their main occupation?',NULL,NULL,'ppi_honduras_2010_family_members_salaried'),(183,6,3,'How many rooms does the household use as bedrooms?',NULL,NULL,'ppi_honduras_2010_house_bedrooms'),(184,6,3,'What is the main construction material of the floors of the residence?',NULL,NULL,'ppi_honduras_2010_house_floors'),(185,6,3,'What is the household\'s source of water?',NULL,NULL,'ppi_honduras_2010_water_source'),(186,6,3,'Does any household member have a working refrigerator?',NULL,NULL,'ppi_honduras_2010_has_refrigerator'),(187,6,3,'Does any household member have a working stove with four burners?',NULL,NULL,'ppi_honduras_2010_has_stove'),(188,6,3,'Does any household member have a working television with or without cable?',NULL,NULL,'ppi_honduras_2010_has_television'),(189,5,3,'Date Survey Was Taken',NULL,NULL,'ppi_mali_2010_survey_date'),(190,6,3,'How many household members are 11 years old or younger?',NULL,NULL,'ppi_mali_2010_family_members_0_to_11'),(191,6,3,'How many members of the household usually work as their main occupation in agriculture, animal husbandry, fishing, or forestry?',NULL,NULL,'ppi_mali_2010_employed_in_agriculture_animals'),(192,6,3,'What is the main construction material of the roof of the residence?',NULL,NULL,'ppi_mali_2010_house_roof'),(193,6,3,'What is the main construction material of the walls of the residence?',NULL,NULL,'ppi_mali_2010_house_walls'),(194,6,3,'What is the household\'s main source of drinking water?',NULL,NULL,'ppi_mali_2010_water_source'),(195,6,3,'What toilet arrangements does the household have?',NULL,NULL,'ppi_mali_2010_toilet_type'),(196,6,3,'Does the household own any television sets?',NULL,NULL,'ppi_mali_2010_owns_television'),(197,6,3,'Does the household own any radios?',NULL,NULL,'ppi_mali_2010_owns_radio'),(198,6,3,'Does the household own any irons?',NULL,NULL,'ppi_mali_2010_owns_iron'),(199,6,3,'Does the household own any motorbikes?',NULL,NULL,'ppi_mali_2010_owns_motorbike'),(200,5,3,'Date Survey Was Taken',NULL,NULL,'ppi_elsalvador_2010_survey_date'),(201,6,3,'How many household members are 17-years-old or younger?',NULL,NULL,'ppi_elsalvador_2010_family_members_0_to_17'),(202,6,3,'Not counting bathrooms, kitchen, hallways, or garage, how many rooms does the household have for its own use?',NULL,NULL,'ppi_elsalvador_2010_rooms_in_house'),(203,6,3,'How many household members are salaried employees (be they temporary or permanent)?',NULL,NULL,'ppi_elsalvador_2010_salaried_employees'),(204,6,3,'Last week, did the female head/spouse do any work (not counting household chores)?',NULL,NULL,'ppi_elsalvador_2010_female_head_worked_last_week'),(205,6,3,'What is the main fuel used for cooking?',NULL,NULL,'ppi_elsalvador_2010_coking_fuel'),(206,6,3,'Does the household have a refrigerator?',NULL,NULL,'ppi_elsalvador_2010_has_refrigerator'),(207,6,3,'Does the household have a blender?',NULL,NULL,'ppi_elsalvador_2010_has_blender'),(208,6,3,'Does the household have a television and/or a VCR or DVD?',NULL,NULL,'ppi_elsalvador_2010_has_vcr_or_dvd'),(209,6,3,'Does the household have a radio and/or a stereo system?',NULL,NULL,'ppi_elsalvador_2010_has_stereo'),(210,6,3,'Does the household have a fan?',NULL,NULL,'ppi_elsalvador_2010_has_fan'),(211,5,3,'Date Survey Was Taken',NULL,NULL,'ppi_brazil_2010_survey_date'),(212,6,3,'How many members does the household have?',NULL,NULL,'ppi_brazil_2010_family_members'),(213,6,3,'Do any household members ages 5 to 18 go to private school or private pre-school?',NULL,NULL,'ppi_brazil_2010_family_members_5_to_18_in_private_school'),(214,6,3,'How many years of schooling has the female head/spouse completed?',NULL,NULL,'ppi_brazil_2010_years_of_school_for_female_head'),(215,6,3,'How many household members work as employees with a written contract, as civil servants for the government, or in the military?',NULL,NULL,'ppi_brazil_2010_empoyed_with_contract'),(216,6,3,'In their main occupation, how many household members are managers, administrators, professionals in the arts and sciences, mid-level technicians, or clerks?',NULL,NULL,'ppi_brazil_2010_employed_at_mid_level'),(217,6,3,'How many rooms does the residence have?',NULL,NULL,'ppi_brazil_2010_rooms_in_house'),(218,6,3,'How does the household dispose of sewage?',NULL,NULL,'ppi_brazil_2010_sewage_disposal'),(219,6,3,'Does the household have a refrigerator?',NULL,NULL,'ppi_brazil_2010_has_refrigerator'),(220,6,3,'Does the household have a washing machine?',NULL,NULL,'ppi_brazil_2010_has_washing_machine'),(221,6,3,'Does the household have a cellular or land-line telephone?',NULL,NULL,'ppi_brazil_2010_has_phone'),(222,5,3,'Date Survey Was Taken',NULL,NULL,'ppi_philippines_2009_survey_date'),(223,6,3,'How many people in the family are aged 0 to 14?',NULL,NULL,'ppi_philippines_2009_family_members_0_to_14'),(224,6,3,'Do all children in the family of ages 6 to 14 go to school?',NULL,NULL,'ppi_philippines_2009_all_family_members_6_to_14_in_school'),(225,6,3,'What is the education level of the female head/spouse?',NULL,NULL,'ppi_philippines_2009_female_head_education_level'),(226,6,3,'Do any family members have salaried employment?',NULL,NULL,'ppi_philippines_2009_salaried_employment'),(227,6,3,'What are the house\'s outer walls made of?',NULL,NULL,'ppi_philippines_2009_house_walls'),(228,6,3,'What is the house\'s roof made of?',NULL,NULL,'ppi_philippines_2009_house_roof'),(229,6,3,'What kind of toilet facility does the family have?',NULL,NULL,'ppi_philippines_2009_toilet_type'),(230,6,3,'Does the family own a refrigerator?',NULL,NULL,'ppi_philippines_2009_owns_refrigerator'),(231,6,3,'How many television sets does the family own?',NULL,NULL,'ppi_philippines_2009_televisions'),(232,6,3,'Does the family own a washing machine?',NULL,NULL,'ppi_philippines_2009_owns_washing_machine'),(233,5,3,'Date Survey Was Taken',NULL,NULL,'ppi_romania_2009_survey_date'),(234,6,3,'How many people live in the household?',NULL,NULL,'ppi_romania_2009_family_members'),(235,6,3,'What is the highest educational level completed by any household member?',NULL,NULL,'ppi_romania_2009_education_level'),(236,6,3,'What type of sewage system does the residence have?',NULL,NULL,'ppi_romania_2009_sewage_system'),(237,6,3,'How many working land-line and/or mobile telephones does the household own?',NULL,NULL,'ppi_romania_2009_phones'),(238,6,3,'Does the household own any working gas stoves?',NULL,NULL,'ppi_romania_2009_gas_stoves'),(239,6,3,'What type of working washing machine does the household own?',NULL,NULL,'ppi_romania_2009_washing_machine_type'),(240,6,3,'What type of working refrigerator/freezer does the household own?',NULL,NULL,'ppi_romania_2009_refrigerator_type'),(241,6,3,'Does the household own any color TV sets?',NULL,NULL,'ppi_romania_2009_owns_color_television'),(242,6,3,'Does the household own any radios?',NULL,NULL,'ppi_romania_2009_owns_radio'),(243,6,3,'Does the household own a working car?',NULL,NULL,'ppi_romania_2009_owns_car'),(244,5,3,'Date Survey Was Taken',NULL,NULL,'ppi_guatemala_2010_survey_date'),(245,6,3,'How many household members are aged 13 or younger?',NULL,NULL,'ppi_guatemala_2010_family_members_0_to_13'),(246,6,3,'Did all children ages 7 to 13 enroll for the current school year?',NULL,NULL,'ppi_guatemala_2010_all_family_members_7_to_13_in_school'),(247,6,3,'Can the female head/spouse read and write?',NULL,NULL,'ppi_guatemala_2010_female_head_literate'),(248,6,3,'Do any household members work mainly as casual laborers or domestic workers?',NULL,NULL,'ppi_guatemala_2010_empoyed_as_casual_labor'),(249,6,3,'What is the main construction material of the residence\'s floors?',NULL,NULL,'ppi_guatemala_2010_house_floors'),(250,6,3,'Does the household have a refrigerator?',NULL,NULL,'ppi_guatemala_2010_has_refrigerator'),(251,6,3,'Does the household have a gas or electric stove?',NULL,NULL,'ppi_guatemala_2010_has_gas_electric_stove'),(252,6,3,'Does the household have a stone mill?',NULL,NULL,'ppi_guatemala_2010_has_stone_mill'),(253,6,3,'Does the household have an electric iron?',NULL,NULL,'ppi_guatemala_2010_has_electric_iron'),(254,6,3,'If any household member works mainly in agriculture, animal husbandry, hunting, or fishing, does the household have any cows, bulls, calves, pigs, horses, burros, or mules?',NULL,NULL,'ppi_guatemala_2010_enmployed_in_agriculature_or_animals'),(255,5,3,'Date Survey Was Taken',NULL,NULL,'ppi_egypt_2010_survey_date'),(256,6,3,'How many members does the household have?',NULL,NULL,'ppi_egypt_2010_family_members'),(257,6,3,'Do all children ages 6 to 18 attend school?',NULL,NULL,'ppi_egypt_2010_all_family_members_6_to_18_in_school'),(258,6,3,'Can the female head/spouse read and write?',NULL,NULL,'ppi_egypt_2010_female_head_literate'),(259,6,3,'In their main line of work, do any family members have non-permanent (temporary, seasonal, or irregular) wage jobs?',NULL,NULL,'ppi_egypt_2010_has_temporary_wage_job'),(260,6,3,'What is the material of the walls of the residence?',NULL,NULL,'ppi_egypt_2010_house_walls'),(261,6,3,'How many rooms does the residence of the household have (including parlor/reception hall)?',NULL,NULL,'ppi_egypt_2010_rooms_in_house'),(262,6,3,'What is the source of water for the household?',NULL,NULL,'ppi_egypt_2010_water_source'),(263,6,3,'What toilet arrangement does the household have?',NULL,NULL,'ppi_egypt_2010_toilet_type'),(264,6,3,'Does the household own any gas or electric water heaters?',NULL,NULL,'ppi_egypt_2010_owns_gas_electric_water_heater'),(265,6,3,'Does the household own any clothes-washing machines?',NULL,NULL,'ppi_egypt_2010_owns_washing_machine'),(266,5,3,'Date Survey Was Taken',NULL,NULL,'ppi_india_2008_survey_date'),(267,6,3,'How many people aged 0 to 17 are in the household? /   -   ? (     ?) /       -    ?',NULL,NULL,'ppi_india_2008_family_members_0_to_17'),(268,6,3,'What is the household\'s principal occupation? /     ? /        ?',NULL,NULL,'ppi_india_2008_principal_occupation'),(269,6,3,'Is the residence all pucca (burnt bricks, stone, cement, concrete, jackboard/cement-plastered reeds, timber, tiles, galvanised tin or asbestos cement sheets)? /     ? (///// /  /) /      ?(///,  / - // / / )',NULL,NULL,'ppi_india_2008_has_pucca_home'),(270,6,3,'What is the household\'s primary source of energy for cooking? /       ? /             ?',NULL,NULL,'ppi_india_2008_cooking_fuel'),(271,6,3,'Does the household own a television? /    ? /      ?',NULL,NULL,'ppi_india_2008_owns_television'),(272,6,3,'Does the household own a bicycle, scooter, or motor cycle? /    /  ? /     ,     ?',NULL,NULL,'ppi_india_2008_owns_bicycle_scooter_motorcycle'),(273,6,3,'Does the household own an almirah/dressing table? /   /  ? /        ?',NULL,NULL,'ppi_india_2008_owns_almirah'),(274,6,3,'Does the household own a sewing machine? /     ? /       ?',NULL,NULL,'ppi_india_2008_owns_sewing_machine'),(275,6,3,'How many pressure cookers or pressure pans does the household own? /       ? /      ?',NULL,NULL,'ppi_india_2008_pressure_cookers'),(276,6,3,'How many electric fans does the household own? /     ? /       ?',NULL,NULL,'ppi_india_2008_electric_fans'),(277,5,3,'Date Survey Was Taken',NULL,NULL,'ppi_cambodia_2009_survey_date'),(278,6,3,'How many members does the household have?',NULL,NULL,'ppi_cambodia_2009_family_members'),(279,6,3,'How many children ages 7 to 15 attend school?',NULL,NULL,'ppi_cambodia_2009_family_members_7_to_15_in_school'),(280,6,3,'What is the primary construction material of the outer wall of the dwelling unit occupied by the household?',NULL,NULL,'ppi_cambodia_2009_house_walls'),(281,6,3,'What type of fuel does the household mainly use for cooking?',NULL,NULL,'ppi_cambodia_2009_cooking_fuel'),(282,6,3,'What toilet facility does the household have?',NULL,NULL,'ppi_cambodia_2009_toilet_type'),(283,6,3,'How many bicycles and motorcycles does the household own?',NULL,NULL,'ppi_cambodia_2009_bicycles_and_motorcycles'),(284,6,3,'Does the household own a bed set?',NULL,NULL,'ppi_cambodia_2009_owns_bed_set'),(285,6,3,'Does the household own a wardrobe or cabinet?',NULL,NULL,'ppi_cambodia_2009_owns_wardrobe'),(286,6,3,'Does the household own a water pump?',NULL,NULL,'ppi_cambodia_2009_owns_water_pump'),(287,6,3,'Does the household own a television?',NULL,NULL,'ppi_cambodia_2009_owns_television'),(288,5,3,'Date Survey Was Taken',NULL,NULL,'ppi_russia_2010_survey_date'),(289,6,3,'How many members does the household have?',NULL,NULL,'ppi_russia_2010_family_members'),(290,6,3,'In their main line of work, are any household members administrators or heads/leaders of government, agencies, organizations, or state businesses, highly skilled specialists/professionals, skilled technicians, or white-collar employees?',NULL,NULL,'ppi_russia_2010_employed_in_highly_skilled_work'),(291,6,3,'What is the total area of the residence in meters squared?',NULL,NULL,'ppi_russia_2010_house_area'),(292,6,3,'What is the source of hot water for the residence?',NULL,NULL,'ppi_russia_2010_hot_water_source'),(293,6,3,'How many color televisions does the household own?',NULL,NULL,'ppi_russia_2010_color_televisions'),(294,6,3,'How many VCRs and DVDs does the household own?',NULL,NULL,'ppi_russia_2010_vcrs_and_dvds'),(295,6,3,'Does the household own a microwave?',NULL,NULL,'ppi_russia_2010_owns_microwave'),(296,6,3,'Does the household own a personal computer?',NULL,NULL,'ppi_russia_2010_owns_computer'),(297,6,3,'How many land-line and cellular telephones does the household own?',NULL,NULL,'ppi_russia_2010_phones'),(298,6,3,'Does the household own an automobile?',NULL,NULL,'ppi_russia_2010_owns_car'),(299,5,3,'Date Survey Was Taken',NULL,NULL,'ppi_nicaragua_2010_survey_date'),(300,6,3,'How many household members are there?',NULL,NULL,'ppi_nicaragua_2010_family_members'),(301,6,3,'How many household members ages 7 to 12 are enrolled this year in the formal education system?',NULL,NULL,'ppi_nicaragua_2010_family_members_7_to_12_in_school'),(302,6,3,'Can the female head/spouse read and write?',NULL,NULL,'ppi_nicaragua_2010_female_head_literate'),(303,6,3,'What is the main material of the floor of the residence?',NULL,NULL,'ppi_nicaragua_2010_house_floor'),(304,6,3,'What type of toilet arrangement does the household have?',NULL,NULL,'ppi_nicaragua_2010_toilet_type'),(305,6,3,'What fuel does the household usually use for cooking?',NULL,NULL,'ppi_nicaragua_2010_cooking_fuel'),(306,6,3,'Does the household have a refrigerator?',NULL,NULL,'ppi_nicaragua_2010_has_refrigerator'),(307,6,3,'Does the household have a blender?',NULL,NULL,'ppi_nicaragua_2010_has_blender'),(308,6,3,'Does the household have an iron?',NULL,NULL,'ppi_nicaragua_2010_has_iron'),(309,6,3,'Does the household have a radio, radio/tape player, or stereo system?',NULL,NULL,'ppi_nicaragua_2010_has_stereo'),(310,5,3,'Date Survey Was Taken',NULL,NULL,'ppi_syria_2010_survey_date'),(311,6,3,'How many members does the household have?',NULL,NULL,'ppi_syria_2010_family_members'),(312,6,3,'What type of residence does the household live in?',NULL,NULL,'ppi_syria_2010_residence_type'),(313,6,3,'How many rooms does the residence have?',NULL,NULL,'ppi_syria_2010_house_rooms'),(314,6,3,'Does the household have both a refrigerator and a freezer?',NULL,NULL,'ppi_syria_2010_has_refrigerator_freezer'),(315,6,3,'Does the household have an automatic washing machine?',NULL,NULL,'ppi_syria_2010_has_washing_machine'),(316,6,3,'How many complete bedroom sets does the household have?',NULL,NULL,'ppi_syria_2010_bedroom_sets'),(317,6,3,'Does the household have a chandelier?',NULL,NULL,'ppi_syria_2010_has_chandelier'),(318,6,3,'How many fans does the household have?',NULL,NULL,'ppi_syria_2010_fans'),(319,6,3,'Does the household own a motorcycle or car?',NULL,NULL,'ppi_syria_2010_owns_motorcycle_car'),(320,6,3,'What is the place of work of the male head/spouse in his main profession?',NULL,NULL,'ppi_syria_2010_place_of_work'),(321,5,3,'Date Survey Was Taken',NULL,NULL,'ppi_mexico_2009_survey_date'),(322,6,3,'How many household members are ages 0 to 17?',NULL,NULL,'ppi_mexico_2009_family_members_0_to_17'),(323,6,3,'What is the highest level that the female head/ spouse has passed in school?',NULL,NULL,'ppi_mexico_2009_female_head_education_level'),(324,6,3,'How many household members have a written employment contract for a salary or for an indefinite period?',NULL,NULL,'ppi_mexico_2009_empoyed_with_contract'),(325,6,3,'What is the main material of the floor of this residence?',NULL,NULL,'ppi_mexico_2009_house_floor'),(326,6,3,'How is water supplied to the residence\'s toilet for flushing?',NULL,NULL,'ppi_mexico_2009_toilet_water_supply'),(327,6,3,'Does the residence have a medium sink for washing dishes?',NULL,NULL,'ppi_mexico_2009_has_sink_for_dishes'),(328,6,3,'What fuel do you usually use to cook or heat food?',NULL,NULL,'ppi_mexico_2009_cooking_fuel'),(329,6,3,'Does the household have a blender?',NULL,NULL,'ppi_mexico_2009_has_blender'),(330,6,3,'Does the household have an electric iron?',NULL,NULL,'ppi_mexico_2009_has_iron'),(331,6,3,'How many televisions does the household have?',NULL,NULL,'ppi_mexico_2009_televisions'),(332,5,3,'Date Survey Was Taken',NULL,NULL,'ppi_bolivia_2009_survey_date'),(333,6,3,'How many household members are there?',NULL,NULL,'ppi_bolivia_2009_family_members'),(334,6,3,'How many household members ages 6 to 17 currently attend school at the level and grade that they enrolled in for this calendar year?',NULL,NULL,'ppi_bolivia_2009_family_members_6_10_17_in_school'),(335,6,3,'What is the main construction material of the floors of the residence?',NULL,NULL,'ppi_bolivia_2009_house_floors'),(336,6,3,'What is the main fuel used for cooking?',NULL,NULL,'ppi_bolivia_2009_cooking_fuel'),(337,6,3,'Does the household own, have, or use a refrigerator or freezer?',NULL,NULL,'ppi_bolivia_2009_has_refrigerator_or_freezer'),(338,6,3,'Does the household own, have, or use a dining-room set (table and chairs)?',NULL,NULL,'ppi_bolivia_2009_has_dining_table_and_chairs'),(339,6,3,'Does the household own, have, or use a television?',NULL,NULL,'ppi_bolivia_2009_has_television'),(340,6,3,'Does the household own, have, or use a VCR or DVD player?',NULL,NULL,'ppi_bolivia_2009_has_vcr_or_dvd'),(341,6,3,'Does the household own, have, or use a stereo or hi-fi system?',NULL,NULL,'ppi_bolivia_2009_has_stereo'),(342,6,3,'Are any household members employed in blue-collar or white-collar jobs?',NULL,NULL,'ppi_bolivia_2009_blue_or_white_collar_job'),(343,5,3,'Date Survey Was Taken',NULL,NULL,'ppi_ecuador_2008_survey_date'),(344,6,3,'How many household members are 16-years-old or younger?',NULL,NULL,'ppi_ecuador_2008_family_members_0_to_16'),(345,6,3,'Do all household members ages 5 to 16 attend school?',NULL,NULL,'ppi_ecuador_2008_all_family_members_5_to_16_in_school'),(346,6,3,'What is the main material of the roof of the residence?',NULL,NULL,'ppi_ecuador_2008_house_roof'),(347,6,3,'What type of toilet arrangement does the household have?',NULL,NULL,'ppi_ecuador_2008_toilet_type'),(348,6,3,'Does the household have a shower?',NULL,NULL,'ppi_ecuador_2008_has_shower'),(349,6,3,'What fuel does the household use for cooking?',NULL,NULL,'ppi_ecuador_2008_cooking_fuel'),(350,6,3,'Does the household have a car?',NULL,NULL,'ppi_ecuador_2008_has_car'),(351,6,3,'Does the household have a refrigerator?',NULL,NULL,'ppi_ecuador_2008_has_refrigerator'),(352,6,3,'How many color televisions does the household have?',NULL,NULL,'ppi_ecuador_2008_color_televisions'),(353,6,3,'Does the household have a blender?',NULL,NULL,'ppi_ecuador_2008_has_blender'),(354,5,3,'Date Survey Was Taken',NULL,NULL,'ppi_ghana_2010_survey_date'),(355,6,3,'How many members does the household have?',NULL,NULL,'ppi_ghana_2010_family_members'),(356,6,3,'Are all children ages 5 to 12 in school?',NULL,NULL,'ppi_ghana_2010_all_family_members_5_to_12_in_school'),(357,6,3,'What is the highest grade completed by the female head/spouse?',NULL,NULL,'ppi_ghana_2010_female_head_highest_grade'),(358,6,3,'Is the main job of the male head/spouse in agriculture?',NULL,NULL,'ppi_ghana_2010_male_head_agriculture_job'),(359,6,3,'What is the main construction material used for the roof?',NULL,NULL,'ppi_ghana_2010_house_roof'),(360,6,3,'What is the main source of lighting for the dwelling?',NULL,NULL,'ppi_ghana_2010_house_lighting'),(361,6,3,'What is the main source of drinking water for the household?',NULL,NULL,'ppi_ghana_2010_water_source'),(362,6,3,'Does any household member own a working stove (kerosene, electric, or gas)?',NULL,NULL,'ppi_ghana_2010_owns_stove'),(363,6,3,'Does any household member own a working iron (box or electric)?',NULL,NULL,'ppi_ghana_2010_owns_iron'),(364,6,3,'Does any household member own a working radio, radio cassette, record player, or 3-in-1 radio system?',NULL,NULL,'ppi_ghana_2010_owns_radio');
/*!40000 ALTER TABLE `questions` ENABLE KEYS */;
UNLOCK TABLES;

--
-- Table structure for table `recommended_amnt_unit`
--

DROP TABLE IF EXISTS `recommended_amnt_unit`;
/*!40101 SET @saved_cs_client     = @@character_set_client */;
/*!40101 SET character_set_client = utf8 */;
CREATE TABLE `recommended_amnt_unit` (
  `recommended_amnt_unit_id` smallint(6) NOT NULL AUTO_INCREMENT,
  `lookup_id` int(11) NOT NULL,
  PRIMARY KEY (`recommended_amnt_unit_id`),
  KEY `lookup_id` (`lookup_id`),
  CONSTRAINT `recommended_amnt_unit_ibfk_1` FOREIGN KEY (`lookup_id`) REFERENCES `lookup_value` (`lookup_id`) ON DELETE NO ACTION ON UPDATE NO ACTION
) ENGINE=InnoDB AUTO_INCREMENT=3 DEFAULT CHARSET=utf8;
/*!40101 SET character_set_client = @saved_cs_client */;

--
-- Dumping data for table `recommended_amnt_unit`
--

LOCK TABLES `recommended_amnt_unit` WRITE;
/*!40000 ALTER TABLE `recommended_amnt_unit` DISABLE KEYS */;
INSERT INTO `recommended_amnt_unit` VALUES (1,120),(2,121);
/*!40000 ALTER TABLE `recommended_amnt_unit` ENABLE KEYS */;
UNLOCK TABLES;

--
-- Table structure for table `recur_on_day`
--

DROP TABLE IF EXISTS `recur_on_day`;
/*!40101 SET @saved_cs_client     = @@character_set_client */;
/*!40101 SET character_set_client = utf8 */;
CREATE TABLE `recur_on_day` (
  `recur_on_day_id` int(11) NOT NULL AUTO_INCREMENT,
  `details_id` int(11) NOT NULL,
  `days` smallint(6) DEFAULT NULL,
  `rank_of_days` smallint(6) DEFAULT NULL,
  `day_number` smallint(6) DEFAULT NULL,
  `version_no` int(11) DEFAULT NULL,
  PRIMARY KEY (`recur_on_day_id`),
  KEY `details_id` (`details_id`),
  CONSTRAINT `recur_on_day_ibfk_1` FOREIGN KEY (`details_id`) REFERENCES `recurrence_detail` (`details_id`) ON DELETE NO ACTION ON UPDATE NO ACTION
) ENGINE=InnoDB AUTO_INCREMENT=94 DEFAULT CHARSET=utf8;
/*!40101 SET character_set_client = @saved_cs_client */;

--
-- Dumping data for table `recur_on_day`
--

LOCK TABLES `recur_on_day` WRITE;
/*!40000 ALTER TABLE `recur_on_day` DISABLE KEYS */;
INSERT INTO `recur_on_day` VALUES (1,1,5,NULL,NULL,13),(2,2,2,NULL,NULL,0),(3,3,NULL,NULL,1,0),(4,4,NULL,NULL,NULL,0),(5,5,NULL,NULL,NULL,0),(6,6,NULL,NULL,1,0),(7,7,5,NULL,NULL,0),(8,8,2,NULL,NULL,0),(9,9,NULL,NULL,NULL,0),(10,10,NULL,NULL,NULL,0),(11,11,5,NULL,NULL,0),(12,12,NULL,NULL,NULL,0),(13,13,NULL,NULL,NULL,0),(14,14,NULL,NULL,NULL,0),(15,15,5,NULL,NULL,0),(16,16,5,NULL,NULL,0),(17,17,NULL,NULL,NULL,0),(18,18,NULL,NULL,NULL,0),(19,19,5,NULL,NULL,0),(20,20,7,NULL,NULL,0),(21,21,7,NULL,NULL,0),(22,22,NULL,NULL,NULL,0),(23,23,3,NULL,NULL,4),(24,24,NULL,NULL,NULL,0),(25,25,NULL,NULL,NULL,0),(26,26,3,NULL,NULL,0),(27,27,NULL,NULL,NULL,0),(28,28,NULL,NULL,NULL,0),(29,29,5,NULL,NULL,0),(30,30,5,NULL,NULL,3),(31,31,5,NULL,NULL,0),(32,32,NULL,NULL,NULL,0),(33,33,NULL,NULL,NULL,0),(34,34,4,NULL,NULL,9),(35,35,3,NULL,NULL,0),(36,36,4,NULL,NULL,0),(37,37,5,NULL,NULL,0),(38,38,NULL,NULL,NULL,0),(39,39,5,NULL,NULL,0),(40,40,4,NULL,NULL,1),(41,41,2,NULL,NULL,0),(42,42,NULL,NULL,1,0),(43,43,NULL,NULL,NULL,0),(44,44,NULL,NULL,1,0),(45,45,NULL,NULL,NULL,0),(46,46,4,NULL,NULL,0),(47,47,NULL,NULL,NULL,0),(48,48,NULL,NULL,NULL,0),(49,49,4,NULL,NULL,0),(50,50,3,NULL,NULL,0),(51,51,NULL,NULL,NULL,0),(52,52,4,NULL,NULL,2),(53,53,NULL,NULL,NULL,0),(54,54,4,NULL,NULL,0),(55,55,NULL,NULL,NULL,0),(56,56,2,NULL,NULL,1),(57,57,4,NULL,NULL,1),(58,58,2,NULL,NULL,1),(59,59,NULL,NULL,NULL,0),(60,60,2,NULL,NULL,0),(61,61,4,NULL,NULL,0),(62,62,NULL,NULL,NULL,0),(63,63,4,NULL,NULL,0),(64,64,NULL,NULL,NULL,0),(65,65,4,NULL,NULL,2),(66,66,NULL,NULL,NULL,0),(67,67,2,NULL,NULL,0),(68,68,2,NULL,NULL,0),(69,69,NULL,NULL,NULL,0),(70,70,2,NULL,NULL,2),(71,71,2,NULL,NULL,0),(72,72,NULL,NULL,NULL,0),(73,73,2,NULL,NULL,0),(74,74,NULL,NULL,NULL,0),(75,75,2,NULL,NULL,1),(76,76,2,NULL,NULL,2),(77,77,NULL,NULL,NULL,0),(78,78,NULL,NULL,NULL,0),(79,79,2,NULL,NULL,0),(80,80,6,NULL,NULL,3),(81,81,6,NULL,NULL,0),(82,82,2,NULL,NULL,0),(83,83,2,NULL,NULL,0),(84,84,NULL,NULL,NULL,0),(85,85,7,NULL,NULL,1),(86,86,2,NULL,NULL,0),(87,87,7,NULL,NULL,0),(88,88,5,NULL,NULL,1),(89,89,6,NULL,NULL,2),(90,90,3,NULL,NULL,1),(91,91,3,NULL,NULL,1),(92,92,3,NULL,NULL,1),(93,93,2,NULL,NULL,1);
/*!40000 ALTER TABLE `recur_on_day` ENABLE KEYS */;
UNLOCK TABLES;

--
-- Table structure for table `recurrence_detail`
--

DROP TABLE IF EXISTS `recurrence_detail`;
/*!40101 SET @saved_cs_client     = @@character_set_client */;
/*!40101 SET character_set_client = utf8 */;
CREATE TABLE `recurrence_detail` (
  `details_id` int(11) NOT NULL AUTO_INCREMENT,
  `meeting_id` int(11) NOT NULL,
  `recurrence_id` smallint(6) DEFAULT NULL,
  `recur_after` smallint(6) NOT NULL,
  `version_no` int(11) DEFAULT NULL,
  PRIMARY KEY (`details_id`),
  KEY `recurrence_id` (`recurrence_id`),
  KEY `meeting_id` (`meeting_id`),
  CONSTRAINT `recurrence_detail_ibfk_1` FOREIGN KEY (`recurrence_id`) REFERENCES `recurrence_type` (`recurrence_id`) ON DELETE NO ACTION ON UPDATE NO ACTION,
  CONSTRAINT `recurrence_detail_ibfk_2` FOREIGN KEY (`meeting_id`) REFERENCES `meeting` (`meeting_id`) ON DELETE NO ACTION ON UPDATE NO ACTION
) ENGINE=InnoDB AUTO_INCREMENT=94 DEFAULT CHARSET=utf8;
/*!40101 SET character_set_client = @saved_cs_client */;

--
-- Dumping data for table `recurrence_detail`
--

LOCK TABLES `recurrence_detail` WRITE;
/*!40000 ALTER TABLE `recurrence_detail` DISABLE KEYS */;
INSERT INTO `recurrence_detail` VALUES (1,1,1,1,13),(2,2,1,1,0),(3,3,2,1,0),(4,4,3,1,0),(5,5,3,1,0),(6,6,2,3,0),(7,7,1,1,0),(8,8,1,1,0),(9,9,3,1,0),(10,10,3,1,0),(11,11,1,1,0),(12,12,3,1,0),(13,13,3,1,0),(14,14,3,1,0),(15,15,1,1,0),(16,16,1,1,0),(17,17,3,1,0),(18,18,3,1,0),(19,19,1,1,0),(20,20,1,1,0),(21,21,1,1,0),(22,22,3,1,0),(23,23,1,1,4),(24,24,3,1,0),(25,25,3,1,0),(26,26,1,1,0),(27,27,3,1,0),(28,28,3,1,0),(29,29,1,1,0),(30,30,1,1,3),(31,31,1,1,0),(32,32,3,1,0),(33,33,3,1,0),(34,34,1,1,9),(35,35,1,1,0),(36,36,1,2,0),(37,37,1,1,0),(38,38,3,1,0),(39,39,1,1,0),(40,40,1,1,1),(41,41,1,1,0),(42,42,2,1,0),(43,43,3,1,0),(44,44,2,1,0),(45,45,3,7,0),(46,46,1,1,0),(47,47,3,1,0),(48,48,3,1,0),(49,49,1,1,0),(50,50,1,1,0),(51,51,3,7,0),(52,52,1,1,2),(53,53,3,1,0),(54,54,1,1,0),(55,55,3,7,0),(56,56,1,3,1),(57,57,1,1,1),(58,58,1,1,1),(59,59,3,1,0),(60,60,1,1,0),(61,61,1,1,0),(62,62,3,1,0),(63,63,1,1,0),(64,64,3,1,0),(65,65,1,1,1),(66,66,3,1,0),(67,67,1,1,0),(68,68,1,1,0),(69,69,3,1,0),(70,70,1,1,2),(71,71,1,1,0),(72,72,3,1,0),(73,73,1,1,0),(74,74,3,1,0),(75,75,1,1,1),(76,76,1,1,2),(77,77,3,1,0),(78,78,3,1,0),(79,79,1,1,0),(80,80,1,1,3),(81,81,1,1,0),(82,82,1,1,0),(83,83,1,1,0),(84,84,3,1,0),(85,85,1,1,1),(86,86,1,1,0),(87,87,1,1,0),(88,88,1,1,1),(89,89,1,1,2),(90,90,1,1,1),(91,91,1,1,1),(92,92,1,1,1),(93,93,1,1,1);
/*!40000 ALTER TABLE `recurrence_detail` ENABLE KEYS */;
UNLOCK TABLES;

--
-- Table structure for table `recurrence_type`
--

DROP TABLE IF EXISTS `recurrence_type`;
/*!40101 SET @saved_cs_client     = @@character_set_client */;
/*!40101 SET character_set_client = utf8 */;
CREATE TABLE `recurrence_type` (
  `recurrence_id` smallint(6) NOT NULL AUTO_INCREMENT,
  `recurrence_name` varchar(50) DEFAULT NULL,
  `description` varchar(200) NOT NULL,
  PRIMARY KEY (`recurrence_id`)
) ENGINE=InnoDB AUTO_INCREMENT=4 DEFAULT CHARSET=utf8;
/*!40101 SET character_set_client = @saved_cs_client */;

--
-- Dumping data for table `recurrence_type`
--

LOCK TABLES `recurrence_type` WRITE;
/*!40000 ALTER TABLE `recurrence_type` DISABLE KEYS */;
INSERT INTO `recurrence_type` VALUES (1,'Week(s)','Weekly Recurrence'),(2,'Month(s)','Monthly Recurrence'),(3,'Day(s)','Daily Recurrence');
/*!40000 ALTER TABLE `recurrence_type` ENABLE KEYS */;
UNLOCK TABLES;

--
-- Table structure for table `repayment_rule`
--

DROP TABLE IF EXISTS `repayment_rule`;
/*!40101 SET @saved_cs_client     = @@character_set_client */;
/*!40101 SET character_set_client = utf8 */;
CREATE TABLE `repayment_rule` (
  `repayment_rule_id` smallint(6) NOT NULL AUTO_INCREMENT,
  `repayment_rule_lookup_id` int(11) DEFAULT NULL,
  PRIMARY KEY (`repayment_rule_id`),
  KEY `repayment_rule_lookup_id` (`repayment_rule_lookup_id`),
  CONSTRAINT `repayment_rule_ibfk_1` FOREIGN KEY (`repayment_rule_lookup_id`) REFERENCES `lookup_value` (`lookup_id`) ON DELETE NO ACTION ON UPDATE NO ACTION
) ENGINE=InnoDB AUTO_INCREMENT=5 DEFAULT CHARSET=utf8;
/*!40101 SET character_set_client = @saved_cs_client */;

--
-- Dumping data for table `repayment_rule`
--

LOCK TABLES `repayment_rule` WRITE;
/*!40000 ALTER TABLE `repayment_rule` DISABLE KEYS */;
INSERT INTO `repayment_rule` VALUES (1,576),(2,577),(3,578),(4,626);
/*!40000 ALTER TABLE `repayment_rule` ENABLE KEYS */;
UNLOCK TABLES;

--
-- Table structure for table `report`
--

DROP TABLE IF EXISTS `report`;
/*!40101 SET @saved_cs_client     = @@character_set_client */;
/*!40101 SET character_set_client = utf8 */;
CREATE TABLE `report` (
  `report_id` smallint(6) NOT NULL AUTO_INCREMENT,
  `report_category_id` smallint(6) DEFAULT NULL,
  `report_name` varchar(100) DEFAULT NULL,
  `report_identifier` varchar(100) DEFAULT NULL,
  `activity_id` smallint(6) DEFAULT NULL,
  `report_active` smallint(6) DEFAULT NULL,
  PRIMARY KEY (`report_id`),
  KEY `report_category_id` (`report_category_id`),
  KEY `activity_id` (`activity_id`),
  CONSTRAINT `report_ibfk_1` FOREIGN KEY (`report_category_id`) REFERENCES `report_category` (`report_category_id`) ON DELETE NO ACTION ON UPDATE NO ACTION,
  CONSTRAINT `report_ibfk_2` FOREIGN KEY (`activity_id`) REFERENCES `activity` (`activity_id`) ON DELETE NO ACTION ON UPDATE NO ACTION
) ENGINE=InnoDB AUTO_INCREMENT=6 DEFAULT CHARSET=utf8;
/*!40101 SET character_set_client = @saved_cs_client */;

--
-- Dumping data for table `report`
--

LOCK TABLES `report` WRITE;
/*!40000 ALTER TABLE `report` DISABLE KEYS */;
INSERT INTO `report` VALUES (1,1,'Collection Sheet Report','collection_sheet_report',229,1),(2,6,'Branch Cash Confirmation Report','branch_cash_confirmation_report',231,1),(3,6,'Branch Progress Report','branch_progress_report',232,1),(4,6,'Detailed Aging Of Portfolio At Risk Report','detailed_aging_of_portfolio_at_risk_report',236,1),(5,6,'General Ledger Report','general_ledger_report',237,1);
/*!40000 ALTER TABLE `report` ENABLE KEYS */;
UNLOCK TABLES;

--
-- Table structure for table `report_category`
--

DROP TABLE IF EXISTS `report_category`;
/*!40101 SET @saved_cs_client     = @@character_set_client */;
/*!40101 SET character_set_client = utf8 */;
CREATE TABLE `report_category` (
  `report_category_id` smallint(6) NOT NULL AUTO_INCREMENT,
  `report_category_value` varchar(100) DEFAULT NULL,
  `activity_id` smallint(6) DEFAULT NULL,
  PRIMARY KEY (`report_category_id`),
  KEY `activity_id` (`activity_id`),
  CONSTRAINT `report_category_ibfk_1` FOREIGN KEY (`activity_id`) REFERENCES `activity` (`activity_id`) ON DELETE NO ACTION ON UPDATE NO ACTION
) ENGINE=InnoDB AUTO_INCREMENT=8 DEFAULT CHARSET=utf8;
/*!40101 SET character_set_client = @saved_cs_client */;

--
-- Dumping data for table `report_category`
--

LOCK TABLES `report_category` WRITE;
/*!40000 ALTER TABLE `report_category` DISABLE KEYS */;
INSERT INTO `report_category` VALUES (1,'Client Detail',145),(2,'Performance',148),(3,'Center',146),(4,'Loan Product Detail',149),(5,'Status',147),(6,'Analysis',150),(7,'Miscellaneous',151);
/*!40000 ALTER TABLE `report_category` ENABLE KEYS */;
UNLOCK TABLES;

--
-- Table structure for table `report_datasource`
--

DROP TABLE IF EXISTS `report_datasource`;
/*!40101 SET @saved_cs_client     = @@character_set_client */;
/*!40101 SET character_set_client = utf8 */;
CREATE TABLE `report_datasource` (
  `datasource_id` int(11) NOT NULL AUTO_INCREMENT,
  `name` varchar(255) NOT NULL DEFAULT '',
  `driver` varchar(255) DEFAULT NULL,
  `url` varchar(255) NOT NULL DEFAULT '',
  `username` varchar(255) DEFAULT NULL,
  `password` varchar(255) DEFAULT NULL,
  `max_idle` int(11) DEFAULT NULL,
  `max_active` int(11) DEFAULT NULL,
  `max_wait` bigint(20) DEFAULT NULL,
  `validation_query` varchar(255) DEFAULT NULL,
  `jndi` tinyint(4) DEFAULT NULL,
  PRIMARY KEY (`datasource_id`),
  UNIQUE KEY `name` (`name`),
  UNIQUE KEY `name_2` (`name`)
) ENGINE=InnoDB DEFAULT CHARSET=utf8;
/*!40101 SET character_set_client = @saved_cs_client */;

--
-- Dumping data for table `report_datasource`
--

LOCK TABLES `report_datasource` WRITE;
/*!40000 ALTER TABLE `report_datasource` DISABLE KEYS */;
/*!40000 ALTER TABLE `report_datasource` ENABLE KEYS */;
UNLOCK TABLES;

--
-- Table structure for table `report_jasper_map`
--

DROP TABLE IF EXISTS `report_jasper_map`;
/*!40101 SET @saved_cs_client     = @@character_set_client */;
/*!40101 SET character_set_client = utf8 */;
CREATE TABLE `report_jasper_map` (
  `report_id` smallint(6) NOT NULL AUTO_INCREMENT,
  `report_category_id` smallint(6) DEFAULT NULL,
  `report_name` varchar(100) DEFAULT NULL,
  `report_identifier` varchar(100) DEFAULT NULL,
  `report_jasper` varchar(100) DEFAULT NULL,
  PRIMARY KEY (`report_id`),
  KEY `report_category_id` (`report_category_id`),
  CONSTRAINT `report_jasper_map_ibfk_1` FOREIGN KEY (`report_category_id`) REFERENCES `report_category` (`report_category_id`) ON DELETE NO ACTION ON UPDATE NO ACTION
) ENGINE=InnoDB AUTO_INCREMENT=6 DEFAULT CHARSET=utf8;
/*!40101 SET character_set_client = @saved_cs_client */;

--
-- Dumping data for table `report_jasper_map`
--

LOCK TABLES `report_jasper_map` WRITE;
/*!40000 ALTER TABLE `report_jasper_map` DISABLE KEYS */;
INSERT INTO `report_jasper_map` VALUES (1,1,'Collection Sheet Report','collection_sheet_report','CollectionSheetReport.rptdesign'),(2,6,'Branch Cash Confirmation Report','branch_cash_confirmation_report','BranchCashConfirmationReport.rptdesign'),(3,6,'Branch Progress Report','branch_progress_report','ProgressReport.rptdesign'),(4,6,'Detailed Aging Of Portfolio At Risk Report','detailed_aging_of_portfolio_at_risk_report','DetailedAgingPortfolioAtRiskReport.rptdesign'),(5,6,'General Ledger Report','general_ledger_report','GeneralLedgerReport.rptdesign');
/*!40000 ALTER TABLE `report_jasper_map` ENABLE KEYS */;
UNLOCK TABLES;

--
-- Table structure for table `report_parameter`
--

DROP TABLE IF EXISTS `report_parameter`;
/*!40101 SET @saved_cs_client     = @@character_set_client */;
/*!40101 SET character_set_client = utf8 */;
CREATE TABLE `report_parameter` (
  `parameter_id` int(11) NOT NULL AUTO_INCREMENT,
  `name` varchar(255) NOT NULL DEFAULT '',
  `type` varchar(255) NOT NULL DEFAULT '',
  `classname` varchar(255) NOT NULL DEFAULT '',
  `data` text,
  `datasource_id` int(11) DEFAULT NULL,
  `description` varchar(255) DEFAULT NULL,
  PRIMARY KEY (`parameter_id`),
  UNIQUE KEY `name` (`name`),
  UNIQUE KEY `name_2` (`name`),
  KEY `datasource_id` (`datasource_id`)
) ENGINE=InnoDB DEFAULT CHARSET=utf8;
/*!40101 SET character_set_client = @saved_cs_client */;

--
-- Dumping data for table `report_parameter`
--

LOCK TABLES `report_parameter` WRITE;
/*!40000 ALTER TABLE `report_parameter` DISABLE KEYS */;
/*!40000 ALTER TABLE `report_parameter` ENABLE KEYS */;
UNLOCK TABLES;

--
-- Table structure for table `report_parameter_map`
--

DROP TABLE IF EXISTS `report_parameter_map`;
/*!40101 SET @saved_cs_client     = @@character_set_client */;
/*!40101 SET character_set_client = utf8 */;
CREATE TABLE `report_parameter_map` (
  `report_id` int(11) NOT NULL DEFAULT '0',
  `parameter_id` int(11) DEFAULT NULL,
  `required` tinyint(4) DEFAULT NULL,
  `sort_order` int(11) DEFAULT NULL,
  `step` int(11) DEFAULT NULL,
  `map_id` int(11) NOT NULL AUTO_INCREMENT,
  PRIMARY KEY (`map_id`),
  KEY `report_id` (`report_id`),
  KEY `parameter_id` (`parameter_id`)
) ENGINE=InnoDB DEFAULT CHARSET=utf8;
/*!40101 SET character_set_client = @saved_cs_client */;

--
-- Dumping data for table `report_parameter_map`
--

LOCK TABLES `report_parameter_map` WRITE;
/*!40000 ALTER TABLE `report_parameter_map` DISABLE KEYS */;
/*!40000 ALTER TABLE `report_parameter_map` ENABLE KEYS */;
UNLOCK TABLES;

--
-- Table structure for table `role`
--

DROP TABLE IF EXISTS `role`;
/*!40101 SET @saved_cs_client     = @@character_set_client */;
/*!40101 SET character_set_client = utf8 */;
CREATE TABLE `role` (
  `role_id` smallint(6) NOT NULL,
  `role_name` varchar(50) NOT NULL,
  `version_no` int(11) NOT NULL,
  `created_by` smallint(6) DEFAULT NULL,
  `created_date` date DEFAULT NULL,
  `updated_by` smallint(6) DEFAULT NULL,
  `updated_date` date DEFAULT NULL,
  PRIMARY KEY (`role_id`),
  KEY `created_by` (`created_by`),
  KEY `updated_by` (`updated_by`),
  CONSTRAINT `role_ibfk_1` FOREIGN KEY (`created_by`) REFERENCES `personnel` (`personnel_id`) ON DELETE NO ACTION ON UPDATE NO ACTION,
  CONSTRAINT `role_ibfk_2` FOREIGN KEY (`updated_by`) REFERENCES `personnel` (`personnel_id`) ON DELETE NO ACTION ON UPDATE NO ACTION
) ENGINE=InnoDB DEFAULT CHARSET=utf8;
/*!40101 SET character_set_client = @saved_cs_client */;

--
-- Dumping data for table `role`
--

LOCK TABLES `role` WRITE;
/*!40000 ALTER TABLE `role` DISABLE KEYS */;
INSERT INTO `role` VALUES (1,'Admin',1,NULL,NULL,NULL,NULL);
/*!40000 ALTER TABLE `role` ENABLE KEYS */;
UNLOCK TABLES;

--
-- Table structure for table `roles_activity`
--

DROP TABLE IF EXISTS `roles_activity`;
/*!40101 SET @saved_cs_client     = @@character_set_client */;
/*!40101 SET character_set_client = utf8 */;
CREATE TABLE `roles_activity` (
  `activity_id` smallint(6) NOT NULL,
  `role_id` smallint(6) NOT NULL,
  PRIMARY KEY (`activity_id`,`role_id`),
  KEY `role_id` (`role_id`),
  CONSTRAINT `roles_activity_ibfk_1` FOREIGN KEY (`activity_id`) REFERENCES `activity` (`activity_id`) ON DELETE NO ACTION ON UPDATE NO ACTION,
  CONSTRAINT `roles_activity_ibfk_2` FOREIGN KEY (`role_id`) REFERENCES `role` (`role_id`) ON DELETE NO ACTION ON UPDATE NO ACTION
) ENGINE=InnoDB DEFAULT CHARSET=utf8;
/*!40101 SET character_set_client = @saved_cs_client */;

--
-- Dumping data for table `roles_activity`
--

LOCK TABLES `roles_activity` WRITE;
/*!40000 ALTER TABLE `roles_activity` DISABLE KEYS */;
INSERT INTO `roles_activity` VALUES (3,1),(4,1),(6,1),(7,1),(9,1),(10,1),(15,1),(16,1),(19,1),(20,1),(21,1),(23,1),(24,1),(25,1),(35,1),(36,1),(37,1),(38,1),(39,1),(40,1),(41,1),(42,1),(43,1),(44,1),(46,1),(47,1),(48,1),(49,1),(50,1),(51,1),(52,1),(53,1),(54,1),(55,1),(57,1),(58,1),(59,1),(60,1),(61,1),(62,1),(63,1),(64,1),(65,1),(66,1),(68,1),(69,1),(70,1),(71,1),(72,1),(73,1),(74,1),(75,1),(76,1),(77,1),(79,1),(80,1),(81,1),(82,1),(83,1),(85,1),(86,1),(87,1),(88,1),(91,1),(92,1),(94,1),(95,1),(97,1),(98,1),(101,1),(102,1),(103,1),(104,1),(105,1),(106,1),(108,1),(109,1),(110,1),(115,1),(116,1),(118,1),(119,1),(120,1),(121,1),(122,1),(126,1),(127,1),(128,1),(129,1),(131,1),(135,1),(136,1),(137,1),(138,1),(139,1),(140,1),(141,1),(145,1),(146,1),(147,1),(148,1),(149,1),(150,1),(151,1),(178,1),(179,1),(180,1),(181,1),(182,1),(183,1),(184,1),(185,1),(186,1),(187,1),(188,1),(189,1),(190,1),(191,1),(192,1),(193,1),(194,1),(195,1),(197,1),(198,1),(199,1),(200,1),(201,1),(202,1),(203,1),(204,1),(205,1),(206,1),(208,1),(209,1),(210,1),(211,1),(213,1),(214,1),(215,1),(216,1),(217,1),(218,1),(219,1),(220,1),(221,1),(222,1),(223,1),(224,1),(225,1),(226,1),(227,1),(228,1),(229,1),(230,1),(231,1),(232,1),(233,1),(234,1),(235,1),(236,1),(237,1),(238,1),(239,1),(240,1),(241,1),(242,1),(243,1),(244,1),(245,1);
/*!40000 ALTER TABLE `roles_activity` ENABLE KEYS */;
UNLOCK TABLES;

--
-- Table structure for table `saving_schedule`
--

DROP TABLE IF EXISTS `saving_schedule`;
/*!40101 SET @saved_cs_client     = @@character_set_client */;
/*!40101 SET character_set_client = utf8 */;
CREATE TABLE `saving_schedule` (
  `id` int(11) NOT NULL AUTO_INCREMENT,
  `account_id` int(11) NOT NULL,
  `customer_id` int(11) NOT NULL,
  `currency_id` smallint(6) DEFAULT NULL,
  `action_date` date DEFAULT NULL,
  `deposit` decimal(21,4) NOT NULL,
  `deposit_currency_id` smallint(6) DEFAULT NULL,
  `deposit_paid` decimal(21,4) DEFAULT NULL,
  `deposit_paid_currency_id` smallint(6) DEFAULT NULL,
  `payment_status` smallint(6) NOT NULL,
  `installment_id` smallint(6) NOT NULL,
  `payment_date` date DEFAULT NULL,
  `parent_flag` smallint(6) DEFAULT NULL,
  `version_no` int(11) NOT NULL,
  PRIMARY KEY (`id`),
  KEY `account_id` (`account_id`),
  KEY `currency_id` (`currency_id`),
  KEY `deposit_currency_id` (`deposit_currency_id`),
  KEY `deposit_paid_currency_id` (`deposit_paid_currency_id`),
  KEY `customer_id` (`customer_id`),
  CONSTRAINT `saving_schedule_ibfk_1` FOREIGN KEY (`account_id`) REFERENCES `account` (`account_id`) ON DELETE NO ACTION ON UPDATE NO ACTION,
  CONSTRAINT `saving_schedule_ibfk_2` FOREIGN KEY (`currency_id`) REFERENCES `currency` (`currency_id`) ON DELETE NO ACTION ON UPDATE NO ACTION,
  CONSTRAINT `saving_schedule_ibfk_3` FOREIGN KEY (`deposit_currency_id`) REFERENCES `currency` (`currency_id`) ON DELETE NO ACTION ON UPDATE NO ACTION,
  CONSTRAINT `saving_schedule_ibfk_4` FOREIGN KEY (`deposit_paid_currency_id`) REFERENCES `currency` (`currency_id`) ON DELETE NO ACTION ON UPDATE NO ACTION,
  CONSTRAINT `saving_schedule_ibfk_5` FOREIGN KEY (`customer_id`) REFERENCES `customer` (`customer_id`) ON DELETE NO ACTION ON UPDATE NO ACTION
) ENGINE=InnoDB AUTO_INCREMENT=491 DEFAULT CHARSET=utf8;
/*!40101 SET character_set_client = @saved_cs_client */;

--
-- Dumping data for table `saving_schedule`
--

LOCK TABLES `saving_schedule` WRITE;
/*!40000 ALTER TABLE `saving_schedule` DISABLE KEYS */;
INSERT INTO `saving_schedule` VALUES (1,6,4,NULL,'2010-07-08','20.0000',2,'0.0000',2,0,1,NULL,NULL,0),(2,6,4,NULL,'2010-07-15','20.0000',2,'0.0000',2,0,2,NULL,NULL,0),(3,6,4,NULL,'2010-07-22','20.0000',2,'0.0000',2,0,3,NULL,NULL,0),(4,6,4,NULL,'2010-07-29','20.0000',2,'0.0000',2,0,4,NULL,NULL,0),(5,6,4,NULL,'2010-08-05','20.0000',2,'0.0000',2,0,5,NULL,NULL,0),(6,6,4,NULL,'2010-08-12','20.0000',2,'0.0000',2,0,6,NULL,NULL,0),(7,6,4,NULL,'2010-08-19','20.0000',2,'0.0000',2,0,7,NULL,NULL,0),(8,6,4,NULL,'2010-08-26','20.0000',2,'0.0000',2,0,8,NULL,NULL,0),(9,6,4,NULL,'2010-09-02','20.0000',2,'0.0000',2,0,9,NULL,NULL,0),(10,6,4,NULL,'2010-09-09','20.0000',2,'0.0000',2,0,10,NULL,NULL,0),(11,7,3,NULL,'2010-07-08','60.0000',2,'0.0000',2,0,1,NULL,NULL,0),(12,7,3,NULL,'2010-07-15','60.0000',2,'0.0000',2,0,2,NULL,NULL,0),(13,7,3,NULL,'2010-07-22','0.0000',2,'0.0000',2,0,3,NULL,NULL,1),(14,7,3,NULL,'2010-07-29','0.0000',2,'0.0000',2,0,4,NULL,NULL,1),(15,7,3,NULL,'2010-08-05','0.0000',2,'0.0000',2,0,5,NULL,NULL,1),(16,7,3,NULL,'2010-08-12','0.0000',2,'0.0000',2,0,6,NULL,NULL,1),(17,7,3,NULL,'2010-08-19','0.0000',2,'0.0000',2,0,7,NULL,NULL,1),(18,7,3,NULL,'2010-08-26','0.0000',2,'0.0000',2,0,8,NULL,NULL,1),(19,7,3,NULL,'2010-09-02','0.0000',2,'0.0000',2,0,9,NULL,NULL,1),(20,7,3,NULL,'2010-09-09','0.0000',2,'0.0000',2,0,10,NULL,NULL,1),(21,11,6,NULL,'2010-07-08','20.0000',2,'0.0000',2,0,1,NULL,NULL,0),(22,11,6,NULL,'2010-07-15','20.0000',2,'0.0000',2,0,2,NULL,NULL,0),(23,11,6,NULL,'2010-07-22','20.0000',2,'0.0000',2,0,3,NULL,NULL,0),(24,11,6,NULL,'2010-07-29','20.0000',2,'0.0000',2,0,4,NULL,NULL,0),(25,11,6,NULL,'2010-08-05','20.0000',2,'0.0000',2,0,5,NULL,NULL,0),(26,11,6,NULL,'2010-08-12','20.0000',2,'0.0000',2,0,6,NULL,NULL,0),(27,11,6,NULL,'2010-08-19','20.0000',2,'0.0000',2,0,7,NULL,NULL,0),(28,11,6,NULL,'2010-08-26','20.0000',2,'0.0000',2,0,8,NULL,NULL,0),(29,11,6,NULL,'2010-09-02','20.0000',2,'0.0000',2,0,9,NULL,NULL,0),(30,11,6,NULL,'2010-09-09','20.0000',2,'0.0000',2,0,10,NULL,NULL,0),(31,13,7,NULL,'2010-07-08','60.0000',2,'0.0000',2,0,1,NULL,NULL,0),(32,13,7,NULL,'2010-07-15','60.0000',2,'0.0000',2,0,2,NULL,NULL,0),(33,13,7,NULL,'2010-07-22','60.0000',2,'0.0000',2,0,3,NULL,NULL,0),(34,13,7,NULL,'2010-07-29','60.0000',2,'0.0000',2,0,4,NULL,NULL,0),(35,13,7,NULL,'2010-08-05','60.0000',2,'0.0000',2,0,5,NULL,NULL,0),(36,13,7,NULL,'2010-08-12','60.0000',2,'0.0000',2,0,6,NULL,NULL,0),(37,13,7,NULL,'2010-08-19','60.0000',2,'0.0000',2,0,7,NULL,NULL,0),(38,13,7,NULL,'2010-08-26','60.0000',2,'0.0000',2,0,8,NULL,NULL,0),(39,13,7,NULL,'2010-09-02','60.0000',2,'0.0000',2,0,9,NULL,NULL,0),(40,13,7,NULL,'2010-09-09','60.0000',2,'0.0000',2,0,10,NULL,NULL,0),(41,14,7,NULL,'2010-07-08','20.0000',2,'0.0000',2,0,1,NULL,NULL,0),(42,14,7,NULL,'2010-07-15','20.0000',2,'0.0000',2,0,2,NULL,NULL,0),(43,14,7,NULL,'2010-07-22','20.0000',2,'0.0000',2,0,3,NULL,NULL,0),(44,14,7,NULL,'2010-07-29','20.0000',2,'0.0000',2,0,4,NULL,NULL,0),(45,14,7,NULL,'2010-08-05','20.0000',2,'0.0000',2,0,5,NULL,NULL,0),(46,14,7,NULL,'2010-08-12','20.0000',2,'0.0000',2,0,6,NULL,NULL,0),(47,14,7,NULL,'2010-08-19','20.0000',2,'0.0000',2,0,7,NULL,NULL,0),(48,14,7,NULL,'2010-08-26','20.0000',2,'0.0000',2,0,8,NULL,NULL,0),(49,14,7,NULL,'2010-09-02','20.0000',2,'0.0000',2,0,9,NULL,NULL,0),(50,14,7,NULL,'2010-09-09','20.0000',2,'0.0000',2,0,10,NULL,NULL,0),(51,17,3,NULL,'2010-07-08','100.0000',2,'0.0000',2,0,1,NULL,NULL,0),(52,17,3,NULL,'2010-07-15','100.0000',2,'0.0000',2,0,2,NULL,NULL,0),(53,17,3,NULL,'2010-07-22','100.0000',2,'0.0000',2,0,3,NULL,NULL,0),(54,17,3,NULL,'2010-07-29','100.0000',2,'0.0000',2,0,4,NULL,NULL,0),(55,17,3,NULL,'2010-08-05','100.0000',2,'0.0000',2,0,5,NULL,NULL,0),(56,17,3,NULL,'2010-08-12','100.0000',2,'0.0000',2,0,6,NULL,NULL,0),(57,17,3,NULL,'2010-08-19','100.0000',2,'0.0000',2,0,7,NULL,NULL,0),(58,17,3,NULL,'2010-08-26','100.0000',2,'0.0000',2,0,8,NULL,NULL,0),(59,17,3,NULL,'2010-09-02','100.0000',2,'0.0000',2,0,9,NULL,NULL,0),(60,17,3,NULL,'2010-09-09','100.0000',2,'0.0000',2,0,10,NULL,NULL,0),(61,20,9,NULL,'2010-07-08','0.0000',2,'0.0000',2,0,1,NULL,NULL,5),(62,20,9,NULL,'2010-07-15','0.0000',2,'0.0000',2,0,2,NULL,NULL,5),(63,20,9,NULL,'2010-07-22','0.0000',2,'0.0000',2,0,3,NULL,NULL,5),(64,20,9,NULL,'2010-07-29','0.0000',2,'0.0000',2,0,4,NULL,NULL,5),(65,20,9,NULL,'2010-08-05','0.0000',2,'0.0000',2,0,5,NULL,NULL,5),(66,20,9,NULL,'2010-08-12','0.0000',2,'0.0000',2,0,6,NULL,NULL,5),(67,20,9,NULL,'2010-08-19','0.0000',2,'0.0000',2,0,7,NULL,NULL,5),(68,20,9,NULL,'2010-08-26','0.0000',2,'0.0000',2,0,8,NULL,NULL,5),(69,20,9,NULL,'2010-09-02','0.0000',2,'0.0000',2,0,9,NULL,NULL,5),(70,20,9,NULL,'2010-09-09','0.0000',2,'0.0000',2,0,10,NULL,NULL,5),(71,24,10,NULL,'2010-07-24','0.0000',2,'0.0000',2,0,1,NULL,NULL,1),(72,24,10,NULL,'2010-07-31','0.0000',2,'0.0000',2,0,2,NULL,NULL,1),(73,24,10,NULL,'2010-08-07','0.0000',2,'0.0000',2,0,3,NULL,NULL,1),(74,24,10,NULL,'2010-08-14','0.0000',2,'0.0000',2,0,4,NULL,NULL,1),(75,24,10,NULL,'2010-08-21','0.0000',2,'0.0000',2,0,5,NULL,NULL,1),(76,24,10,NULL,'2010-08-28','0.0000',2,'0.0000',2,0,6,NULL,NULL,1),(77,24,10,NULL,'2010-09-04','0.0000',2,'0.0000',2,0,7,NULL,NULL,1),(78,24,10,NULL,'2010-09-11','0.0000',2,'0.0000',2,0,8,NULL,NULL,1),(79,24,10,NULL,'2010-09-18','0.0000',2,'0.0000',2,0,9,NULL,NULL,1),(80,24,10,NULL,'2010-09-25','0.0000',2,'0.0000',2,0,10,NULL,NULL,1),(81,30,13,NULL,'2010-07-27','20.0000',2,'0.0000',2,0,1,NULL,NULL,0),(82,30,13,NULL,'2010-08-03','20.0000',2,'0.0000',2,0,2,NULL,NULL,0),(83,30,13,NULL,'2010-08-10','20.0000',2,'0.0000',2,0,3,NULL,NULL,0),(84,30,13,NULL,'2010-08-17','20.0000',2,'0.0000',2,0,4,NULL,NULL,0),(85,30,13,NULL,'2010-08-24','20.0000',2,'0.0000',2,0,5,NULL,NULL,0),(86,30,13,NULL,'2010-08-31','20.0000',2,'0.0000',2,0,6,NULL,NULL,0),(87,30,13,NULL,'2010-09-07','20.0000',2,'0.0000',2,0,7,NULL,NULL,0),(88,30,13,NULL,'2010-09-14','20.0000',2,'0.0000',2,0,8,NULL,NULL,0),(89,30,13,NULL,'2010-09-21','20.0000',2,'0.0000',2,0,9,NULL,NULL,0),(90,30,13,NULL,'2010-09-28','20.0000',2,'0.0000',2,0,10,NULL,NULL,0),(91,34,16,NULL,'2010-07-22','60.0000',2,'0.0000',2,0,1,NULL,NULL,0),(92,34,16,NULL,'2010-07-29','60.0000',2,'0.0000',2,0,2,NULL,NULL,0),(93,34,16,NULL,'2010-08-05','60.0000',2,'0.0000',2,0,3,NULL,NULL,0),(94,34,16,NULL,'2010-08-12','60.0000',2,'0.0000',2,0,4,NULL,NULL,0),(95,34,16,NULL,'2010-08-19','60.0000',2,'0.0000',2,0,5,NULL,NULL,0),(96,34,16,NULL,'2010-08-26','60.0000',2,'0.0000',2,0,6,NULL,NULL,0),(97,34,16,NULL,'2010-09-02','60.0000',2,'0.0000',2,0,7,NULL,NULL,0),(98,34,16,NULL,'2010-09-09','60.0000',2,'0.0000',2,0,8,NULL,NULL,0),(99,34,16,NULL,'2010-09-16','60.0000',2,'0.0000',2,0,9,NULL,NULL,0),(100,34,16,NULL,'2010-09-23','60.0000',2,'0.0000',2,0,10,NULL,NULL,0),(101,36,17,NULL,'2010-07-22','20.0000',2,'0.0000',2,0,1,NULL,NULL,0),(102,36,17,NULL,'2010-07-29','20.0000',2,'0.0000',2,0,2,NULL,NULL,0),(103,36,17,NULL,'2010-08-05','20.0000',2,'0.0000',2,0,3,NULL,NULL,0),(104,36,17,NULL,'2010-08-12','20.0000',2,'0.0000',2,0,4,NULL,NULL,0),(105,36,17,NULL,'2010-08-19','20.0000',2,'0.0000',2,0,5,NULL,NULL,0),(106,36,17,NULL,'2010-08-26','20.0000',2,'0.0000',2,0,6,NULL,NULL,0),(107,36,17,NULL,'2010-09-02','20.0000',2,'0.0000',2,0,7,NULL,NULL,0),(108,36,17,NULL,'2010-09-09','20.0000',2,'0.0000',2,0,8,NULL,NULL,0),(109,36,17,NULL,'2010-09-16','20.0000',2,'0.0000',2,0,9,NULL,NULL,0),(110,36,17,NULL,'2010-09-23','20.0000',2,'0.0000',2,0,10,NULL,NULL,0),(111,46,24,NULL,'2010-07-22','20.0000',2,'0.0000',2,0,1,NULL,NULL,0),(112,46,24,NULL,'2010-07-27','0.0000',2,'0.0000',2,0,2,NULL,NULL,2),(113,46,24,NULL,'2010-08-03','0.0000',2,'0.0000',2,0,3,NULL,NULL,2),(114,46,24,NULL,'2010-08-10','0.0000',2,'0.0000',2,0,4,NULL,NULL,2),(115,46,24,NULL,'2010-08-17','0.0000',2,'0.0000',2,0,5,NULL,NULL,2),(116,46,24,NULL,'2010-08-24','0.0000',2,'0.0000',2,0,6,NULL,NULL,2),(117,46,24,NULL,'2010-08-31','0.0000',2,'0.0000',2,0,7,NULL,NULL,2),(118,46,24,NULL,'2010-09-07','0.0000',2,'0.0000',2,0,8,NULL,NULL,2),(119,46,24,NULL,'2010-09-14','0.0000',2,'0.0000',2,0,9,NULL,NULL,2),(120,46,24,NULL,'2010-09-21','0.0000',2,'0.0000',2,0,10,NULL,NULL,2),(121,47,18,NULL,'2010-07-29','20.0000',2,'0.0000',2,0,1,NULL,NULL,0),(122,47,18,NULL,'2010-08-05','20.0000',2,'0.0000',2,0,2,NULL,NULL,0),(123,47,18,NULL,'2010-08-12','20.0000',2,'0.0000',2,0,3,NULL,NULL,0),(124,47,18,NULL,'2010-08-19','20.0000',2,'0.0000',2,0,4,NULL,NULL,0),(125,47,18,NULL,'2010-08-26','20.0000',2,'0.0000',2,0,5,NULL,NULL,0),(126,47,18,NULL,'2010-09-02','20.0000',2,'0.0000',2,0,6,NULL,NULL,0),(127,47,18,NULL,'2010-09-09','20.0000',2,'0.0000',2,0,7,NULL,NULL,0),(128,47,18,NULL,'2010-09-16','20.0000',2,'0.0000',2,0,8,NULL,NULL,0),(129,47,18,NULL,'2010-09-23','20.0000',2,'0.0000',2,0,9,NULL,NULL,0),(130,47,18,NULL,'2010-09-30','20.0000',2,'0.0000',2,0,10,NULL,NULL,0),(131,52,28,NULL,'2010-07-29','20.0000',2,'0.0000',2,0,1,NULL,NULL,0),(132,52,28,NULL,'2010-08-05','20.0000',2,'0.0000',2,0,2,NULL,NULL,0),(133,52,28,NULL,'2010-08-12','20.0000',2,'0.0000',2,0,3,NULL,NULL,0),(134,52,28,NULL,'2010-08-19','20.0000',2,'0.0000',2,0,4,NULL,NULL,0),(135,52,28,NULL,'2010-08-26','20.0000',2,'0.0000',2,0,5,NULL,NULL,0),(136,52,28,NULL,'2010-09-02','20.0000',2,'0.0000',2,0,6,NULL,NULL,0),(137,52,28,NULL,'2010-09-09','20.0000',2,'0.0000',2,0,7,NULL,NULL,0),(138,52,28,NULL,'2010-09-16','20.0000',2,'0.0000',2,0,8,NULL,NULL,0),(139,52,28,NULL,'2010-09-23','20.0000',2,'0.0000',2,0,9,NULL,NULL,0),(140,52,28,NULL,'2010-09-30','20.0000',2,'0.0000',2,0,10,NULL,NULL,0),(141,56,29,NULL,'2010-07-28','120.0000',2,'0.0000',2,0,1,NULL,NULL,0),(142,56,29,NULL,'2010-08-04','120.0000',2,'0.0000',2,0,2,NULL,NULL,0),(143,56,29,NULL,'2010-08-11','120.0000',2,'0.0000',2,0,3,NULL,NULL,0),(144,56,29,NULL,'2010-08-18','120.0000',2,'0.0000',2,0,4,NULL,NULL,0),(145,56,29,NULL,'2010-08-25','120.0000',2,'0.0000',2,0,5,NULL,NULL,0),(146,56,29,NULL,'2010-09-01','120.0000',2,'0.0000',2,0,6,NULL,NULL,0),(147,56,29,NULL,'2010-09-08','120.0000',2,'0.0000',2,0,7,NULL,NULL,0),(148,56,29,NULL,'2010-09-15','120.0000',2,'0.0000',2,0,8,NULL,NULL,0),(149,56,29,NULL,'2010-09-22','120.0000',2,'0.0000',2,0,9,NULL,NULL,0),(150,56,29,NULL,'2010-09-29','120.0000',2,'0.0000',2,0,10,NULL,NULL,0),(151,58,30,NULL,'2010-07-28','20.0000',2,'0.0000',2,0,1,NULL,NULL,0),(152,58,30,NULL,'2010-08-04','20.0000',2,'0.0000',2,0,2,NULL,NULL,0),(153,58,30,NULL,'2010-08-11','20.0000',2,'0.0000',2,0,3,NULL,NULL,0),(154,58,30,NULL,'2010-08-18','20.0000',2,'0.0000',2,0,4,NULL,NULL,0),(155,58,30,NULL,'2010-08-25','20.0000',2,'0.0000',2,0,5,NULL,NULL,0),(156,58,30,NULL,'2010-09-01','20.0000',2,'0.0000',2,0,6,NULL,NULL,0),(157,58,30,NULL,'2010-09-08','20.0000',2,'0.0000',2,0,7,NULL,NULL,0),(158,58,30,NULL,'2010-09-15','20.0000',2,'0.0000',2,0,8,NULL,NULL,0),(159,58,30,NULL,'2010-09-22','20.0000',2,'0.0000',2,0,9,NULL,NULL,0),(160,58,30,NULL,'2010-09-29','20.0000',2,'0.0000',2,0,10,NULL,NULL,0),(161,64,33,NULL,'2010-07-28','120.0000',2,'0.0000',2,0,1,NULL,NULL,0),(162,64,33,NULL,'2010-08-04','120.0000',2,'0.0000',2,0,2,NULL,NULL,0),(163,64,33,NULL,'2010-08-11','120.0000',2,'0.0000',2,0,3,NULL,NULL,0),(164,64,33,NULL,'2010-08-18','120.0000',2,'0.0000',2,0,4,NULL,NULL,0),(165,64,33,NULL,'2010-08-25','120.0000',2,'0.0000',2,0,5,NULL,NULL,0),(166,64,33,NULL,'2010-09-01','120.0000',2,'0.0000',2,0,6,NULL,NULL,0),(167,64,33,NULL,'2010-09-08','120.0000',2,'0.0000',2,0,7,NULL,NULL,0),(168,64,33,NULL,'2010-09-15','120.0000',2,'0.0000',2,0,8,NULL,NULL,0),(169,64,33,NULL,'2010-09-22','120.0000',2,'0.0000',2,0,9,NULL,NULL,0),(170,64,33,NULL,'2010-09-29','120.0000',2,'0.0000',2,0,10,NULL,NULL,0),(171,67,34,NULL,'2010-07-28','90.0000',2,'90.0000',2,1,1,'2010-07-28',NULL,1),(172,67,34,NULL,'2010-08-04','90.0000',2,'0.0000',2,0,2,NULL,NULL,0),(173,67,34,NULL,'2010-08-11','90.0000',2,'0.0000',2,0,3,NULL,NULL,0),(174,67,34,NULL,'2010-08-18','90.0000',2,'0.0000',2,0,4,NULL,NULL,0),(175,67,34,NULL,'2010-08-25','90.0000',2,'0.0000',2,0,5,NULL,NULL,0),(176,67,34,NULL,'2010-09-01','90.0000',2,'0.0000',2,0,6,NULL,NULL,0),(177,67,34,NULL,'2010-09-08','90.0000',2,'0.0000',2,0,7,NULL,NULL,0),(178,67,34,NULL,'2010-09-15','90.0000',2,'0.0000',2,0,8,NULL,NULL,0),(179,67,34,NULL,'2010-09-22','90.0000',2,'0.0000',2,0,9,NULL,NULL,0),(180,67,34,NULL,'2010-09-29','90.0000',2,'0.0000',2,0,10,NULL,NULL,0),(181,76,42,NULL,'2010-08-02','120.0000',2,'0.0000',2,0,1,NULL,NULL,0),(182,76,42,NULL,'2010-08-09','120.0000',2,'0.0000',2,0,2,NULL,NULL,0),(183,76,42,NULL,'2010-08-16','120.0000',2,'0.0000',2,0,3,NULL,NULL,0),(184,76,42,NULL,'2010-08-23','120.0000',2,'0.0000',2,0,4,NULL,NULL,0),(185,76,42,NULL,'2010-08-30','120.0000',2,'0.0000',2,0,5,NULL,NULL,0),(186,76,42,NULL,'2010-09-06','120.0000',2,'0.0000',2,0,6,NULL,NULL,0),(187,76,42,NULL,'2010-09-13','120.0000',2,'0.0000',2,0,7,NULL,NULL,0),(188,76,42,NULL,'2010-09-20','120.0000',2,'0.0000',2,0,8,NULL,NULL,0),(189,76,42,NULL,'2010-09-27','120.0000',2,'0.0000',2,0,9,NULL,NULL,0),(190,76,42,NULL,'2010-10-04','120.0000',2,'0.0000',2,0,10,NULL,NULL,0),(191,80,44,NULL,'2010-08-04','60.0000',2,'0.0000',2,0,1,NULL,NULL,0),(192,80,44,NULL,'2010-08-11','60.0000',2,'0.0000',2,0,2,NULL,NULL,0),(193,80,44,NULL,'2010-08-18','60.0000',2,'0.0000',2,0,3,NULL,NULL,0),(194,80,44,NULL,'2010-08-25','60.0000',2,'0.0000',2,0,4,NULL,NULL,0),(195,80,44,NULL,'2010-09-01','60.0000',2,'0.0000',2,0,5,NULL,NULL,0),(196,80,44,NULL,'2010-09-08','60.0000',2,'0.0000',2,0,6,NULL,NULL,0),(197,80,44,NULL,'2010-09-15','60.0000',2,'0.0000',2,0,7,NULL,NULL,0),(198,80,44,NULL,'2010-09-22','60.0000',2,'0.0000',2,0,8,NULL,NULL,0),(199,80,44,NULL,'2010-09-29','60.0000',2,'0.0000',2,0,9,NULL,NULL,0),(200,80,44,NULL,'2010-10-06','60.0000',2,'0.0000',2,0,10,NULL,NULL,0),(201,82,45,NULL,'2010-08-04','20.0000',2,'0.0000',2,0,1,NULL,NULL,0),(202,82,45,NULL,'2010-08-11','20.0000',2,'0.0000',2,0,2,NULL,NULL,0),(203,82,45,NULL,'2010-08-18','20.0000',2,'0.0000',2,0,3,NULL,NULL,0),(204,82,45,NULL,'2010-08-25','20.0000',2,'0.0000',2,0,4,NULL,NULL,0),(205,82,45,NULL,'2010-09-01','20.0000',2,'0.0000',2,0,5,NULL,NULL,0),(206,82,45,NULL,'2010-09-08','20.0000',2,'0.0000',2,0,6,NULL,NULL,0),(207,82,45,NULL,'2010-09-15','20.0000',2,'0.0000',2,0,7,NULL,NULL,0),(208,82,45,NULL,'2010-09-22','20.0000',2,'0.0000',2,0,8,NULL,NULL,0),(209,82,45,NULL,'2010-09-29','20.0000',2,'0.0000',2,0,9,NULL,NULL,0),(210,82,45,NULL,'2010-10-06','20.0000',2,'0.0000',2,0,10,NULL,NULL,0),(211,84,46,NULL,'2010-08-04','120.0000',2,'0.0000',2,0,1,NULL,NULL,1),(212,84,46,NULL,'2010-08-11','120.0000',2,'0.0000',2,0,2,NULL,NULL,1),(213,84,46,NULL,'2010-08-18','120.0000',2,'0.0000',2,0,3,NULL,NULL,1),(214,84,46,NULL,'2010-08-25','120.0000',2,'0.0000',2,0,4,NULL,NULL,1),(215,84,46,NULL,'2010-09-01','120.0000',2,'0.0000',2,0,5,NULL,NULL,1),(216,84,46,NULL,'2010-09-08','120.0000',2,'0.0000',2,0,6,NULL,NULL,1),(217,84,46,NULL,'2010-09-15','120.0000',2,'0.0000',2,0,7,NULL,NULL,1),(218,84,46,NULL,'2010-09-22','120.0000',2,'0.0000',2,0,8,NULL,NULL,1),(219,84,46,NULL,'2010-09-29','120.0000',2,'0.0000',2,0,9,NULL,NULL,1),(220,84,46,NULL,'2010-10-06','120.0000',2,'0.0000',2,0,10,NULL,NULL,1),(221,88,48,NULL,'2010-08-02','120.0000',2,'0.0000',2,0,1,NULL,NULL,0),(222,88,48,NULL,'2010-08-09','120.0000',2,'0.0000',2,0,2,NULL,NULL,0),(223,88,48,NULL,'2010-08-16','120.0000',2,'0.0000',2,0,3,NULL,NULL,0),(224,88,48,NULL,'2010-08-23','120.0000',2,'0.0000',2,0,4,NULL,NULL,0),(225,88,48,NULL,'2010-08-30','120.0000',2,'0.0000',2,0,5,NULL,NULL,0),(226,88,48,NULL,'2010-09-06','120.0000',2,'0.0000',2,0,6,NULL,NULL,0),(227,88,48,NULL,'2010-09-13','120.0000',2,'0.0000',2,0,7,NULL,NULL,0),(228,88,48,NULL,'2010-09-20','120.0000',2,'0.0000',2,0,8,NULL,NULL,0),(229,88,48,NULL,'2010-09-27','120.0000',2,'0.0000',2,0,9,NULL,NULL,0),(230,88,48,NULL,'2010-10-04','120.0000',2,'0.0000',2,0,10,NULL,NULL,0),(231,93,51,NULL,'2010-08-02','20.0000',2,'0.0000',2,0,1,NULL,NULL,0),(232,93,51,NULL,'2010-08-12','20.0000',2,'0.0000',2,0,2,NULL,NULL,1),(233,93,51,NULL,'2010-08-19','20.0000',2,'0.0000',2,0,3,NULL,NULL,1),(234,93,51,NULL,'2010-08-26','20.0000',2,'0.0000',2,0,4,NULL,NULL,1),(235,93,51,NULL,'2010-09-02','20.0000',2,'0.0000',2,0,5,NULL,NULL,1),(236,93,51,NULL,'2010-09-09','20.0000',2,'0.0000',2,0,6,NULL,NULL,1),(237,93,51,NULL,'2010-09-16','20.0000',2,'0.0000',2,0,7,NULL,NULL,1),(238,93,51,NULL,'2010-09-23','20.0000',2,'0.0000',2,0,8,NULL,NULL,1),(239,93,51,NULL,'2010-09-30','20.0000',2,'0.0000',2,0,9,NULL,NULL,1),(240,93,51,NULL,'2010-10-07','20.0000',2,'0.0000',2,0,10,NULL,NULL,1),(241,95,52,NULL,'2010-08-02','120.0000',2,'0.0000',2,0,1,NULL,NULL,0),(242,95,52,NULL,'2010-08-12','120.0000',2,'0.0000',2,0,2,NULL,NULL,1),(243,95,52,NULL,'2010-08-19','120.0000',2,'0.0000',2,0,3,NULL,NULL,1),(244,95,52,NULL,'2010-08-26','120.0000',2,'0.0000',2,0,4,NULL,NULL,1),(245,95,52,NULL,'2010-09-02','120.0000',2,'0.0000',2,0,5,NULL,NULL,1),(246,95,52,NULL,'2010-09-09','120.0000',2,'0.0000',2,0,6,NULL,NULL,1),(247,95,52,NULL,'2010-09-16','120.0000',2,'0.0000',2,0,7,NULL,NULL,1),(248,95,52,NULL,'2010-09-23','120.0000',2,'0.0000',2,0,8,NULL,NULL,1),(249,95,52,NULL,'2010-09-30','120.0000',2,'0.0000',2,0,9,NULL,NULL,1),(250,95,52,NULL,'2010-10-07','120.0000',2,'0.0000',2,0,10,NULL,NULL,1),(251,100,56,NULL,'2010-08-09','120.0000',2,'0.0000',2,0,1,NULL,NULL,0),(252,100,56,NULL,'2010-08-19','120.0000',2,'0.0000',2,0,2,NULL,NULL,1),(253,100,56,NULL,'2010-08-26','120.0000',2,'0.0000',2,0,3,NULL,NULL,1),(254,100,56,NULL,'2010-09-02','120.0000',2,'0.0000',2,0,4,NULL,NULL,1),(255,100,56,NULL,'2010-09-09','120.0000',2,'0.0000',2,0,5,NULL,NULL,1),(256,100,56,NULL,'2010-09-16','120.0000',2,'0.0000',2,0,6,NULL,NULL,1),(257,100,56,NULL,'2010-09-23','120.0000',2,'0.0000',2,0,7,NULL,NULL,1),(258,100,56,NULL,'2010-09-30','120.0000',2,'0.0000',2,0,8,NULL,NULL,1),(259,100,56,NULL,'2010-10-07','120.0000',2,'0.0000',2,0,9,NULL,NULL,1),(260,100,56,NULL,'2010-10-14','120.0000',2,'0.0000',2,0,10,NULL,NULL,1),(261,102,57,NULL,'2010-08-09','120.0000',2,'0.0000',2,0,1,NULL,NULL,0),(262,102,57,NULL,'2010-08-17','120.0000',2,'0.0000',2,0,2,NULL,NULL,1),(263,102,57,NULL,'2010-08-24','120.0000',2,'0.0000',2,0,3,NULL,NULL,1),(264,102,57,NULL,'2010-08-31','120.0000',2,'0.0000',2,0,4,NULL,NULL,1),(265,102,57,NULL,'2010-09-07','120.0000',2,'0.0000',2,0,5,NULL,NULL,1),(266,102,57,NULL,'2010-09-14','120.0000',2,'0.0000',2,0,6,NULL,NULL,1),(267,102,57,NULL,'2010-09-21','120.0000',2,'0.0000',2,0,7,NULL,NULL,1),(268,102,57,NULL,'2010-09-28','120.0000',2,'0.0000',2,0,8,NULL,NULL,1),(269,102,57,NULL,'2010-10-05','120.0000',2,'0.0000',2,0,9,NULL,NULL,1),(270,102,57,NULL,'2010-10-12','120.0000',2,'0.0000',2,0,10,NULL,NULL,1),(271,109,63,NULL,'2010-08-27','20.0000',2,'20.0000',2,1,1,'2010-08-27',NULL,1),(272,109,63,NULL,'2010-09-03','20.0000',2,'0.0000',2,0,2,NULL,NULL,0),(273,109,63,NULL,'2010-09-10','20.0000',2,'0.0000',2,0,3,NULL,NULL,0),(274,109,63,NULL,'2010-09-17','20.0000',2,'0.0000',2,0,4,NULL,NULL,0),(275,109,63,NULL,'2010-09-24','20.0000',2,'0.0000',2,0,5,NULL,NULL,0),(276,109,63,NULL,'2010-10-01','20.0000',2,'0.0000',2,0,6,NULL,NULL,0),(277,109,63,NULL,'2010-10-08','20.0000',2,'0.0000',2,0,7,NULL,NULL,0),(278,109,63,NULL,'2010-10-15','20.0000',2,'0.0000',2,0,8,NULL,NULL,0),(279,109,63,NULL,'2010-10-22','20.0000',2,'0.0000',2,0,9,NULL,NULL,0),(280,109,63,NULL,'2010-10-29','20.0000',2,'0.0000',2,0,10,NULL,NULL,0),(281,6,4,NULL,'2010-09-16','20.0000',2,'0.0000',2,0,11,NULL,NULL,0),(282,6,4,NULL,'2010-09-23','20.0000',2,'0.0000',2,0,12,NULL,NULL,0),(283,6,4,NULL,'2010-09-30','20.0000',2,'0.0000',2,0,13,NULL,NULL,0),(284,6,4,NULL,'2010-10-07','20.0000',2,'0.0000',2,0,14,NULL,NULL,0),(285,6,4,NULL,'2010-10-14','20.0000',2,'0.0000',2,0,15,NULL,NULL,0),(286,6,4,NULL,'2010-10-21','20.0000',2,'0.0000',2,0,16,NULL,NULL,0),(287,6,4,NULL,'2010-10-28','20.0000',2,'0.0000',2,0,17,NULL,NULL,0),(288,6,4,NULL,'2010-11-04','20.0000',2,'0.0000',2,0,18,NULL,NULL,0),(289,6,4,NULL,'2010-11-11','20.0000',2,'0.0000',2,0,19,NULL,NULL,0),(290,6,4,NULL,'2010-11-18','20.0000',2,'0.0000',2,0,20,NULL,NULL,0),(291,11,6,NULL,'2010-09-16','20.0000',2,'0.0000',2,0,11,NULL,NULL,0),(292,11,6,NULL,'2010-09-23','20.0000',2,'0.0000',2,0,12,NULL,NULL,0),(293,11,6,NULL,'2010-09-30','20.0000',2,'0.0000',2,0,13,NULL,NULL,0),(294,11,6,NULL,'2010-10-07','20.0000',2,'0.0000',2,0,14,NULL,NULL,0),(295,11,6,NULL,'2010-10-14','20.0000',2,'0.0000',2,0,15,NULL,NULL,0),(296,11,6,NULL,'2010-10-21','20.0000',2,'0.0000',2,0,16,NULL,NULL,0),(297,11,6,NULL,'2010-10-28','20.0000',2,'0.0000',2,0,17,NULL,NULL,0),(298,11,6,NULL,'2010-11-04','20.0000',2,'0.0000',2,0,18,NULL,NULL,0),(299,11,6,NULL,'2010-11-11','20.0000',2,'0.0000',2,0,19,NULL,NULL,0),(300,11,6,NULL,'2010-11-18','20.0000',2,'0.0000',2,0,20,NULL,NULL,0),(301,13,7,NULL,'2010-09-16','60.0000',2,'0.0000',2,0,11,NULL,NULL,0),(302,13,7,NULL,'2010-09-23','60.0000',2,'0.0000',2,0,12,NULL,NULL,0),(303,13,7,NULL,'2010-09-30','60.0000',2,'0.0000',2,0,13,NULL,NULL,0),(304,13,7,NULL,'2010-10-07','60.0000',2,'0.0000',2,0,14,NULL,NULL,0),(305,13,7,NULL,'2010-10-14','60.0000',2,'0.0000',2,0,15,NULL,NULL,0),(306,13,7,NULL,'2010-10-21','60.0000',2,'0.0000',2,0,16,NULL,NULL,0),(307,13,7,NULL,'2010-10-28','60.0000',2,'0.0000',2,0,17,NULL,NULL,0),(308,13,7,NULL,'2010-11-04','60.0000',2,'0.0000',2,0,18,NULL,NULL,0),(309,13,7,NULL,'2010-11-11','60.0000',2,'0.0000',2,0,19,NULL,NULL,0),(310,13,7,NULL,'2010-11-18','60.0000',2,'0.0000',2,0,20,NULL,NULL,0),(311,14,7,NULL,'2010-09-16','20.0000',2,'0.0000',2,0,11,NULL,NULL,0),(312,14,7,NULL,'2010-09-23','20.0000',2,'0.0000',2,0,12,NULL,NULL,0),(313,14,7,NULL,'2010-09-30','20.0000',2,'0.0000',2,0,13,NULL,NULL,0),(314,14,7,NULL,'2010-10-07','20.0000',2,'0.0000',2,0,14,NULL,NULL,0),(315,14,7,NULL,'2010-10-14','20.0000',2,'0.0000',2,0,15,NULL,NULL,0),(316,14,7,NULL,'2010-10-21','20.0000',2,'0.0000',2,0,16,NULL,NULL,0),(317,14,7,NULL,'2010-10-28','20.0000',2,'0.0000',2,0,17,NULL,NULL,0),(318,14,7,NULL,'2010-11-04','20.0000',2,'0.0000',2,0,18,NULL,NULL,0),(319,14,7,NULL,'2010-11-11','20.0000',2,'0.0000',2,0,19,NULL,NULL,0),(320,14,7,NULL,'2010-11-18','20.0000',2,'0.0000',2,0,20,NULL,NULL,0),(321,30,13,NULL,'2010-10-05','20.0000',2,'0.0000',2,0,11,NULL,NULL,0),(322,30,13,NULL,'2010-10-12','20.0000',2,'0.0000',2,0,12,NULL,NULL,0),(323,30,13,NULL,'2010-10-19','20.0000',2,'0.0000',2,0,13,NULL,NULL,0),(324,30,13,NULL,'2010-10-26','20.0000',2,'0.0000',2,0,14,NULL,NULL,0),(325,30,13,NULL,'2010-11-02','20.0000',2,'0.0000',2,0,15,NULL,NULL,0),(326,30,13,NULL,'2010-11-09','20.0000',2,'0.0000',2,0,16,NULL,NULL,0),(327,30,13,NULL,'2010-11-16','20.0000',2,'0.0000',2,0,17,NULL,NULL,0),(328,30,13,NULL,'2010-11-23','20.0000',2,'0.0000',2,0,18,NULL,NULL,0),(329,30,13,NULL,'2010-11-30','20.0000',2,'0.0000',2,0,19,NULL,NULL,0),(330,30,13,NULL,'2010-12-07','20.0000',2,'0.0000',2,0,20,NULL,NULL,0),(331,52,28,NULL,'2010-10-07','20.0000',2,'0.0000',2,0,11,NULL,NULL,0),(332,52,28,NULL,'2010-10-14','20.0000',2,'0.0000',2,0,12,NULL,NULL,0),(333,52,28,NULL,'2010-10-21','20.0000',2,'0.0000',2,0,13,NULL,NULL,0),(334,52,28,NULL,'2010-10-28','20.0000',2,'0.0000',2,0,14,NULL,NULL,0),(335,52,28,NULL,'2010-11-04','20.0000',2,'0.0000',2,0,15,NULL,NULL,0),(336,52,28,NULL,'2010-11-11','20.0000',2,'0.0000',2,0,16,NULL,NULL,0),(337,52,28,NULL,'2010-11-18','20.0000',2,'0.0000',2,0,17,NULL,NULL,0),(338,52,28,NULL,'2010-11-25','20.0000',2,'0.0000',2,0,18,NULL,NULL,0),(339,52,28,NULL,'2010-12-02','20.0000',2,'0.0000',2,0,19,NULL,NULL,0),(340,52,28,NULL,'2010-12-09','20.0000',2,'0.0000',2,0,20,NULL,NULL,0),(341,56,29,NULL,'2010-10-06','120.0000',2,'0.0000',2,0,11,NULL,NULL,0),(342,56,29,NULL,'2010-10-13','120.0000',2,'0.0000',2,0,12,NULL,NULL,0),(343,56,29,NULL,'2010-10-20','120.0000',2,'0.0000',2,0,13,NULL,NULL,0),(344,56,29,NULL,'2010-10-27','120.0000',2,'0.0000',2,0,14,NULL,NULL,0),(345,56,29,NULL,'2010-11-03','120.0000',2,'0.0000',2,0,15,NULL,NULL,0),(346,56,29,NULL,'2010-11-10','120.0000',2,'0.0000',2,0,16,NULL,NULL,0),(347,56,29,NULL,'2010-11-17','120.0000',2,'0.0000',2,0,17,NULL,NULL,0),(348,56,29,NULL,'2010-11-24','120.0000',2,'0.0000',2,0,18,NULL,NULL,0),(349,56,29,NULL,'2010-12-01','120.0000',2,'0.0000',2,0,19,NULL,NULL,0),(350,56,29,NULL,'2010-12-08','120.0000',2,'0.0000',2,0,20,NULL,NULL,0),(351,58,30,NULL,'2010-10-06','20.0000',2,'0.0000',2,0,11,NULL,NULL,0),(352,58,30,NULL,'2010-10-13','20.0000',2,'0.0000',2,0,12,NULL,NULL,0),(353,58,30,NULL,'2010-10-20','20.0000',2,'0.0000',2,0,13,NULL,NULL,0),(354,58,30,NULL,'2010-10-27','20.0000',2,'0.0000',2,0,14,NULL,NULL,0),(355,58,30,NULL,'2010-11-03','20.0000',2,'0.0000',2,0,15,NULL,NULL,0),(356,58,30,NULL,'2010-11-10','20.0000',2,'0.0000',2,0,16,NULL,NULL,0),(357,58,30,NULL,'2010-11-17','20.0000',2,'0.0000',2,0,17,NULL,NULL,0),(358,58,30,NULL,'2010-11-24','20.0000',2,'0.0000',2,0,18,NULL,NULL,0),(359,58,30,NULL,'2010-12-01','20.0000',2,'0.0000',2,0,19,NULL,NULL,0),(360,58,30,NULL,'2010-12-08','20.0000',2,'0.0000',2,0,20,NULL,NULL,0),(361,64,33,NULL,'2010-10-06','120.0000',2,'0.0000',2,0,11,NULL,NULL,0),(362,64,33,NULL,'2010-10-13','120.0000',2,'0.0000',2,0,12,NULL,NULL,0),(363,64,33,NULL,'2010-10-20','120.0000',2,'0.0000',2,0,13,NULL,NULL,0),(364,64,33,NULL,'2010-10-27','120.0000',2,'0.0000',2,0,14,NULL,NULL,0),(365,64,33,NULL,'2010-11-03','120.0000',2,'0.0000',2,0,15,NULL,NULL,0),(366,64,33,NULL,'2010-11-10','120.0000',2,'0.0000',2,0,16,NULL,NULL,0),(367,64,33,NULL,'2010-11-17','120.0000',2,'0.0000',2,0,17,NULL,NULL,0),(368,64,33,NULL,'2010-11-24','120.0000',2,'0.0000',2,0,18,NULL,NULL,0),(369,64,33,NULL,'2010-12-01','120.0000',2,'0.0000',2,0,19,NULL,NULL,0),(370,64,33,NULL,'2010-12-08','120.0000',2,'0.0000',2,0,20,NULL,NULL,0),(371,67,34,NULL,'2010-10-06','90.0000',2,'0.0000',2,0,11,NULL,NULL,0),(372,67,34,NULL,'2010-10-13','90.0000',2,'0.0000',2,0,12,NULL,NULL,0),(373,67,34,NULL,'2010-10-20','90.0000',2,'0.0000',2,0,13,NULL,NULL,0),(374,67,34,NULL,'2010-10-27','90.0000',2,'0.0000',2,0,14,NULL,NULL,0),(375,67,34,NULL,'2010-11-03','90.0000',2,'0.0000',2,0,15,NULL,NULL,0),(376,67,34,NULL,'2010-11-10','90.0000',2,'0.0000',2,0,16,NULL,NULL,0),(377,67,34,NULL,'2010-11-17','90.0000',2,'0.0000',2,0,17,NULL,NULL,0),(378,67,34,NULL,'2010-11-24','90.0000',2,'0.0000',2,0,18,NULL,NULL,0),(379,67,34,NULL,'2010-12-01','90.0000',2,'0.0000',2,0,19,NULL,NULL,0),(380,67,34,NULL,'2010-12-08','90.0000',2,'0.0000',2,0,20,NULL,NULL,0),(381,76,42,NULL,'2010-10-11','120.0000',2,'0.0000',2,0,11,NULL,NULL,0),(382,76,42,NULL,'2010-10-18','120.0000',2,'0.0000',2,0,12,NULL,NULL,0),(383,76,42,NULL,'2010-10-25','120.0000',2,'0.0000',2,0,13,NULL,NULL,0),(384,76,42,NULL,'2010-11-01','120.0000',2,'0.0000',2,0,14,NULL,NULL,0),(385,76,42,NULL,'2010-11-08','120.0000',2,'0.0000',2,0,15,NULL,NULL,0),(386,76,42,NULL,'2010-11-15','120.0000',2,'0.0000',2,0,16,NULL,NULL,0),(387,76,42,NULL,'2010-11-22','120.0000',2,'0.0000',2,0,17,NULL,NULL,0),(388,76,42,NULL,'2010-11-29','120.0000',2,'0.0000',2,0,18,NULL,NULL,0),(389,76,42,NULL,'2010-12-06','120.0000',2,'0.0000',2,0,19,NULL,NULL,0),(390,76,42,NULL,'2010-12-13','120.0000',2,'0.0000',2,0,20,NULL,NULL,0),(391,80,44,NULL,'2010-10-13','60.0000',2,'0.0000',2,0,11,NULL,NULL,0),(392,80,44,NULL,'2010-10-20','60.0000',2,'0.0000',2,0,12,NULL,NULL,0),(393,80,44,NULL,'2010-10-27','60.0000',2,'0.0000',2,0,13,NULL,NULL,0),(394,80,44,NULL,'2010-11-03','60.0000',2,'0.0000',2,0,14,NULL,NULL,0),(395,80,44,NULL,'2010-11-10','60.0000',2,'0.0000',2,0,15,NULL,NULL,0),(396,80,44,NULL,'2010-11-17','60.0000',2,'0.0000',2,0,16,NULL,NULL,0),(397,80,44,NULL,'2010-11-24','60.0000',2,'0.0000',2,0,17,NULL,NULL,0),(398,80,44,NULL,'2010-12-01','60.0000',2,'0.0000',2,0,18,NULL,NULL,0),(399,80,44,NULL,'2010-12-08','60.0000',2,'0.0000',2,0,19,NULL,NULL,0),(400,80,44,NULL,'2010-12-15','60.0000',2,'0.0000',2,0,20,NULL,NULL,0),(401,88,48,NULL,'2010-10-11','120.0000',2,'0.0000',2,0,11,NULL,NULL,0),(402,88,48,NULL,'2010-10-18','120.0000',2,'0.0000',2,0,12,NULL,NULL,0),(403,88,48,NULL,'2010-10-25','120.0000',2,'0.0000',2,0,13,NULL,NULL,0),(404,88,48,NULL,'2010-11-01','120.0000',2,'0.0000',2,0,14,NULL,NULL,0),(405,88,48,NULL,'2010-11-08','120.0000',2,'0.0000',2,0,15,NULL,NULL,0),(406,88,48,NULL,'2010-11-15','120.0000',2,'0.0000',2,0,16,NULL,NULL,0),(407,88,48,NULL,'2010-11-22','120.0000',2,'0.0000',2,0,17,NULL,NULL,0),(408,88,48,NULL,'2010-11-29','120.0000',2,'0.0000',2,0,18,NULL,NULL,0),(409,88,48,NULL,'2010-12-06','120.0000',2,'0.0000',2,0,19,NULL,NULL,0),(410,88,48,NULL,'2010-12-13','120.0000',2,'0.0000',2,0,20,NULL,NULL,0),(411,109,63,NULL,'2010-11-05','20.0000',2,'0.0000',2,0,11,NULL,NULL,0),(412,109,63,NULL,'2010-11-12','20.0000',2,'0.0000',2,0,12,NULL,NULL,0),(413,109,63,NULL,'2010-11-19','20.0000',2,'0.0000',2,0,13,NULL,NULL,0),(414,109,63,NULL,'2010-11-26','20.0000',2,'0.0000',2,0,14,NULL,NULL,0),(415,109,63,NULL,'2010-12-03','20.0000',2,'0.0000',2,0,15,NULL,NULL,0),(416,109,63,NULL,'2010-12-10','20.0000',2,'0.0000',2,0,16,NULL,NULL,0),(417,109,63,NULL,'2010-12-17','20.0000',2,'0.0000',2,0,17,NULL,NULL,0),(418,109,63,NULL,'2010-12-24','20.0000',2,'0.0000',2,0,18,NULL,NULL,0),(419,109,63,NULL,'2010-12-31','20.0000',2,'0.0000',2,0,19,NULL,NULL,0),(420,109,63,NULL,'2011-01-07','20.0000',2,'0.0000',2,0,20,NULL,NULL,0),(421,24,10,NULL,'2010-10-02','0.0000',2,'0.0000',2,0,11,NULL,NULL,0),(422,24,10,NULL,'2010-10-09','0.0000',2,'0.0000',2,0,12,NULL,NULL,0),(423,24,10,NULL,'2010-10-16','0.0000',2,'0.0000',2,0,13,NULL,NULL,0),(424,24,10,NULL,'2010-10-23','0.0000',2,'0.0000',2,0,14,NULL,NULL,0),(425,24,10,NULL,'2010-10-30','0.0000',2,'0.0000',2,0,15,NULL,NULL,0),(426,24,10,NULL,'2010-11-06','0.0000',2,'0.0000',2,0,16,NULL,NULL,0),(427,24,10,NULL,'2010-11-13','0.0000',2,'0.0000',2,0,17,NULL,NULL,0),(428,24,10,NULL,'2010-11-20','0.0000',2,'0.0000',2,0,18,NULL,NULL,0),(429,24,10,NULL,'2010-11-27','0.0000',2,'0.0000',2,0,19,NULL,NULL,0),(430,24,10,NULL,'2010-12-04','0.0000',2,'0.0000',2,0,20,NULL,NULL,0),(431,6,4,NULL,'2010-11-25','20.0000',2,'0.0000',2,0,21,NULL,NULL,0),(432,6,4,NULL,'2010-12-02','20.0000',2,'0.0000',2,0,22,NULL,NULL,0),(433,6,4,NULL,'2010-12-09','20.0000',2,'0.0000',2,0,23,NULL,NULL,0),(434,6,4,NULL,'2010-12-16','20.0000',2,'0.0000',2,0,24,NULL,NULL,0),(435,6,4,NULL,'2010-12-23','20.0000',2,'0.0000',2,0,25,NULL,NULL,0),(436,6,4,NULL,'2010-12-30','20.0000',2,'0.0000',2,0,26,NULL,NULL,0),(437,6,4,NULL,'2011-01-06','20.0000',2,'0.0000',2,0,27,NULL,NULL,0),(438,6,4,NULL,'2011-01-13','20.0000',2,'0.0000',2,0,28,NULL,NULL,0),(439,6,4,NULL,'2011-01-20','20.0000',2,'0.0000',2,0,29,NULL,NULL,0),(440,6,4,NULL,'2011-01-27','20.0000',2,'0.0000',2,0,30,NULL,NULL,0),(441,11,6,NULL,'2010-11-25','20.0000',2,'0.0000',2,0,21,NULL,NULL,0),(442,11,6,NULL,'2010-12-02','20.0000',2,'0.0000',2,0,22,NULL,NULL,0),(443,11,6,NULL,'2010-12-09','20.0000',2,'0.0000',2,0,23,NULL,NULL,0),(444,11,6,NULL,'2010-12-16','20.0000',2,'0.0000',2,0,24,NULL,NULL,0),(445,11,6,NULL,'2010-12-23','20.0000',2,'0.0000',2,0,25,NULL,NULL,0),(446,11,6,NULL,'2010-12-30','20.0000',2,'0.0000',2,0,26,NULL,NULL,0),(447,11,6,NULL,'2011-01-06','20.0000',2,'0.0000',2,0,27,NULL,NULL,0),(448,11,6,NULL,'2011-01-13','20.0000',2,'0.0000',2,0,28,NULL,NULL,0),(449,11,6,NULL,'2011-01-20','20.0000',2,'0.0000',2,0,29,NULL,NULL,0),(450,11,6,NULL,'2011-01-27','20.0000',2,'0.0000',2,0,30,NULL,NULL,0),(451,13,7,NULL,'2010-11-25','60.0000',2,'0.0000',2,0,21,NULL,NULL,0),(452,13,7,NULL,'2010-12-02','60.0000',2,'0.0000',2,0,22,NULL,NULL,0),(453,13,7,NULL,'2010-12-09','60.0000',2,'0.0000',2,0,23,NULL,NULL,0),(454,13,7,NULL,'2010-12-16','60.0000',2,'0.0000',2,0,24,NULL,NULL,0),(455,13,7,NULL,'2010-12-23','60.0000',2,'0.0000',2,0,25,NULL,NULL,0),(456,13,7,NULL,'2010-12-30','60.0000',2,'0.0000',2,0,26,NULL,NULL,0),(457,13,7,NULL,'2011-01-06','60.0000',2,'0.0000',2,0,27,NULL,NULL,0),(458,13,7,NULL,'2011-01-13','60.0000',2,'0.0000',2,0,28,NULL,NULL,0),(459,13,7,NULL,'2011-01-20','60.0000',2,'0.0000',2,0,29,NULL,NULL,0),(460,13,7,NULL,'2011-01-27','60.0000',2,'0.0000',2,0,30,NULL,NULL,0),(461,14,7,NULL,'2010-11-25','20.0000',2,'0.0000',2,0,21,NULL,NULL,0),(462,14,7,NULL,'2010-12-02','20.0000',2,'0.0000',2,0,22,NULL,NULL,0),(463,14,7,NULL,'2010-12-09','20.0000',2,'0.0000',2,0,23,NULL,NULL,0),(464,14,7,NULL,'2010-12-16','20.0000',2,'0.0000',2,0,24,NULL,NULL,0),(465,14,7,NULL,'2010-12-23','20.0000',2,'0.0000',2,0,25,NULL,NULL,0),(466,14,7,NULL,'2010-12-30','20.0000',2,'0.0000',2,0,26,NULL,NULL,0),(467,14,7,NULL,'2011-01-06','20.0000',2,'0.0000',2,0,27,NULL,NULL,0),(468,14,7,NULL,'2011-01-13','20.0000',2,'0.0000',2,0,28,NULL,NULL,0),(469,14,7,NULL,'2011-01-20','20.0000',2,'0.0000',2,0,29,NULL,NULL,0),(470,14,7,NULL,'2011-01-27','20.0000',2,'0.0000',2,0,30,NULL,NULL,0),(471,24,10,NULL,'2010-12-11','0.0000',2,'0.0000',2,0,21,NULL,NULL,0),(472,24,10,NULL,'2010-12-18','0.0000',2,'0.0000',2,0,22,NULL,NULL,0),(473,24,10,NULL,'2010-12-25','0.0000',2,'0.0000',2,0,23,NULL,NULL,0),(474,24,10,NULL,'2011-01-01','0.0000',2,'0.0000',2,0,24,NULL,NULL,0),(475,24,10,NULL,'2011-01-08','0.0000',2,'0.0000',2,0,25,NULL,NULL,0),(476,24,10,NULL,'2011-01-15','0.0000',2,'0.0000',2,0,26,NULL,NULL,0),(477,24,10,NULL,'2011-01-22','0.0000',2,'0.0000',2,0,27,NULL,NULL,0),(478,24,10,NULL,'2011-01-29','0.0000',2,'0.0000',2,0,28,NULL,NULL,0),(479,24,10,NULL,'2011-02-05','0.0000',2,'0.0000',2,0,29,NULL,NULL,0),(480,24,10,NULL,'2011-02-12','0.0000',2,'0.0000',2,0,30,NULL,NULL,0),(481,116,68,NULL,'2010-09-03','20.0000',2,'0.0000',2,0,1,NULL,NULL,0),(482,116,68,NULL,'2010-09-10','20.0000',2,'0.0000',2,0,2,NULL,NULL,0),(483,116,68,NULL,'2010-09-17','20.0000',2,'0.0000',2,0,3,NULL,NULL,0),(484,116,68,NULL,'2010-09-24','20.0000',2,'0.0000',2,0,4,NULL,NULL,0),(485,116,68,NULL,'2010-10-01','20.0000',2,'0.0000',2,0,5,NULL,NULL,0),(486,116,68,NULL,'2010-10-08','20.0000',2,'0.0000',2,0,6,NULL,NULL,0),(487,116,68,NULL,'2010-10-15','20.0000',2,'0.0000',2,0,7,NULL,NULL,0),(488,116,68,NULL,'2010-10-22','20.0000',2,'0.0000',2,0,8,NULL,NULL,0),(489,116,68,NULL,'2010-10-29','20.0000',2,'0.0000',2,0,9,NULL,NULL,0),(490,116,68,NULL,'2010-11-05','20.0000',2,'0.0000',2,0,10,NULL,NULL,0);
/*!40000 ALTER TABLE `saving_schedule` ENABLE KEYS */;
UNLOCK TABLES;

--
-- Table structure for table `savings_account`
--

DROP TABLE IF EXISTS `savings_account`;
/*!40101 SET @saved_cs_client     = @@character_set_client */;
/*!40101 SET character_set_client = utf8 */;
CREATE TABLE `savings_account` (
  `account_id` int(11) NOT NULL,
  `activation_date` date DEFAULT NULL,
  `savings_balance` decimal(21,4) DEFAULT NULL,
  `savings_balance_currency_id` smallint(6) DEFAULT NULL,
  `recommended_amount` decimal(21,4) DEFAULT NULL,
  `recommended_amount_currency_id` smallint(6) DEFAULT NULL,
  `recommended_amnt_unit_id` smallint(6) DEFAULT NULL,
  `savings_type_id` smallint(6) NOT NULL,
  `int_to_be_posted` decimal(21,4) DEFAULT NULL,
  `int_to_be_posted_currency_id` smallint(6) DEFAULT NULL,
  `last_int_calc_date` date DEFAULT NULL,
  `last_int_post_date` date DEFAULT NULL,
  `next_int_calc_date` date DEFAULT NULL,
  `next_int_post_date` date DEFAULT NULL,
  `inter_int_calc_date` date DEFAULT NULL,
  `prd_offering_id` smallint(6) NOT NULL,
  `interest_rate` decimal(13,10) NOT NULL,
  `interest_calculation_type_id` smallint(6) NOT NULL,
  `time_per_for_int_calc` int(11) DEFAULT NULL,
  `min_amnt_for_int` decimal(21,4) DEFAULT NULL,
  `min_amnt_for_int_currency_id` smallint(6) DEFAULT NULL,
  PRIMARY KEY (`account_id`),
  KEY `savings_balance_currency_id` (`savings_balance_currency_id`),
  KEY `recommended_amount_currency_id` (`recommended_amount_currency_id`),
  KEY `int_to_be_posted_currency_id` (`int_to_be_posted_currency_id`),
  KEY `recommended_amnt_unit_id` (`recommended_amnt_unit_id`),
  KEY `savings_type_id` (`savings_type_id`),
  KEY `prd_offering_id` (`prd_offering_id`),
  KEY `interest_calculation_type_id` (`interest_calculation_type_id`),
  KEY `time_per_for_int_calc` (`time_per_for_int_calc`),
  KEY `min_amnt_for_int_currency_id` (`min_amnt_for_int_currency_id`),
  CONSTRAINT `savings_account_ibfk_1` FOREIGN KEY (`account_id`) REFERENCES `account` (`account_id`) ON DELETE NO ACTION ON UPDATE NO ACTION,
  CONSTRAINT `savings_account_ibfk_10` FOREIGN KEY (`min_amnt_for_int_currency_id`) REFERENCES `currency` (`currency_id`) ON DELETE NO ACTION ON UPDATE NO ACTION,
  CONSTRAINT `savings_account_ibfk_2` FOREIGN KEY (`savings_balance_currency_id`) REFERENCES `currency` (`currency_id`) ON DELETE NO ACTION ON UPDATE NO ACTION,
  CONSTRAINT `savings_account_ibfk_3` FOREIGN KEY (`recommended_amount_currency_id`) REFERENCES `currency` (`currency_id`) ON DELETE NO ACTION ON UPDATE NO ACTION,
  CONSTRAINT `savings_account_ibfk_4` FOREIGN KEY (`int_to_be_posted_currency_id`) REFERENCES `currency` (`currency_id`) ON DELETE NO ACTION ON UPDATE NO ACTION,
  CONSTRAINT `savings_account_ibfk_5` FOREIGN KEY (`recommended_amnt_unit_id`) REFERENCES `recommended_amnt_unit` (`recommended_amnt_unit_id`) ON DELETE NO ACTION ON UPDATE NO ACTION,
  CONSTRAINT `savings_account_ibfk_6` FOREIGN KEY (`savings_type_id`) REFERENCES `savings_type` (`savings_type_id`) ON DELETE NO ACTION ON UPDATE NO ACTION,
  CONSTRAINT `savings_account_ibfk_7` FOREIGN KEY (`prd_offering_id`) REFERENCES `prd_offering` (`prd_offering_id`) ON DELETE NO ACTION ON UPDATE NO ACTION,
  CONSTRAINT `savings_account_ibfk_8` FOREIGN KEY (`interest_calculation_type_id`) REFERENCES `interest_calculation_types` (`interest_calculation_type_id`) ON DELETE NO ACTION ON UPDATE NO ACTION,
  CONSTRAINT `savings_account_ibfk_9` FOREIGN KEY (`time_per_for_int_calc`) REFERENCES `meeting` (`meeting_id`) ON DELETE NO ACTION ON UPDATE NO ACTION
) ENGINE=InnoDB DEFAULT CHARSET=utf8;
/*!40101 SET character_set_client = @saved_cs_client */;

--
-- Dumping data for table `savings_account`
--

LOCK TABLES `savings_account` WRITE;
/*!40000 ALTER TABLE `savings_account` DISABLE KEYS */;
INSERT INTO `savings_account` VALUES (6,'2010-07-02','0.0000',2,'20.0000',2,NULL,1,'0.0000',2,'2010-07-09','2010-10-31','2010-07-10','2010-11-30',NULL,2,'4.0000000000',1,9,'0.0000',2),(7,'2010-07-02','0.0000',2,'60.0000',2,NULL,2,'0.0000',2,'2010-07-21','2010-07-21','2010-07-03','2010-09-30',NULL,3,'4.0000000000',1,10,'0.0000',2),(11,'2010-07-03','50.0000',2,'20.0000',2,NULL,1,'0.0000',2,'2010-07-10','2010-10-31','2010-07-11','2010-11-30',NULL,2,'4.0000000000',1,12,'0.0000',2),(13,'2010-07-03','0.0000',2,'60.0000',2,NULL,2,'0.0000',2,'2010-07-10','2010-09-30','2010-07-11','2010-12-31',NULL,3,'4.0000000000',1,13,'0.0000',2),(14,'2010-07-03','0.0000',2,'20.0000',2,NULL,1,'0.0000',2,'2010-07-10','2010-10-31','2010-07-11','2010-11-30',NULL,2,'4.0000000000',1,14,'0.0000',2),(17,'2010-07-05','0.0000',2,'100.0000',2,NULL,2,'0.0000',2,'2010-07-05','2010-07-05','2010-07-06','2010-09-30',NULL,3,'4.0000000000',1,17,'0.0000',2),(20,'2010-07-05','0.0000',2,'20.0000',2,NULL,1,'0.0000',2,'2010-07-05','2010-07-05','2010-07-06','2010-07-31',NULL,2,'4.0000000000',1,18,'0.0000',2),(24,'2010-07-18','673.4000',2,'60.0000',2,NULL,2,'0.0000',2,'2010-07-25','2010-09-30','2010-07-26','2010-12-31',NULL,3,'4.0000000000',1,22,'0.0000',2),(30,'2010-07-21','1209.2000',2,'20.0000',2,NULL,1,'0.0000',2,'2010-07-28','2010-10-31','2010-07-29','2010-11-30',NULL,2,'4.0000000000',1,24,'0.0000',2),(31,NULL,'0.0000',2,'20.0000',2,NULL,1,NULL,NULL,NULL,NULL,NULL,NULL,NULL,2,'4.0000000000',1,25,'0.0000',2),(34,'2010-07-21','0.0000',2,'60.0000',2,NULL,2,'0.0000',2,'2010-07-21','2010-07-21','2010-07-22','2010-09-30',NULL,3,'4.0000000000',1,27,'0.0000',2),(36,'2010-07-21','0.0000',2,'20.0000',2,NULL,1,'0.0000',2,'2010-07-21','2010-07-21','2010-07-22','2010-07-31',NULL,2,'4.0000000000',1,28,'0.0000',2),(46,'2010-07-22','0.0000',2,'20.0000',2,NULL,1,'0.0000',2,'2010-07-23','2010-07-23','2010-07-23','2010-07-31',NULL,2,'4.0000000000',1,32,'0.0000',2),(47,'2010-07-25','0.0000',2,'20.0000',2,NULL,1,'0.0000',2,'2010-07-25','2010-07-25','2010-07-26','2010-07-31',NULL,2,'4.0000000000',1,33,'0.0000',2),(52,'2010-07-25','0.0000',2,'20.0000',2,NULL,1,'0.0000',2,'2010-08-01','2010-10-31','2010-08-02','2010-11-30',NULL,2,'4.0000000000',1,38,'0.0000',2),(56,'2010-07-25','0.0000',2,'120.0000',2,2,1,'0.0000',2,'2010-08-01','2010-10-31','2010-08-02','2010-11-30',NULL,6,'5.0000000000',1,47,'0.0000',2),(58,'2010-07-25','0.0000',2,'20.0000',2,NULL,1,'0.0000',2,'2010-08-01','2010-10-31','2010-08-02','2010-11-30',NULL,2,'4.0000000000',1,48,'0.0000',2),(61,'2010-07-25','800.7000',2,'90.0000',2,NULL,2,'0.0000',2,'2010-08-01','2010-10-31','2010-08-08','2010-11-30',NULL,7,'12.0000000000',2,51,'0.0000',2),(64,'2010-07-25','0.0000',2,'120.0000',2,2,1,'0.0000',2,'2010-08-01','2010-10-31','2010-08-02','2010-11-30',NULL,6,'5.0000000000',1,53,'0.0000',2),(67,'2010-07-28','92.6000',2,'90.0000',2,NULL,2,'0.0000',2,'2010-08-01','2010-10-31','2010-08-08','2010-11-30',NULL,7,'12.0000000000',2,55,'0.0000',2),(76,'2010-07-29','0.0000',2,'120.0000',2,2,1,'0.0000',2,'2010-08-02','2010-10-31','2010-08-03','2010-11-30',NULL,6,'5.0000000000',1,59,'0.0000',2),(80,'2010-07-29','0.0000',2,'60.0000',2,NULL,2,'0.0000',2,'2010-08-02','2010-09-30','2010-08-03','2010-12-31',NULL,3,'4.0000000000',1,62,'0.0000',2),(82,'2010-07-29','15.0000',2,'20.0000',2,NULL,1,'0.0000',2,'2010-08-02','2010-10-31','2010-08-03','2010-11-30',NULL,2,'4.0000000000',1,64,'0.0000',2),(84,'2010-07-29','0.0000',2,'120.0000',2,2,1,'0.0000',2,'2010-07-31','2010-07-31','2010-07-30','2010-07-31',NULL,6,'5.0000000000',1,66,'0.0000',2),(88,'2010-07-31','0.0000',2,'120.0000',2,2,1,'0.0000',2,'2010-08-02','2010-10-31','2010-08-03','2010-11-30',NULL,6,'5.0000000000',1,69,'0.0000',2),(93,'2010-08-01','0.0000',2,'20.0000',2,NULL,1,'0.0000',2,'2010-08-03','2010-08-03','2010-08-02','2010-08-31',NULL,2,'4.0000000000',1,72,'0.0000',2),(95,'2010-08-01','0.0000',2,'120.0000',2,2,1,'0.0000',2,'2010-08-07','2010-08-07','2010-08-03','2010-08-31',NULL,6,'5.0000000000',1,74,'0.0000',2),(100,'2010-08-07','0.0000',2,'120.0000',2,2,1,'0.0000',2,'2010-08-10','2010-08-10','2010-08-08','2010-08-31',NULL,6,'5.0000000000',1,77,'0.0000',2),(102,'2010-08-07','0.0000',2,'120.0000',2,2,1,'0.0000',2,'2010-08-10','2010-08-10','2010-08-08','2010-08-31',NULL,6,'5.0000000000',1,78,'0.0000',2),(109,'2010-08-27','20.0000',2,'20.0000',2,NULL,1,'0.0000',2,NULL,'2010-10-31','2010-08-28','2010-11-30',NULL,2,'4.0000000000',1,84,'0.0000',2),(116,'2010-09-03','0.0000',2,'20.0000',2,NULL,1,'0.0000',2,NULL,'2010-09-03',NULL,'2010-10-31',NULL,2,'4.0000000000',1,NULL,NULL,NULL);
/*!40000 ALTER TABLE `savings_account` ENABLE KEYS */;
UNLOCK TABLES;

--
-- Table structure for table `savings_activity_details`
--

DROP TABLE IF EXISTS `savings_activity_details`;
/*!40101 SET @saved_cs_client     = @@character_set_client */;
/*!40101 SET character_set_client = utf8 */;
CREATE TABLE `savings_activity_details` (
  `id` int(11) NOT NULL AUTO_INCREMENT,
  `created_by` smallint(6) DEFAULT NULL,
  `account_id` int(11) NOT NULL,
  `created_date` timestamp NOT NULL DEFAULT CURRENT_TIMESTAMP ON UPDATE CURRENT_TIMESTAMP,
  `account_action_id` smallint(6) NOT NULL,
  `amount` decimal(21,4) NOT NULL,
  `amount_currency_id` smallint(6) NOT NULL,
  `balance_amount` decimal(21,4) NOT NULL,
  `balance_amount_currency_id` smallint(6) NOT NULL,
  PRIMARY KEY (`id`),
  KEY `created_by` (`created_by`),
  KEY `account_id` (`account_id`),
  KEY `account_action_id` (`account_action_id`),
  KEY `amount_currency_id` (`amount_currency_id`),
  KEY `balance_amount_currency_id` (`balance_amount_currency_id`),
  CONSTRAINT `savings_activity_details_ibfk_1` FOREIGN KEY (`created_by`) REFERENCES `personnel` (`personnel_id`) ON DELETE NO ACTION ON UPDATE NO ACTION,
  CONSTRAINT `savings_activity_details_ibfk_2` FOREIGN KEY (`account_id`) REFERENCES `account` (`account_id`) ON DELETE NO ACTION ON UPDATE NO ACTION,
  CONSTRAINT `savings_activity_details_ibfk_3` FOREIGN KEY (`account_action_id`) REFERENCES `account_action` (`account_action_id`) ON DELETE NO ACTION ON UPDATE NO ACTION,
  CONSTRAINT `savings_activity_details_ibfk_4` FOREIGN KEY (`amount_currency_id`) REFERENCES `currency` (`currency_id`) ON DELETE NO ACTION ON UPDATE NO ACTION,
  CONSTRAINT `savings_activity_details_ibfk_5` FOREIGN KEY (`balance_amount_currency_id`) REFERENCES `currency` (`currency_id`) ON DELETE NO ACTION ON UPDATE NO ACTION
) ENGINE=InnoDB AUTO_INCREMENT=76 DEFAULT CHARSET=utf8;
/*!40101 SET character_set_client = @saved_cs_client */;

--
-- Dumping data for table `savings_activity_details`
--

LOCK TABLES `savings_activity_details` WRITE;
/*!40000 ALTER TABLE `savings_activity_details` DISABLE KEYS */;
INSERT INTO `savings_activity_details` VALUES (1,1,11,'2010-07-02 14:00:00',6,'67.0000',2,'67.0000',2),(2,1,11,'2010-07-02 15:18:15',14,'67.0000',2,'0.0000',2),(3,1,11,'2010-07-02 14:00:00',6,'50.0000',2,'50.0000',2),(4,1,17,'2010-07-04 14:00:00',6,'100.0000',2,'100.0000',2),(5,1,17,'2010-07-05 01:29:32',7,'100.0000',2,'0.0000',2),(6,1,20,'2010-07-04 14:00:00',6,'1.0000',2,'1.0000',2),(7,1,20,'2010-07-04 14:00:00',6,'2.0000',2,'3.0000',2),(8,1,20,'2010-07-04 14:00:00',6,'3.0000',2,'6.0000',2),(9,1,20,'2010-07-05 02:44:07',7,'6.0000',2,'0.0000',2),(10,1,24,'2010-07-17 14:00:00',6,'666.0000',2,'666.0000',2),(11,1,30,'2010-07-20 14:00:00',6,'1200.0000',2,'1200.0000',2),(12,1,36,'2010-07-20 14:00:00',6,'235.0000',2,'235.0000',2),(13,1,36,'2010-07-21 03:53:06',7,'235.0000',2,'0.0000',2),(14,1,61,'2010-07-24 14:00:00',6,'777.0000',2,'777.0000',2),(15,1,67,'2010-07-27 14:00:00',6,'90.0000',2,'90.0000',2),(16,1,82,'2010-07-30 14:00:00',6,'15.0000',2,'15.0000',2),(17,NULL,6,'2010-07-30 14:00:00',11,'0.0000',2,'0.0000',2),(18,NULL,11,'2010-07-30 14:00:00',11,'0.0000',2,'50.0000',2),(19,NULL,14,'2010-07-30 14:00:00',11,'0.0000',2,'0.0000',2),(20,NULL,30,'2010-07-30 14:00:00',11,'0.1000',2,'1200.1000',2),(21,NULL,52,'2010-07-30 14:00:00',11,'0.0000',2,'0.0000',2),(22,NULL,56,'2010-07-30 14:00:00',11,'0.0000',2,'0.0000',2),(23,NULL,58,'2010-07-30 14:00:00',11,'0.0000',2,'0.0000',2),(24,NULL,61,'2010-07-30 14:00:00',11,'0.0000',2,'777.0000',2),(25,NULL,64,'2010-07-30 14:00:00',11,'0.0000',2,'0.0000',2),(26,NULL,67,'2010-07-30 14:00:00',11,'0.0000',2,'90.0000',2),(27,NULL,76,'2010-07-30 14:00:00',11,'0.0000',2,'0.0000',2),(28,NULL,82,'2010-07-30 14:00:00',11,'0.0000',2,'15.0000',2),(29,1,109,'2010-08-26 14:00:00',6,'20.0000',2,'20.0000',2),(30,3,6,'2010-08-30 14:00:00',11,'0.0000',2,'0.0000',2),(31,3,11,'2010-08-30 14:00:00',11,'0.0000',2,'50.0000',2),(32,3,14,'2010-08-30 14:00:00',11,'0.0000',2,'0.0000',2),(33,5,30,'2010-08-30 14:00:00',11,'3.0000',2,'1203.1000',2),(34,3,52,'2010-08-30 14:00:00',11,'0.0000',2,'0.0000',2),(35,5,56,'2010-08-30 14:00:00',11,'0.0000',2,'0.0000',2),(36,5,58,'2010-08-30 14:00:00',11,'0.0000',2,'0.0000',2),(37,5,61,'2010-08-30 14:00:00',11,'8.0000',2,'785.0000',2),(38,6,64,'2010-08-30 14:00:00',11,'0.0000',2,'0.0000',2),(39,4,67,'2010-08-30 14:00:00',11,'0.8000',2,'90.8000',2),(40,3,76,'2010-08-30 14:00:00',11,'0.0000',2,'0.0000',2),(41,3,82,'2010-08-30 14:00:00',11,'0.0000',2,'15.0000',2),(42,3,88,'2010-08-30 14:00:00',11,'0.0000',2,'0.0000',2),(43,7,109,'2010-08-30 14:00:00',11,'0.0000',2,'20.0000',2),(44,3,6,'2010-09-29 14:00:00',11,'0.0000',2,'0.0000',2),(45,3,11,'2010-09-29 14:00:00',11,'0.0000',2,'50.0000',2),(46,3,13,'2010-09-29 14:00:00',11,'0.0000',2,'0.0000',2),(47,3,14,'2010-09-29 14:00:00',11,'0.0000',2,'0.0000',2),(48,5,30,'2010-09-29 14:00:00',11,'3.0000',2,'1206.1000',2),(49,3,52,'2010-09-29 14:00:00',11,'0.0000',2,'0.0000',2),(50,5,56,'2010-09-29 14:00:00',11,'0.0000',2,'0.0000',2),(51,5,58,'2010-09-29 14:00:00',11,'0.0000',2,'0.0000',2),(52,5,61,'2010-09-29 14:00:00',11,'7.7000',2,'792.7000',2),(53,6,64,'2010-09-29 14:00:00',11,'0.0000',2,'0.0000',2),(54,4,67,'2010-09-29 14:00:00',11,'0.9000',2,'91.7000',2),(55,3,76,'2010-09-29 14:00:00',11,'0.0000',2,'0.0000',2),(56,4,80,'2010-09-29 14:00:00',11,'0.0000',2,'0.0000',2),(57,3,82,'2010-09-29 14:00:00',11,'0.0000',2,'15.0000',2),(58,3,88,'2010-09-29 14:00:00',11,'0.0000',2,'0.0000',2),(59,7,109,'2010-09-29 14:00:00',11,'0.0000',2,'20.0000',2),(60,4,24,'2010-09-29 14:00:00',11,'7.4000',2,'673.4000',2),(61,3,6,'2010-10-30 13:00:00',11,'0.0000',2,'0.0000',2),(62,3,11,'2010-10-30 13:00:00',11,'0.0000',2,'50.0000',2),(63,3,14,'2010-10-30 13:00:00',11,'0.0000',2,'0.0000',2),(64,5,30,'2010-10-30 13:00:00',11,'3.1000',2,'1209.2000',2),(65,3,52,'2010-10-30 13:00:00',11,'0.0000',2,'0.0000',2),(66,5,56,'2010-10-30 13:00:00',11,'0.0000',2,'0.0000',2),(67,5,58,'2010-10-30 13:00:00',11,'0.0000',2,'0.0000',2),(68,5,61,'2010-10-30 13:00:00',11,'8.0000',2,'800.7000',2),(69,6,64,'2010-10-30 13:00:00',11,'0.0000',2,'0.0000',2),(70,4,67,'2010-10-30 13:00:00',11,'0.9000',2,'92.6000',2),(71,3,76,'2010-10-30 13:00:00',11,'0.0000',2,'0.0000',2),(72,3,82,'2010-10-30 13:00:00',11,'0.0000',2,'15.0000',2),(73,3,88,'2010-10-30 13:00:00',11,'0.0000',2,'0.0000',2),(74,7,109,'2010-10-30 13:00:00',11,'0.0000',2,'20.0000',2),(75,3,116,'2010-09-02 14:00:00',11,'0.0000',2,'0.0000',2);
/*!40000 ALTER TABLE `savings_activity_details` ENABLE KEYS */;
UNLOCK TABLES;

--
-- Table structure for table `savings_offering`
--

DROP TABLE IF EXISTS `savings_offering`;
/*!40101 SET @saved_cs_client     = @@character_set_client */;
/*!40101 SET character_set_client = utf8 */;
CREATE TABLE `savings_offering` (
  `prd_offering_id` smallint(6) NOT NULL,
  `interest_calculation_type_id` smallint(6) NOT NULL,
  `savings_type_id` smallint(6) NOT NULL,
  `recommended_amnt_unit_id` smallint(6) DEFAULT NULL,
  `recommended_amount` decimal(21,4) DEFAULT NULL,
  `recommended_amount_currency_id` smallint(6) DEFAULT NULL,
  `interest_rate` decimal(13,10) NOT NULL,
  `max_amnt_withdrawl` decimal(21,4) DEFAULT NULL,
  `max_amnt_withdrawl_currency_id` smallint(6) DEFAULT NULL,
  `min_amnt_for_int` decimal(21,4) DEFAULT NULL,
  `min_amnt_for_int_currency_id` smallint(6) DEFAULT NULL,
  `deposit_glcode_id` smallint(6) NOT NULL,
  `interest_glcode_id` smallint(6) NOT NULL,
  PRIMARY KEY (`prd_offering_id`),
  KEY `recommended_amnt_unit_id` (`recommended_amnt_unit_id`),
  KEY `savings_type_id` (`savings_type_id`),
  KEY `interest_calculation_type_id` (`interest_calculation_type_id`),
  KEY `recommended_amount_currency_id` (`recommended_amount_currency_id`),
  KEY `max_amnt_withdrawl_currency_id` (`max_amnt_withdrawl_currency_id`),
  KEY `min_amnt_for_int_currency_id` (`min_amnt_for_int_currency_id`),
  KEY `deposit_glcode_id` (`deposit_glcode_id`),
  KEY `interest_glcode_id` (`interest_glcode_id`),
  CONSTRAINT `savings_offering_ibfk_1` FOREIGN KEY (`prd_offering_id`) REFERENCES `prd_offering` (`prd_offering_id`) ON DELETE NO ACTION ON UPDATE NO ACTION,
  CONSTRAINT `savings_offering_ibfk_2` FOREIGN KEY (`recommended_amnt_unit_id`) REFERENCES `recommended_amnt_unit` (`recommended_amnt_unit_id`) ON DELETE NO ACTION ON UPDATE NO ACTION,
  CONSTRAINT `savings_offering_ibfk_3` FOREIGN KEY (`savings_type_id`) REFERENCES `savings_type` (`savings_type_id`) ON DELETE NO ACTION ON UPDATE NO ACTION,
  CONSTRAINT `savings_offering_ibfk_4` FOREIGN KEY (`interest_calculation_type_id`) REFERENCES `interest_calculation_types` (`interest_calculation_type_id`) ON DELETE NO ACTION ON UPDATE NO ACTION,
  CONSTRAINT `savings_offering_ibfk_5` FOREIGN KEY (`recommended_amount_currency_id`) REFERENCES `currency` (`currency_id`) ON DELETE NO ACTION ON UPDATE NO ACTION,
  CONSTRAINT `savings_offering_ibfk_6` FOREIGN KEY (`max_amnt_withdrawl_currency_id`) REFERENCES `currency` (`currency_id`) ON DELETE NO ACTION ON UPDATE NO ACTION,
  CONSTRAINT `savings_offering_ibfk_7` FOREIGN KEY (`min_amnt_for_int_currency_id`) REFERENCES `currency` (`currency_id`) ON DELETE NO ACTION ON UPDATE NO ACTION,
  CONSTRAINT `savings_offering_ibfk_8` FOREIGN KEY (`deposit_glcode_id`) REFERENCES `gl_code` (`glcode_id`) ON DELETE NO ACTION ON UPDATE NO ACTION,
  CONSTRAINT `savings_offering_ibfk_9` FOREIGN KEY (`interest_glcode_id`) REFERENCES `gl_code` (`glcode_id`) ON DELETE NO ACTION ON UPDATE NO ACTION
) ENGINE=InnoDB DEFAULT CHARSET=utf8;
/*!40101 SET character_set_client = @saved_cs_client */;

--
-- Dumping data for table `savings_offering`
--

LOCK TABLES `savings_offering` WRITE;
/*!40000 ALTER TABLE `savings_offering` DISABLE KEYS */;
INSERT INTO `savings_offering` VALUES (2,1,1,NULL,'20.0000',2,'4.0000000000','0.0000',2,'0.0000',2,36,56),(3,1,2,NULL,'60.0000',2,'4.0000000000','0.0000',2,'0.0000',2,36,56),(6,1,1,2,'120.0000',2,'5.0000000000','0.0000',2,'0.0000',2,36,56),(7,2,2,NULL,'90.0000',2,'12.0000000000','0.0000',2,'0.0000',2,33,56);
/*!40000 ALTER TABLE `savings_offering` ENABLE KEYS */;
UNLOCK TABLES;

--
-- Table structure for table `savings_offering_historical_interest_detail`
--

DROP TABLE IF EXISTS `savings_offering_historical_interest_detail`;
/*!40101 SET @saved_cs_client     = @@character_set_client */;
/*!40101 SET character_set_client = utf8 */;
CREATE TABLE `savings_offering_historical_interest_detail` (
  `id` int(11) NOT NULL AUTO_INCREMENT,
  `period_start_date` date NOT NULL,
  `period_end_date` date NOT NULL,
  `interest_rate` decimal(13,10) NOT NULL,
  `min_amnt_for_int` decimal(21,4) NOT NULL,
  `min_amnt_for_int_currency_id` smallint(6) NOT NULL,
  `product_id` smallint(6) NOT NULL,
  PRIMARY KEY (`id`),
  KEY `product_id` (`product_id`),
  CONSTRAINT `savings_offering_historical_interest_detail_ibfk_1` FOREIGN KEY (`product_id`) REFERENCES `savings_offering` (`prd_offering_id`)
) ENGINE=InnoDB DEFAULT CHARSET=utf8;
/*!40101 SET character_set_client = @saved_cs_client */;

--
-- Dumping data for table `savings_offering_historical_interest_detail`
--

LOCK TABLES `savings_offering_historical_interest_detail` WRITE;
/*!40000 ALTER TABLE `savings_offering_historical_interest_detail` DISABLE KEYS */;
/*!40000 ALTER TABLE `savings_offering_historical_interest_detail` ENABLE KEYS */;
UNLOCK TABLES;

--
-- Table structure for table `savings_performance`
--

DROP TABLE IF EXISTS `savings_performance`;
/*!40101 SET @saved_cs_client     = @@character_set_client */;
/*!40101 SET character_set_client = utf8 */;
CREATE TABLE `savings_performance` (
  `id` int(11) NOT NULL AUTO_INCREMENT,
  `account_id` int(11) NOT NULL,
  `total_deposits` decimal(21,4) DEFAULT NULL,
  `total_deposits_currency_id` smallint(6) DEFAULT NULL,
  `total_withdrawals` decimal(21,4) DEFAULT NULL,
  `total_withdrawals_currency_id` smallint(6) DEFAULT NULL,
  `total_interest_earned` decimal(21,4) DEFAULT NULL,
  `total_interest_earned_currency_id` smallint(6) DEFAULT NULL,
  `missed_deposits` smallint(6) DEFAULT NULL,
  PRIMARY KEY (`id`),
  KEY `account_id` (`account_id`),
  KEY `total_deposits_currency_id` (`total_deposits_currency_id`),
  KEY `total_withdrawals_currency_id` (`total_withdrawals_currency_id`),
  KEY `total_interest_earned_currency_id` (`total_interest_earned_currency_id`),
  CONSTRAINT `savings_performance_ibfk_1` FOREIGN KEY (`account_id`) REFERENCES `account` (`account_id`) ON DELETE NO ACTION ON UPDATE NO ACTION,
  CONSTRAINT `savings_performance_ibfk_2` FOREIGN KEY (`total_deposits_currency_id`) REFERENCES `currency` (`currency_id`) ON DELETE NO ACTION ON UPDATE NO ACTION,
  CONSTRAINT `savings_performance_ibfk_3` FOREIGN KEY (`total_withdrawals_currency_id`) REFERENCES `currency` (`currency_id`) ON DELETE NO ACTION ON UPDATE NO ACTION,
  CONSTRAINT `savings_performance_ibfk_4` FOREIGN KEY (`total_interest_earned_currency_id`) REFERENCES `currency` (`currency_id`) ON DELETE NO ACTION ON UPDATE NO ACTION
) ENGINE=InnoDB AUTO_INCREMENT=32 DEFAULT CHARSET=utf8;
/*!40101 SET character_set_client = @saved_cs_client */;

--
-- Dumping data for table `savings_performance`
--

LOCK TABLES `savings_performance` WRITE;
/*!40000 ALTER TABLE `savings_performance` DISABLE KEYS */;
INSERT INTO `savings_performance` VALUES (1,6,NULL,NULL,NULL,NULL,NULL,NULL,NULL),(2,7,NULL,NULL,NULL,NULL,NULL,NULL,NULL),(3,11,'50.0000',2,'0.0000',2,'0.0000',2,NULL),(4,13,NULL,NULL,NULL,NULL,NULL,NULL,NULL),(5,14,NULL,NULL,NULL,NULL,NULL,NULL,NULL),(6,17,'100.0000',2,'100.0000',2,'0.0000',2,NULL),(7,20,'6.0000',2,'6.0000',2,'0.0000',2,NULL),(8,24,'666.0000',2,'0.0000',2,'7.4000',2,NULL),(9,30,'1200.0000',2,'0.0000',2,'9.2000',2,NULL),(10,31,NULL,NULL,NULL,NULL,NULL,NULL,NULL),(11,34,NULL,NULL,NULL,NULL,NULL,NULL,NULL),(12,36,'235.0000',2,'235.0000',2,'0.0000',2,NULL),(13,46,NULL,NULL,NULL,NULL,NULL,NULL,NULL),(14,47,NULL,NULL,NULL,NULL,NULL,NULL,NULL),(15,52,NULL,NULL,NULL,NULL,NULL,NULL,NULL),(16,56,NULL,NULL,NULL,NULL,NULL,NULL,NULL),(17,58,NULL,NULL,NULL,NULL,NULL,NULL,NULL),(18,61,'777.0000',2,'0.0000',2,'23.7000',2,NULL),(19,64,NULL,NULL,NULL,NULL,NULL,NULL,NULL),(20,67,'90.0000',2,'0.0000',2,'2.6000',2,NULL),(21,76,NULL,NULL,NULL,NULL,NULL,NULL,NULL),(22,80,NULL,NULL,NULL,NULL,NULL,NULL,NULL),(23,82,'15.0000',2,'0.0000',2,'0.0000',2,NULL),(24,84,NULL,NULL,NULL,NULL,NULL,NULL,NULL),(25,88,NULL,NULL,NULL,NULL,NULL,NULL,NULL),(26,93,NULL,NULL,NULL,NULL,NULL,NULL,NULL),(27,95,NULL,NULL,NULL,NULL,NULL,NULL,NULL),(28,100,NULL,NULL,NULL,NULL,NULL,NULL,NULL),(29,102,NULL,NULL,NULL,NULL,NULL,NULL,NULL),(30,109,'20.0000',2,'0.0000',2,'0.0000',2,NULL),(31,116,'0.0000',2,'0.0000',2,'0.0000',2,NULL);
/*!40000 ALTER TABLE `savings_performance` ENABLE KEYS */;
UNLOCK TABLES;

--
-- Table structure for table `savings_trxn_detail`
--

DROP TABLE IF EXISTS `savings_trxn_detail`;
/*!40101 SET @saved_cs_client     = @@character_set_client */;
/*!40101 SET character_set_client = utf8 */;
CREATE TABLE `savings_trxn_detail` (
  `account_trxn_id` int(11) NOT NULL,
  `deposit_amount` decimal(21,4) DEFAULT NULL,
  `deposit_amount_currency_id` smallint(6) DEFAULT NULL,
  `withdrawal_amount` decimal(21,4) DEFAULT NULL,
  `withdrawal_amount_currency_id` smallint(6) DEFAULT NULL,
  `interest_amount` decimal(21,4) DEFAULT NULL,
  `interest_amount_currency_id` smallint(6) DEFAULT NULL,
  `balance` decimal(21,4) DEFAULT NULL,
  `balance_currency_id` smallint(6) NOT NULL,
  PRIMARY KEY (`account_trxn_id`),
  KEY `deposit_amount_currency_id` (`deposit_amount_currency_id`),
  KEY `withdrawal_amount_currency_id` (`withdrawal_amount_currency_id`),
  KEY `interest_amount_currency_id` (`interest_amount_currency_id`),
  KEY `balance_currency_id` (`balance_currency_id`),
  CONSTRAINT `savings_trxn_detail_ibfk_1` FOREIGN KEY (`account_trxn_id`) REFERENCES `account_trxn` (`account_trxn_id`) ON DELETE NO ACTION ON UPDATE NO ACTION,
  CONSTRAINT `savings_trxn_detail_ibfk_2` FOREIGN KEY (`deposit_amount_currency_id`) REFERENCES `currency` (`currency_id`) ON DELETE NO ACTION ON UPDATE NO ACTION,
  CONSTRAINT `savings_trxn_detail_ibfk_3` FOREIGN KEY (`withdrawal_amount_currency_id`) REFERENCES `currency` (`currency_id`) ON DELETE NO ACTION ON UPDATE NO ACTION,
  CONSTRAINT `savings_trxn_detail_ibfk_4` FOREIGN KEY (`interest_amount_currency_id`) REFERENCES `currency` (`currency_id`) ON DELETE NO ACTION ON UPDATE NO ACTION,
  CONSTRAINT `savings_trxn_detail_ibfk_5` FOREIGN KEY (`balance_currency_id`) REFERENCES `currency` (`currency_id`) ON DELETE NO ACTION ON UPDATE NO ACTION
) ENGINE=InnoDB DEFAULT CHARSET=utf8;
/*!40101 SET character_set_client = @saved_cs_client */;

--
-- Dumping data for table `savings_trxn_detail`
--

LOCK TABLES `savings_trxn_detail` WRITE;
/*!40000 ALTER TABLE `savings_trxn_detail` DISABLE KEYS */;
INSERT INTO `savings_trxn_detail` VALUES (1,'67.0000',2,'0.0000',2,'0.0000',2,'67.0000',2),(2,'50.0000',2,'0.0000',2,'0.0000',2,'50.0000',2),(3,'-67.0000',2,'0.0000',2,'0.0000',2,'0.0000',2),(4,'100.0000',2,'0.0000',2,'0.0000',2,'100.0000',2),(5,'0.0000',2,'100.0000',2,'0.0000',2,'0.0000',2),(6,'1.0000',2,'0.0000',2,'0.0000',2,'1.0000',2),(7,'2.0000',2,'0.0000',2,'0.0000',2,'3.0000',2),(8,'3.0000',2,'0.0000',2,'0.0000',2,'6.0000',2),(9,'0.0000',2,'6.0000',2,'0.0000',2,'0.0000',2),(44,'666.0000',2,'0.0000',2,'0.0000',2,'666.0000',2),(46,'1200.0000',2,'0.0000',2,'0.0000',2,'1200.0000',2),(48,'235.0000',2,'0.0000',2,'0.0000',2,'235.0000',2),(49,'0.0000',2,'235.0000',2,'0.0000',2,'0.0000',2),(68,'777.0000',2,'0.0000',2,'0.0000',2,'777.0000',2),(69,'90.0000',2,'0.0000',2,'0.0000',2,'90.0000',2),(70,'15.0000',2,'0.0000',2,'0.0000',2,'15.0000',2),(71,'0.0000',2,'0.0000',2,'0.0000',2,'0.0000',2),(72,'0.0000',2,'0.0000',2,'0.0000',2,'50.0000',2),(73,'0.0000',2,'0.0000',2,'0.0000',2,'0.0000',2),(74,'0.0000',2,'0.0000',2,'0.1000',2,'1200.1000',2),(75,'0.0000',2,'0.0000',2,'0.0000',2,'0.0000',2),(76,'0.0000',2,'0.0000',2,'0.0000',2,'0.0000',2),(77,'0.0000',2,'0.0000',2,'0.0000',2,'0.0000',2),(78,'0.0000',2,'0.0000',2,'0.0000',2,'777.0000',2),(79,'0.0000',2,'0.0000',2,'0.0000',2,'0.0000',2),(80,'0.0000',2,'0.0000',2,'0.0000',2,'90.0000',2),(81,'0.0000',2,'0.0000',2,'0.0000',2,'0.0000',2),(82,'0.0000',2,'0.0000',2,'0.0000',2,'15.0000',2),(85,'20.0000',2,'0.0000',2,'0.0000',2,'20.0000',2),(98,'0.0000',2,'0.0000',2,'0.0000',2,'0.0000',2),(99,'0.0000',2,'0.0000',2,'0.0000',2,'50.0000',2),(100,'0.0000',2,'0.0000',2,'0.0000',2,'0.0000',2),(101,'0.0000',2,'0.0000',2,'3.0000',2,'1203.1000',2),(102,'0.0000',2,'0.0000',2,'0.0000',2,'0.0000',2),(103,'0.0000',2,'0.0000',2,'0.0000',2,'0.0000',2),(104,'0.0000',2,'0.0000',2,'0.0000',2,'0.0000',2),(105,'0.0000',2,'0.0000',2,'8.0000',2,'785.0000',2),(106,'0.0000',2,'0.0000',2,'0.0000',2,'0.0000',2),(107,'0.0000',2,'0.0000',2,'0.8000',2,'90.8000',2),(108,'0.0000',2,'0.0000',2,'0.0000',2,'0.0000',2),(109,'0.0000',2,'0.0000',2,'0.0000',2,'15.0000',2),(110,'0.0000',2,'0.0000',2,'0.0000',2,'0.0000',2),(111,'0.0000',2,'0.0000',2,'0.0000',2,'20.0000',2),(112,'0.0000',2,'0.0000',2,'0.0000',2,'0.0000',2),(113,'0.0000',2,'0.0000',2,'0.0000',2,'50.0000',2),(114,'0.0000',2,'0.0000',2,'0.0000',2,'0.0000',2),(115,'0.0000',2,'0.0000',2,'0.0000',2,'0.0000',2),(116,'0.0000',2,'0.0000',2,'3.0000',2,'1206.1000',2),(117,'0.0000',2,'0.0000',2,'0.0000',2,'0.0000',2),(118,'0.0000',2,'0.0000',2,'0.0000',2,'0.0000',2),(119,'0.0000',2,'0.0000',2,'0.0000',2,'0.0000',2),(120,'0.0000',2,'0.0000',2,'7.7000',2,'792.7000',2),(121,'0.0000',2,'0.0000',2,'0.0000',2,'0.0000',2),(122,'0.0000',2,'0.0000',2,'0.9000',2,'91.7000',2),(123,'0.0000',2,'0.0000',2,'0.0000',2,'0.0000',2),(124,'0.0000',2,'0.0000',2,'0.0000',2,'0.0000',2),(125,'0.0000',2,'0.0000',2,'0.0000',2,'15.0000',2),(126,'0.0000',2,'0.0000',2,'0.0000',2,'0.0000',2),(127,'0.0000',2,'0.0000',2,'0.0000',2,'20.0000',2),(128,'0.0000',2,'0.0000',2,'7.4000',2,'673.4000',2),(129,'0.0000',2,'0.0000',2,'0.0000',2,'0.0000',2),(130,'0.0000',2,'0.0000',2,'0.0000',2,'50.0000',2),(131,'0.0000',2,'0.0000',2,'0.0000',2,'0.0000',2),(132,'0.0000',2,'0.0000',2,'3.1000',2,'1209.2000',2),(133,'0.0000',2,'0.0000',2,'0.0000',2,'0.0000',2),(134,'0.0000',2,'0.0000',2,'0.0000',2,'0.0000',2),(135,'0.0000',2,'0.0000',2,'0.0000',2,'0.0000',2),(136,'0.0000',2,'0.0000',2,'8.0000',2,'800.7000',2),(137,'0.0000',2,'0.0000',2,'0.0000',2,'0.0000',2),(138,'0.0000',2,'0.0000',2,'0.9000',2,'92.6000',2),(139,'0.0000',2,'0.0000',2,'0.0000',2,'0.0000',2),(140,'0.0000',2,'0.0000',2,'0.0000',2,'15.0000',2),(141,'0.0000',2,'0.0000',2,'0.0000',2,'0.0000',2),(142,'0.0000',2,'0.0000',2,'0.0000',2,'20.0000',2),(143,'0.0000',2,'0.0000',2,'0.0000',2,'0.0000',2);
/*!40000 ALTER TABLE `savings_trxn_detail` ENABLE KEYS */;
UNLOCK TABLES;

--
-- Table structure for table `savings_type`
--

DROP TABLE IF EXISTS `savings_type`;
/*!40101 SET @saved_cs_client     = @@character_set_client */;
/*!40101 SET character_set_client = utf8 */;
CREATE TABLE `savings_type` (
  `savings_type_id` smallint(6) NOT NULL AUTO_INCREMENT,
  `lookup_id` int(11) NOT NULL,
  PRIMARY KEY (`savings_type_id`),
  KEY `lookup_id` (`lookup_id`),
  CONSTRAINT `savings_type_ibfk_1` FOREIGN KEY (`lookup_id`) REFERENCES `lookup_value` (`lookup_id`) ON DELETE NO ACTION ON UPDATE NO ACTION
) ENGINE=InnoDB AUTO_INCREMENT=3 DEFAULT CHARSET=utf8;
/*!40101 SET character_set_client = @saved_cs_client */;

--
-- Dumping data for table `savings_type`
--

LOCK TABLES `savings_type` WRITE;
/*!40000 ALTER TABLE `savings_type` DISABLE KEYS */;
INSERT INTO `savings_type` VALUES (1,118),(2,119);
/*!40000 ALTER TABLE `savings_type` ENABLE KEYS */;
UNLOCK TABLES;

--
-- Table structure for table `sections`
--

DROP TABLE IF EXISTS `sections`;
/*!40101 SET @saved_cs_client     = @@character_set_client */;
/*!40101 SET character_set_client = utf8 */;
CREATE TABLE `sections` (
  `id` int(11) NOT NULL AUTO_INCREMENT,
  `question_group_id` int(11) NOT NULL,
  `name` varchar(50) NOT NULL,
  `sequence_number` int(11) NOT NULL,
  PRIMARY KEY (`id`),
  KEY `question_group_id` (`question_group_id`),
  CONSTRAINT `sections_ibfk_1` FOREIGN KEY (`question_group_id`) REFERENCES `question_group` (`id`)
) ENGINE=InnoDB AUTO_INCREMENT=34 DEFAULT CHARSET=utf8;
/*!40101 SET character_set_client = @saved_cs_client */;

--
-- Dumping data for table `sections`
--

LOCK TABLES `sections` WRITE;
/*!40000 ALTER TABLE `sections` DISABLE KEYS */;
INSERT INTO `sections` VALUES (1,1,'PPI Malawi 2010',0),(2,2,'PPI Haiti 2006',0),(3,3,'PPI Bangladesh 2009',0),(4,4,'PPI Peru 2009',0),(5,5,'PPI Nigeria 2008',0),(6,6,'PPI Indonesia 2009',0),(7,7,'PPI Southafrica 2009',0),(8,8,'PPI Srilanka 2010',0),(9,9,'PPI Vietnam 2009',0),(10,10,'PPI Pakistan 2009',0),(11,11,'PPI Ethiopia 2009',0),(12,12,'PPI Yemen 2009',0),(13,13,'PPI Senegal 2009',0),(14,14,'PPI Nepal 2009',0),(15,15,'PPI Palestine 2010',0),(16,16,'PPI Kenya 2008',0),(17,17,'PPI Honduras 2010',0),(18,18,'PPI Mali 2010',0),(19,19,'PPI Elsalvador 2010',0),(20,20,'PPI Brazil 2010',0),(21,21,'PPI Philippines 2009',0),(22,22,'PPI Romania 2009',0),(23,23,'PPI Guatemala 2010',0),(24,24,'PPI Egypt 2010',0),(25,25,'PPI India 2008',0),(26,26,'PPI Cambodia 2009',0),(27,27,'PPI Russia 2010',0),(28,28,'PPI Nicaragua 2010',0),(29,29,'PPI Syria 2010',0),(30,30,'PPI Mexico 2009',0),(31,31,'PPI Bolivia 2009',0),(32,32,'PPI Ecuador 2008',0),(33,33,'PPI Ghana 2010',0);
/*!40000 ALTER TABLE `sections` ENABLE KEYS */;
UNLOCK TABLES;

--
-- Table structure for table `sections_questions`
--

DROP TABLE IF EXISTS `sections_questions`;
/*!40101 SET @saved_cs_client     = @@character_set_client */;
/*!40101 SET character_set_client = utf8 */;
CREATE TABLE `sections_questions` (
  `id` int(11) NOT NULL AUTO_INCREMENT,
  `section_id` int(11) NOT NULL,
  `question_id` int(11) NOT NULL,
  `is_required` tinyint(4) DEFAULT '0',
  `sequence_number` int(11) NOT NULL,
  PRIMARY KEY (`id`),
  KEY `section_id` (`section_id`),
  KEY `question_id` (`question_id`),
  CONSTRAINT `sections_questions_ibfk_1` FOREIGN KEY (`section_id`) REFERENCES `sections` (`id`),
  CONSTRAINT `sections_questions_ibfk_2` FOREIGN KEY (`question_id`) REFERENCES `questions` (`question_id`)
) ENGINE=InnoDB AUTO_INCREMENT=365 DEFAULT CHARSET=utf8;
/*!40101 SET character_set_client = @saved_cs_client */;

--
-- Dumping data for table `sections_questions`
--

LOCK TABLES `sections_questions` WRITE;
/*!40000 ALTER TABLE `sections_questions` DISABLE KEYS */;
INSERT INTO `sections_questions` VALUES (1,1,1,1,1),(2,1,2,1,2),(3,1,3,1,3),(4,1,4,1,4),(5,1,5,1,5),(6,1,6,1,6),(7,1,7,1,7),(8,1,8,1,8),(9,1,9,1,9),(10,1,10,1,10),(11,1,11,1,11),(12,2,12,1,1),(13,2,13,1,2),(14,2,14,1,3),(15,2,15,1,4),(16,2,16,1,5),(17,2,17,1,6),(18,2,18,1,7),(19,2,19,1,8),(20,2,20,1,9),(21,2,21,1,10),(22,2,22,1,11),(23,3,23,1,1),(24,3,24,1,2),(25,3,25,1,3),(26,3,26,1,4),(27,3,27,1,5),(28,3,28,1,6),(29,3,29,1,7),(30,3,30,1,8),(31,3,31,1,9),(32,3,32,1,10),(33,3,33,1,11),(34,4,34,1,1),(35,4,35,1,2),(36,4,36,1,3),(37,4,37,1,4),(38,4,38,1,5),(39,4,39,1,6),(40,4,40,1,7),(41,4,41,1,8),(42,4,42,1,9),(43,4,43,1,10),(44,4,44,1,11),(45,5,45,1,1),(46,5,46,1,2),(47,5,47,1,3),(48,5,48,1,4),(49,5,49,1,5),(50,5,50,1,6),(51,5,51,1,7),(52,5,52,1,8),(53,5,53,1,9),(54,5,54,1,10),(55,5,55,1,11),(56,6,56,1,1),(57,6,57,1,2),(58,6,58,1,3),(59,6,59,1,4),(60,6,60,1,5),(61,6,61,1,6),(62,6,62,1,7),(63,6,63,1,8),(64,6,64,1,9),(65,6,65,1,10),(66,6,66,1,11),(67,7,67,1,1),(68,7,68,1,2),(69,7,69,1,3),(70,7,70,1,4),(71,7,71,1,5),(72,7,72,1,6),(73,7,73,1,7),(74,7,74,1,8),(75,7,75,1,9),(76,7,76,1,10),(77,7,77,1,11),(78,8,78,1,1),(79,8,79,1,2),(80,8,80,1,3),(81,8,81,1,4),(82,8,82,1,5),(83,8,83,1,6),(84,8,84,1,7),(85,8,85,1,8),(86,8,86,1,9),(87,8,87,1,10),(88,8,88,1,11),(89,9,89,1,1),(90,9,90,1,2),(91,9,91,1,3),(92,9,92,1,4),(93,9,93,1,5),(94,9,94,1,6),(95,9,95,1,7),(96,9,96,1,8),(97,9,97,1,9),(98,9,98,1,10),(99,9,99,1,11),(100,10,100,1,1),(101,10,101,1,2),(102,10,102,1,3),(103,10,103,1,4),(104,10,104,1,5),(105,10,105,1,6),(106,10,106,1,7),(107,10,107,1,8),(108,10,108,1,9),(109,10,109,1,10),(110,10,110,1,11),(111,11,111,1,1),(112,11,112,1,2),(113,11,113,1,3),(114,11,114,1,4),(115,11,115,1,5),(116,11,116,1,6),(117,11,117,1,7),(118,11,118,1,8),(119,11,119,1,9),(120,11,120,1,10),(121,11,121,1,11),(122,11,122,1,12),(123,12,123,1,1),(124,12,124,1,2),(125,12,125,1,3),(126,12,126,1,4),(127,12,127,1,5),(128,12,128,1,6),(129,12,129,1,7),(130,12,130,1,8),(131,12,131,1,9),(132,12,132,1,10),(133,12,133,1,11),(134,13,134,1,1),(135,13,135,1,2),(136,13,136,1,3),(137,13,137,1,4),(138,13,138,1,5),(139,13,139,1,6),(140,13,140,1,7),(141,13,141,1,8),(142,13,142,1,9),(143,13,143,1,10),(144,13,144,1,11),(145,14,145,1,1),(146,14,146,1,2),(147,14,147,1,3),(148,14,148,1,4),(149,14,149,1,5),(150,14,150,1,6),(151,14,151,1,7),(152,14,152,1,8),(153,14,153,1,9),(154,14,154,1,10),(155,14,155,1,11),(156,15,156,1,1),(157,15,157,1,2),(158,15,158,1,3),(159,15,159,1,4),(160,15,160,1,5),(161,15,161,1,6),(162,15,162,1,7),(163,15,163,1,8),(164,15,164,1,9),(165,15,165,1,10),(166,15,166,1,11),(167,16,167,1,1),(168,16,168,1,2),(169,16,169,1,3),(170,16,170,1,4),(171,16,171,1,5),(172,16,172,1,6),(173,16,173,1,7),(174,16,174,1,8),(175,16,175,1,9),(176,16,176,1,10),(177,16,177,1,11),(178,17,178,1,1),(179,17,179,1,2),(180,17,180,1,3),(181,17,181,1,4),(182,17,182,1,5),(183,17,183,1,6),(184,17,184,1,7),(185,17,185,1,8),(186,17,186,1,9),(187,17,187,1,10),(188,17,188,1,11),(189,18,189,1,1),(190,18,190,1,2),(191,18,191,1,3),(192,18,192,1,4),(193,18,193,1,5),(194,18,194,1,6),(195,18,195,1,7),(196,18,196,1,8),(197,18,197,1,9),(198,18,198,1,10),(199,18,199,1,11),(200,19,200,1,1),(201,19,201,1,2),(202,19,202,1,3),(203,19,203,1,4),(204,19,204,1,5),(205,19,205,1,6),(206,19,206,1,7),(207,19,207,1,8),(208,19,208,1,9),(209,19,209,1,10),(210,19,210,1,11),(211,20,211,1,1),(212,20,212,1,2),(213,20,213,1,3),(214,20,214,1,4),(215,20,215,1,5),(216,20,216,1,6),(217,20,217,1,7),(218,20,218,1,8),(219,20,219,1,9),(220,20,220,1,10),(221,20,221,1,11),(222,21,222,1,1),(223,21,223,1,2),(224,21,224,1,3),(225,21,225,1,4),(226,21,226,1,5),(227,21,227,1,6),(228,21,228,1,7),(229,21,229,1,8),(230,21,230,1,9),(231,21,231,1,10),(232,21,232,1,11),(233,22,233,1,1),(234,22,234,1,2),(235,22,235,1,3),(236,22,236,1,4),(237,22,237,1,5),(238,22,238,1,6),(239,22,239,1,7),(240,22,240,1,8),(241,22,241,1,9),(242,22,242,1,10),(243,22,243,1,11),(244,23,244,1,1),(245,23,245,1,2),(246,23,246,1,3),(247,23,247,1,4),(248,23,248,1,5),(249,23,249,1,6),(250,23,250,1,7),(251,23,251,1,8),(252,23,252,1,9),(253,23,253,1,10),(254,23,254,1,11),(255,24,255,1,1),(256,24,256,1,2),(257,24,257,1,3),(258,24,258,1,4),(259,24,259,1,5),(260,24,260,1,6),(261,24,261,1,7),(262,24,262,1,8),(263,24,263,1,9),(264,24,264,1,10),(265,24,265,1,11),(266,25,266,1,1),(267,25,267,1,2),(268,25,268,1,3),(269,25,269,1,4),(270,25,270,1,5),(271,25,271,1,6),(272,25,272,1,7),(273,25,273,1,8),(274,25,274,1,9),(275,25,275,1,10),(276,25,276,1,11),(277,26,277,1,1),(278,26,278,1,2),(279,26,279,1,3),(280,26,280,1,4),(281,26,281,1,5),(282,26,282,1,6),(283,26,283,1,7),(284,26,284,1,8),(285,26,285,1,9),(286,26,286,1,10),(287,26,287,1,11),(288,27,288,1,1),(289,27,289,1,2),(290,27,290,1,3),(291,27,291,1,4),(292,27,292,1,5),(293,27,293,1,6),(294,27,294,1,7),(295,27,295,1,8),(296,27,296,1,9),(297,27,297,1,10),(298,27,298,1,11),(299,28,299,1,1),(300,28,300,1,2),(301,28,301,1,3),(302,28,302,1,4),(303,28,303,1,5),(304,28,304,1,6),(305,28,305,1,7),(306,28,306,1,8),(307,28,307,1,9),(308,28,308,1,10),(309,28,309,1,11),(310,29,310,1,1),(311,29,311,1,2),(312,29,312,1,3),(313,29,313,1,4),(314,29,314,1,5),(315,29,315,1,6),(316,29,316,1,7),(317,29,317,1,8),(318,29,318,1,9),(319,29,319,1,10),(320,29,320,1,11),(321,30,321,1,1),(322,30,322,1,2),(323,30,323,1,3),(324,30,324,1,4),(325,30,325,1,5),(326,30,326,1,6),(327,30,327,1,7),(328,30,328,1,8),(329,30,329,1,9),(330,30,330,1,10),(331,30,331,1,11),(332,31,332,1,1),(333,31,333,1,2),(334,31,334,1,3),(335,31,335,1,4),(336,31,336,1,5),(337,31,337,1,6),(338,31,338,1,7),(339,31,339,1,8),(340,31,340,1,9),(341,31,341,1,10),(342,31,342,1,11),(343,32,343,1,1),(344,32,344,1,2),(345,32,345,1,3),(346,32,346,1,4),(347,32,347,1,5),(348,32,348,1,6),(349,32,349,1,7),(350,32,350,1,8),(351,32,351,1,9),(352,32,352,1,10),(353,32,353,1,11),(354,33,354,1,1),(355,33,355,1,2),(356,33,356,1,3),(357,33,357,1,4),(358,33,358,1,5),(359,33,359,1,6),(360,33,360,1,7),(361,33,361,1,8),(362,33,362,1,9),(363,33,363,1,10),(364,33,364,1,11);
/*!40000 ALTER TABLE `sections_questions` ENABLE KEYS */;
UNLOCK TABLES;

--
-- Table structure for table `spouse_father_lookup`
--

DROP TABLE IF EXISTS `spouse_father_lookup`;
/*!40101 SET @saved_cs_client     = @@character_set_client */;
/*!40101 SET character_set_client = utf8 */;
CREATE TABLE `spouse_father_lookup` (
  `spouse_father_id` int(11) NOT NULL,
  `lookup_id` int(11) NOT NULL,
  PRIMARY KEY (`spouse_father_id`),
  KEY `lookup_id` (`lookup_id`),
  CONSTRAINT `spouse_father_lookup_ibfk_1` FOREIGN KEY (`lookup_id`) REFERENCES `lookup_value` (`lookup_id`) ON DELETE NO ACTION ON UPDATE NO ACTION
) ENGINE=InnoDB DEFAULT CHARSET=utf8;
/*!40101 SET character_set_client = @saved_cs_client */;

--
-- Dumping data for table `spouse_father_lookup`
--

LOCK TABLES `spouse_father_lookup` WRITE;
/*!40000 ALTER TABLE `spouse_father_lookup` DISABLE KEYS */;
INSERT INTO `spouse_father_lookup` VALUES (1,128),(2,129),(4,622),(5,623);
/*!40000 ALTER TABLE `spouse_father_lookup` ENABLE KEYS */;
UNLOCK TABLES;

--
-- Table structure for table `supported_locale`
--

DROP TABLE IF EXISTS `supported_locale`;
/*!40101 SET @saved_cs_client     = @@character_set_client */;
/*!40101 SET character_set_client = utf8 */;
CREATE TABLE `supported_locale` (
  `locale_id` smallint(6) NOT NULL,
  `country_id` smallint(6) DEFAULT NULL,
  `lang_id` smallint(6) DEFAULT NULL,
  `locale_name` varchar(50) DEFAULT NULL,
  `default_locale` smallint(6) DEFAULT NULL,
  PRIMARY KEY (`locale_id`),
  KEY `country_id` (`country_id`),
  KEY `lang_id` (`lang_id`),
  CONSTRAINT `supported_locale_ibfk_1` FOREIGN KEY (`country_id`) REFERENCES `country` (`country_id`) ON DELETE NO ACTION ON UPDATE NO ACTION,
  CONSTRAINT `supported_locale_ibfk_2` FOREIGN KEY (`lang_id`) REFERENCES `language` (`lang_id`) ON DELETE NO ACTION ON UPDATE NO ACTION
) ENGINE=InnoDB DEFAULT CHARSET=utf8;
/*!40101 SET character_set_client = @saved_cs_client */;

--
-- Dumping data for table `supported_locale`
--

LOCK TABLES `supported_locale` WRITE;
/*!40000 ALTER TABLE `supported_locale` DISABLE KEYS */;
INSERT INTO `supported_locale` VALUES (1,6,1,'EN',1),(2,7,2,'Icelandic',0),(3,8,3,'Spanish',0),(4,9,4,'French',0),(5,10,5,'Chinese-China',0),(6,11,6,'Swahili-Kenya',0),(7,12,6,'Swahili-Tanzania',0),(8,13,6,'Swahili-Uganda',0),(9,14,7,'Arabic-Algeria',0),(10,15,7,'Arabic-Bahrain',0),(11,16,7,'Arabic-Comoros',0),(12,17,7,'Arabic-Chad',0),(13,18,7,'Arabic-Djibouti',0),(14,19,7,'Arabic-Egypt',0),(15,20,7,'Arabic-Eritrea',0),(16,21,7,'Arabic-Iraq',0),(17,22,7,'Arabic-Israel',0),(18,23,7,'Arabic-Jordan',0),(19,24,7,'Arabic-Kuwait',0),(20,25,7,'Arabic-Lebanon',0),(21,26,7,'Arabic-Libyan Arab Rebublic',0),(22,27,7,'Arabic-Mauritania',0),(23,28,7,'Arabic-Morocco',0),(24,29,7,'Arabic-Oman',0),(25,30,7,'Arabic-Qatar',0),(26,31,7,'Arabic-Saudi Arabia',0),(27,32,7,'Arabic-Somalia',0),(28,33,7,'Arabic-Sudan',0),(29,34,7,'Arabic-Syrian Arab Republic',0),(30,35,7,'Arabic-Tunisia',0),(31,36,7,'Arabic-United Arab Emirates',0),(32,37,7,'Arabic-Yemen',0),(33,38,7,'Arabic-Palestinian Territory, Occupied',0),(34,39,7,'Arabic-Western Sahara',0),(35,40,8,'Portuguese-Angola',0),(36,41,8,'Portuguese-Brazil',0),(37,42,8,'Portuguese-Cape Verde',0),(38,43,8,'Portuguese-Guinea-Bissau',0),(39,44,8,'Portuguese-Equatorial Guinea',0),(40,45,8,'Portuguese-Macau',0),(41,46,8,'Portuguese-Mozambique',0),(42,47,8,'Portuguese-Portugal',0),(43,48,8,'Portuguese-Sao Tome and Principe',0),(44,49,9,'Khmer-Cambodia',0),(45,50,10,'Lao-Laos',0),(46,25,1,'English-Lebanon-AlMajmoua',0),(47,51,11,'Hungarian-Hungary',0);
/*!40000 ALTER TABLE `supported_locale` ENABLE KEYS */;
UNLOCK TABLES;

--
-- Table structure for table `survey`
--

DROP TABLE IF EXISTS `survey`;
/*!40101 SET @saved_cs_client     = @@character_set_client */;
/*!40101 SET character_set_client = utf8 */;
CREATE TABLE `survey` (
  `survey_id` int(11) NOT NULL AUTO_INCREMENT,
  `survey_name` varchar(200) NOT NULL,
  `survey_applies_to` varchar(200) NOT NULL,
  `date_of_creation` date NOT NULL,
  `state` int(11) NOT NULL,
  PRIMARY KEY (`survey_id`)
) ENGINE=InnoDB DEFAULT CHARSET=utf8;
/*!40101 SET character_set_client = @saved_cs_client */;

--
-- Dumping data for table `survey`
--

LOCK TABLES `survey` WRITE;
/*!40000 ALTER TABLE `survey` DISABLE KEYS */;
/*!40000 ALTER TABLE `survey` ENABLE KEYS */;
UNLOCK TABLES;

--
-- Table structure for table `survey_instance`
--

DROP TABLE IF EXISTS `survey_instance`;
/*!40101 SET @saved_cs_client     = @@character_set_client */;
/*!40101 SET character_set_client = utf8 */;
CREATE TABLE `survey_instance` (
  `instance_id` int(11) NOT NULL AUTO_INCREMENT,
  `survey_id` int(11) NOT NULL,
  `customer_id` int(11) DEFAULT NULL,
  `officer_id` smallint(6) DEFAULT NULL,
  `date_conducted` date NOT NULL,
  `completed_status` int(11) NOT NULL,
  `account_id` int(11) DEFAULT NULL,
  `creating_officer_id` smallint(6) NOT NULL,
  PRIMARY KEY (`instance_id`),
  KEY `survey_id` (`survey_id`),
  KEY `customer_id` (`customer_id`),
  KEY `officer_id` (`officer_id`),
  KEY `account_id` (`account_id`),
  KEY `creating_officer_id` (`creating_officer_id`),
  CONSTRAINT `survey_instance_ibfk_1` FOREIGN KEY (`survey_id`) REFERENCES `survey` (`survey_id`) ON DELETE NO ACTION ON UPDATE NO ACTION,
  CONSTRAINT `survey_instance_ibfk_2` FOREIGN KEY (`customer_id`) REFERENCES `customer` (`customer_id`) ON DELETE NO ACTION ON UPDATE NO ACTION,
  CONSTRAINT `survey_instance_ibfk_3` FOREIGN KEY (`officer_id`) REFERENCES `personnel` (`personnel_id`) ON DELETE NO ACTION ON UPDATE NO ACTION,
  CONSTRAINT `survey_instance_ibfk_4` FOREIGN KEY (`account_id`) REFERENCES `account` (`account_id`) ON DELETE NO ACTION ON UPDATE NO ACTION,
  CONSTRAINT `survey_instance_ibfk_5` FOREIGN KEY (`creating_officer_id`) REFERENCES `personnel` (`personnel_id`) ON DELETE NO ACTION ON UPDATE NO ACTION
) ENGINE=InnoDB DEFAULT CHARSET=utf8;
/*!40101 SET character_set_client = @saved_cs_client */;

--
-- Dumping data for table `survey_instance`
--

LOCK TABLES `survey_instance` WRITE;
/*!40000 ALTER TABLE `survey_instance` DISABLE KEYS */;
/*!40000 ALTER TABLE `survey_instance` ENABLE KEYS */;
UNLOCK TABLES;

--
-- Table structure for table `survey_questions`
--

DROP TABLE IF EXISTS `survey_questions`;
/*!40101 SET @saved_cs_client     = @@character_set_client */;
/*!40101 SET character_set_client = utf8 */;
CREATE TABLE `survey_questions` (
  `surveyquestion_id` int(11) NOT NULL AUTO_INCREMENT,
  `survey_id` int(11) NOT NULL,
  `question_id` int(11) NOT NULL,
  `question_order` int(11) NOT NULL,
  `mandatory` smallint(6) NOT NULL DEFAULT '1',
  PRIMARY KEY (`surveyquestion_id`),
  KEY `question_id` (`question_id`),
  KEY `survey_id` (`survey_id`),
  CONSTRAINT `survey_questions_ibfk_1` FOREIGN KEY (`question_id`) REFERENCES `questions` (`question_id`) ON DELETE NO ACTION ON UPDATE NO ACTION,
  CONSTRAINT `survey_questions_ibfk_2` FOREIGN KEY (`survey_id`) REFERENCES `survey` (`survey_id`) ON DELETE NO ACTION ON UPDATE NO ACTION
) ENGINE=InnoDB DEFAULT CHARSET=utf8;
/*!40101 SET character_set_client = @saved_cs_client */;

--
-- Dumping data for table `survey_questions`
--

LOCK TABLES `survey_questions` WRITE;
/*!40000 ALTER TABLE `survey_questions` DISABLE KEYS */;
/*!40000 ALTER TABLE `survey_questions` ENABLE KEYS */;
UNLOCK TABLES;

--
-- Table structure for table `survey_response`
--

DROP TABLE IF EXISTS `survey_response`;
/*!40101 SET @saved_cs_client     = @@character_set_client */;
/*!40101 SET character_set_client = utf8 */;
CREATE TABLE `survey_response` (
  `response_id` int(11) NOT NULL AUTO_INCREMENT,
  `instance_id` int(11) NOT NULL,
  `survey_question_id` int(11) NOT NULL,
  `freetext_value` text,
  `choice_value` int(11) DEFAULT NULL,
  `date_value` date DEFAULT NULL,
  `number_value` decimal(16,5) DEFAULT NULL,
  `multi_select_value` text,
  PRIMARY KEY (`response_id`),
  UNIQUE KEY `instance_id` (`instance_id`,`survey_question_id`),
  KEY `survey_question_id` (`survey_question_id`),
  KEY `choice_value` (`choice_value`),
  CONSTRAINT `survey_response_ibfk_1` FOREIGN KEY (`survey_question_id`) REFERENCES `survey_questions` (`surveyquestion_id`) ON DELETE NO ACTION ON UPDATE NO ACTION,
  CONSTRAINT `survey_response_ibfk_2` FOREIGN KEY (`instance_id`) REFERENCES `survey_instance` (`instance_id`) ON DELETE NO ACTION ON UPDATE NO ACTION,
  CONSTRAINT `survey_response_ibfk_3` FOREIGN KEY (`choice_value`) REFERENCES `question_choices` (`choice_id`) ON DELETE NO ACTION ON UPDATE NO ACTION
) ENGINE=InnoDB DEFAULT CHARSET=utf8;
/*!40101 SET character_set_client = @saved_cs_client */;

--
-- Dumping data for table `survey_response`
--

LOCK TABLES `survey_response` WRITE;
/*!40000 ALTER TABLE `survey_response` DISABLE KEYS */;
/*!40000 ALTER TABLE `survey_response` ENABLE KEYS */;
UNLOCK TABLES;

--
-- Table structure for table `temp_id`
--

DROP TABLE IF EXISTS `temp_id`;
/*!40101 SET @saved_cs_client     = @@character_set_client */;
/*!40101 SET character_set_client = utf8 */;
CREATE TABLE `temp_id` (
  `id` smallint(6) NOT NULL AUTO_INCREMENT,
  `tempid` smallint(6) DEFAULT NULL,
  PRIMARY KEY (`id`)
) ENGINE=InnoDB DEFAULT CHARSET=utf8;
/*!40101 SET character_set_client = @saved_cs_client */;

--
-- Dumping data for table `temp_id`
--

LOCK TABLES `temp_id` WRITE;
/*!40000 ALTER TABLE `temp_id` DISABLE KEYS */;
/*!40000 ALTER TABLE `temp_id` ENABLE KEYS */;
UNLOCK TABLES;

--
-- Table structure for table `transaction_type`
--

DROP TABLE IF EXISTS `transaction_type`;
/*!40101 SET @saved_cs_client     = @@character_set_client */;
/*!40101 SET character_set_client = utf8 */;
CREATE TABLE `transaction_type` (
  `transaction_id` smallint(6) NOT NULL,
  `transaction_name` varchar(100) NOT NULL,
  PRIMARY KEY (`transaction_id`)
) ENGINE=InnoDB DEFAULT CHARSET=utf8;
/*!40101 SET character_set_client = @saved_cs_client */;

--
-- Dumping data for table `transaction_type`
--

LOCK TABLES `transaction_type` WRITE;
/*!40000 ALTER TABLE `transaction_type` DISABLE KEYS */;
INSERT INTO `transaction_type` VALUES (1,'Loan Disbursement'),(2,'Loan Repayment'),(3,'Savings Deposit'),(4,'Savings Withdrawals'),(5,'Client Fees/penalty payments');
/*!40000 ALTER TABLE `transaction_type` ENABLE KEYS */;
UNLOCK TABLES;

--
-- Table structure for table `variable_installment_details`
--

DROP TABLE IF EXISTS `variable_installment_details`;
/*!40101 SET @saved_cs_client     = @@character_set_client */;
/*!40101 SET character_set_client = utf8 */;
CREATE TABLE `variable_installment_details` (
  `id` smallint(6) NOT NULL AUTO_INCREMENT,
  `min_gap_in_days` smallint(6) DEFAULT NULL,
  `max_gap_in_days` smallint(6) DEFAULT NULL,
  `min_loan_amount` decimal(21,4) DEFAULT NULL,
  `min_loan_amount_currency_id` smallint(6) DEFAULT NULL,
  PRIMARY KEY (`id`)
) ENGINE=InnoDB DEFAULT CHARSET=utf8;
/*!40101 SET character_set_client = @saved_cs_client */;

--
-- Dumping data for table `variable_installment_details`
--

LOCK TABLES `variable_installment_details` WRITE;
/*!40000 ALTER TABLE `variable_installment_details` DISABLE KEYS */;
/*!40000 ALTER TABLE `variable_installment_details` ENABLE KEYS */;
UNLOCK TABLES;

--
-- Table structure for table `waive_off_history`
--

DROP TABLE IF EXISTS `waive_off_history`;
/*!40101 SET @saved_cs_client     = @@character_set_client */;
/*!40101 SET character_set_client = utf8 */;
CREATE TABLE `waive_off_history` (
  `waive_off_id` int(11) NOT NULL AUTO_INCREMENT,
  `account_id` int(11) NOT NULL,
  `waive_off_date` date NOT NULL,
  `waive_off_type` varchar(20) NOT NULL,
  PRIMARY KEY (`waive_off_id`),
  KEY `account_id` (`account_id`),
  CONSTRAINT `waive_off_history_ibfk_1` FOREIGN KEY (`account_id`) REFERENCES `loan_account` (`account_id`) ON DELETE NO ACTION ON UPDATE NO ACTION
) ENGINE=InnoDB DEFAULT CHARSET=utf8;
/*!40101 SET character_set_client = @saved_cs_client */;

--
-- Dumping data for table `waive_off_history`
--

LOCK TABLES `waive_off_history` WRITE;
/*!40000 ALTER TABLE `waive_off_history` DISABLE KEYS */;
/*!40000 ALTER TABLE `waive_off_history` ENABLE KEYS */;
UNLOCK TABLES;

--
-- Table structure for table `yes_no_master`
--

DROP TABLE IF EXISTS `yes_no_master`;
/*!40101 SET @saved_cs_client     = @@character_set_client */;
/*!40101 SET character_set_client = utf8 */;
CREATE TABLE `yes_no_master` (
  `yes_no_master_id` smallint(6) NOT NULL AUTO_INCREMENT,
  `lookup_id` int(11) NOT NULL,
  PRIMARY KEY (`yes_no_master_id`),
  KEY `lookup_id` (`lookup_id`),
  CONSTRAINT `yes_no_master_ibfk_1` FOREIGN KEY (`lookup_id`) REFERENCES `lookup_value` (`lookup_id`) ON DELETE NO ACTION ON UPDATE NO ACTION
) ENGINE=InnoDB AUTO_INCREMENT=3 DEFAULT CHARSET=utf8;
/*!40101 SET character_set_client = @saved_cs_client */;

--
-- Dumping data for table `yes_no_master`
--

LOCK TABLES `yes_no_master` WRITE;
/*!40000 ALTER TABLE `yes_no_master` DISABLE KEYS */;
INSERT INTO `yes_no_master` VALUES (1,124),(2,125);
/*!40000 ALTER TABLE `yes_no_master` ENABLE KEYS */;
UNLOCK TABLES;
/*!40103 SET TIME_ZONE=@OLD_TIME_ZONE */;

/*!40101 SET SQL_MODE=@OLD_SQL_MODE */;
/*!40014 SET FOREIGN_KEY_CHECKS=@OLD_FOREIGN_KEY_CHECKS */;
/*!40014 SET UNIQUE_CHECKS=@OLD_UNIQUE_CHECKS */;
/*!40101 SET CHARACTER_SET_CLIENT=@OLD_CHARACTER_SET_CLIENT */;
/*!40101 SET CHARACTER_SET_RESULTS=@OLD_CHARACTER_SET_RESULTS */;
/*!40101 SET COLLATION_CONNECTION=@OLD_COLLATION_CONNECTION */;
/*!40111 SET SQL_NOTES=@OLD_SQL_NOTES */;

-- Dump completed on 2011-01-13 14:39:57
